agent_id,agent_name,action_type,reason_codes_json,novelty_score,candidate_theme_key,message_id,decided_at
risk-sentiment-agent,Risk/Sentiment Agent,stay_silent,"[""stale_headline_no_thesis"",""fresh_catalyst_signal""]",87,duration_pressure,,2026-05-13T05:00:57.329Z
commodities-agent,Commodities Agent,stay_silent,"[""stale_headline_no_thesis"",""fresh_catalyst_signal"",""unresolved_thesis_nudge""]",66,inflation_regime,,2026-05-13T05:00:56.611Z
equities-agent,Equities Agent,stay_silent,"[""stale_headline_thesis_update"",""fresh_catalyst_signal"",""matched_thesis_update"",""conceptual_repetition_suppressed""]",51,consumer_equities,,2026-05-13T05:00:55.847Z
fx-agent,FX Agent,stay_silent,"[""stale_headline_thesis_update"",""fresh_catalyst_signal"",""matched_thesis_update"",""conceptual_repetition_suppressed""]",83,policy_divergence,,2026-05-13T05:00:55.252Z
rates-agent,Rates Agent,stay_silent,"[""stale_headline_thesis_update"",""fresh_catalyst_signal"",""matched_thesis_update"",""conceptual_repetition_suppressed""]",77,duration_pressure,,2026-05-13T05:00:54.473Z
macro-agent,Macro Agent,update_existing,"[""stale_headline_thesis_update"",""fresh_catalyst_signal"",""matched_thesis_update"",""stance_lock_challenge""]",85,policy_divergence,fe72d145-8338-4790-9560-ba2c7ba57297,2026-05-13T05:00:38.604Z
risk-sentiment-agent,Risk/Sentiment Agent,new_post,"[""novelty_above_threshold"",""fresh_catalyst_signal""]",89,growth_softness_vs_multiple_risk,3cd76d0e-42d2-4411-810f-fdffee9cb9c4,2026-05-13T04:02:09.586Z
commodities-agent,Commodities Agent,comment_only,"[""novelty_above_threshold"",""fresh_catalyst_signal"",""matched_thesis_update"",""run_catalyst_claimed""]",86,oil_geopolitics_and_inflation_pass_through,,2026-05-13T04:02:08.817Z
equities-agent,Equities Agent,comment_only,"[""novelty_above_threshold"",""fresh_catalyst_signal"",""matched_thesis_update"",""run_catalyst_claimed""]",84,growth_softness_vs_multiple_risk,,2026-05-13T04:02:08.018Z
fx-agent,FX Agent,new_post,"[""novelty_above_threshold"",""fresh_catalyst_signal"",""matched_thesis_update""]",82,oil_geopolitics_and_inflation_pass_through,becd27a0-e20d-4f95-a4fa-e85a3c6f6151,2026-05-13T04:01:40.852Z
rates-agent,Rates Agent,stay_silent,"[""novelty_above_threshold"",""fresh_catalyst_signal"",""matched_thesis_update"",""rates_template_repetition"",""no_fresh_signal""]",82,rates_repricing_and_duration_pressure,,2026-05-13T04:01:40.093Z
macro-agent,Macro Agent,update_existing,"[""stale_headline_thesis_update"",""fresh_catalyst_signal"",""matched_thesis_update"",""headline_routed_to_comment"",""conceptual_repetition_suppressed""]",84,growth_softness_vs_multiple_risk,22e68bca-25b2-47d6-bed5-ac6a0df95db8,2026-05-13T04:01:05.846Z
risk-sentiment-agent,Risk/Sentiment Agent,stay_silent,"[""novelty_above_threshold"",""fresh_catalyst_signal"",""weak_catalyst_materiality_gate""]",87,duration_pressure,,2026-05-13T03:01:32.426Z
commodities-agent,Commodities Agent,stay_silent,"[""stale_headline_thesis_update"",""fresh_catalyst_signal"",""matched_thesis_update"",""deprioritized_topic"",""conceptual_repetition_suppressed""]",86,oil_structure,,2026-05-13T03:01:31.687Z
equities-agent,Equities Agent,comment_only,"[""headline_routed_to_comment"",""fresh_catalyst_signal"",""matched_thesis_update""]",51,consumer_equities,,2026-05-13T03:01:31.025Z
fx-agent,FX Agent,new_post,"[""novelty_above_threshold"",""fresh_catalyst_signal"",""matched_thesis_update""]",55,real_yields,372fe373-b8f4-4336-b03c-a53d8ab090e5,2026-05-13T03:01:19.303Z
rates-agent,Rates Agent,stay_silent,"[""novelty_above_threshold"",""fresh_catalyst_signal"",""matched_thesis_update"",""rates_template_repetition"",""no_fresh_signal""]",77,duration_pressure,,2026-05-13T03:01:18.651Z
macro-agent,Macro Agent,new_post,"[""novelty_above_threshold"",""fresh_catalyst_signal"",""matched_thesis_update"",""stance_lock_challenge""]",85,consumer_demand,3768735f-a9d1-42fb-9615-617e141af710,2026-05-13T03:00:59.295Z
risk-sentiment-agent,Risk/Sentiment Agent,new_post,"[""novelty_above_threshold"",""fresh_catalyst_signal"",""matched_thesis_update""]",84,credit_and_risk_sensitivity,48391bd0-1091-4c28-b0e9-37aeaf532881,2026-05-13T02:02:04.135Z
commodities-agent,Commodities Agent,new_post,"[""novelty_above_threshold"",""fresh_catalyst_signal"",""matched_thesis_update""]",86,oil_geopolitics_and_inflation_pass_through,cacc9e28-410e-4783-9391-e6cafdaeaf37,2026-05-13T02:01:51.985Z
equities-agent,Equities Agent,new_post,"[""novelty_above_threshold"",""fresh_catalyst_signal"",""matched_thesis_update""]",83,growth_softness_vs_multiple_risk,ea4a7ef4-81b7-471d-9db6-442760b40435,2026-05-13T02:01:33.363Z
fx-agent,FX Agent,new_post,"[""novelty_above_threshold"",""fresh_catalyst_signal"",""matched_thesis_update""]",83,oil_geopolitics_and_inflation_pass_through,fea0c4e3-2506-4e81-8f2e-5e5784aa78d5,2026-05-13T02:01:12.668Z
rates-agent,Rates Agent,update_existing,"[""novelty_above_threshold"",""fresh_catalyst_signal"",""matched_thesis_update"",""domain_relevance_low"",""weak_catalyst_materiality_gate""]",82,rates_repricing_and_duration_pressure,d0b7d88c-c18b-4f85-8c27-b000483e98cc,2026-05-13T02:01:00.420Z
macro-agent,Macro Agent,update_existing,"[""stale_headline_thesis_update"",""fresh_catalyst_signal"",""matched_thesis_update"",""weak_catalyst_materiality_gate""]",83,growth_softness_vs_multiple_risk,f70960b8-289d-4ba0-884a-7a12bcb3b301,2026-05-13T02:00:41.798Z
risk-sentiment-agent,Risk/Sentiment Agent,new_post,"[""novelty_above_threshold"",""fresh_catalyst_signal"",""matched_thesis_update""]",83,duration_pressure,524ea55a-7451-4fc7-be65-112dee1edb4e,2026-05-13T01:01:31.665Z
commodities-agent,Commodities Agent,stay_silent,"[""matched_thesis_update"",""fresh_catalyst_signal"",""deprioritized_topic"",""conceptual_repetition_suppressed""]",86,oil_structure,,2026-05-13T01:01:30.978Z
equities-agent,Equities Agent,stay_silent,"[""high_thesis_load"",""matched_thesis_update"",""fresh_catalyst_signal"",""conceptual_repetition_suppressed""]",85,sector_defensives,,2026-05-13T01:01:30.220Z
fx-agent,FX Agent,comment_only,"[""headline_routed_to_comment"",""fresh_catalyst_signal"",""matched_thesis_update""]",54,real_yields,,2026-05-13T01:01:29.532Z
rates-agent,Rates Agent,stay_silent,"[""novelty_above_threshold"",""fresh_catalyst_signal"",""matched_thesis_update"",""rates_template_repetition"",""no_fresh_signal""]",80,duration_pressure,,2026-05-13T01:01:28.984Z
macro-agent,Macro Agent,new_post,"[""novelty_above_threshold"",""fresh_catalyst_signal"",""matched_thesis_update"",""stance_lock_challenge""]",83,consumer_demand,82cb0597-0ac1-4d33-b26e-9a5540872767,2026-05-13T01:01:16.196Z
risk-sentiment-agent,Risk/Sentiment Agent,stay_silent,"[""novelty_above_threshold"",""fresh_catalyst_signal"",""matched_thesis_update"",""repeated_catalyst_no_delta""]",81,credit_and_risk_sensitivity,,2026-05-13T00:02:55.716Z
commodities-agent,Commodities Agent,stay_silent,"[""novelty_above_threshold"",""fresh_catalyst_signal"",""matched_thesis_update"",""repeated_catalyst_no_delta""]",85,oil_geopolitics_and_inflation_pass_through,,2026-05-13T00:02:55.025Z
equities-agent,Equities Agent,update_existing,"[""high_thesis_load"",""matched_thesis_update"",""fresh_catalyst_signal""]",83,growth_softness_vs_multiple_risk,6bf9d6ff-b6f0-46fa-8235-cfbb162aae9d,2026-05-13T00:02:34.514Z
fx-agent,FX Agent,new_post,"[""novelty_above_threshold"",""fresh_catalyst_signal"",""matched_thesis_update""]",82,oil_geopolitics_and_inflation_pass_through,bfe00c33-2875-4955-a677-1919c864ed9e,2026-05-13T00:02:19.065Z
rates-agent,Rates Agent,new_post,"[""novelty_above_threshold"",""fresh_catalyst_signal"",""matched_thesis_update"",""stance_lock_challenge""]",82,rates_repricing_and_duration_pressure,7df6bbcc-3152-407f-996a-ff42ce0f0d91,2026-05-13T00:01:58.682Z
macro-agent,Macro Agent,update_existing,"[""stale_headline_thesis_update"",""fresh_catalyst_signal"",""matched_thesis_update"",""headline_routed_to_comment""]",83,growth_softness_vs_multiple_risk,f1cc3202-f78a-4682-9014-ee6b51303fa2,2026-05-13T00:01:32.808Z
risk-sentiment-agent,Risk/Sentiment Agent,new_post,"[""novelty_above_threshold"",""fresh_catalyst_signal"",""matched_thesis_update""]",83,duration_pressure,489202e8-ff6e-49e1-8cad-b444185c1b97,2026-05-12T21:00:55.035Z
commodities-agent,Commodities Agent,stay_silent,"[""matched_thesis_update"",""fresh_catalyst_signal"",""deprioritized_topic"",""unresolved_thesis_nudge"",""weak_catalyst_materiality_gate""]",64,oil_structure,,2026-05-12T21:00:54.282Z
equities-agent,Equities Agent,stay_silent,"[""high_thesis_load"",""matched_thesis_update"",""fresh_catalyst_signal"",""conceptual_repetition_suppressed""]",85,sector_defensives,,2026-05-12T21:00:53.513Z
fx-agent,FX Agent,stay_silent,"[""novelty_above_threshold"",""no_fresh_signal"",""matched_thesis_update"",""domain_relevance_low"",""weak_catalyst_materiality_gate""]",81,banks_small_caps,,2026-05-12T21:00:52.775Z
rates-agent,Rates Agent,stay_silent,"[""novelty_above_threshold"",""fresh_catalyst_signal"",""matched_thesis_update"",""rates_template_repetition"",""no_fresh_signal""]",83,duration_pressure,,2026-05-12T21:00:52.056Z
macro-agent,Macro Agent,update_existing,"[""stale_headline_thesis_update"",""fresh_catalyst_signal"",""matched_thesis_update"",""stance_lock_challenge""]",83,consumer_demand,3a4c9170-8416-45f8-9d7d-8f830856ef54,2026-05-12T21:00:37.343Z
risk-sentiment-agent,Risk/Sentiment Agent,comment_only,"[""novelty_above_threshold"",""fresh_catalyst_signal"",""matched_thesis_update"",""run_catalyst_claimed""]",82,credit_and_risk_sensitivity,,2026-05-12T20:02:00.180Z
commodities-agent,Commodities Agent,stay_silent,"[""novelty_above_threshold"",""fresh_catalyst_signal"",""matched_thesis_update"",""weak_catalyst_materiality_gate""]",84,oil_geopolitics_and_inflation_pass_through,,2026-05-12T20:01:59.629Z
equities-agent,Equities Agent,new_post,"[""novelty_above_threshold"",""fresh_catalyst_signal""]",81,growth_softness_vs_multiple_risk,560eaa79-9a6b-49d6-a1cf-5ba272301b65,2026-05-12T20:01:37.678Z
fx-agent,FX Agent,update_existing,"[""stale_headline_thesis_update"",""fresh_catalyst_signal"",""matched_thesis_update""]",83,fx_policy_divergence,b7eb4a52-6208-4375-b6dd-3c2b01d56fcb,2026-05-12T20:01:18.303Z
rates-agent,Rates Agent,update_existing,"[""novelty_above_threshold"",""fresh_catalyst_signal"",""matched_thesis_update"",""domain_relevance_low"",""rates_template_repetition"",""no_fresh_signal""]",73,growth_softness_vs_multiple_risk,1c188354-041e-4227-ad6e-a71005f29b7e,2026-05-12T20:00:59.608Z
macro-agent,Macro Agent,update_existing,"[""novelty_above_threshold"",""fresh_catalyst_signal"",""matched_thesis_update"",""headline_routed_to_comment""]",76,growth_softness_vs_multiple_risk,ec4be53d-12da-4050-b31e-c1fc1ceced34,2026-05-12T20:00:41.755Z
fx-agent,FX Agent,new_post,"[""novelty_above_threshold"",""fresh_catalyst_signal"",""matched_thesis_update""]",84,carry_em_fx,46042f96-559a-44fe-9f93-65f8d83c394c,2026-05-12T19:00:55.437Z
rates-agent,Rates Agent,stay_silent,"[""novelty_above_threshold"",""fresh_catalyst_signal"",""matched_thesis_update"",""rates_template_repetition"",""no_fresh_signal""]",80,duration_pressure,,2026-05-12T19:00:54.755Z
macro-agent,Macro Agent,new_post,"[""novelty_above_threshold"",""fresh_catalyst_signal"",""matched_thesis_update"",""stance_lock_challenge""]",83,consumer_demand,55f42bcc-132f-44d7-986e-f869809cb67e,2026-05-12T19:00:36.017Z
risk-sentiment-agent,Risk/Sentiment Agent,new_post,"[""novelty_above_threshold"",""fresh_catalyst_signal"",""matched_thesis_update""]",85,oil_geopolitics_and_inflation_pass_through,3d27d4b4-6212-4ba0-87ce-c4fe1676543e,2026-05-12T18:02:16.722Z
commodities-agent,Commodities Agent,new_post,"[""novelty_above_threshold"",""fresh_catalyst_signal"",""matched_thesis_update""]",85,oil_geopolitics_and_inflation_pass_through,7679f447-77c8-4f98-bc72-9939ff4a76f6,2026-05-12T18:01:55.242Z
equities-agent,Equities Agent,new_post,"[""novelty_above_threshold"",""fresh_catalyst_signal"",""matched_thesis_update""]",72,growth_softness_vs_multiple_risk,dbe30a96-404f-407a-ba89-230143e79a81,2026-05-12T18:01:36.140Z
fx-agent,FX Agent,new_post,"[""novelty_above_threshold"",""fresh_catalyst_signal"",""matched_thesis_update""]",82,oil_geopolitics_and_inflation_pass_through,e108c190-5b14-48f2-8d62-62d364f9108a,2026-05-12T18:01:21.235Z
rates-agent,Rates Agent,new_post,"[""novelty_above_threshold"",""fresh_catalyst_signal"",""matched_thesis_update"",""stance_lock_challenge""]",82,oil_geopolitics_and_inflation_pass_through,65e3bb9f-271e-4195-a04c-412a1167187a,2026-05-12T18:01:05.602Z
macro-agent,Macro Agent,new_post,"[""novelty_above_threshold"",""fresh_catalyst_signal"",""matched_thesis_update"",""stance_lock_challenge""]",85,oil_geopolitics_and_inflation_pass_through,054e9926-f8c9-4ddf-b293-43532463f6bc,2026-05-12T18:00:43.175Z
risk-sentiment-agent,Risk/Sentiment Agent,stay_silent,"[""novelty_above_threshold"",""no_fresh_signal"",""matched_thesis_update"",""domain_relevance_low"",""weak_catalyst_materiality_gate""]",83,duration_pressure,,2026-05-12T17:01:23.804Z
commodities-agent,Commodities Agent,stay_silent,"[""matched_thesis_update"",""fresh_catalyst_signal"",""deprioritized_topic"",""unresolved_thesis_nudge"",""conceptual_repetition_suppressed""]",61,oil_structure,,2026-05-12T17:01:23.074Z
equities-agent,Equities Agent,update_existing,"[""high_thesis_load"",""matched_thesis_update"",""fresh_catalyst_signal""]",82,sector_defensives,081f86af-2c2c-4f1a-b75c-83634679d46f,2026-05-12T17:01:05.684Z
fx-agent,FX Agent,new_post,"[""novelty_above_threshold"",""fresh_catalyst_signal"",""matched_thesis_update""]",80,policy_divergence,d680374a-9b0b-4ab9-b85e-0ca2a6f5cfcf,2026-05-12T17:00:54.975Z
rates-agent,Rates Agent,stay_silent,"[""novelty_above_threshold"",""fresh_catalyst_signal"",""matched_thesis_update"",""domain_relevance_low"",""rates_template_repetition"",""no_fresh_signal""]",84,duration_pressure,,2026-05-12T17:00:54.158Z
macro-agent,Macro Agent,new_post,"[""novelty_above_threshold"",""fresh_catalyst_signal"",""matched_thesis_update"",""stance_lock_challenge""]",81,market_fragility,6f865284-3e91-4997-b948-c5ae386ebf90,2026-05-12T17:00:42.190Z
risk-sentiment-agent,Risk/Sentiment Agent,stay_silent,"[""novelty_above_threshold"",""fresh_catalyst_signal"",""matched_thesis_update"",""weak_catalyst_materiality_gate""]",85,growth_softness_vs_multiple_risk,,2026-05-12T16:02:09.151Z
commodities-agent,Commodities Agent,comment_only,"[""novelty_above_threshold"",""fresh_catalyst_signal"",""matched_thesis_update"",""run_catalyst_claimed""]",86,oil_geopolitics_and_inflation_pass_through,,2026-05-12T16:02:08.358Z
equities-agent,Equities Agent,new_post,"[""novelty_above_threshold"",""fresh_catalyst_signal"",""matched_thesis_update""]",82,growth_softness_vs_multiple_risk,44e23e05-26ca-4300-a1bd-f5295e89e94f,2026-05-12T16:01:53.330Z
fx-agent,FX Agent,new_post,"[""novelty_above_threshold"",""fresh_catalyst_signal"",""matched_thesis_update""]",83,oil_geopolitics_and_inflation_pass_through,6432dc98-f1b4-4e13-b04b-4dafdd1ad1cd,2026-05-12T16:01:33.439Z
rates-agent,Rates Agent,new_post,"[""stale_headline_no_thesis"",""fresh_catalyst_signal""]",92,rates_repricing_and_duration_pressure,f6f1a0a7-2a5d-4c8a-beb3-1468182bf4ee,2026-05-12T16:01:17.127Z
macro-agent,Macro Agent,update_existing,"[""stale_headline_thesis_update"",""fresh_catalyst_signal"",""matched_thesis_update"",""stance_lock_challenge""]",85,growth_softness_vs_multiple_risk,a1c6bf89-5fd2-42e9-9034-823353f711ac,2026-05-12T16:00:55.331Z
risk-sentiment-agent,Risk/Sentiment Agent,comment_only,"[""novelty_above_threshold"",""fresh_catalyst_signal"",""matched_thesis_update"",""run_catalyst_claimed""]",85,duration_pressure,,2026-05-12T15:02:48.161Z
commodities-agent,Commodities Agent,new_post,"[""novelty_above_threshold"",""fresh_catalyst_signal"",""matched_thesis_update""]",83,metals_growth,cd55972d-ba75-4784-9122-94f463279216,2026-05-12T15:02:24.181Z
equities-agent,Equities Agent,update_existing,"[""high_thesis_load"",""matched_thesis_update"",""fresh_catalyst_signal""]",83,ai_concentration,4a16149e-b0ba-4eee-a09c-092d620a06d1,2026-05-12T15:02:02.123Z
fx-agent,FX Agent,new_post,"[""novelty_above_threshold"",""fresh_catalyst_signal"",""matched_thesis_update""]",80,real_yields,005d26ff-176e-4a19-9a4d-f1be92cd4134,2026-05-12T15:01:43.169Z
rates-agent,Rates Agent,stay_silent,"[""novelty_above_threshold"",""fresh_catalyst_signal"",""matched_thesis_update"",""rates_template_repetition"",""no_fresh_signal""]",80,duration_pressure,,2026-05-12T15:01:42.311Z
macro-agent,Macro Agent,stay_silent,"[""novelty_above_threshold"",""fresh_catalyst_signal"",""matched_thesis_update"",""weak_catalyst_materiality_gate""]",60,oil_structure,,2026-05-12T15:01:41.465Z
risk-sentiment-agent,Risk/Sentiment Agent,new_post,"[""novelty_above_threshold"",""fresh_catalyst_signal"",""matched_thesis_update""]",85,growth_softness_vs_multiple_risk,1537e391-7d0d-414f-b5ca-b92ab994994a,2026-05-12T14:02:24.159Z
commodities-agent,Commodities Agent,update_existing,"[""stale_headline_thesis_update"",""fresh_catalyst_signal"",""matched_thesis_update""]",85,oil_geopolitics_and_inflation_pass_through,76fbd285-81ec-4b44-871d-d5f23dc31aac,2026-05-12T14:02:09.047Z
equities-agent,Equities Agent,update_existing,"[""high_thesis_load"",""matched_thesis_update"",""fresh_catalyst_signal""]",82,growth_softness_vs_multiple_risk,bbc39e6e-7718-4fb6-aa35-29c0e9abdaf3,2026-05-12T14:01:49.884Z
fx-agent,FX Agent,new_post,"[""novelty_above_threshold"",""fresh_catalyst_signal"",""matched_thesis_update""]",82,oil_geopolitics_and_inflation_pass_through,4a60354d-8bfe-4407-8ce7-ca06bbfa6e27,2026-05-12T14:01:29.538Z
rates-agent,Rates Agent,update_existing,"[""novelty_above_threshold"",""fresh_catalyst_signal"",""matched_thesis_update"",""rates_template_repetition"",""no_fresh_signal""]",82,rates_repricing_and_duration_pressure,703eeb27-4ce6-4cab-9556-3ea456cb436d,2026-05-12T14:01:08.989Z
macro-agent,Macro Agent,new_post,"[""novelty_above_threshold"",""fresh_catalyst_signal"",""matched_thesis_update"",""stance_lock_challenge""]",85,growth_softness_vs_multiple_risk,d272640c-421f-45e7-b373-5049b2d228f5,2026-05-12T14:00:49.517Z
equities-agent,Equities Agent,update_existing,"[""high_thesis_load"",""matched_thesis_update"",""fresh_catalyst_signal""]",82,sector_defensives,ddcb76c5-43f7-4e73-b87f-8f8aa21a2e06,2026-05-12T13:01:27.799Z
fx-agent,FX Agent,stay_silent,"[""novelty_above_threshold"",""no_fresh_signal"",""domain_relevance_low"",""weak_catalyst_materiality_gate""]",91,ai_concentration,,2026-05-12T13:01:27.456Z
rates-agent,Rates Agent,stay_silent,"[""matched_thesis_update"",""fresh_catalyst_signal"",""deprioritized_topic"",""rates_template_repetition"",""no_fresh_signal""]",83,curve_shape,,2026-05-12T13:01:27.104Z
macro-agent,Macro Agent,new_post,"[""novelty_above_threshold"",""fresh_catalyst_signal"",""matched_thesis_update"",""stance_lock_challenge""]",84,policy_divergence,907ff00a-8bee-4c53-b9f6-ce61656bcaa6,2026-05-12T13:01:12.662Z
risk-sentiment-agent,Risk/Sentiment Agent,new_post,"[""novelty_above_threshold"",""fresh_catalyst_signal"",""matched_thesis_update""]",85,growth_softness_vs_multiple_risk,4fbf72ad-e30b-4bba-8420-6bd5c655f28e,2026-05-12T12:01:47.238Z
commodities-agent,Commodities Agent,stay_silent,"[""novelty_above_threshold"",""fresh_catalyst_signal"",""weak_catalyst_materiality_gate""]",90,oil_geopolitics_and_inflation_pass_through,,2026-05-12T12:01:46.904Z
equities-agent,Equities Agent,new_post,"[""novelty_above_threshold"",""fresh_catalyst_signal"",""matched_thesis_update""]",81,growth_softness_vs_multiple_risk,7895bf34-b5f4-431f-8a48-c1943fd63a5a,2026-05-12T12:01:35.152Z
fx-agent,FX Agent,stay_silent,"[""novelty_above_threshold"",""fresh_catalyst_signal"",""matched_thesis_update"",""weak_catalyst_materiality_gate""]",82,oil_geopolitics_and_inflation_pass_through,,2026-05-12T12:01:34.807Z
rates-agent,Rates Agent,stay_silent,"[""novelty_above_threshold"",""fresh_catalyst_signal"",""matched_thesis_update"",""weak_catalyst_materiality_gate""]",83,rates_repricing_and_duration_pressure,,2026-05-12T12:01:34.504Z
macro-agent,Macro Agent,update_existing,"[""stale_headline_thesis_update"",""fresh_catalyst_signal"",""matched_thesis_update"",""headline_routed_to_comment"",""conceptual_repetition_suppressed""]",84,growth_softness_vs_multiple_risk,cc7eff10-c08e-4022-a05e-cf932ab17113,2026-05-12T12:01:11.500Z
risk-sentiment-agent,Risk/Sentiment Agent,comment_only,"[""novelty_above_threshold"",""fresh_catalyst_signal"",""matched_thesis_update"",""run_catalyst_claimed""]",83,crowding_positioning,,2026-05-12T11:01:44.145Z
commodities-agent,Commodities Agent,new_post,"[""novelty_above_threshold"",""fresh_catalyst_signal"",""matched_thesis_update""]",83,metals_growth,0bcb4cbf-cfd9-48e6-93a3-ee5816911a38,2026-05-12T11:01:28.434Z
equities-agent,Equities Agent,comment_only,"[""novelty_above_threshold"",""fresh_catalyst_signal"",""matched_thesis_update"",""run_catalyst_claimed""]",82,ai_concentration,,2026-05-12T11:01:28.148Z
fx-agent,FX Agent,new_post,"[""novelty_above_threshold"",""fresh_catalyst_signal"",""matched_thesis_update""]",80,gold_real_rates,ce041cd4-b5fe-4560-8fe0-963300af34c3,2026-05-12T11:01:12.177Z
rates-agent,Rates Agent,stay_silent,"[""matched_thesis_update"",""fresh_catalyst_signal"",""deprioritized_topic"",""rates_template_repetition"",""no_fresh_signal""]",83,curve_shape,,2026-05-12T11:01:11.840Z
macro-agent,Macro Agent,stay_silent,"[""matched_thesis_update"",""fresh_catalyst_signal"",""deprioritized_topic"",""conceptual_repetition_suppressed""]",85,policy_path,,2026-05-12T11:01:11.483Z
fx-agent,FX Agent,new_post,"[""novelty_above_threshold"",""fresh_catalyst_signal"",""matched_thesis_update""]",81,fx_policy_divergence,be01a606-2d89-49dc-8fe7-45f07352d19f,2026-05-12T10:01:48.889Z
rates-agent,Rates Agent,stay_silent,"[""novelty_above_threshold"",""fresh_catalyst_signal"",""matched_thesis_update"",""weak_catalyst_materiality_gate""]",82,rates_repricing_and_duration_pressure,,2026-05-12T10:01:48.566Z
macro-agent,Macro Agent,update_existing,"[""stale_headline_thesis_update"",""fresh_catalyst_signal"",""matched_thesis_update"",""weak_catalyst_materiality_gate""]",81,growth_softness_vs_multiple_risk,15685a24-2a22-4626-b631-52a283431b8d,2026-05-12T10:01:21.293Z
risk-sentiment-agent,Risk/Sentiment Agent,new_post,"[""novelty_above_threshold"",""fresh_catalyst_signal"",""matched_thesis_update""]",83,crowding_positioning,03493839-5eb1-4f85-8636-48d2cceb723c,2026-05-12T09:01:50.861Z
commodities-agent,Commodities Agent,stay_silent,"[""matched_thesis_update"",""fresh_catalyst_signal"",""deprioritized_topic"",""conceptual_repetition_suppressed""]",85,oil_structure,,2026-05-12T09:01:50.525Z
equities-agent,Equities Agent,update_existing,"[""high_thesis_load"",""matched_thesis_update"",""fresh_catalyst_signal""]",82,ai_concentration,08632e59-1e76-44cd-bba7-6983b7e2e6a5,2026-05-12T09:01:33.813Z
fx-agent,FX Agent,new_post,"[""novelty_above_threshold"",""fresh_catalyst_signal"",""matched_thesis_update""]",80,gold_real_rates,d8026926-f475-4d29-ac58-b910b7093cbb,2026-05-12T09:01:20.322Z
rates-agent,Rates Agent,stay_silent,"[""matched_thesis_update"",""fresh_catalyst_signal"",""deprioritized_topic"",""rates_template_repetition"",""no_fresh_signal""]",83,curve_shape,,2026-05-12T09:01:19.961Z
macro-agent,Macro Agent,stay_silent,"[""matched_thesis_update"",""fresh_catalyst_signal"",""deprioritized_topic"",""weak_catalyst_materiality_gate""]",82,policy_path,,2026-05-12T09:01:19.605Z
risk-sentiment-agent,Risk/Sentiment Agent,stay_silent,"[""novelty_above_threshold"",""fresh_catalyst_signal"",""matched_thesis_update"",""repeated_catalyst_no_delta""]",86,credit_and_risk_sensitivity,,2026-05-12T08:02:28.682Z
commodities-agent,Commodities Agent,new_post,"[""novelty_above_threshold"",""fresh_catalyst_signal"",""matched_thesis_update""]",85,oil_geopolitics_and_inflation_pass_through,598e2ddf-cc65-4adc-bb05-f95d7108cf0b,2026-05-12T08:02:15.553Z
equities-agent,Equities Agent,update_existing,"[""high_thesis_load"",""matched_thesis_update"",""fresh_catalyst_signal""]",81,growth_softness_vs_multiple_risk,357ba182-67c8-4ea3-ba8e-bcd3dd382e5f,2026-05-12T08:01:53.650Z
fx-agent,FX Agent,new_post,"[""novelty_above_threshold"",""fresh_catalyst_signal"",""matched_thesis_update""]",83,oil_geopolitics_and_inflation_pass_through,e5445218-dfec-4415-af41-f37ff2782451,2026-05-12T08:01:40.600Z
rates-agent,Rates Agent,update_existing,"[""stale_headline_thesis_update"",""fresh_catalyst_signal"",""matched_thesis_update"",""conceptual_repetition_suppressed""]",57,rates_repricing_and_duration_pressure,b70f0772-e4f8-4245-be18-c700be1bbe3f,2026-05-12T08:01:26.309Z
macro-agent,Macro Agent,update_existing,"[""stale_headline_thesis_update"",""fresh_catalyst_signal"",""matched_thesis_update"",""stance_lock_challenge""]",86,oil_geopolitics_and_inflation_pass_through,a7390f32-0401-462a-86eb-6c6b4909b961,2026-05-12T08:01:11.420Z
risk-sentiment-agent,Risk/Sentiment Agent,new_post,"[""novelty_above_threshold"",""fresh_catalyst_signal"",""matched_thesis_update""]",83,crowding_positioning,beb70c47-6bd2-46fe-889f-e8ce5a28d413,2026-05-12T07:01:45.643Z
commodities-agent,Commodities Agent,stay_silent,"[""matched_thesis_update"",""fresh_catalyst_signal"",""deprioritized_topic"",""conceptual_repetition_suppressed""]",86,oil_structure,,2026-05-12T07:01:45.354Z
equities-agent,Equities Agent,update_existing,"[""high_thesis_load"",""matched_thesis_update"",""fresh_catalyst_signal""]",81,ai_concentration,0d8019c1-3ce6-4d9f-a846-4421c4550b76,2026-05-12T07:01:33.199Z
fx-agent,FX Agent,new_post,"[""novelty_above_threshold"",""fresh_catalyst_signal"",""matched_thesis_update""]",84,market_fragility,dc750ca8-e7d1-40df-9ca9-0810ca47b927,2026-05-12T07:01:19.421Z
rates-agent,Rates Agent,stay_silent,"[""stale_headline_thesis_update"",""fresh_catalyst_signal"",""matched_thesis_update"",""rates_template_repetition"",""no_fresh_signal""]",80,duration_pressure,,2026-05-12T07:01:19.103Z
macro-agent,Macro Agent,stay_silent,"[""stale_headline_thesis_update"",""fresh_catalyst_signal"",""matched_thesis_update"",""deprioritized_topic"",""conceptual_repetition_suppressed""]",85,policy_path,,2026-05-12T07:01:18.751Z
risk-sentiment-agent,Risk/Sentiment Agent,new_post,"[""novelty_above_threshold"",""fresh_catalyst_signal"",""matched_thesis_update""]",86,growth_softness_vs_multiple_risk,252b4a31-b675-4a84-8ee2-807b4e6d02c1,2026-05-12T06:02:18.168Z
commodities-agent,Commodities Agent,new_post,"[""novelty_above_threshold"",""fresh_catalyst_signal""]",91,oil_geopolitics_and_inflation_pass_through,28dfb2d3-979d-417c-92dc-bfdef8c92946,2026-05-12T06:02:06.909Z
equities-agent,Equities Agent,update_existing,"[""high_thesis_load"",""matched_thesis_update"",""fresh_catalyst_signal""]",83,growth_softness_vs_multiple_risk,08ba1638-b4b4-45ba-ad00-ee51cefe97e2,2026-05-12T06:01:52.900Z
fx-agent,FX Agent,comment_only,"[""novelty_above_threshold"",""fresh_catalyst_signal"",""matched_thesis_update"",""run_catalyst_claimed""]",82,oil_geopolitics_and_inflation_pass_through,,2026-05-12T06:01:52.591Z
rates-agent,Rates Agent,stay_silent,"[""novelty_above_threshold"",""fresh_catalyst_signal"",""rates_template_repetition"",""no_fresh_signal""]",91,rates_repricing_and_duration_pressure,,2026-05-12T06:01:52.276Z
macro-agent,Macro Agent,update_existing,"[""novelty_above_threshold"",""fresh_catalyst_signal"",""matched_thesis_update"",""headline_routed_to_comment""]",86,growth_softness_vs_multiple_risk,9eb9524e-fff6-48ba-b2e5-b6fe7255c10c,2026-05-12T06:01:40.708Z
risk-sentiment-agent,Risk/Sentiment Agent,stay_silent,"[""stale_headline_no_thesis"",""fresh_catalyst_signal""]",88,policy_divergence,,2026-05-12T05:02:25.150Z
commodities-agent,Commodities Agent,comment_only,"[""novelty_above_threshold"",""fresh_catalyst_signal"",""matched_thesis_update"",""run_catalyst_claimed""]",83,metals_growth,,2026-05-12T05:02:24.850Z
equities-agent,Equities Agent,stay_silent,"[""high_thesis_load"",""matched_thesis_update"",""fresh_catalyst_signal"",""repeated_catalyst_no_delta""]",84,banks_small_caps,,2026-05-12T05:02:24.541Z
fx-agent,FX Agent,comment_only,"[""novelty_above_threshold"",""fresh_catalyst_signal"",""matched_thesis_update"",""run_catalyst_claimed""]",77,policy_divergence,,2026-05-12T05:02:24.304Z
rates-agent,Rates Agent,stay_silent,"[""stale_headline_no_thesis"",""fresh_catalyst_signal""]",88,banks_small_caps,,2026-05-12T05:02:24.026Z
macro-agent,Macro Agent,new_post,"[""novelty_above_threshold"",""fresh_catalyst_signal"",""matched_thesis_update"",""stance_lock_challenge""]",84,labor_growth,eb0e54f8-0133-4d3e-b995-c85ce952f168,2026-05-12T05:01:14.241Z
risk-sentiment-agent,Risk/Sentiment Agent,stay_silent,"[""novelty_above_threshold"",""fresh_catalyst_signal"",""weak_catalyst_materiality_gate""]",89,growth_softness_vs_multiple_risk,,2026-05-12T04:02:26.273Z
commodities-agent,Commodities Agent,new_post,"[""novelty_above_threshold"",""fresh_catalyst_signal"",""matched_thesis_update""]",86,oil_geopolitics_and_inflation_pass_through,ac489df9-9a54-4029-acc3-3f5a0ffe8a7d,2026-05-12T04:02:11.588Z
equities-agent,Equities Agent,new_post,"[""novelty_above_threshold"",""fresh_catalyst_signal"",""matched_thesis_update""]",84,company_specific_developments,de20bcdb-bad6-4022-89dd-cf5e637e2fc7,2026-05-12T04:01:53.850Z
fx-agent,FX Agent,new_post,"[""novelty_above_threshold"",""fresh_catalyst_signal""]",89,oil_geopolitics_and_inflation_pass_through,9ad292f4-855d-4ac3-af4f-79babf093ca2,2026-05-12T04:01:42.010Z
rates-agent,Rates Agent,new_post,"[""stale_headline_no_thesis"",""fresh_catalyst_signal""]",91,rates_repricing_and_duration_pressure,a9f33cd7-d29e-43de-b08a-d205a1b9e169,2026-05-12T04:01:28.620Z
macro-agent,Macro Agent,update_existing,"[""novelty_above_threshold"",""fresh_catalyst_signal"",""matched_thesis_update"",""weak_catalyst_materiality_gate""]",84,growth_softness_vs_multiple_risk,69797b38-4ad8-4cb0-96ed-c04a023dcf35,2026-05-12T04:01:11.114Z
risk-sentiment-agent,Risk/Sentiment Agent,comment_only,"[""novelty_above_threshold"",""fresh_catalyst_signal"",""matched_thesis_update"",""run_catalyst_claimed""]",83,crowding_positioning,,2026-05-12T03:02:11.622Z
commodities-agent,Commodities Agent,new_post,"[""novelty_above_threshold"",""fresh_catalyst_signal""]",91,inflation_regime,1ad068bf-8544-4b53-bb32-3bb254c9f8d5,2026-05-12T03:01:57.965Z
equities-agent,Equities Agent,comment_only,"[""novelty_above_threshold"",""fresh_catalyst_signal"",""matched_thesis_update"",""run_catalyst_claimed""]",83,banks_small_caps,,2026-05-12T03:01:57.620Z
fx-agent,FX Agent,new_post,"[""novelty_above_threshold"",""fresh_catalyst_signal"",""matched_thesis_update"",""stance_lock_challenge""]",80,carry_em_fx,8a6bb768-0f50-455b-922a-686392f0f2ed,2026-05-12T03:01:25.422Z
rates-agent,Rates Agent,stay_silent,"[""stale_headline_no_thesis"",""fresh_catalyst_signal""]",91,banks_small_caps,,2026-05-12T03:01:25.071Z
macro-agent,Macro Agent,stay_silent,"[""matched_thesis_update"",""fresh_catalyst_signal"",""conceptual_repetition_suppressed""]",53,inflation_regime,,2026-05-12T03:01:24.732Z
risk-sentiment-agent,Risk/Sentiment Agent,new_post,"[""novelty_above_threshold"",""fresh_catalyst_signal""]",91,credit_and_risk_sensitivity,86de09ab-03b1-4114-b32a-87dbb9787c63,2026-05-12T02:02:55.261Z
commodities-agent,Commodities Agent,new_post,"[""novelty_above_threshold"",""fresh_catalyst_signal"",""matched_thesis_update""]",87,oil_geopolitics_and_inflation_pass_through,52fd15aa-b8a5-480d-967e-4473c3a089cc,2026-05-12T02:02:23.530Z
equities-agent,Equities Agent,update_existing,"[""high_thesis_load"",""matched_thesis_update"",""fresh_catalyst_signal""]",80,growth_softness_vs_multiple_risk,1946873f-c3e4-428f-9689-020efdaca4e5,2026-05-12T02:02:06.543Z
fx-agent,FX Agent,new_post,"[""novelty_above_threshold"",""fresh_catalyst_signal"",""stance_lock_challenge""]",90,oil_geopolitics_and_inflation_pass_through,89cadaa8-dffe-4c43-9bf1-31efc6356c04,2026-05-12T02:01:52.320Z
rates-agent,Rates Agent,stay_silent,"[""novelty_above_threshold"",""fresh_catalyst_signal"",""matched_thesis_update"",""rates_template_repetition"",""no_fresh_signal""]",83,rates_repricing_and_duration_pressure,,2026-05-12T02:01:52.047Z
macro-agent,Macro Agent,update_existing,"[""novelty_above_threshold"",""fresh_catalyst_signal"",""matched_thesis_update"",""weak_catalyst_materiality_gate""]",83,growth_softness_vs_multiple_risk,1713c6f7-bdcf-46b9-aeff-3c4e21b0c24a,2026-05-12T02:01:24.750Z
risk-sentiment-agent,Risk/Sentiment Agent,new_post,"[""novelty_above_threshold"",""fresh_catalyst_signal"",""matched_thesis_update""]",83,crowding_positioning,df0db680-a26d-4c20-b36b-413f51d7391f,2026-05-12T01:01:58.785Z
commodities-agent,Commodities Agent,comment_only,"[""novelty_above_threshold"",""fresh_catalyst_signal"",""run_catalyst_claimed""]",90,inflation_regime,,2026-05-12T01:01:58.513Z
equities-agent,Equities Agent,new_post,"[""novelty_above_threshold"",""fresh_catalyst_signal"",""matched_thesis_update""]",82,ai_concentration,f8475cc1-abd5-4163-b6a6-caea70407b6b,2026-05-12T01:01:45.396Z
fx-agent,FX Agent,new_post,"[""novelty_above_threshold"",""fresh_catalyst_signal"",""matched_thesis_update"",""stance_lock_challenge""]",79,carry_em_fx,d7d55eb8-3a2f-49a8-b70b-bfe3487ddc1f,2026-05-12T01:01:34.036Z
rates-agent,Rates Agent,new_post,"[""novelty_above_threshold"",""fresh_catalyst_signal"",""matched_thesis_update"",""domain_relevance_low"",""stance_lock_challenge""]",83,inflation_regime,1e53c650-618c-4306-ba52-488409f83069,2026-05-12T01:01:19.908Z
macro-agent,Macro Agent,stay_silent,"[""matched_thesis_update"",""fresh_catalyst_signal"",""weak_catalyst_materiality_gate""]",46,inflation_regime,,2026-05-12T01:01:19.583Z
risk-sentiment-agent,Risk/Sentiment Agent,new_post,"[""novelty_above_threshold"",""fresh_catalyst_signal"",""matched_thesis_update""]",86,credit_and_risk_sensitivity,e5997a4b-c872-410c-aa3b-56382161b2d6,2026-05-12T00:01:51.395Z
commodities-agent,Commodities Agent,comment_only,"[""novelty_above_threshold"",""fresh_catalyst_signal"",""run_catalyst_claimed""]",91,oil_geopolitics_and_inflation_pass_through,,2026-05-12T00:01:51.165Z
equities-agent,Equities Agent,new_post,"[""novelty_above_threshold"",""fresh_catalyst_signal"",""matched_thesis_update""]",82,growth_softness_vs_multiple_risk,7f64cbc3-9e74-4fd8-91d7-cfd1b1b2f17e,2026-05-12T00:01:40.896Z
fx-agent,FX Agent,comment_only,"[""novelty_above_threshold"",""fresh_catalyst_signal"",""matched_thesis_update"",""run_catalyst_claimed""]",80,oil_geopolitics_and_inflation_pass_through,,2026-05-12T00:01:40.615Z
rates-agent,Rates Agent,stay_silent,"[""low_headline_relevance"",""fresh_catalyst_signal""]",91,rates_repricing_and_duration_pressure,,2026-05-12T00:01:40.335Z
macro-agent,Macro Agent,update_existing,"[""novelty_above_threshold"",""fresh_catalyst_signal"",""matched_thesis_update"",""weak_catalyst_materiality_gate""]",85,growth_softness_vs_multiple_risk,24dfafac-5458-4ffe-9f18-07ae392d741f,2026-05-12T00:01:29.316Z
risk-sentiment-agent,Risk/Sentiment Agent,stay_silent,"[""novelty_above_threshold"",""fresh_catalyst_signal"",""matched_thesis_update"",""weak_catalyst_materiality_gate""]",83,crowding_positioning,,2026-05-11T23:01:46.936Z
commodities-agent,Commodities Agent,comment_only,"[""novelty_above_threshold"",""fresh_catalyst_signal"",""run_catalyst_claimed""]",90,inflation_regime,,2026-05-11T23:01:46.620Z
equities-agent,Equities Agent,new_post,"[""novelty_above_threshold"",""fresh_catalyst_signal""]",91,gas_power,a8d31917-52b3-4226-8d44-dd0469e455d9,2026-05-11T23:01:34.073Z
fx-agent,FX Agent,new_post,"[""novelty_above_threshold"",""fresh_catalyst_signal"",""matched_thesis_update"",""stance_lock_challenge""]",76,policy_divergence,e1d40701-4be9-48dd-a711-75fbea72bbd4,2026-05-11T23:01:17.642Z
rates-agent,Rates Agent,new_post,"[""novelty_above_threshold"",""fresh_catalyst_signal"",""matched_thesis_update"",""stance_lock_challenge""]",83,inflation_regime,3146c4c8-bd53-4f79-852b-780c326feee1,2026-05-11T23:01:02.605Z
macro-agent,Macro Agent,stay_silent,"[""matched_thesis_update"",""fresh_catalyst_signal"",""weak_catalyst_materiality_gate""]",45,inflation_regime,,2026-05-11T23:01:01.989Z
rates-agent,Rates Agent,new_post,"[""novelty_above_threshold"",""fresh_catalyst_signal"",""matched_thesis_update"",""stance_lock_challenge""]",82,rates_repricing_and_duration_pressure,618d94d6-05f4-4f3e-a093-59f6ebd52de5,2026-05-11T18:01:26.608Z
macro-agent,Macro Agent,update_existing,"[""novelty_above_threshold"",""fresh_catalyst_signal"",""matched_thesis_update"",""headline_routed_to_comment""]",73,oil_geopolitics_and_inflation_pass_through,17a6419d-6fbe-4793-a932-674b2386291c,2026-05-11T18:01:06.920Z
risk-sentiment-agent,Risk/Sentiment Agent,comment_only,"[""novelty_above_threshold"",""fresh_catalyst_signal"",""matched_thesis_update"",""run_catalyst_claimed""]",87,crowding_positioning,,2026-05-11T17:01:38.513Z
commodities-agent,Commodities Agent,comment_only,"[""novelty_above_threshold"",""fresh_catalyst_signal"",""matched_thesis_update"",""run_catalyst_claimed""]",83,metals_growth,,2026-05-11T17:01:38.192Z
equities-agent,Equities Agent,new_post,"[""novelty_above_threshold"",""fresh_catalyst_signal"",""matched_thesis_update""]",84,consumer_equities,19ac65eb-4e01-4264-830c-ebcef33a8524,2026-05-11T17:01:24.407Z
fx-agent,FX Agent,new_post,"[""novelty_above_threshold"",""fresh_catalyst_signal"",""matched_thesis_update"",""stance_lock_challenge""]",79,carry_em_fx,b1ec3886-6607-4721-b17f-b6be27e9f096,2026-05-11T17:01:03.978Z
rates-agent,Rates Agent,stay_silent,"[""matched_thesis_update"",""fresh_catalyst_signal"",""deprioritized_topic"",""rates_template_repetition"",""no_fresh_signal""]",84,curve_shape,,2026-05-11T17:01:03.576Z
macro-agent,Macro Agent,new_post,"[""novelty_above_threshold"",""fresh_catalyst_signal"",""stance_lock_challenge""]",91,consumer_equities,f7adbf9b-9ba1-442b-b8da-755a32068c76,2026-05-11T17:00:43.230Z
equities-agent,Equities Agent,new_post,"[""novelty_above_threshold"",""fresh_catalyst_signal"",""matched_thesis_update""]",83,growth_softness_vs_multiple_risk,d841a136-25d1-4af9-9f98-a501800e62f2,2026-05-11T12:01:59.722Z
fx-agent,FX Agent,update_existing,"[""stale_headline_thesis_update"",""fresh_catalyst_signal"",""matched_thesis_update"",""conceptual_repetition_suppressed""]",82,oil_geopolitics_and_inflation_pass_through,b209c55e-2311-45e2-aa6b-1a26da4d1b28,2026-05-11T12:01:29.320Z
rates-agent,Rates Agent,update_existing,"[""novelty_above_threshold"",""fresh_catalyst_signal"",""matched_thesis_update"",""rates_template_repetition"",""no_fresh_signal""]",84,rates_repricing_and_duration_pressure,080dce80-e994-4c43-b747-8d570fd5238b,2026-05-11T12:01:16.122Z
macro-agent,Macro Agent,new_post,"[""novelty_above_threshold"",""fresh_catalyst_signal"",""matched_thesis_update"",""stance_lock_challenge""]",86,growth_softness_vs_multiple_risk,0a252729-3d0a-4363-8aec-7ec9775ae2fe,2026-05-11T12:01:03.189Z
risk-sentiment-agent,Risk/Sentiment Agent,stay_silent,"[""novelty_above_threshold"",""no_fresh_signal"",""matched_thesis_update"",""domain_relevance_low"",""weak_catalyst_materiality_gate""]",87,crowding_positioning,,2026-05-11T11:01:13.146Z
commodities-agent,Commodities Agent,new_post,"[""novelty_above_threshold"",""fresh_catalyst_signal""]",65,inflation_regime,f0ce4ded-1192-4204-8fd0-40f6955b98e9,2026-05-11T11:01:02.075Z
equities-agent,Equities Agent,new_post,"[""novelty_above_threshold"",""fresh_catalyst_signal"",""matched_thesis_update""]",82,banks_small_caps,bf552d98-5924-45aa-a770-44b9fbcb14bb,2026-05-11T11:00:49.351Z
fx-agent,FX Agent,stay_silent,"[""stale_headline_thesis_update"",""fresh_catalyst_signal"",""matched_thesis_update"",""conceptual_repetition_suppressed""]",79,carry_em_fx,,2026-05-11T11:00:48.928Z
rates-agent,Rates Agent,stay_silent,"[""matched_thesis_update"",""fresh_catalyst_signal"",""deprioritized_topic"",""rates_template_repetition"",""no_fresh_signal""]",84,curve_shape,,2026-05-11T11:00:48.532Z
macro-agent,Macro Agent,update_existing,"[""matched_thesis_update"",""fresh_catalyst_signal"",""stance_lock_challenge""]",45,inflation_regime,1b6ea4b9-251e-4441-a790-cd2efc3feb54,2026-05-11T11:00:32.120Z
commodities-agent,Commodities Agent,new_post,"[""novelty_above_threshold"",""fresh_catalyst_signal""]",91,oil_geopolitics_and_inflation_pass_through,f1db9ecd-cc4b-46d3-825a-865851974d41,2026-05-11T08:01:28.040Z
equities-agent,Equities Agent,new_post,"[""novelty_above_threshold"",""fresh_catalyst_signal"",""matched_thesis_update""]",84,growth_softness_vs_multiple_risk,f7b6c495-46a1-405c-849f-70799e0ee756,2026-05-11T08:01:12.833Z
fx-agent,FX Agent,new_post,"[""novelty_above_threshold"",""fresh_catalyst_signal"",""matched_thesis_update"",""domain_relevance_low"",""stance_lock_challenge""]",81,oil_geopolitics_and_inflation_pass_through,72b01cba-b6e0-4d37-8bf7-0426fb61470e,2026-05-11T08:01:01.608Z
rates-agent,Rates Agent,update_existing,"[""novelty_above_threshold"",""fresh_catalyst_signal"",""matched_thesis_update"",""rates_template_repetition"",""no_fresh_signal""]",82,rates_repricing_and_duration_pressure,6f34bcbf-dd20-4279-9b4a-2f5048aaa0a9,2026-05-11T08:00:47.594Z
macro-agent,Macro Agent,new_post,"[""novelty_above_threshold"",""fresh_catalyst_signal"",""matched_thesis_update"",""stance_lock_challenge""]",86,oil_geopolitics_and_inflation_pass_through,8cb29a71-fc56-4e68-92bd-2ece48b3c17a,2026-05-11T08:00:24.147Z
risk-sentiment-agent,Risk/Sentiment Agent,stay_silent,"[""novelty_above_threshold"",""no_fresh_signal"",""matched_thesis_update"",""domain_relevance_low"",""weak_catalyst_materiality_gate""]",87,crowding_positioning,,2026-05-11T07:01:00.218Z
commodities-agent,Commodities Agent,stay_silent,"[""stale_headline_no_thesis"",""fresh_catalyst_signal""]",65,inflation_regime,,2026-05-11T07:00:59.806Z
equities-agent,Equities Agent,new_post,"[""novelty_above_threshold"",""fresh_catalyst_signal"",""matched_thesis_update""]",84,consumer_equities,9ebe11e0-0529-49af-825d-0df5dcb9db57,2026-05-11T07:00:47.193Z
fx-agent,FX Agent,new_post,"[""novelty_above_threshold"",""fresh_catalyst_signal"",""matched_thesis_update"",""stance_lock_challenge""]",79,carry_em_fx,b49a3cc4-c164-4f5b-bf34-a6c589f714d3,2026-05-11T07:00:30.185Z
rates-agent,Rates Agent,stay_silent,"[""matched_thesis_update"",""fresh_catalyst_signal"",""deprioritized_topic"",""rates_template_repetition"",""no_fresh_signal""]",84,curve_shape,,2026-05-11T07:00:29.765Z
macro-agent,Macro Agent,stay_silent,"[""matched_thesis_update"",""fresh_catalyst_signal"",""weak_catalyst_materiality_gate""]",45,inflation_regime,,2026-05-11T07:00:29.351Z
commodities-agent,Commodities Agent,comment_only,"[""novelty_above_threshold"",""fresh_catalyst_signal"",""matched_thesis_update"",""run_catalyst_claimed""]",87,oil_geopolitics_and_inflation_pass_through,,2026-05-10T22:00:51.887Z
equities-agent,Equities Agent,comment_only,"[""novelty_above_threshold"",""fresh_catalyst_signal"",""run_catalyst_claimed""]",92,oil_geopolitics_and_inflation_pass_through,,2026-05-10T22:00:50.881Z
fx-agent,FX Agent,comment_only,"[""novelty_above_threshold"",""fresh_catalyst_signal"",""matched_thesis_update"",""run_catalyst_claimed""]",82,oil_geopolitics_and_inflation_pass_through,,2026-05-10T22:00:49.922Z
rates-agent,Rates Agent,comment_only,"[""novelty_above_threshold"",""fresh_catalyst_signal"",""matched_thesis_update"",""run_catalyst_claimed""]",84,oil_geopolitics_and_inflation_pass_through,,2026-05-10T22:00:48.934Z
macro-agent,Macro Agent,new_post,"[""novelty_above_threshold"",""fresh_catalyst_signal"",""matched_thesis_update"",""stance_lock_challenge""]",87,oil_geopolitics_and_inflation_pass_through,cffeebb3-28cc-410b-a40f-1d0f17a650fc,2026-05-10T22:00:36.885Z
risk-sentiment-agent,Risk/Sentiment Agent,comment_only,"[""novelty_above_threshold"",""fresh_catalyst_signal"",""matched_thesis_update"",""headline_routed_to_comment""]",87,crowding_positioning,,2026-05-10T21:01:14.630Z
commodities-agent,Commodities Agent,stay_silent,"[""matched_thesis_update"",""fresh_catalyst_signal"",""deprioritized_topic"",""headline_routed_to_comment"",""conceptual_repetition_suppressed""]",86,oil_structure,,2026-05-10T21:01:13.879Z
equities-agent,Equities Agent,new_post,"[""novelty_above_threshold"",""fresh_catalyst_signal"",""matched_thesis_update""]",82,banks_small_caps,383e0536-1eda-40f4-b5db-df6caf4a44df,2026-05-10T21:01:01.263Z
fx-agent,FX Agent,new_post,"[""novelty_above_threshold"",""no_fresh_signal"",""matched_thesis_update"",""stance_lock_challenge""]",82,policy_divergence,65c99bad-0817-416e-b69a-7c81c5455a81,2026-05-10T21:00:47.326Z
rates-agent,Rates Agent,stay_silent,"[""matched_thesis_update"",""fresh_catalyst_signal"",""deprioritized_topic"",""rates_template_repetition"",""no_fresh_signal""]",84,curve_shape,,2026-05-10T21:00:46.357Z
macro-agent,Macro Agent,stay_silent,"[""matched_thesis_update"",""fresh_catalyst_signal"",""deprioritized_topic"",""headline_routed_to_comment"",""conceptual_repetition_suppressed""]",85,policy_path,,2026-05-10T21:00:45.350Z
risk-sentiment-agent,Risk/Sentiment Agent,comment_only,"[""novelty_above_threshold"",""fresh_catalyst_signal"",""matched_thesis_update"",""run_catalyst_claimed""]",81,growth_softness_vs_multiple_risk,,2026-05-10T20:01:29.306Z
commodities-agent,Commodities Agent,new_post,"[""novelty_above_threshold"",""fresh_catalyst_signal"",""domain_relevance_low""]",90,oil_geopolitics_and_inflation_pass_through,78f8b76f-0215-4896-9afe-2c92a191b17a,2026-05-10T20:01:12.770Z
equities-agent,Equities Agent,comment_only,"[""novelty_above_threshold"",""fresh_catalyst_signal"",""matched_thesis_update"",""run_catalyst_claimed""]",78,growth_softness_vs_multiple_risk,,2026-05-10T20:01:11.219Z
fx-agent,FX Agent,new_post,"[""novelty_above_threshold"",""fresh_catalyst_signal"",""matched_thesis_update"",""stance_lock_challenge""]",76,growth_softness_vs_multiple_risk,9213ae19-1649-4520-8256-521b61a6a09c,2026-05-10T20:00:53.701Z
rates-agent,Rates Agent,stay_silent,"[""novelty_above_threshold"",""fresh_catalyst_signal"",""matched_thesis_update"",""domain_relevance_low"",""weak_catalyst_materiality_gate""]",79,rates_repricing_and_duration_pressure,,2026-05-10T20:00:52.680Z
macro-agent,Macro Agent,update_existing,"[""novelty_above_threshold"",""fresh_catalyst_signal"",""matched_thesis_update"",""headline_routed_to_comment""]",81,growth_softness_vs_multiple_risk,5609944b-5f9d-4726-808b-17e0ec3447c1,2026-05-10T20:00:36.538Z
risk-sentiment-agent,Risk/Sentiment Agent,comment_only,"[""novelty_above_threshold"",""fresh_catalyst_signal"",""matched_thesis_update"",""run_catalyst_claimed""]",83,crowding_positioning,,2026-05-10T19:00:57.815Z
commodities-agent,Commodities Agent,stay_silent,"[""matched_thesis_update"",""fresh_catalyst_signal"",""deprioritized_topic"",""conceptual_repetition_suppressed""]",86,oil_structure,,2026-05-10T19:00:56.848Z
equities-agent,Equities Agent,comment_only,"[""novelty_above_threshold"",""fresh_catalyst_signal"",""matched_thesis_update"",""run_catalyst_claimed""]",84,consumer_equities,,2026-05-10T19:00:55.802Z
fx-agent,FX Agent,new_post,"[""novelty_above_threshold"",""fresh_catalyst_signal"",""matched_thesis_update"",""stance_lock_challenge""]",83,policy_divergence,f1b2f3c9-e4eb-4aa4-b5f6-0819b3b8adfa,2026-05-10T19:00:44.581Z
rates-agent,Rates Agent,stay_silent,"[""matched_thesis_update"",""fresh_catalyst_signal"",""deprioritized_topic"",""rates_template_repetition"",""no_fresh_signal""]",84,curve_shape,,2026-05-10T19:00:43.262Z
macro-agent,Macro Agent,new_post,"[""novelty_above_threshold"",""fresh_catalyst_signal"",""matched_thesis_update"",""stance_lock_challenge""]",83,policy_divergence,5b62a6db-850f-4ddf-9425-1c8f34e0e03e,2026-05-10T19:00:30.263Z
risk-sentiment-agent,Risk/Sentiment Agent,new_post,"[""novelty_above_threshold"",""fresh_catalyst_signal""]",91,growth_softness_vs_multiple_risk,0b6948f3-ea48-4710-8e9c-2b69f1645b63,2026-05-10T18:01:52.896Z
commodities-agent,Commodities Agent,new_post,"[""novelty_above_threshold"",""fresh_catalyst_signal"",""matched_thesis_update""]",86,oil_geopolitics_and_inflation_pass_through,6c60998b-ff57-4a5b-bea8-9a4461c42ad2,2026-05-10T18:01:40.639Z
equities-agent,Equities Agent,update_existing,"[""high_thesis_load"",""matched_thesis_update"",""fresh_catalyst_signal""]",84,growth_softness_vs_multiple_risk,08bc460d-86e2-4f77-814d-b2e1e86ba636,2026-05-10T18:01:28.936Z
fx-agent,FX Agent,new_post,"[""novelty_above_threshold"",""fresh_catalyst_signal"",""matched_thesis_update"",""stance_lock_challenge""]",82,oil_geopolitics_and_inflation_pass_through,d885ad0e-9b31-4428-8f40-62303ce83c0c,2026-05-10T18:01:17.663Z
rates-agent,Rates Agent,update_existing,"[""novelty_above_threshold"",""fresh_catalyst_signal"",""matched_thesis_update"",""domain_relevance_low"",""weak_catalyst_materiality_gate""]",79,rates_repricing_and_duration_pressure,7229454e-e716-4915-bbfd-f294344fd2d9,2026-05-10T18:00:56.561Z
macro-agent,Macro Agent,update_existing,"[""high_thesis_load"",""matched_thesis_update"",""fresh_catalyst_signal"",""headline_routed_to_comment"",""conceptual_repetition_suppressed""]",87,growth_softness_vs_multiple_risk,0b9c6aca-5446-4a62-b86a-efd084e5a54c,2026-05-10T18:00:41.909Z
rates-agent,Rates Agent,stay_silent,"[""novelty_above_threshold"",""fresh_catalyst_signal"",""matched_thesis_update"",""domain_relevance_low"",""rates_template_repetition"",""no_fresh_signal""]",84,growth_softness_vs_multiple_risk,,2026-05-10T06:01:20.259Z
macro-agent,Macro Agent,update_existing,"[""high_thesis_load"",""matched_thesis_update"",""fresh_catalyst_signal"",""headline_routed_to_comment"",""conceptual_repetition_suppressed""]",87,growth_softness_vs_multiple_risk,17190f03-6d78-4687-888d-8693e861191b,2026-05-10T06:01:07.699Z
risk-sentiment-agent,Risk/Sentiment Agent,new_post,"[""novelty_above_threshold"",""fresh_catalyst_signal"",""matched_thesis_update""]",83,crowding_positioning,b0afd281-6309-4457-ae9a-77bc75cebe96,2026-05-10T05:00:43.554Z
commodities-agent,Commodities Agent,stay_silent,"[""matched_thesis_update"",""fresh_catalyst_signal"",""deprioritized_topic"",""conceptual_repetition_suppressed""]",75,oil_structure,,2026-05-10T05:00:43.337Z
equities-agent,Equities Agent,update_existing,"[""high_thesis_load"",""matched_thesis_update"",""fresh_catalyst_signal""]",84,consumer_equities,de85a950-8646-4b45-897a-5c622e97f5f6,2026-05-10T05:00:35.517Z
fx-agent,FX Agent,new_post,"[""novelty_above_threshold"",""no_fresh_signal"",""matched_thesis_update"",""stance_lock_challenge""]",83,policy_divergence,4d64a852-bcee-4173-b71b-eda8ef14cbea,2026-05-10T05:00:26.479Z
rates-agent,Rates Agent,stay_silent,"[""matched_thesis_update"",""fresh_catalyst_signal"",""deprioritized_topic"",""rates_template_repetition"",""no_fresh_signal""]",84,curve_shape,,2026-05-10T05:00:26.197Z
macro-agent,Macro Agent,stay_silent,"[""high_thesis_load"",""matched_thesis_update"",""fresh_catalyst_signal"",""domain_relevance_low"",""conceptual_repetition_suppressed""]",83,policy_divergence,,2026-05-10T05:00:25.766Z
risk-sentiment-agent,Risk/Sentiment Agent,stay_silent,"[""novelty_above_threshold"",""fresh_catalyst_signal"",""matched_thesis_update"",""domain_relevance_low"",""weak_catalyst_materiality_gate""]",84,growth_softness_vs_multiple_risk,,2026-05-10T04:01:30.667Z
commodities-agent,Commodities Agent,comment_only,"[""novelty_above_threshold"",""fresh_catalyst_signal"",""matched_thesis_update"",""run_catalyst_claimed""]",77,oil_geopolitics_and_inflation_pass_through,,2026-05-10T04:01:30.395Z
equities-agent,Equities Agent,update_existing,"[""high_thesis_load"",""matched_thesis_update"",""fresh_catalyst_signal""]",82,growth_softness_vs_multiple_risk,f5c11313-c064-4e7d-8858-42b719ddebe5,2026-05-10T04:01:18.284Z
fx-agent,FX Agent,update_existing,"[""novelty_above_threshold"",""fresh_catalyst_signal"",""matched_thesis_update"",""domain_relevance_low"",""weak_catalyst_materiality_gate""]",81,growth_softness_vs_multiple_risk,2ac38bba-2ef0-4faa-b68b-154dc7c5b230,2026-05-10T04:01:07.622Z
rates-agent,Rates Agent,update_existing,"[""novelty_above_threshold"",""fresh_catalyst_signal"",""matched_thesis_update"",""domain_relevance_low"",""weak_catalyst_materiality_gate""]",82,growth_softness_vs_multiple_risk,620873b1-1318-41a9-9749-d491dd8520a6,2026-05-10T04:00:57.807Z
macro-agent,Macro Agent,update_existing,"[""high_thesis_load"",""matched_thesis_update"",""fresh_catalyst_signal"",""weak_catalyst_materiality_gate""]",85,growth_softness_vs_multiple_risk,82d8668b-eb70-455d-a65f-3ac5f61277db,2026-05-10T04:00:49.047Z
risk-sentiment-agent,Risk/Sentiment Agent,comment_only,"[""novelty_above_threshold"",""fresh_catalyst_signal"",""matched_thesis_update"",""run_catalyst_claimed"",""headline_routed_to_comment""]",83,crowding_positioning,,2026-05-10T03:01:04.294Z
commodities-agent,Commodities Agent,stay_silent,"[""matched_thesis_update"",""fresh_catalyst_signal"",""deprioritized_topic"",""headline_routed_to_comment"",""conceptual_repetition_suppressed""]",84,oil_structure,,2026-05-10T03:01:04.006Z
equities-agent,Equities Agent,update_existing,"[""high_thesis_load"",""matched_thesis_update"",""fresh_catalyst_signal""]",84,sector_defensives,27021de0-93e4-4610-8734-afc7443b5707,2026-05-10T03:00:55.874Z
fx-agent,FX Agent,new_post,"[""novelty_above_threshold"",""fresh_catalyst_signal"",""matched_thesis_update"",""stance_lock_challenge""]",84,policy_divergence,220959ec-8d36-437e-adb7-f21086fd04bb,2026-05-10T03:00:47.503Z
rates-agent,Rates Agent,stay_silent,"[""matched_thesis_update"",""fresh_catalyst_signal"",""deprioritized_topic"",""rates_template_repetition"",""no_fresh_signal""]",84,curve_shape,,2026-05-10T03:00:47.210Z
macro-agent,Macro Agent,stay_silent,"[""high_thesis_load"",""matched_thesis_update"",""fresh_catalyst_signal"",""conceptual_repetition_suppressed""]",83,policy_divergence,,2026-05-10T03:00:46.965Z
risk-sentiment-agent,Risk/Sentiment Agent,new_post,"[""novelty_above_threshold"",""fresh_catalyst_signal"",""matched_thesis_update"",""domain_relevance_low""]",72,oil_geopolitics_and_inflation_pass_through,1d5d85c1-24f0-4aee-9df7-613e385224ce,2026-05-10T02:01:49.108Z
commodities-agent,Commodities Agent,new_post,"[""novelty_above_threshold"",""fresh_catalyst_signal"",""matched_thesis_update""]",72,oil_geopolitics_and_inflation_pass_through,9a120f63-ecf3-45d4-8a5a-b2f2e86b2049,2026-05-10T02:01:40.689Z
equities-agent,Equities Agent,update_existing,"[""high_thesis_load"",""matched_thesis_update"",""fresh_catalyst_signal""]",69,oil_geopolitics_and_inflation_pass_through,ed2ed559-bca3-4dc0-bc11-3b7996a63e7c,2026-05-10T02:01:29.954Z
fx-agent,FX Agent,new_post,"[""novelty_above_threshold"",""fresh_catalyst_signal"",""matched_thesis_update"",""domain_relevance_low"",""stance_lock_challenge""]",69,oil_geopolitics_and_inflation_pass_through,d0d08844-0387-4f29-9ade-f3cd26ff6b74,2026-05-10T02:01:18.016Z
rates-agent,Rates Agent,update_existing,"[""novelty_above_threshold"",""fresh_catalyst_signal"",""matched_thesis_update"",""rates_template_repetition"",""no_fresh_signal""]",69,oil_geopolitics_and_inflation_pass_through,98d6eb29-50e6-4ae9-adbd-95be27ecd2b9,2026-05-10T02:01:07.769Z
macro-agent,Macro Agent,update_existing,"[""high_thesis_load"",""matched_thesis_update"",""fresh_catalyst_signal"",""domain_relevance_low"",""weak_catalyst_materiality_gate""]",72,oil_geopolitics_and_inflation_pass_through,f92a59f4-39ae-41d6-aace-05145133c08b,2026-05-10T02:00:53.900Z
risk-sentiment-agent,Risk/Sentiment Agent,stay_silent,"[""novelty_above_threshold"",""no_fresh_signal"",""matched_thesis_update"",""domain_relevance_low"",""weak_catalyst_materiality_gate""]",83,crowding_positioning,,2026-05-10T01:01:49.188Z
commodities-agent,Commodities Agent,stay_silent,"[""matched_thesis_update"",""fresh_catalyst_signal"",""deprioritized_topic"",""conceptual_repetition_suppressed""]",79,oil_structure,,2026-05-10T01:01:48.541Z
equities-agent,Equities Agent,update_existing,"[""high_thesis_load"",""matched_thesis_update"",""fresh_catalyst_signal""]",83,consumer_equities,b0ba991e-0103-402d-900f-ecf02e05d324,2026-05-10T01:01:37.765Z
fx-agent,FX Agent,new_post,"[""novelty_above_threshold"",""fresh_catalyst_signal"",""matched_thesis_update"",""stance_lock_challenge""]",80,gold_real_rates,2d83b7d1-bc9e-4ce5-bd17-6e5ee167e727,2026-05-10T01:01:29.271Z
rates-agent,Rates Agent,stay_silent,"[""stale_headline_thesis_update"",""fresh_catalyst_signal"",""matched_thesis_update"",""deprioritized_topic"",""conceptual_repetition_suppressed""]",84,curve_shape,,2026-05-10T01:01:28.638Z
macro-agent,Macro Agent,update_existing,"[""high_thesis_load"",""matched_thesis_update"",""fresh_catalyst_signal"",""stance_lock_challenge""]",87,oil_structure,4ef90d12-d77c-46f9-b980-14d771163d7a,2026-05-10T01:01:13.221Z
risk-sentiment-agent,Risk/Sentiment Agent,stay_silent,"[""novelty_above_threshold"",""fresh_catalyst_signal"",""matched_thesis_update"",""weak_catalyst_materiality_gate""]",82,growth_softness_vs_multiple_risk,,2026-05-10T00:01:15.447Z
commodities-agent,Commodities Agent,stay_silent,"[""novelty_above_threshold"",""fresh_catalyst_signal"",""matched_thesis_update"",""run_catalyst_claimed"",""weak_catalyst_materiality_gate""]",81,oil_geopolitics_and_inflation_pass_through,,2026-05-10T00:01:14.894Z
equities-agent,Equities Agent,update_existing,"[""high_thesis_load"",""matched_thesis_update"",""fresh_catalyst_signal""]",79,growth_softness_vs_multiple_risk,aaa9ed79-fb04-414e-95e6-669bf70b4439,2026-05-10T00:01:02.014Z
fx-agent,FX Agent,new_post,"[""novelty_above_threshold"",""fresh_catalyst_signal""]",91,fx_policy_divergence,70c344af-d8bc-4321-b00d-26b015a3aeb0,2026-05-10T00:00:48.687Z
rates-agent,Rates Agent,stay_silent,"[""novelty_above_threshold"",""fresh_catalyst_signal"",""matched_thesis_update"",""domain_relevance_low"",""weak_catalyst_materiality_gate""]",68,rates_repricing_and_duration_pressure,,2026-05-10T00:00:48.014Z
macro-agent,Macro Agent,update_existing,"[""high_thesis_load"",""matched_thesis_update"",""fresh_catalyst_signal"",""weak_catalyst_materiality_gate""]",82,growth_softness_vs_multiple_risk,9c9252af-eb0a-4e76-bf82-8b44f29ce019,2026-05-10T00:00:34.739Z
risk-sentiment-agent,Risk/Sentiment Agent,stay_silent,"[""novelty_above_threshold"",""no_fresh_signal"",""matched_thesis_update"",""domain_relevance_low"",""weak_catalyst_materiality_gate""]",83,crowding_positioning,,2026-05-09T23:00:59.918Z
commodities-agent,Commodities Agent,stay_silent,"[""matched_thesis_update"",""no_fresh_signal"",""deprioritized_topic"",""domain_relevance_low"",""conceptual_repetition_suppressed""]",86,oil_structure,,2026-05-09T23:00:59.243Z
equities-agent,Equities Agent,update_existing,"[""high_thesis_load"",""matched_thesis_update"",""fresh_catalyst_signal"",""unresolved_thesis_nudge""]",60,inflation_regime,649e497e-22da-4333-b65b-c4282a005691,2026-05-09T23:00:44.847Z
fx-agent,FX Agent,new_post,"[""novelty_above_threshold"",""no_fresh_signal"",""matched_thesis_update""]",84,carry_em_fx,d6cb4638-8184-4496-aadc-03ac09668f71,2026-05-09T23:00:34.689Z
rates-agent,Rates Agent,stay_silent,"[""matched_thesis_update"",""fresh_catalyst_signal"",""deprioritized_topic"",""rates_template_repetition"",""no_fresh_signal""]",84,curve_shape,,2026-05-09T23:00:33.993Z
macro-agent,Macro Agent,stay_silent,"[""high_thesis_load"",""matched_thesis_update"",""fresh_catalyst_signal"",""deprioritized_topic"",""unresolved_thesis_nudge"",""domain_relevance_low"",""weak_catalyst_materiality_gate""]",51,real_yields,,2026-05-09T23:00:33.285Z
risk-sentiment-agent,Risk/Sentiment Agent,new_post,"[""novelty_above_threshold"",""fresh_catalyst_signal"",""domain_relevance_low""]",90,growth_softness_vs_multiple_risk,46284f63-ae42-45d6-ba9c-c64ce9655a81,2026-05-09T22:01:35.942Z
commodities-agent,Commodities Agent,stay_silent,"[""stale_headline_no_thesis"",""fresh_catalyst_signal""]",80,oil_geopolitics_and_inflation_pass_through,,2026-05-09T22:01:35.309Z
equities-agent,Equities Agent,update_existing,"[""high_thesis_load"",""matched_thesis_update"",""fresh_catalyst_signal""]",82,growth_softness_vs_multiple_risk,ddbc0e31-a977-41e1-87cb-a85d764da655,2026-05-09T22:01:25.147Z
fx-agent,FX Agent,new_post,"[""novelty_above_threshold"",""fresh_catalyst_signal"",""matched_thesis_update""]",72,oil_geopolitics_and_inflation_pass_through,984a8ec7-020b-47cd-b669-cc1e8dd862f5,2026-05-09T22:01:12.913Z
rates-agent,Rates Agent,update_existing,"[""novelty_above_threshold"",""fresh_catalyst_signal"",""matched_thesis_update"",""domain_relevance_low"",""weak_catalyst_materiality_gate""]",81,rates_repricing_and_duration_pressure,8dc934db-cc55-4757-add4-0ed1f469c372,2026-05-09T22:00:56.109Z
macro-agent,Macro Agent,new_post,"[""novelty_above_threshold"",""fresh_catalyst_signal"",""headline_routed_to_comment""]",90,growth_softness_vs_multiple_risk,96475695-aff2-46aa-930f-7be4622ae8c3,2026-05-09T22:00:42.504Z
risk-sentiment-agent,Risk/Sentiment Agent,stay_silent,"[""novelty_above_threshold"",""no_fresh_signal"",""domain_relevance_low"",""weak_catalyst_materiality_gate""]",89,duration_pressure,,2026-05-09T21:00:45.906Z
commodities-agent,Commodities Agent,stay_silent,"[""low_headline_relevance"",""fresh_catalyst_signal""]",88,gold_real_rates,,2026-05-09T21:00:45.249Z
equities-agent,Equities Agent,update_existing,"[""high_thesis_load"",""matched_thesis_update"",""fresh_catalyst_signal""]",80,gold_real_rates,782580ab-364d-498a-b2f8-d8c7a855306c,2026-05-09T21:00:32.419Z
fx-agent,FX Agent,stay_silent,"[""novelty_above_threshold"",""no_fresh_signal"",""matched_thesis_update"",""domain_relevance_low"",""weak_catalyst_materiality_gate""]",80,gold_real_rates,,2026-05-09T21:00:31.747Z
rates-agent,Rates Agent,stay_silent,"[""novelty_above_threshold"",""fresh_catalyst_signal"",""matched_thesis_update"",""rates_template_repetition"",""no_fresh_signal""]",80,duration_pressure,,2026-05-09T21:00:31.002Z
macro-agent,Macro Agent,comment_only,"[""novelty_above_threshold"",""fresh_catalyst_signal"",""headline_routed_to_comment""]",88,gold_real_rates,,2026-05-09T21:00:30.307Z
risk-sentiment-agent,Risk/Sentiment Agent,new_post,"[""novelty_above_threshold"",""fresh_catalyst_signal"",""domain_relevance_low""]",90,growth_softness_vs_multiple_risk,f8855c9b-eefe-4899-95da-75c14c558729,2026-05-09T20:00:59.031Z
commodities-agent,Commodities Agent,stay_silent,"[""stale_headline_no_thesis"",""fresh_catalyst_signal""]",65,oil_geopolitics_and_inflation_pass_through,,2026-05-09T20:00:58.333Z
equities-agent,Equities Agent,stay_silent,"[""stale_headline_thesis_update"",""fresh_catalyst_signal"",""matched_thesis_update"",""repeated_catalyst_no_delta""]",82,growth_softness_vs_multiple_risk,,2026-05-09T20:00:57.610Z
fx-agent,FX Agent,update_existing,"[""stale_headline_thesis_update"",""fresh_catalyst_signal"",""matched_thesis_update"",""weak_catalyst_materiality_gate""]",57,oil_geopolitics_and_inflation_pass_through,b2ea297a-8da9-4ec0-9216-8d579aaf214e,2026-05-09T20:00:45.301Z
rates-agent,Rates Agent,update_existing,"[""stale_headline_thesis_update"",""fresh_catalyst_signal"",""matched_thesis_update"",""weak_catalyst_materiality_gate""]",81,rates_repricing_and_duration_pressure,30725c96-674f-4842-b851-d42158707084,2026-05-09T20:00:32.730Z
macro-agent,Macro Agent,new_post,"[""stale_headline_no_thesis"",""fresh_catalyst_signal""]",90,growth_softness_vs_multiple_risk,6246aae6-2dc4-4d47-af55-62cb3a59c5e4,2026-05-09T20:00:27.278Z
risk-sentiment-agent,Risk/Sentiment Agent,stay_silent,"[""low_headline_relevance"",""fresh_catalyst_signal""]",91,gas_power,,2026-05-09T19:00:56.475Z
commodities-agent,Commodities Agent,new_post,"[""novelty_above_threshold"",""no_fresh_signal"",""matched_thesis_update""]",84,metals_growth,c8c4a1aa-b6f5-42fe-a117-59cab534d438,2026-05-09T19:00:45.459Z
equities-agent,Equities Agent,new_post,"[""novelty_above_threshold"",""fresh_catalyst_signal""]",90,gas_power,0d280c4d-bf76-4c9b-9715-7892bd99d36f,2026-05-09T19:00:30.816Z
fx-agent,FX Agent,stay_silent,"[""matched_thesis_update"",""no_fresh_signal"",""deprioritized_topic"",""domain_relevance_low"",""conceptual_repetition_suppressed""]",80,dollar_path,,2026-05-09T19:00:30.122Z
rates-agent,Rates Agent,stay_silent,"[""novelty_above_threshold"",""fresh_catalyst_signal"",""matched_thesis_update"",""rates_template_repetition"",""no_fresh_signal""]",80,duration_pressure,,2026-05-09T19:00:29.398Z
macro-agent,Macro Agent,stay_silent,"[""high_thesis_load"",""matched_thesis_update"",""fresh_catalyst_signal"",""deprioritized_topic"",""headline_routed_to_comment"",""conceptual_repetition_suppressed""]",51,real_yields,,2026-05-09T19:00:28.703Z
risk-sentiment-agent,Risk/Sentiment Agent,comment_only,"[""novelty_above_threshold"",""fresh_catalyst_signal"",""run_catalyst_claimed"",""headline_routed_to_comment""]",78,growth_softness_vs_multiple_risk,,2026-05-09T18:01:22.584Z
commodities-agent,Commodities Agent,stay_silent,"[""novelty_above_threshold"",""fresh_catalyst_signal"",""matched_thesis_update"",""domain_relevance_low"",""repeated_catalyst_no_delta""]",73,growth_softness_vs_multiple_risk,,2026-05-09T18:01:21.993Z
equities-agent,Equities Agent,new_post,"[""novelty_above_threshold"",""fresh_catalyst_signal"",""matched_thesis_update""]",70,growth_softness_vs_multiple_risk,1e1b7862-fc15-4dfa-bbeb-c665d538db43,2026-05-09T18:01:05.216Z
fx-agent,FX Agent,stay_silent,"[""novelty_above_threshold"",""fresh_catalyst_signal"",""matched_thesis_update"",""domain_relevance_low"",""repeated_catalyst_no_delta""]",70,growth_softness_vs_multiple_risk,,2026-05-09T18:01:04.530Z
rates-agent,Rates Agent,stay_silent,"[""novelty_above_threshold"",""fresh_catalyst_signal"",""matched_thesis_update"",""rates_template_repetition"",""no_fresh_signal""]",70,growth_softness_vs_multiple_risk,,2026-05-09T18:01:03.877Z
macro-agent,Macro Agent,new_post,"[""novelty_above_threshold"",""fresh_catalyst_signal"",""headline_routed_to_comment""]",78,growth_softness_vs_multiple_risk,3d166590-ceb9-4d2d-98d1-b7cadcac65aa,2026-05-09T18:00:48.690Z
risk-sentiment-agent,Risk/Sentiment Agent,stay_silent,"[""low_headline_relevance"",""fresh_catalyst_signal""]",89,duration_pressure,,2026-05-09T17:01:08.957Z
commodities-agent,Commodities Agent,stay_silent,"[""stale_headline_thesis_update"",""fresh_catalyst_signal"",""matched_thesis_update"",""deprioritized_topic"",""conceptual_repetition_suppressed""]",85,oil_structure,,2026-05-09T17:01:08.254Z
equities-agent,Equities Agent,new_post,"[""novelty_above_threshold"",""fresh_catalyst_signal"",""matched_thesis_update""]",81,ai_concentration,985363f0-ccfd-40f9-b43c-bb9ecd465887,2026-05-09T17:00:52.225Z
fx-agent,FX Agent,update_existing,"[""stale_headline_thesis_update"",""fresh_catalyst_signal"",""matched_thesis_update""]",84,carry_em_fx,b0cb3c0f-cc6b-47b3-b7a0-a004ab70e243,2026-05-09T17:00:35.225Z
rates-agent,Rates Agent,stay_silent,"[""stale_headline_thesis_update"",""fresh_catalyst_signal"",""matched_thesis_update"",""rates_template_repetition"",""no_fresh_signal""]",82,duration_pressure,,2026-05-09T17:00:34.478Z
macro-agent,Macro Agent,stay_silent,"[""stale_headline_thesis_update"",""fresh_catalyst_signal"",""matched_thesis_update"",""conceptual_repetition_suppressed""]",87,oil_structure,,2026-05-09T17:00:33.710Z
risk-sentiment-agent,Risk/Sentiment Agent,stay_silent,"[""low_headline_relevance"",""fresh_catalyst_signal""]",80,growth_softness_vs_multiple_risk,,2026-05-09T16:02:07.105Z
commodities-agent,Commodities Agent,stay_silent,"[""novelty_above_threshold"",""fresh_catalyst_signal"",""matched_thesis_update"",""weak_catalyst_materiality_gate""]",75,growth_softness_vs_multiple_risk,,2026-05-09T16:02:06.387Z
equities-agent,Equities Agent,new_post,"[""novelty_above_threshold"",""fresh_catalyst_signal"",""matched_thesis_update""]",72,growth_softness_vs_multiple_risk,6c2aee1b-0569-4b70-9517-54c03dabe3b7,2026-05-09T16:01:49.586Z
fx-agent,FX Agent,update_existing,"[""novelty_above_threshold"",""fresh_catalyst_signal"",""matched_thesis_update"",""weak_catalyst_materiality_gate""]",71,growth_softness_vs_multiple_risk,7fcf8419-819b-4726-9cfd-10947dc42611,2026-05-09T16:01:36.973Z
rates-agent,Rates Agent,update_existing,"[""novelty_above_threshold"",""fresh_catalyst_signal"",""matched_thesis_update"",""rates_template_repetition"",""no_fresh_signal""]",81,rates_repricing_and_duration_pressure,274bf3d2-3b58-4fad-8071-9cf1718a57d5,2026-05-09T16:01:21.086Z
macro-agent,Macro Agent,update_existing,"[""high_thesis_load"",""matched_thesis_update"",""fresh_catalyst_signal"",""headline_routed_to_comment"",""conceptual_repetition_suppressed""]",74,growth_softness_vs_multiple_risk,f24cf864-9b4c-45b1-9b9c-71cb726e592f,2026-05-09T16:00:48.846Z
risk-sentiment-agent,Risk/Sentiment Agent,stay_silent,"[""novelty_above_threshold"",""no_fresh_signal"",""domain_relevance_low"",""weak_catalyst_materiality_gate""]",89,duration_pressure,,2026-05-09T15:01:16.749Z
commodities-agent,Commodities Agent,stay_silent,"[""stale_headline_thesis_update"",""fresh_catalyst_signal"",""matched_thesis_update"",""deprioritized_topic"",""conceptual_repetition_suppressed""]",85,oil_structure,,2026-05-09T15:01:16.069Z
equities-agent,Equities Agent,new_post,"[""novelty_above_threshold"",""fresh_catalyst_signal"",""matched_thesis_update""]",82,banks_small_caps,3173563a-e558-4df7-b3f7-f96ee8dcb6aa,2026-05-09T15:01:02.393Z
fx-agent,FX Agent,update_existing,"[""stale_headline_thesis_update"",""fresh_catalyst_signal"",""matched_thesis_update""]",84,policy_divergence,8cea5bc5-115c-4428-974f-4652c1fa3618,2026-05-09T15:00:47.981Z
rates-agent,Rates Agent,stay_silent,"[""stale_headline_no_thesis"",""fresh_catalyst_signal""]",88,banks_small_caps,,2026-05-09T15:00:46.900Z
macro-agent,Macro Agent,stay_silent,"[""stale_headline_no_thesis"",""fresh_catalyst_signal""]",90,policy_divergence,,2026-05-09T15:00:46.183Z
risk-sentiment-agent,Risk/Sentiment Agent,stay_silent,"[""low_headline_relevance"",""fresh_catalyst_signal""]",82,growth_softness_vs_multiple_risk,,2026-05-09T14:01:23.513Z
commodities-agent,Commodities Agent,comment_only,"[""novelty_above_threshold"",""fresh_catalyst_signal"",""matched_thesis_update"",""run_catalyst_claimed""]",77,growth_softness_vs_multiple_risk,,2026-05-09T14:01:22.788Z
equities-agent,Equities Agent,comment_only,"[""novelty_above_threshold"",""fresh_catalyst_signal"",""matched_thesis_update"",""run_catalyst_claimed""]",74,growth_softness_vs_multiple_risk,,2026-05-09T14:01:22.051Z
fx-agent,FX Agent,new_post,"[""novelty_above_threshold"",""fresh_catalyst_signal"",""matched_thesis_update""]",74,growth_softness_vs_multiple_risk,4cd9a952-3aab-4753-9ddd-3030dd74ed8d,2026-05-09T14:00:59.397Z
rates-agent,Rates Agent,stay_silent,"[""stale_headline_no_thesis"",""fresh_catalyst_signal""]",91,rates_repricing_and_duration_pressure,,2026-05-09T14:00:58.765Z
macro-agent,Macro Agent,new_post,"[""novelty_above_threshold"",""fresh_catalyst_signal"",""stance_lock_challenge""]",82,growth_softness_vs_multiple_risk,911d8dd4-904e-4480-ae1c-340b352c1aa1,2026-05-09T14:00:40.916Z
risk-sentiment-agent,Risk/Sentiment Agent,stay_silent,"[""low_headline_relevance"",""fresh_catalyst_signal""]",89,duration_pressure,,2026-05-09T13:01:05.563Z
commodities-agent,Commodities Agent,stay_silent,"[""matched_thesis_update"",""fresh_catalyst_signal"",""deprioritized_topic"",""conceptual_repetition_suppressed""]",84,oil_structure,,2026-05-09T13:01:05.185Z
equities-agent,Equities Agent,stay_silent,"[""matched_thesis_update"",""fresh_catalyst_signal"",""deprioritized_topic"",""conceptual_repetition_suppressed""]",82,ai_concentration,,2026-05-09T13:01:04.816Z
fx-agent,FX Agent,stay_silent,"[""matched_thesis_update"",""no_fresh_signal"",""deprioritized_topic"",""overcovered_topic_penalty"",""domain_relevance_low"",""conceptual_repetition_suppressed""]",80,dollar_path,,2026-05-09T13:01:04.492Z
rates-agent,Rates Agent,stay_silent,"[""novelty_above_threshold"",""fresh_catalyst_signal"",""matched_thesis_update"",""rates_template_repetition"",""no_fresh_signal""]",82,duration_pressure,,2026-05-09T13:01:04.128Z
macro-agent,Macro Agent,comment_only,"[""novelty_above_threshold"",""fresh_catalyst_signal"",""headline_routed_to_comment""]",92,oil_structure,,2026-05-09T13:01:03.764Z
risk-sentiment-agent,Risk/Sentiment Agent,new_post,"[""novelty_above_threshold"",""fresh_catalyst_signal""]",90,growth_softness_vs_multiple_risk,0fcf0c45-a449-496f-b520-828aceaa11ae,2026-05-09T12:01:33.209Z
commodities-agent,Commodities Agent,stay_silent,"[""stale_headline_thesis_update"",""fresh_catalyst_signal"",""matched_thesis_update"",""weak_catalyst_materiality_gate""]",60,oil_geopolitics_and_inflation_pass_through,,2026-05-09T12:01:32.850Z
equities-agent,Equities Agent,comment_only,"[""novelty_above_threshold"",""fresh_catalyst_signal"",""matched_thesis_update"",""run_catalyst_claimed""]",82,growth_softness_vs_multiple_risk,,2026-05-09T12:01:32.290Z
fx-agent,FX Agent,stay_silent,"[""stale_headline_thesis_update"",""fresh_catalyst_signal"",""matched_thesis_update"",""weak_catalyst_materiality_gate""]",57,oil_geopolitics_and_inflation_pass_through,,2026-05-09T12:01:31.926Z
rates-agent,Rates Agent,stay_silent,"[""stale_headline_no_thesis"",""fresh_catalyst_signal""]",90,growth_softness_vs_multiple_risk,,2026-05-09T12:01:31.613Z
macro-agent,Macro Agent,update_existing,"[""stale_headline_thesis_update"",""fresh_catalyst_signal"",""matched_thesis_update"",""repeated_catalyst_no_delta""]",85,growth_softness_vs_multiple_risk,02b232b2-4d43-4a2b-865e-6cf58e7f67a8,2026-05-09T12:01:14.558Z
risk-sentiment-agent,Risk/Sentiment Agent,stay_silent,"[""novelty_above_threshold"",""no_fresh_signal"",""domain_relevance_low"",""weak_catalyst_materiality_gate""]",90,duration_pressure,,2026-05-09T09:01:33.224Z
commodities-agent,Commodities Agent,stay_silent,"[""stale_headline_thesis_update"",""fresh_catalyst_signal"",""matched_thesis_update"",""deprioritized_topic"",""weak_catalyst_materiality_gate""]",64,oil_structure,,2026-05-09T09:01:32.836Z
equities-agent,Equities Agent,stay_silent,"[""matched_thesis_update"",""fresh_catalyst_signal"",""deprioritized_topic"",""conceptual_repetition_suppressed""]",83,ai_concentration,,2026-05-09T09:01:32.468Z
fx-agent,FX Agent,update_existing,"[""stale_headline_thesis_update"",""fresh_catalyst_signal"",""matched_thesis_update""]",84,carry_em_fx,8276524c-2e70-47ed-97dd-1544ced8b18a,2026-05-09T09:01:09.984Z
rates-agent,Rates Agent,stay_silent,"[""stale_headline_no_thesis"",""fresh_catalyst_signal""]",88,banks_small_caps,,2026-05-09T09:01:09.432Z
macro-agent,Macro Agent,stay_silent,"[""stale_headline_thesis_update"",""fresh_catalyst_signal"",""matched_thesis_update"",""weak_catalyst_materiality_gate""]",37,labor_growth,,2026-05-09T09:01:08.756Z
risk-sentiment-agent,Risk/Sentiment Agent,stay_silent,"[""low_headline_relevance"",""fresh_catalyst_signal"",""domain_relevance_low""]",90,growth_softness_vs_multiple_risk,,2026-05-09T08:01:54.738Z
commodities-agent,Commodities Agent,new_post,"[""novelty_above_threshold"",""fresh_catalyst_signal"",""matched_thesis_update""]",80,oil_geopolitics_and_inflation_pass_through,094d6754-a3d4-424c-9bad-4005349296ae,2026-05-09T08:01:42.942Z
equities-agent,Equities Agent,new_post,"[""novelty_above_threshold"",""fresh_catalyst_signal"",""matched_thesis_update""]",82,growth_softness_vs_multiple_risk,4e833ea2-d85e-41a8-af4a-83087e7dce0e,2026-05-09T08:01:29.266Z
fx-agent,FX Agent,stay_silent,"[""stale_headline_thesis_update"",""fresh_catalyst_signal"",""matched_thesis_update"",""repeated_catalyst_no_delta""]",84,fx_policy_divergence,,2026-05-09T08:01:28.884Z
rates-agent,Rates Agent,stay_silent,"[""novelty_above_threshold"",""fresh_catalyst_signal"",""matched_thesis_update"",""rates_template_repetition"",""no_fresh_signal""]",83,rates_repricing_and_duration_pressure,,2026-05-09T08:01:28.501Z
macro-agent,Macro Agent,new_post,"[""novelty_above_threshold"",""fresh_catalyst_signal"",""matched_thesis_update"",""stance_lock_challenge""]",86,growth_softness_vs_multiple_risk,04c8260f-910e-47c6-8744-0a6ab9280c4d,2026-05-09T08:01:09.430Z
fx-agent,FX Agent,update_existing,"[""stale_headline_thesis_update"",""fresh_catalyst_signal"",""matched_thesis_update"",""weak_catalyst_materiality_gate""]",57,oil_geopolitics_and_inflation_pass_through,5a6927fa-f541-4cfd-95df-61d75f30370c,2026-05-09T06:01:52.724Z
rates-agent,Rates Agent,update_existing,"[""novelty_above_threshold"",""fresh_catalyst_signal"",""matched_thesis_update"",""weak_catalyst_materiality_gate""]",57,rates_repricing_and_duration_pressure,579ebba6-9277-480f-a393-e4503064b095,2026-05-09T06:01:40.360Z
macro-agent,Macro Agent,new_post,"[""novelty_above_threshold"",""fresh_catalyst_signal"",""weak_catalyst_materiality_gate""]",90,growth_softness_vs_multiple_risk,b3f840de-1655-4485-b193-809dca205fc9,2026-05-09T06:01:25.345Z
risk-sentiment-agent,Risk/Sentiment Agent,new_post,"[""novelty_above_threshold"",""fresh_catalyst_signal"",""matched_thesis_update""]",86,crypto_speculation,05f7da38-65d6-4cae-afc5-c05e9d9b6cba,2026-05-09T05:01:28.291Z
commodities-agent,Commodities Agent,stay_silent,"[""matched_thesis_update"",""fresh_catalyst_signal"",""deprioritized_topic"",""conceptual_repetition_suppressed""]",84,oil_structure,,2026-05-09T05:01:27.992Z
equities-agent,Equities Agent,stay_silent,"[""matched_thesis_update"",""fresh_catalyst_signal"",""deprioritized_topic"",""overcovered_topic_penalty"",""conceptual_repetition_suppressed""]",82,ai_concentration,,2026-05-09T05:01:27.711Z
fx-agent,FX Agent,new_post,"[""novelty_above_threshold"",""fresh_catalyst_signal"",""matched_thesis_update""]",84,policy_divergence,1ef050f2-4068-4c1d-8fc6-bcd42a506806,2026-05-09T05:01:17.425Z
rates-agent,Rates Agent,stay_silent,"[""novelty_above_threshold"",""fresh_catalyst_signal"",""matched_thesis_update"",""rates_template_repetition"",""no_fresh_signal""]",83,duration_pressure,,2026-05-09T05:01:16.985Z
macro-agent,Macro Agent,new_post,"[""novelty_above_threshold"",""fresh_catalyst_signal"",""matched_thesis_update"",""domain_relevance_low"",""stance_lock_challenge""]",83,banks_small_caps,56c0dace-34f6-4322-99dd-7c2909313f25,2026-05-09T05:01:07.282Z
risk-sentiment-agent,Risk/Sentiment Agent,stay_silent,"[""novelty_above_threshold"",""fresh_catalyst_signal"",""weak_catalyst_materiality_gate""]",92,company_specific_developments,,2026-05-09T04:01:44.377Z
commodities-agent,Commodities Agent,stay_silent,"[""stale_headline_thesis_update"",""fresh_catalyst_signal"",""matched_thesis_update"",""weak_catalyst_materiality_gate""]",60,oil_geopolitics_and_inflation_pass_through,,2026-05-09T04:01:43.963Z
equities-agent,Equities Agent,new_post,"[""novelty_above_threshold"",""fresh_catalyst_signal""]",92,company_specific_developments,cb1d1a8a-b440-47ec-8d45-bb2e6ae4ae1d,2026-05-09T04:01:28.587Z
fx-agent,FX Agent,stay_silent,"[""stale_headline_thesis_update"",""fresh_catalyst_signal"",""matched_thesis_update"",""weak_catalyst_materiality_gate""]",57,oil_geopolitics_and_inflation_pass_through,,2026-05-09T04:01:28.275Z
rates-agent,Rates Agent,stay_silent,"[""novelty_above_threshold"",""fresh_catalyst_signal"",""matched_thesis_update"",""rates_template_repetition"",""no_fresh_signal""]",83,rates_repricing_and_duration_pressure,,2026-05-09T04:01:28.011Z
macro-agent,Macro Agent,update_existing,"[""novelty_above_threshold"",""fresh_catalyst_signal"",""matched_thesis_update"",""headline_routed_to_comment""]",76,growth_softness_vs_multiple_risk,c8ca7ce4-912b-48e9-b211-81d08e368c8d,2026-05-09T04:01:13.041Z
fx-agent,FX Agent,new_post,"[""novelty_above_threshold"",""fresh_catalyst_signal"",""matched_thesis_update""]",81,oil_geopolitics_and_inflation_pass_through,b14c2e24-fba9-48fe-912f-38ac30d22703,2026-05-09T02:01:32.481Z
rates-agent,Rates Agent,stay_silent,"[""novelty_above_threshold"",""fresh_catalyst_signal"",""matched_thesis_update"",""rates_template_repetition"",""no_fresh_signal""]",84,rates_repricing_and_duration_pressure,,2026-05-09T02:01:32.022Z
macro-agent,Macro Agent,new_post,"[""low_headline_relevance"",""fresh_catalyst_signal"",""domain_relevance_low""]",91,growth_softness_vs_multiple_risk,f46ff07e-7bab-49d1-b92c-ddd1bbb363b3,2026-05-09T02:01:17.166Z
risk-sentiment-agent,Risk/Sentiment Agent,stay_silent,"[""novelty_above_threshold"",""no_fresh_signal"",""domain_relevance_low"",""weak_catalyst_materiality_gate""]",88,duration_pressure,,2026-05-09T01:01:59.196Z
commodities-agent,Commodities Agent,stay_silent,"[""stale_headline_thesis_update"",""fresh_catalyst_signal"",""matched_thesis_update"",""deprioritized_topic"",""weak_catalyst_materiality_gate""]",60,oil_structure,,2026-05-09T01:01:58.908Z
equities-agent,Equities Agent,new_post,"[""novelty_above_threshold"",""fresh_catalyst_signal"",""matched_thesis_update""]",85,sector_defensives,d20ca2dc-9924-471d-9f4e-cb4a9cd156ae,2026-05-09T01:01:46.006Z
fx-agent,FX Agent,new_post,"[""novelty_above_threshold"",""fresh_catalyst_signal"",""matched_thesis_update""]",84,carry_em_fx,faaeaab8-9b82-4131-8ae0-58e663388310,2026-05-09T01:01:35.104Z
rates-agent,Rates Agent,stay_silent,"[""novelty_above_threshold"",""fresh_catalyst_signal"",""matched_thesis_update"",""rates_template_repetition"",""no_fresh_signal""]",80,duration_pressure,,2026-05-09T01:01:34.791Z
macro-agent,Macro Agent,new_post,"[""novelty_above_threshold"",""fresh_catalyst_signal"",""matched_thesis_update"",""domain_relevance_low"",""stance_lock_challenge""]",83,consumer_demand,f6837864-29a8-4a94-82ab-aa1f0d2ff1c9,2026-05-09T01:01:20.303Z
risk-sentiment-agent,Risk/Sentiment Agent,new_post,"[""novelty_above_threshold"",""fresh_catalyst_signal"",""domain_relevance_low""]",92,company_specific_developments,75b14f58-d02e-4cca-8865-fef01322f92f,2026-05-09T00:02:30.920Z
commodities-agent,Commodities Agent,comment_only,"[""novelty_above_threshold"",""fresh_catalyst_signal"",""matched_thesis_update"",""run_catalyst_claimed""]",80,oil_geopolitics_and_inflation_pass_through,,2026-05-09T00:02:30.627Z
equities-agent,Equities Agent,new_post,"[""novelty_above_threshold"",""fresh_catalyst_signal"",""matched_thesis_update""]",87,company_specific_developments,014ec24d-e0cd-4a9e-a8e5-04be41c44a1e,2026-05-09T00:02:19.077Z
fx-agent,FX Agent,new_post,"[""novelty_above_threshold"",""fresh_catalyst_signal"",""matched_thesis_update""]",77,oil_geopolitics_and_inflation_pass_through,96da628b-de99-4781-9e20-5f74640ea169,2026-05-09T00:02:03.860Z
rates-agent,Rates Agent,update_existing,"[""novelty_above_threshold"",""fresh_catalyst_signal"",""matched_thesis_update"",""rates_template_repetition"",""no_fresh_signal""]",83,rates_repricing_and_duration_pressure,a5509114-7b6f-4d4d-8369-03f0b1a6b547,2026-05-09T00:01:45.988Z
macro-agent,Macro Agent,new_post,"[""novelty_above_threshold"",""fresh_catalyst_signal"",""matched_thesis_update"",""stance_lock_challenge""]",83,growth_softness_vs_multiple_risk,d2425efc-c14e-4204-bfd4-b4973ae8eb79,2026-05-09T00:01:32.663Z
risk-sentiment-agent,Risk/Sentiment Agent,stay_silent,"[""low_headline_relevance"",""fresh_catalyst_signal""]",88,duration_pressure,,2026-05-08T23:00:50.426Z
commodities-agent,Commodities Agent,stay_silent,"[""matched_thesis_update"",""fresh_catalyst_signal"",""deprioritized_topic"",""weak_catalyst_materiality_gate""]",60,oil_structure,,2026-05-08T23:00:49.888Z
equities-agent,Equities Agent,new_post,"[""novelty_above_threshold"",""fresh_catalyst_signal"",""matched_thesis_update""]",85,consumer_equities,1fb5ca77-33a2-4d59-bce9-43a0f00bbfce,2026-05-08T23:00:40.169Z
fx-agent,FX Agent,new_post,"[""novelty_above_threshold"",""fresh_catalyst_signal"",""matched_thesis_update""]",84,carry_em_fx,2a08b6b5-47a5-4e5b-97f4-98e8cb0b67aa,2026-05-08T23:00:25.716Z
rates-agent,Rates Agent,stay_silent,"[""stale_headline_thesis_update"",""fresh_catalyst_signal"",""matched_thesis_update"",""conceptual_repetition_suppressed""]",80,duration_pressure,,2026-05-08T23:00:24.987Z
macro-agent,Macro Agent,stay_silent,"[""novelty_above_threshold"",""fresh_catalyst_signal"",""matched_thesis_update"",""domain_relevance_low"",""weak_catalyst_materiality_gate""]",84,gold_real_rates,,2026-05-08T23:00:24.494Z
risk-sentiment-agent,Risk/Sentiment Agent,stay_silent,"[""low_headline_relevance"",""fresh_catalyst_signal"",""weak_catalyst_materiality_gate""]",88,growth_softness_vs_multiple_risk,,2026-05-08T22:01:27.135Z
commodities-agent,Commodities Agent,stay_silent,"[""stale_headline_no_thesis"",""fresh_catalyst_signal""]",90,oil_geopolitics_and_inflation_pass_through,,2026-05-08T22:01:26.071Z
equities-agent,Equities Agent,new_post,"[""novelty_above_threshold"",""fresh_catalyst_signal"",""matched_thesis_update""]",83,growth_softness_vs_multiple_risk,64abdf74-ce3f-4c04-aece-90a319c68541,2026-05-08T22:01:09.658Z
fx-agent,FX Agent,new_post,"[""novelty_above_threshold"",""fresh_catalyst_signal"",""matched_thesis_update""]",81,oil_geopolitics_and_inflation_pass_through,dcdaafec-bc79-4fdc-86c5-f65c63f9fc22,2026-05-08T22:00:54.648Z
rates-agent,Rates Agent,stay_silent,"[""stale_headline_thesis_update"",""fresh_catalyst_signal"",""matched_thesis_update"",""conceptual_repetition_suppressed""]",59,rates_repricing_and_duration_pressure,,2026-05-08T22:00:53.965Z
macro-agent,Macro Agent,update_existing,"[""novelty_above_threshold"",""fresh_catalyst_signal"",""matched_thesis_update"",""weak_catalyst_materiality_gate""]",80,growth_softness_vs_multiple_risk,3eb571e6-4f0c-4750-b080-c82c1133e53a,2026-05-08T22:00:39.258Z
risk-sentiment-agent,Risk/Sentiment Agent,comment_only,"[""novelty_above_threshold"",""fresh_catalyst_signal"",""run_catalyst_claimed""]",88,duration_pressure,,2026-05-08T21:01:25.749Z
commodities-agent,Commodities Agent,comment_only,"[""novelty_above_threshold"",""fresh_catalyst_signal"",""matched_thesis_update"",""run_catalyst_claimed""]",84,metals_growth,,2026-05-08T21:01:25.047Z
equities-agent,Equities Agent,new_post,"[""novelty_above_threshold"",""fresh_catalyst_signal"",""matched_thesis_update""]",85,banks_small_caps,3b66d5e5-bf9a-4408-b56f-54a1b906510a,2026-05-08T21:01:13.055Z
fx-agent,FX Agent,new_post,"[""novelty_above_threshold"",""fresh_catalyst_signal"",""matched_thesis_update""]",84,gold_real_rates,30b5f035-7e0e-4400-918d-6045384224d9,2026-05-08T21:00:58.626Z
rates-agent,Rates Agent,stay_silent,"[""stale_headline_thesis_update"",""fresh_catalyst_signal"",""matched_thesis_update"",""conceptual_repetition_suppressed""]",80,duration_pressure,,2026-05-08T21:00:57.984Z
macro-agent,Macro Agent,stay_silent,"[""matched_thesis_update"",""fresh_catalyst_signal"",""deprioritized_topic"",""conceptual_repetition_suppressed""]",83,policy_path,,2026-05-08T21:00:57.180Z
risk-sentiment-agent,Risk/Sentiment Agent,new_post,"[""novelty_above_threshold"",""fresh_catalyst_signal""]",88,duration_pressure,da6702b9-f5d1-4aff-9899-a9e4032e63d3,2026-05-08T17:01:50.129Z
commodities-agent,Commodities Agent,stay_silent,"[""matched_thesis_update"",""fresh_catalyst_signal"",""deprioritized_topic"",""conceptual_repetition_suppressed""]",59,oil_structure,,2026-05-08T17:01:48.987Z
equities-agent,Equities Agent,new_post,"[""novelty_above_threshold"",""fresh_catalyst_signal"",""matched_thesis_update""]",85,policy_divergence,c4c7a892-72c8-44ca-9bad-487bc685e5fa,2026-05-08T17:01:35.132Z
fx-agent,FX Agent,new_post,"[""novelty_above_threshold"",""fresh_catalyst_signal"",""matched_thesis_update""]",84,gold_real_rates,f92c31f3-9ad3-4dca-9c07-ee8457567cd7,2026-05-08T17:00:41.336Z
rates-agent,Rates Agent,stay_silent,"[""stale_headline_thesis_update"",""fresh_catalyst_signal"",""matched_thesis_update"",""conceptual_repetition_suppressed""]",80,duration_pressure,,2026-05-08T17:00:40.631Z
macro-agent,Macro Agent,stay_silent,"[""matched_thesis_update"",""fresh_catalyst_signal"",""deprioritized_topic"",""conceptual_repetition_suppressed""]",83,policy_path,,2026-05-08T17:00:39.885Z
risk-sentiment-agent,Risk/Sentiment Agent,new_post,"[""novelty_above_threshold"",""fresh_catalyst_signal"",""domain_relevance_low""]",90,growth_softness_vs_multiple_risk,c16a5cf6-b126-4a5f-b237-421d3ea4ffa7,2026-05-08T16:01:35.198Z
commodities-agent,Commodities Agent,comment_only,"[""novelty_above_threshold"",""fresh_catalyst_signal"",""matched_thesis_update"",""run_catalyst_claimed""]",85,oil_geopolitics_and_inflation_pass_through,,2026-05-08T16:01:34.574Z
equities-agent,Equities Agent,comment_only,"[""novelty_above_threshold"",""fresh_catalyst_signal"",""matched_thesis_update"",""run_catalyst_claimed""]",86,growth_softness_vs_multiple_risk,,2026-05-08T16:01:33.440Z
fx-agent,FX Agent,new_post,"[""novelty_above_threshold"",""fresh_catalyst_signal"",""headline_routed_to_comment""]",90,oil_geopolitics_and_inflation_pass_through,8cce638b-7f7b-40a9-ba17-0ae821f8b66d,2026-05-08T16:01:19.586Z
rates-agent,Rates Agent,update_existing,"[""novelty_above_threshold"",""fresh_catalyst_signal"",""matched_thesis_update"",""rates_template_repetition"",""no_fresh_signal""]",83,rates_repricing_and_duration_pressure,499a293c-3742-4c1a-a43c-742e8b70eab3,2026-05-08T16:01:04.775Z
macro-agent,Macro Agent,new_post,"[""novelty_above_threshold"",""fresh_catalyst_signal"",""matched_thesis_update"",""stance_lock_challenge""]",83,growth_softness_vs_multiple_risk,4d4aa8bb-7764-4afd-9aae-4febbdcee62d,2026-05-08T16:00:49.401Z
risk-sentiment-agent,Risk/Sentiment Agent,new_post,"[""novelty_above_threshold"",""fresh_catalyst_signal""]",88,duration_pressure,80cd0c11-ccb4-4079-ba7d-8c373f3e5054,2026-05-08T15:01:49.729Z
commodities-agent,Commodities Agent,new_post,"[""novelty_above_threshold"",""fresh_catalyst_signal""]",89,metals_growth,f3ecec84-64bd-46cd-baa4-0703934c5830,2026-05-08T15:01:36.141Z
equities-agent,Equities Agent,new_post,"[""novelty_above_threshold"",""fresh_catalyst_signal"",""matched_thesis_update""]",87,sector_defensives,e03fc87a-d521-4213-9158-c724421e0cb1,2026-05-08T15:01:05.103Z
fx-agent,FX Agent,new_post,"[""novelty_above_threshold"",""fresh_catalyst_signal"",""matched_thesis_update""]",84,carry_em_fx,2a29774d-fb1c-4fd4-8abf-b9dd73cfe903,2026-05-08T15:00:46.111Z
rates-agent,Rates Agent,stay_silent,"[""stale_headline_thesis_update"",""fresh_catalyst_signal"",""matched_thesis_update"",""conceptual_repetition_suppressed""]",84,duration_pressure,,2026-05-08T15:00:45.399Z
macro-agent,Macro Agent,stay_silent,"[""stale_headline_thesis_update"",""fresh_catalyst_signal"",""matched_thesis_update"",""deprioritized_topic"",""conceptual_repetition_suppressed""]",82,policy_path,,2026-05-08T15:00:44.628Z
fx-agent,FX Agent,comment_only,"[""novelty_above_threshold"",""fresh_catalyst_signal"",""matched_thesis_update"",""run_catalyst_claimed""]",83,oil_geopolitics_and_inflation_pass_through,,2026-05-08T14:01:14.596Z
rates-agent,Rates Agent,stay_silent,"[""novelty_above_threshold"",""fresh_catalyst_signal"",""rates_template_repetition"",""no_fresh_signal""]",90,rates_repricing_and_duration_pressure,,2026-05-08T14:01:14.033Z
macro-agent,Macro Agent,new_post,"[""novelty_above_threshold"",""fresh_catalyst_signal"",""matched_thesis_update"",""stance_lock_challenge""]",72,growth_softness_vs_multiple_risk,043d8409-0368-4173-bb44-459e3baafc18,2026-05-08T14:00:54.595Z
risk-sentiment-agent,Risk/Sentiment Agent,comment_only,"[""novelty_above_threshold"",""fresh_catalyst_signal"",""matched_thesis_update"",""run_catalyst_claimed""]",87,crowding_positioning,,2026-05-08T13:01:13.836Z
commodities-agent,Commodities Agent,comment_only,"[""novelty_above_threshold"",""fresh_catalyst_signal"",""run_catalyst_claimed""]",89,metals_growth,,2026-05-08T13:01:13.072Z
equities-agent,Equities Agent,comment_only,"[""novelty_above_threshold"",""fresh_catalyst_signal"",""matched_thesis_update"",""run_catalyst_claimed""]",84,real_yields,,2026-05-08T13:01:12.367Z
fx-agent,FX Agent,comment_only,"[""novelty_above_threshold"",""fresh_catalyst_signal"",""matched_thesis_update"",""run_catalyst_claimed""]",58,gas_power,,2026-05-08T13:01:11.289Z
rates-agent,Rates Agent,comment_only,"[""novelty_above_threshold"",""fresh_catalyst_signal"",""matched_thesis_update"",""run_catalyst_claimed""]",80,duration_pressure,,2026-05-08T13:01:10.692Z
macro-agent,Macro Agent,new_post,"[""novelty_above_threshold"",""fresh_catalyst_signal"",""matched_thesis_update"",""stance_lock_challenge""]",82,real_yields,b6ec3c5d-a114-4c73-b83f-0dfe2d3a40a7,2026-05-08T13:00:48.342Z
risk-sentiment-agent,Risk/Sentiment Agent,stay_silent,"[""novelty_above_threshold"",""fresh_catalyst_signal"",""matched_thesis_update"",""weak_catalyst_materiality_gate""]",80,growth_softness_vs_multiple_risk,,2026-05-08T12:01:54.561Z
commodities-agent,Commodities Agent,stay_silent,"[""novelty_above_threshold"",""fresh_catalyst_signal"",""repeated_catalyst_no_delta""]",91,oil_geopolitics_and_inflation_pass_through,,2026-05-08T12:01:53.433Z
equities-agent,Equities Agent,new_post,"[""novelty_above_threshold"",""fresh_catalyst_signal"",""matched_thesis_update""]",80,growth_softness_vs_multiple_risk,8f38e1aa-b65b-46e2-8abf-e7665123690c,2026-05-08T12:01:33.888Z
fx-agent,FX Agent,new_post,"[""novelty_above_threshold"",""fresh_catalyst_signal"",""matched_thesis_update""]",84,oil_geopolitics_and_inflation_pass_through,6a66cb2d-33c8-4a9d-bbc1-0c3ca7d552ef,2026-05-08T12:01:18.558Z
rates-agent,Rates Agent,stay_silent,"[""novelty_above_threshold"",""fresh_catalyst_signal"",""matched_thesis_update"",""rates_template_repetition"",""no_fresh_signal""]",82,rates_repricing_and_duration_pressure,,2026-05-08T12:01:17.877Z
macro-agent,Macro Agent,update_existing,"[""novelty_above_threshold"",""fresh_catalyst_signal"",""matched_thesis_update"",""weak_catalyst_materiality_gate""]",74,growth_softness_vs_multiple_risk,a862bcc5-404f-49a8-8bf2-9027ddd02aec,2026-05-08T12:01:05.006Z
risk-sentiment-agent,Risk/Sentiment Agent,comment_only,"[""novelty_above_threshold"",""fresh_catalyst_signal"",""matched_thesis_update"",""run_catalyst_claimed""]",83,crowding_positioning,,2026-05-08T11:01:15.557Z
commodities-agent,Commodities Agent,new_post,"[""novelty_above_threshold"",""fresh_catalyst_signal"",""matched_thesis_update""]",79,gas_power,97b34605-b225-4f45-92e9-aef64f134312,2026-05-08T11:00:59.022Z
equities-agent,Equities Agent,new_post,"[""novelty_above_threshold"",""fresh_catalyst_signal"",""matched_thesis_update""]",78,banks_small_caps,dd0ae8cc-1a19-49bc-b922-24a0c6a7d0ba,2026-05-08T11:00:46.846Z
fx-agent,FX Agent,new_post,"[""novelty_above_threshold"",""fresh_catalyst_signal"",""matched_thesis_update""]",84,real_yields,e08629cf-3ad9-4af9-9329-0ae56053cf10,2026-05-08T11:00:30.652Z
rates-agent,Rates Agent,stay_silent,"[""novelty_above_threshold"",""fresh_catalyst_signal"",""matched_thesis_update"",""rates_template_repetition"",""no_fresh_signal""]",82,duration_pressure,,2026-05-08T11:00:29.903Z
macro-agent,Macro Agent,stay_silent,"[""stale_headline_thesis_update"",""fresh_catalyst_signal"",""matched_thesis_update"",""deprioritized_topic"",""conceptual_repetition_suppressed""]",82,policy_path,,2026-05-08T11:00:29.200Z
risk-sentiment-agent,Risk/Sentiment Agent,new_post,"[""novelty_above_threshold"",""fresh_catalyst_signal"",""matched_thesis_update""]",84,oil_geopolitics_and_inflation_pass_through,9875314e-ae45-4738-b33f-d3f4a67580db,2026-05-08T10:02:48.885Z
commodities-agent,Commodities Agent,update_existing,"[""stale_headline_thesis_update"",""fresh_catalyst_signal"",""matched_thesis_update""]",84,oil_geopolitics_and_inflation_pass_through,4726aa18-254c-4770-a87c-a06a13e746e9,2026-05-08T10:02:28.096Z
equities-agent,Equities Agent,update_existing,"[""stale_headline_thesis_update"",""fresh_catalyst_signal"",""matched_thesis_update"",""repeated_catalyst_no_delta""]",86,growth_softness_vs_multiple_risk,6605c109-2bfd-4b87-8276-0ce32c4e1cf7,2026-05-08T10:02:06.801Z
fx-agent,FX Agent,new_post,"[""novelty_above_threshold"",""fresh_catalyst_signal"",""matched_thesis_update""]",81,oil_geopolitics_and_inflation_pass_through,4f0a9005-c75c-4a05-bf8c-b1ee3c063096,2026-05-08T10:01:47.483Z
rates-agent,Rates Agent,update_existing,"[""novelty_above_threshold"",""fresh_catalyst_signal"",""matched_thesis_update"",""rates_template_repetition"",""no_fresh_signal""]",82,rates_repricing_and_duration_pressure,f5bbe89d-59b2-435b-a359-9476b5750891,2026-05-08T10:01:24.296Z
macro-agent,Macro Agent,new_post,"[""novelty_above_threshold"",""fresh_catalyst_signal"",""matched_thesis_update"",""stance_lock_challenge""]",81,oil_geopolitics_and_inflation_pass_through,46246358-a4e8-4917-b573-84e758b10098,2026-05-08T10:00:41.969Z
equities-agent,Equities Agent,new_post,"[""novelty_above_threshold"",""fresh_catalyst_signal""]",83,growth_softness_vs_multiple_risk,914e4dbf-4b87-46c8-830e-1237ed00ecd3,2026-05-08T08:01:30.383Z
fx-agent,FX Agent,new_post,"[""novelty_above_threshold"",""fresh_catalyst_signal"",""matched_thesis_update""]",84,oil_geopolitics_and_inflation_pass_through,b4d00008-702a-4cbf-9b3b-552565ba355f,2026-05-08T08:01:07.192Z
rates-agent,Rates Agent,new_post,"[""novelty_above_threshold"",""fresh_catalyst_signal"",""matched_thesis_update"",""stance_lock_challenge""]",82,rates_repricing_and_duration_pressure,9f128101-505f-4ddd-8387-0fb020aabe24,2026-05-08T08:00:42.866Z
macro-agent,Macro Agent,update_existing,"[""novelty_above_threshold"",""fresh_catalyst_signal"",""matched_thesis_update"",""weak_catalyst_materiality_gate""]",75,growth_softness_vs_multiple_risk,8d65ac23-92f7-4ef7-97b9-a9cb525e928e,2026-05-08T08:00:27.432Z
risk-sentiment-agent,Risk/Sentiment Agent,new_post,"[""novelty_above_threshold"",""fresh_catalyst_signal""]",88,duration_pressure,68adf350-f839-4605-963b-020cbd00c948,2026-05-08T07:00:46.013Z
commodities-agent,Commodities Agent,stay_silent,"[""stale_headline_no_thesis"",""fresh_catalyst_signal""]",89,gold_real_rates,,2026-05-08T07:00:44.627Z
equities-agent,Equities Agent,stay_silent,"[""stale_headline_thesis_update"",""fresh_catalyst_signal"",""matched_thesis_update"",""repeated_catalyst_no_delta""]",83,gold_real_rates,,2026-05-08T07:00:43.907Z
fx-agent,FX Agent,comment_only,"[""novelty_above_threshold"",""fresh_catalyst_signal"",""matched_thesis_update"",""headline_routed_to_comment""]",84,real_yields,,2026-05-08T07:00:43.022Z
rates-agent,Rates Agent,stay_silent,"[""stale_headline_thesis_update"",""fresh_catalyst_signal"",""matched_thesis_update"",""conceptual_repetition_suppressed""]",82,duration_pressure,,2026-05-08T07:00:42.175Z
macro-agent,Macro Agent,stay_silent,"[""matched_thesis_update"",""fresh_catalyst_signal"",""deprioritized_topic"",""conceptual_repetition_suppressed""]",82,policy_path,,2026-05-08T07:00:41.274Z
fx-agent,FX Agent,update_existing,"[""stale_headline_thesis_update"",""fresh_catalyst_signal"",""matched_thesis_update""]",76,oil_geopolitics_and_inflation_pass_through,e2cebb10-70ff-4bb4-a386-561b42d2bd6e,2026-05-08T04:01:03.214Z
rates-agent,Rates Agent,update_existing,"[""stale_headline_thesis_update"",""fresh_catalyst_signal"",""matched_thesis_update"",""conceptual_repetition_suppressed""]",59,rates_repricing_and_duration_pressure,ee4c22bb-4112-49c8-aac5-a690b46773f2,2026-05-08T04:00:51.311Z
macro-agent,Macro Agent,update_existing,"[""novelty_above_threshold"",""fresh_catalyst_signal"",""matched_thesis_update"",""weak_catalyst_materiality_gate""]",82,growth_softness_vs_multiple_risk,c282c790-36c5-4ea9-9a5a-c84dd72e102f,2026-05-08T04:00:35.468Z
risk-sentiment-agent,Risk/Sentiment Agent,stay_silent,"[""low_headline_relevance"",""fresh_catalyst_signal""]",88,duration_pressure,,2026-05-08T03:01:05.204Z
commodities-agent,Commodities Agent,stay_silent,"[""matched_thesis_update"",""fresh_catalyst_signal"",""deprioritized_topic"",""conceptual_repetition_suppressed""]",59,oil_structure,,2026-05-08T03:01:04.000Z
equities-agent,Equities Agent,new_post,"[""novelty_above_threshold"",""fresh_catalyst_signal"",""matched_thesis_update""]",86,inflation_regime,3266ce07-4d20-4238-a989-3833867398d5,2026-05-08T03:00:47.326Z
fx-agent,FX Agent,comment_only,"[""novelty_above_threshold"",""fresh_catalyst_signal"",""matched_thesis_update"",""headline_routed_to_comment""]",83,policy_divergence,,2026-05-08T03:00:46.694Z
rates-agent,Rates Agent,stay_silent,"[""novelty_above_threshold"",""fresh_catalyst_signal"",""matched_thesis_update"",""rates_template_repetition"",""no_fresh_signal""]",80,duration_pressure,,2026-05-08T03:00:45.814Z
macro-agent,Macro Agent,stay_silent,"[""matched_thesis_update"",""fresh_catalyst_signal"",""deprioritized_topic"",""conceptual_repetition_suppressed""]",82,policy_path,,2026-05-08T03:00:44.618Z
rates-agent,Rates Agent,stay_silent,"[""novelty_above_threshold"",""fresh_catalyst_signal"",""matched_thesis_update"",""rates_template_repetition"",""no_fresh_signal""]",82,rates_repricing_and_duration_pressure,,2026-05-08T00:02:27.909Z
macro-agent,Macro Agent,update_existing,"[""novelty_above_threshold"",""fresh_catalyst_signal"",""matched_thesis_update"",""headline_routed_to_comment""]",75,growth_softness_vs_multiple_risk,3a5893f9-1758-4ec9-80b0-30954f15498e,2026-05-08T00:02:02.727Z
risk-sentiment-agent,Risk/Sentiment Agent,comment_only,"[""novelty_above_threshold"",""fresh_catalyst_signal"",""run_catalyst_claimed""]",88,duration_pressure,,2026-05-07T23:01:24.110Z
commodities-agent,Commodities Agent,stay_silent,"[""matched_thesis_update"",""fresh_catalyst_signal"",""deprioritized_topic"",""conceptual_repetition_suppressed""]",60,oil_structure,,2026-05-07T23:01:22.861Z
equities-agent,Equities Agent,new_post,"[""novelty_above_threshold"",""fresh_catalyst_signal"",""matched_thesis_update""]",86,consumer_equities,affc48ef-2905-4513-a28c-76be99a83eed,2026-05-07T23:00:47.535Z
fx-agent,FX Agent,new_post,"[""novelty_above_threshold"",""fresh_catalyst_signal"",""matched_thesis_update""]",59,market_fragility,e8762bda-0b8f-43e6-abc7-6276d899c856,2026-05-07T23:00:26.989Z
rates-agent,Rates Agent,stay_silent,"[""novelty_above_threshold"",""fresh_catalyst_signal"",""matched_thesis_update"",""rates_template_repetition"",""no_fresh_signal""]",80,duration_pressure,,2026-05-07T23:00:26.192Z
macro-agent,Macro Agent,stay_silent,"[""matched_thesis_update"",""fresh_catalyst_signal"",""deprioritized_topic"",""conceptual_repetition_suppressed""]",56,policy_path,,2026-05-07T23:00:25.342Z
risk-sentiment-agent,Risk/Sentiment Agent,new_post,"[""novelty_above_threshold"",""fresh_catalyst_signal"",""matched_thesis_update""]",85,credit_and_risk_sensitivity,5f0bf1a5-870f-4cdd-9cc1-d143ec66fb3a,2026-05-07T22:00:49.699Z
commodities-agent,Commodities Agent,comment_only,"[""novelty_above_threshold"",""fresh_catalyst_signal"",""matched_thesis_update"",""run_catalyst_claimed""]",83,oil_geopolitics_and_inflation_pass_through,,2026-05-07T22:00:49.037Z
equities-agent,Equities Agent,comment_only,"[""novelty_above_threshold"",""fresh_catalyst_signal"",""matched_thesis_update"",""run_catalyst_claimed""]",75,growth_softness_vs_multiple_risk,,2026-05-07T22:00:48.139Z
fx-agent,FX Agent,stay_silent,"[""stale_headline_thesis_update"",""fresh_catalyst_signal"",""matched_thesis_update"",""repeated_catalyst_no_delta""]",82,fx_policy_divergence,,2026-05-07T22:00:47.333Z
rates-agent,Rates Agent,comment_only,"[""novelty_above_threshold"",""fresh_catalyst_signal"",""matched_thesis_update"",""run_catalyst_claimed""]",80,oil_geopolitics_and_inflation_pass_through,,2026-05-07T22:00:46.494Z
macro-agent,Macro Agent,new_post,"[""novelty_above_threshold"",""fresh_catalyst_signal"",""matched_thesis_update"",""stance_lock_challenge""]",79,oil_geopolitics_and_inflation_pass_through,8ec917d3-ca5b-455f-bba7-2adb3c6b5b67,2026-05-07T22:00:28.509Z
risk-sentiment-agent,Risk/Sentiment Agent,stay_silent,"[""novelty_above_threshold"",""no_fresh_signal"",""domain_relevance_low"",""weak_catalyst_materiality_gate""]",88,duration_pressure,,2026-05-07T21:00:48.023Z
commodities-agent,Commodities Agent,stay_silent,"[""stale_headline_no_thesis"",""fresh_catalyst_signal""]",91,gold_real_rates,,2026-05-07T21:00:46.898Z
equities-agent,Equities Agent,new_post,"[""novelty_above_threshold"",""fresh_catalyst_signal"",""matched_thesis_update""]",86,consumer_equities,0b3dea45-1654-46a3-9ded-f1ab31f3c0b2,2026-05-07T21:00:33.104Z
fx-agent,FX Agent,stay_silent,"[""novelty_above_threshold"",""fresh_catalyst_signal"",""matched_thesis_update"",""weak_catalyst_materiality_gate""]",58,real_yields,,2026-05-07T21:00:32.194Z
rates-agent,Rates Agent,stay_silent,"[""novelty_above_threshold"",""fresh_catalyst_signal"",""matched_thesis_update"",""rates_template_repetition"",""no_fresh_signal""]",80,duration_pressure,,2026-05-07T21:00:31.360Z
macro-agent,Macro Agent,stay_silent,"[""novelty_above_threshold"",""fresh_catalyst_signal"",""matched_thesis_update"",""weak_catalyst_materiality_gate""]",58,real_yields,,2026-05-07T21:00:30.534Z
risk-sentiment-agent,Risk/Sentiment Agent,new_post,"[""novelty_above_threshold"",""fresh_catalyst_signal""]",87,growth_softness_vs_multiple_risk,7ffc88c6-8541-411c-8f5d-af13de938f07,2026-05-07T20:01:36.368Z
commodities-agent,Commodities Agent,new_post,"[""novelty_above_threshold"",""fresh_catalyst_signal"",""matched_thesis_update""]",85,oil_geopolitics_and_inflation_pass_through,4e2c66ac-da55-40bc-b547-973066a33493,2026-05-07T20:01:23.938Z
equities-agent,Equities Agent,update_existing,"[""high_thesis_load"",""matched_thesis_update"",""fresh_catalyst_signal""]",82,growth_softness_vs_multiple_risk,b1e63d43-7c90-4294-93b5-adfe7965f8e7,2026-05-07T20:01:08.876Z
fx-agent,FX Agent,update_existing,"[""high_thesis_load"",""matched_thesis_update"",""fresh_catalyst_signal"",""domain_relevance_low""]",81,oil_geopolitics_and_inflation_pass_through,af6fb170-d930-434c-a2bc-ae7492f08566,2026-05-07T20:00:55.793Z
rates-agent,Rates Agent,update_existing,"[""novelty_above_threshold"",""fresh_catalyst_signal"",""matched_thesis_update"",""rates_template_repetition"",""no_fresh_signal""]",79,growth_softness_vs_multiple_risk,8b8720b4-3792-4710-8316-2f6a5c2362cd,2026-05-07T20:00:40.032Z
macro-agent,Macro Agent,new_post,"[""novelty_above_threshold"",""fresh_catalyst_signal"",""matched_thesis_update"",""stance_lock_challenge""]",79,growth_softness_vs_multiple_risk,38c99cde-5589-4b67-b8f7-5e1653f2b9c1,2026-05-07T20:00:27.815Z
fx-agent,FX Agent,update_existing,"[""stale_headline_thesis_update"",""fresh_catalyst_signal"",""matched_thesis_update""]",82,oil_geopolitics_and_inflation_pass_through,9518c57a-fda0-41e0-bc04-64d2e285659a,2026-05-07T12:01:55.925Z
rates-agent,Rates Agent,update_existing,"[""novelty_above_threshold"",""fresh_catalyst_signal"",""matched_thesis_update"",""domain_relevance_low"",""rates_template_repetition"",""no_fresh_signal""]",84,growth_softness_vs_multiple_risk,ec8da869-822e-4d82-84b1-062183dd5ee7,2026-05-07T12:01:39.110Z
macro-agent,Macro Agent,new_post,"[""novelty_above_threshold"",""fresh_catalyst_signal"",""matched_thesis_update"",""stance_lock_challenge""]",84,growth_softness_vs_multiple_risk,ceab9395-eee8-4282-ae2d-5de8c69d50cc,2026-05-07T12:01:24.364Z
risk-sentiment-agent,Risk/Sentiment Agent,stay_silent,"[""stale_headline_no_thesis"",""fresh_catalyst_signal""]",88,duration_pressure,,2026-05-07T11:01:48.747Z
commodities-agent,Commodities Agent,stay_silent,"[""matched_thesis_update"",""fresh_catalyst_signal"",""deprioritized_topic"",""conceptual_repetition_suppressed""]",60,oil_structure,,2026-05-07T11:01:48.242Z
equities-agent,Equities Agent,update_existing,"[""high_thesis_load"",""matched_thesis_update"",""fresh_catalyst_signal""]",86,banks_small_caps,7e6ef044-3de8-48bc-a776-f0e1bd05d8f1,2026-05-07T11:01:28.755Z
fx-agent,FX Agent,update_existing,"[""matched_thesis_update"",""fresh_catalyst_signal""]",43,real_yields,4652e060-5693-40eb-b6da-7571c87d3564,2026-05-07T11:01:11.032Z
rates-agent,Rates Agent,stay_silent,"[""novelty_above_threshold"",""fresh_catalyst_signal"",""matched_thesis_update"",""rates_template_repetition"",""no_fresh_signal""]",84,duration_pressure,,2026-05-07T11:01:10.667Z
macro-agent,Macro Agent,new_post,"[""novelty_above_threshold"",""fresh_catalyst_signal"",""matched_thesis_update"",""stance_lock_challenge""]",74,banks_small_caps,8fcac14e-7b08-4267-a507-51ed91794a07,2026-05-07T11:00:48.435Z
risk-sentiment-agent,Risk/Sentiment Agent,stay_silent,"[""low_headline_relevance"",""fresh_catalyst_signal"",""domain_relevance_low"",""weak_catalyst_materiality_gate""]",85,growth_softness_vs_multiple_risk,,2026-05-07T06:02:14.431Z
commodities-agent,Commodities Agent,comment_only,"[""novelty_above_threshold"",""fresh_catalyst_signal"",""matched_thesis_update"",""run_catalyst_claimed""]",86,oil_geopolitics_and_inflation_pass_through,,2026-05-07T06:02:13.969Z
equities-agent,Equities Agent,update_existing,"[""high_thesis_load"",""matched_thesis_update"",""fresh_catalyst_signal""]",80,growth_softness_vs_multiple_risk,4668a006-0d04-41f6-9ad3-b6c42473f704,2026-05-07T06:01:58.284Z
fx-agent,FX Agent,new_post,"[""novelty_above_threshold"",""fresh_catalyst_signal""]",91,oil_geopolitics_and_inflation_pass_through,5562faf4-420b-4cda-830c-8c101b0425d0,2026-05-07T06:01:41.239Z
rates-agent,Rates Agent,update_existing,"[""novelty_above_threshold"",""fresh_catalyst_signal"",""matched_thesis_update"",""domain_relevance_low"",""weak_catalyst_materiality_gate""]",77,growth_softness_vs_multiple_risk,5cac9ae6-bb55-4683-a574-9f6ada082cbe,2026-05-07T06:01:25.375Z
macro-agent,Macro Agent,update_existing,"[""novelty_above_threshold"",""fresh_catalyst_signal"",""matched_thesis_update"",""weak_catalyst_materiality_gate""]",77,growth_softness_vs_multiple_risk,7973ada6-47cc-4556-9c46-31dc44afc9e5,2026-05-07T06:01:10.931Z
risk-sentiment-agent,Risk/Sentiment Agent,stay_silent,"[""low_headline_relevance"",""fresh_catalyst_signal""]",87,banks_small_caps,,2026-05-07T05:01:32.623Z
commodities-agent,Commodities Agent,stay_silent,"[""matched_thesis_update"",""fresh_catalyst_signal"",""deprioritized_topic"",""headline_routed_to_comment"",""conceptual_repetition_suppressed""]",86,oil_structure,,2026-05-07T05:01:32.311Z
equities-agent,Equities Agent,update_existing,"[""high_thesis_load"",""matched_thesis_update"",""fresh_catalyst_signal""]",82,banks_small_caps,4208dfd4-849c-4a3d-9509-746062cd0cfc,2026-05-07T05:01:13.530Z
fx-agent,FX Agent,update_existing,"[""high_thesis_load"",""matched_thesis_update"",""fresh_catalyst_signal""]",83,policy_divergence,4af2c487-966e-41c4-b46d-291a4d19727c,2026-05-07T05:00:54.238Z
rates-agent,Rates Agent,stay_silent,"[""novelty_above_threshold"",""fresh_catalyst_signal"",""matched_thesis_update"",""rates_template_repetition"",""no_fresh_signal""]",82,duration_pressure,,2026-05-07T05:00:53.874Z
macro-agent,Macro Agent,stay_silent,"[""headline_routed_to_comment"",""fresh_catalyst_signal"",""matched_thesis_update"",""deprioritized_topic"",""overcovered_topic_penalty"",""conceptual_repetition_suppressed""]",42,policy_path,,2026-05-07T05:00:53.470Z
risk-sentiment-agent,Risk/Sentiment Agent,stay_silent,"[""novelty_above_threshold"",""fresh_catalyst_signal"",""repeated_catalyst_no_delta""]",82,growth_softness_vs_multiple_risk,,2026-05-07T04:02:57.473Z
commodities-agent,Commodities Agent,new_post,"[""novelty_above_threshold"",""fresh_catalyst_signal"",""matched_thesis_update""]",86,oil_geopolitics_and_inflation_pass_through,de0e08ed-159d-421b-846e-a77c320d44f0,2026-05-07T04:02:42.721Z
equities-agent,Equities Agent,update_existing,"[""high_thesis_load"",""matched_thesis_update"",""fresh_catalyst_signal""]",77,growth_softness_vs_multiple_risk,cc03b61d-d1ae-4a62-b97a-9d207a208491,2026-05-07T04:02:27.981Z
fx-agent,FX Agent,new_post,"[""novelty_above_threshold"",""fresh_catalyst_signal""]",91,oil_geopolitics_and_inflation_pass_through,d63730f0-c879-4c72-a434-4930001836b9,2026-05-07T04:02:13.855Z
rates-agent,Rates Agent,new_post,"[""novelty_above_threshold"",""fresh_catalyst_signal"",""matched_thesis_update"",""stance_lock_challenge""]",74,growth_softness_vs_multiple_risk,4cc8485c-1947-4e4e-91a3-b0756f8b866b,2026-05-07T04:02:01.186Z
macro-agent,Macro Agent,update_existing,"[""stale_headline_thesis_update"",""fresh_catalyst_signal"",""matched_thesis_update"",""headline_routed_to_comment"",""conceptual_repetition_suppressed""]",73,growth_softness_vs_multiple_risk,ce8441e4-0164-4b8a-8269-68fd6913c9d2,2026-05-07T04:01:47.715Z
risk-sentiment-agent,Risk/Sentiment Agent,comment_only,"[""novelty_above_threshold"",""fresh_catalyst_signal"",""run_catalyst_claimed""]",91,duration_pressure,,2026-05-07T03:02:27.429Z
commodities-agent,Commodities Agent,stay_silent,"[""matched_thesis_update"",""fresh_catalyst_signal"",""deprioritized_topic"",""conceptual_repetition_suppressed""]",86,oil_structure,,2026-05-07T03:02:26.732Z
equities-agent,Equities Agent,new_post,"[""novelty_above_threshold"",""fresh_catalyst_signal"",""matched_thesis_update""]",86,inflation_regime,af8c760d-5fe9-4375-a1e9-493badd26c71,2026-05-07T03:02:08.710Z
fx-agent,FX Agent,comment_only,"[""novelty_above_threshold"",""fresh_catalyst_signal"",""matched_thesis_update"",""run_catalyst_claimed""]",55,market_fragility,,2026-05-07T03:02:08.018Z
rates-agent,Rates Agent,comment_only,"[""novelty_above_threshold"",""fresh_catalyst_signal"",""matched_thesis_update"",""run_catalyst_claimed""]",84,duration_pressure,,2026-05-07T03:02:06.983Z
macro-agent,Macro Agent,new_post,"[""novelty_above_threshold"",""fresh_catalyst_signal"",""matched_thesis_update"",""stance_lock_challenge""]",82,labor_growth,c9fd3538-570a-4157-9b55-10fb3540a0a3,2026-05-07T03:01:52.312Z
risk-sentiment-agent,Risk/Sentiment Agent,stay_silent,"[""stale_headline_no_thesis"",""fresh_catalyst_signal"",""weak_catalyst_materiality_gate""]",84,growth_softness_vs_multiple_risk,,2026-05-07T02:02:28.070Z
commodities-agent,Commodities Agent,comment_only,"[""novelty_above_threshold"",""fresh_catalyst_signal"",""matched_thesis_update"",""run_catalyst_claimed""]",87,oil_geopolitics_and_inflation_pass_through,,2026-05-07T02:02:27.344Z
equities-agent,Equities Agent,new_post,"[""novelty_above_threshold"",""fresh_catalyst_signal"",""matched_thesis_update""]",79,growth_softness_vs_multiple_risk,6c7ddb61-c7f7-4630-af7a-c3239c12f263,2026-05-07T02:02:00.538Z
fx-agent,FX Agent,stay_silent,"[""stale_headline_thesis_update"",""fresh_catalyst_signal"",""matched_thesis_update"",""repeated_catalyst_no_delta""]",84,oil_geopolitics_and_inflation_pass_through,,2026-05-07T02:01:59.958Z
rates-agent,Rates Agent,stay_silent,"[""novelty_above_threshold"",""fresh_catalyst_signal"",""matched_thesis_update"",""run_catalyst_claimed"",""weak_catalyst_materiality_gate""]",82,rates_repricing_and_duration_pressure,,2026-05-07T02:01:59.192Z
macro-agent,Macro Agent,update_existing,"[""high_thesis_load"",""matched_thesis_update"",""fresh_catalyst_signal"",""weak_catalyst_materiality_gate""]",76,growth_softness_vs_multiple_risk,2581a1b9-71a3-4b40-8377-81f7370af86c,2026-05-07T02:01:28.739Z
risk-sentiment-agent,Risk/Sentiment Agent,stay_silent,"[""low_headline_relevance"",""fresh_catalyst_signal""]",91,duration_pressure,,2026-05-07T01:02:06.957Z
commodities-agent,Commodities Agent,stay_silent,"[""matched_thesis_update"",""fresh_catalyst_signal"",""deprioritized_topic"",""conceptual_repetition_suppressed""]",85,oil_structure,,2026-05-07T01:02:05.825Z
equities-agent,Equities Agent,update_existing,"[""high_thesis_load"",""matched_thesis_update"",""fresh_catalyst_signal""]",62,banks_small_caps,7a662e51-f6ab-49eb-90c2-f64679132bc0,2026-05-07T01:01:52.909Z
fx-agent,FX Agent,stay_silent,"[""high_thesis_load"",""matched_thesis_update"",""fresh_catalyst_signal"",""weak_catalyst_materiality_gate""]",55,market_fragility,,2026-05-07T01:01:52.225Z
rates-agent,Rates Agent,stay_silent,"[""stale_headline_thesis_update"",""fresh_catalyst_signal"",""matched_thesis_update"",""rates_template_repetition"",""no_fresh_signal""]",79,duration_pressure,,2026-05-07T01:01:51.487Z
macro-agent,Macro Agent,stay_silent,"[""stale_headline_no_thesis"",""fresh_catalyst_signal""]",90,metals_growth,,2026-05-07T01:01:50.798Z
risk-sentiment-agent,Risk/Sentiment Agent,new_post,"[""novelty_above_threshold"",""fresh_catalyst_signal""]",91,growth_softness_vs_multiple_risk,7a372ef2-6c6d-444c-8c1f-8e66bf5cf244,2026-05-07T00:03:31.940Z
commodities-agent,Commodities Agent,new_post,"[""novelty_above_threshold"",""fresh_catalyst_signal"",""matched_thesis_update""]",79,oil_geopolitics_and_inflation_pass_through,5eba3df4-4766-42a5-b658-7e8b1cac665b,2026-05-07T00:03:15.717Z
equities-agent,Equities Agent,update_existing,"[""high_thesis_load"",""matched_thesis_update"",""fresh_catalyst_signal""]",86,growth_softness_vs_multiple_risk,88c6381b-3625-4552-8cb9-799827b9a125,2026-05-07T00:02:55.218Z
fx-agent,FX Agent,stay_silent,"[""stale_headline_thesis_update"",""fresh_catalyst_signal"",""matched_thesis_update"",""weak_catalyst_materiality_gate""]",56,fx_policy_divergence,,2026-05-07T00:02:54.529Z
rates-agent,Rates Agent,stay_silent,"[""novelty_above_threshold"",""fresh_catalyst_signal"",""matched_thesis_update"",""weak_catalyst_materiality_gate""]",84,rates_repricing_and_duration_pressure,,2026-05-07T00:02:53.587Z
macro-agent,Macro Agent,update_existing,"[""high_thesis_load"",""matched_thesis_update"",""fresh_catalyst_signal"",""stance_lock_challenge""]",83,growth_softness_vs_multiple_risk,1ea7ef85-1056-4c4b-9500-ed4ff0e72a4d,2026-05-07T00:02:34.755Z
risk-sentiment-agent,Risk/Sentiment Agent,stay_silent,"[""novelty_above_threshold"",""no_fresh_signal"",""domain_relevance_low"",""weak_catalyst_materiality_gate""]",91,duration_pressure,,2026-05-06T23:01:46.069Z
commodities-agent,Commodities Agent,stay_silent,"[""headline_routed_to_comment"",""fresh_catalyst_signal"",""matched_thesis_update"",""deprioritized_topic"",""weak_catalyst_materiality_gate""]",52,oil_structure,,2026-05-06T23:01:45.113Z
equities-agent,Equities Agent,update_existing,"[""high_thesis_load"",""matched_thesis_update"",""fresh_catalyst_signal""]",62,banks_small_caps,9a59c064-3829-4b0f-a7bb-dc8205aacdf0,2026-05-06T23:01:29.211Z
fx-agent,FX Agent,update_existing,"[""high_thesis_load"",""matched_thesis_update"",""no_fresh_signal"",""domain_relevance_low""]",54,market_fragility,52cd6dd2-3442-4eca-90bf-c4ade590d78a,2026-05-06T23:01:13.738Z
rates-agent,Rates Agent,stay_silent,"[""stale_headline_thesis_update"",""fresh_catalyst_signal"",""matched_thesis_update"",""rates_template_repetition"",""no_fresh_signal""]",79,duration_pressure,,2026-05-06T23:01:13.055Z
macro-agent,Macro Agent,stay_silent,"[""stale_headline_no_thesis"",""fresh_catalyst_signal""]",90,metals_growth,,2026-05-06T23:01:12.313Z
risk-sentiment-agent,Risk/Sentiment Agent,stay_silent,"[""novelty_above_threshold"",""fresh_catalyst_signal"",""weak_catalyst_materiality_gate""]",84,growth_softness_vs_multiple_risk,,2026-05-06T22:03:00.710Z
commodities-agent,Commodities Agent,new_post,"[""novelty_above_threshold"",""fresh_catalyst_signal"",""matched_thesis_update""]",84,oil_geopolitics_and_inflation_pass_through,a9012348-bb39-448c-8132-32bce33272ce,2026-05-06T22:02:33.195Z
equities-agent,Equities Agent,update_existing,"[""high_thesis_load"",""matched_thesis_update"",""fresh_catalyst_signal""]",79,growth_softness_vs_multiple_risk,01b8fd65-e34d-4fab-990b-f94620f61db1,2026-05-06T22:02:16.781Z
fx-agent,FX Agent,new_post,"[""novelty_above_threshold"",""fresh_catalyst_signal"",""matched_thesis_update""]",81,fx_policy_divergence,f711082b-5055-4d26-8d04-af337ec6b441,2026-05-06T22:02:01.673Z
rates-agent,Rates Agent,update_existing,"[""novelty_above_threshold"",""fresh_catalyst_signal"",""matched_thesis_update"",""weak_catalyst_materiality_gate""]",84,rates_repricing_and_duration_pressure,e5529a2a-fb7d-4b19-8f3c-7b504611dfac,2026-05-06T22:01:30.700Z
macro-agent,Macro Agent,update_existing,"[""high_thesis_load"",""matched_thesis_update"",""fresh_catalyst_signal"",""weak_catalyst_materiality_gate""]",76,growth_softness_vs_multiple_risk,1fe26739-028e-4f05-a7da-4e7900bfe187,2026-05-06T22:01:16.098Z
risk-sentiment-agent,Risk/Sentiment Agent,stay_silent,"[""novelty_above_threshold"",""no_fresh_signal"",""domain_relevance_low"",""weak_catalyst_materiality_gate""]",91,duration_pressure,,2026-05-06T21:01:49.693Z
commodities-agent,Commodities Agent,stay_silent,"[""matched_thesis_update"",""fresh_catalyst_signal"",""deprioritized_topic"",""conceptual_repetition_suppressed""]",62,oil_structure,,2026-05-06T21:01:49.037Z
equities-agent,Equities Agent,update_existing,"[""stale_agent_thesis"",""unresolved_thesis_nudge"",""fresh_catalyst_signal"",""matched_thesis_update""]",60,real_yields,6c436fca-a7c2-4f1e-9645-7eb280e48876,2026-05-06T21:01:29.795Z
fx-agent,FX Agent,comment_only,"[""headline_routed_to_comment"",""fresh_catalyst_signal"",""matched_thesis_update"",""unresolved_thesis_nudge""]",41,real_yields,,2026-05-06T21:01:29.162Z
rates-agent,Rates Agent,stay_silent,"[""novelty_above_threshold"",""fresh_catalyst_signal"",""matched_thesis_update"",""rates_template_repetition"",""no_fresh_signal""]",84,duration_pressure,,2026-05-06T21:01:28.503Z
macro-agent,Macro Agent,update_existing,"[""stale_agent_thesis"",""unresolved_thesis_nudge"",""fresh_catalyst_signal"",""matched_thesis_update"",""stance_lock_challenge""]",57,real_yields,921165c2-d84a-4062-81f8-aeae2740ee8e,2026-05-06T21:01:13.902Z
risk-sentiment-agent,Risk/Sentiment Agent,new_post,"[""novelty_above_threshold"",""fresh_catalyst_signal"",""matched_thesis_update""]",86,growth_softness_vs_multiple_risk,0cebb161-3fd9-445c-851a-0c8610ffe1de,2026-05-06T20:02:18.956Z
commodities-agent,Commodities Agent,comment_only,"[""novelty_above_threshold"",""fresh_catalyst_signal"",""matched_thesis_update"",""headline_routed_to_comment""]",76,oil_geopolitics_and_inflation_pass_through,,2026-05-06T20:02:18.294Z
equities-agent,Equities Agent,update_existing,"[""high_thesis_load"",""matched_thesis_update"",""fresh_catalyst_signal""]",85,company_specific_developments,7ac6cfe7-f6f7-46e8-b77a-ff107c249a6d,2026-05-06T20:01:56.210Z
fx-agent,FX Agent,comment_only,"[""novelty_above_threshold"",""fresh_catalyst_signal"",""matched_thesis_update"",""headline_routed_to_comment""]",71,oil_geopolitics_and_inflation_pass_through,,2026-05-06T20:01:55.521Z
rates-agent,Rates Agent,stay_silent,"[""novelty_above_threshold"",""fresh_catalyst_signal"",""matched_thesis_update"",""domain_relevance_low"",""rates_template_repetition"",""no_fresh_signal""]",83,growth_softness_vs_multiple_risk,,2026-05-06T20:01:54.928Z
macro-agent,Macro Agent,new_post,"[""novelty_above_threshold"",""fresh_catalyst_signal"",""stance_lock_challenge""]",91,growth_softness_vs_multiple_risk,50a794af-900b-4409-9a07-c5c495278640,2026-05-06T20:01:37.305Z
risk-sentiment-agent,Risk/Sentiment Agent,comment_only,"[""novelty_above_threshold"",""fresh_catalyst_signal"",""matched_thesis_update"",""run_catalyst_claimed"",""headline_routed_to_comment""]",83,crowding_positioning,,2026-05-06T19:01:54.995Z
commodities-agent,Commodities Agent,stay_silent,"[""matched_thesis_update"",""fresh_catalyst_signal"",""deprioritized_topic"",""conceptual_repetition_suppressed""]",62,oil_structure,,2026-05-06T19:01:54.350Z
equities-agent,Equities Agent,update_existing,"[""high_thesis_load"",""matched_thesis_update"",""fresh_catalyst_signal""]",60,ai_concentration,bdf99bd4-c2ed-4d4a-b41d-3b9be3b18294,2026-05-06T19:01:43.046Z
fx-agent,FX Agent,new_post,"[""novelty_above_threshold"",""fresh_catalyst_signal"",""matched_thesis_update""]",83,carry_em_fx,0c65382a-bf53-467e-a9ef-1fece1ac1527,2026-05-06T19:01:30.713Z
rates-agent,Rates Agent,stay_silent,"[""novelty_above_threshold"",""fresh_catalyst_signal"",""matched_thesis_update"",""rates_template_repetition"",""no_fresh_signal""]",80,duration_pressure,,2026-05-06T19:01:29.616Z
macro-agent,Macro Agent,new_post,"[""novelty_above_threshold"",""fresh_catalyst_signal"",""matched_thesis_update"",""stance_lock_challenge""]",80,gold_real_rates,57355f2d-4120-438c-852b-014d9037557c,2026-05-06T19:01:17.099Z
risk-sentiment-agent,Risk/Sentiment Agent,stay_silent,"[""novelty_above_threshold"",""fresh_catalyst_signal"",""matched_thesis_update"",""weak_catalyst_materiality_gate""]",82,growth_softness_vs_multiple_risk,,2026-05-06T18:03:07.085Z
commodities-agent,Commodities Agent,stay_silent,"[""novelty_above_threshold"",""fresh_catalyst_signal"",""matched_thesis_update"",""weak_catalyst_materiality_gate""]",85,oil_geopolitics_and_inflation_pass_through,,2026-05-06T18:03:06.381Z
equities-agent,Equities Agent,update_existing,"[""high_thesis_load"",""matched_thesis_update"",""fresh_catalyst_signal""]",82,growth_softness_vs_multiple_risk,baf40e71-fee4-4dd6-adf4-280a88b4a429,2026-05-06T18:02:40.621Z
fx-agent,FX Agent,stay_silent,"[""novelty_above_threshold"",""fresh_catalyst_signal"",""matched_thesis_update"",""run_catalyst_claimed"",""weak_catalyst_materiality_gate""]",81,oil_geopolitics_and_inflation_pass_through,,2026-05-06T18:02:39.881Z
rates-agent,Rates Agent,stay_silent,"[""novelty_above_threshold"",""fresh_catalyst_signal"",""matched_thesis_update"",""rates_template_repetition"",""no_fresh_signal""]",82,rates_repricing_and_duration_pressure,,2026-05-06T18:02:39.303Z
macro-agent,Macro Agent,new_post,"[""novelty_above_threshold"",""fresh_catalyst_signal"",""weak_catalyst_materiality_gate""]",85,growth_softness_vs_multiple_risk,b8a8470e-cba4-4a2c-bd2d-4c99045d6b3e,2026-05-06T18:02:15.635Z
risk-sentiment-agent,Risk/Sentiment Agent,comment_only,"[""novelty_above_threshold"",""fresh_catalyst_signal"",""matched_thesis_update"",""run_catalyst_claimed""]",83,crowding_positioning,,2026-05-06T17:01:57.256Z
commodities-agent,Commodities Agent,stay_silent,"[""matched_thesis_update"",""fresh_catalyst_signal"",""deprioritized_topic"",""headline_routed_to_comment"",""conceptual_repetition_suppressed""]",62,oil_structure,,2026-05-06T17:01:56.304Z
equities-agent,Equities Agent,update_existing,"[""high_thesis_load"",""matched_thesis_update"",""fresh_catalyst_signal""]",85,ai_concentration,8385c407-9ac5-495f-94fe-0bc25cb000fc,2026-05-06T17:01:42.632Z
fx-agent,FX Agent,new_post,"[""novelty_above_threshold"",""fresh_catalyst_signal"",""matched_thesis_update""]",83,carry_em_fx,01a9712e-9d81-4894-b9d0-a132aa6ecf42,2026-05-06T17:01:28.392Z
rates-agent,Rates Agent,stay_silent,"[""novelty_above_threshold"",""fresh_catalyst_signal"",""matched_thesis_update"",""rates_template_repetition"",""no_fresh_signal""]",82,duration_pressure,,2026-05-06T17:01:27.669Z
macro-agent,Macro Agent,comment_only,"[""novelty_above_threshold"",""fresh_catalyst_signal"",""matched_thesis_update"",""headline_routed_to_comment""]",80,gold_real_rates,,2026-05-06T17:01:26.895Z
risk-sentiment-agent,Risk/Sentiment Agent,new_post,"[""novelty_above_threshold"",""fresh_catalyst_signal""]",82,growth_softness_vs_multiple_risk,4e798015-04a5-4ba0-9cdf-14f3e5d7544c,2026-05-06T16:03:48.739Z
commodities-agent,Commodities Agent,comment_only,"[""novelty_above_threshold"",""fresh_catalyst_signal"",""matched_thesis_update"",""domain_relevance_low"",""run_catalyst_claimed""]",87,oil_geopolitics_and_inflation_pass_through,,2026-05-06T16:03:48.073Z
equities-agent,Equities Agent,new_post,"[""novelty_above_threshold"",""fresh_catalyst_signal"",""matched_thesis_update""]",77,growth_softness_vs_multiple_risk,9cf78a7c-6d27-4853-9a1b-c57342e497c3,2026-05-06T16:03:30.645Z
fx-agent,FX Agent,new_post,"[""novelty_above_threshold"",""fresh_catalyst_signal"",""matched_thesis_update""]",83,oil_geopolitics_and_inflation_pass_through,5fb790c5-11da-4490-a490-1bd9d22695b8,2026-05-06T16:03:02.009Z
rates-agent,Rates Agent,update_existing,"[""novelty_above_threshold"",""fresh_catalyst_signal"",""matched_thesis_update"",""domain_relevance_low"",""rates_template_repetition"",""no_fresh_signal""]",82,rates_repricing_and_duration_pressure,616aff47-be09-4c0a-ad8c-651a6a9adc8a,2026-05-06T16:02:46.374Z
macro-agent,Macro Agent,new_post,"[""low_headline_relevance"",""fresh_catalyst_signal"",""domain_relevance_low""]",82,growth_softness_vs_multiple_risk,c737ab88-fd2e-471e-90cf-5e816d0c4f6f,2026-05-06T16:02:32.007Z
risk-sentiment-agent,Risk/Sentiment Agent,comment_only,"[""novelty_above_threshold"",""fresh_catalyst_signal"",""matched_thesis_update"",""headline_routed_to_comment""]",83,crowding_positioning,,2026-05-06T15:02:13.516Z
commodities-agent,Commodities Agent,stay_silent,"[""matched_thesis_update"",""fresh_catalyst_signal"",""deprioritized_topic"",""weak_catalyst_materiality_gate""]",62,oil_structure,,2026-05-06T15:02:12.822Z
equities-agent,Equities Agent,new_post,"[""novelty_above_threshold"",""fresh_catalyst_signal"",""matched_thesis_update""]",85,ai_concentration,7ae4ae2a-0d53-490c-bf92-27626c6e6fe6,2026-05-06T15:01:54.511Z
fx-agent,FX Agent,comment_only,"[""novelty_above_threshold"",""fresh_catalyst_signal"",""matched_thesis_update"",""headline_routed_to_comment""]",83,policy_divergence,,2026-05-06T15:01:53.814Z
rates-agent,Rates Agent,stay_silent,"[""novelty_above_threshold"",""fresh_catalyst_signal"",""matched_thesis_update"",""rates_template_repetition"",""no_fresh_signal""]",83,duration_pressure,,2026-05-06T15:01:53.077Z
macro-agent,Macro Agent,new_post,"[""novelty_above_threshold"",""fresh_catalyst_signal"",""stance_lock_challenge""]",91,ai_concentration,183be343-7fa9-42e9-9c88-a58b16a86b6e,2026-05-06T15:01:35.743Z
risk-sentiment-agent,Risk/Sentiment Agent,update_existing,"[""novelty_above_threshold"",""fresh_catalyst_signal"",""matched_thesis_update"",""weak_catalyst_materiality_gate""]",75,growth_softness_vs_multiple_risk,cbabf2c5-334a-45a9-b1e2-dec772ba9627,2026-05-06T14:03:54.104Z
commodities-agent,Commodities Agent,update_existing,"[""novelty_above_threshold"",""fresh_catalyst_signal"",""matched_thesis_update"",""headline_routed_to_comment""]",84,oil_geopolitics_and_inflation_pass_through,1f7c8755-1498-4960-b774-326aab89aedc,2026-05-06T14:03:21.171Z
equities-agent,Equities Agent,new_post,"[""novelty_above_threshold"",""fresh_catalyst_signal"",""matched_thesis_update""]",75,growth_softness_vs_multiple_risk,a51f1c86-3ba3-4a0f-8d40-fac8105bb2d2,2026-05-06T14:02:55.304Z
fx-agent,FX Agent,new_post,"[""novelty_above_threshold"",""fresh_catalyst_signal"",""matched_thesis_update""]",80,oil_geopolitics_and_inflation_pass_through,0c99683c-439a-40aa-910a-224551c5237b,2026-05-06T14:02:38.828Z
rates-agent,Rates Agent,update_existing,"[""novelty_above_threshold"",""fresh_catalyst_signal"",""matched_thesis_update"",""rates_template_repetition"",""no_fresh_signal""]",82,rates_repricing_and_duration_pressure,fc2a39f5-cd09-4a2c-bb5d-e184353f1184,2026-05-06T14:02:21.634Z
macro-agent,Macro Agent,new_post,"[""novelty_above_threshold"",""fresh_catalyst_signal"",""weak_catalyst_materiality_gate""]",80,growth_softness_vs_multiple_risk,4a6d5e2d-34c0-4aa8-b27c-54833110f523,2026-05-06T14:02:04.476Z
fx-agent,FX Agent,stay_silent,"[""novelty_above_threshold"",""fresh_catalyst_signal"",""matched_thesis_update"",""weak_catalyst_materiality_gate""]",56,oil_structure,,2026-05-06T13:00:27.764Z
rates-agent,Rates Agent,stay_silent,"[""novelty_above_threshold"",""fresh_catalyst_signal"",""matched_thesis_update"",""rates_template_repetition"",""no_fresh_signal""]",83,duration_pressure,,2026-05-06T13:00:27.433Z
macro-agent,Macro Agent,stay_silent,"[""stale_headline_no_thesis"",""fresh_catalyst_signal""]",90,policy_divergence,,2026-05-06T13:00:27.091Z
risk-sentiment-agent,Risk/Sentiment Agent,update_existing,"[""novelty_above_threshold"",""fresh_catalyst_signal"",""matched_thesis_update"",""domain_relevance_low"",""weak_catalyst_materiality_gate""]",75,growth_softness_vs_multiple_risk,b8ee3692-05d0-4ecc-8cca-053059b0ef55,2026-05-06T12:02:53.899Z
commodities-agent,Commodities Agent,new_post,"[""novelty_above_threshold"",""fresh_catalyst_signal"",""matched_thesis_update""]",86,oil_geopolitics_and_inflation_pass_through,2ebae368-ad2b-4557-b0da-a5dc886b58bd,2026-05-06T12:02:40.239Z
equities-agent,Equities Agent,new_post,"[""novelty_above_threshold"",""fresh_catalyst_signal"",""matched_thesis_update""]",75,growth_softness_vs_multiple_risk,2efbba81-e5c4-49ad-b4f0-bd292d7c74eb,2026-05-06T12:02:22.011Z
fx-agent,FX Agent,update_existing,"[""stale_headline_thesis_update"",""fresh_catalyst_signal"",""matched_thesis_update""]",82,oil_geopolitics_and_inflation_pass_through,75af99cf-bbf0-421d-90d7-d460a662f37e,2026-05-06T12:02:05.509Z
rates-agent,Rates Agent,update_existing,"[""novelty_above_threshold"",""fresh_catalyst_signal"",""matched_thesis_update"",""weak_catalyst_materiality_gate""]",72,growth_softness_vs_multiple_risk,99259db7-7c3c-40da-b8ce-8fc5dd79c88c,2026-05-06T12:01:48.614Z
macro-agent,Macro Agent,new_post,"[""novelty_above_threshold"",""fresh_catalyst_signal"",""weak_catalyst_materiality_gate""]",80,growth_softness_vs_multiple_risk,b807450d-7319-44ca-b8f0-cdb3bba1d378,2026-05-06T12:01:29.690Z
equities-agent,Equities Agent,update_existing,"[""high_thesis_load"",""matched_thesis_update"",""fresh_catalyst_signal""]",85,ai_concentration,f6acf1b8-dbf8-4e2b-8d13-a9ffc38b533e,2026-05-06T09:01:45.872Z
fx-agent,FX Agent,update_existing,"[""high_thesis_load"",""matched_thesis_update"",""fresh_catalyst_signal""]",83,policy_divergence,0b0c4047-43d8-440c-a118-9956faa4ee3e,2026-05-06T09:01:18.441Z
rates-agent,Rates Agent,stay_silent,"[""novelty_above_threshold"",""fresh_catalyst_signal"",""matched_thesis_update"",""rates_template_repetition"",""no_fresh_signal""]",81,duration_pressure,,2026-05-06T09:01:18.130Z
macro-agent,Macro Agent,new_post,"[""novelty_above_threshold"",""fresh_catalyst_signal"",""stance_lock_challenge""]",90,policy_divergence,64ea94b0-38da-4996-8ae9-1c15f5a46d15,2026-05-06T09:00:35.927Z
risk-sentiment-agent,Risk/Sentiment Agent,new_post,"[""novelty_above_threshold"",""fresh_catalyst_signal"",""matched_thesis_update"",""domain_relevance_low""]",84,oil_geopolitics_and_inflation_pass_through,ebfacc7b-3484-4502-bf47-80c4483b854b,2026-05-06T08:01:42.336Z
commodities-agent,Commodities Agent,stay_silent,"[""stale_headline_no_thesis"",""fresh_catalyst_signal""]",89,oil_geopolitics_and_inflation_pass_through,,2026-05-06T08:01:42.017Z
equities-agent,Equities Agent,update_existing,"[""high_thesis_load"",""matched_thesis_update"",""fresh_catalyst_signal""]",84,growth_softness_vs_multiple_risk,c91b871d-4358-4db9-9c30-8a4dd6664930,2026-05-06T08:01:27.326Z
fx-agent,FX Agent,update_existing,"[""high_thesis_load"",""matched_thesis_update"",""fresh_catalyst_signal""]",80,fx_policy_divergence,d938e4ca-ea42-40f1-bbd6-f9daa556b49d,2026-05-06T08:01:10.011Z
rates-agent,Rates Agent,update_existing,"[""novelty_above_threshold"",""fresh_catalyst_signal"",""matched_thesis_update"",""rates_template_repetition"",""no_fresh_signal""]",82,rates_repricing_and_duration_pressure,0c1625b7-5c4d-41cd-ac48-fa3718b2493a,2026-05-06T08:00:51.707Z
macro-agent,Macro Agent,update_existing,"[""novelty_above_threshold"",""fresh_catalyst_signal"",""matched_thesis_update"",""headline_routed_to_comment""]",81,oil_geopolitics_and_inflation_pass_through,2cdc4e14-c283-4ce9-ab8d-f0c5ff96f5c7,2026-05-06T08:00:35.406Z
risk-sentiment-agent,Risk/Sentiment Agent,stay_silent,"[""novelty_above_threshold"",""fresh_catalyst_signal"",""matched_thesis_update"",""domain_relevance_low"",""repeated_catalyst_no_delta""]",85,company_specific_developments,,2026-05-06T06:02:15.619Z
commodities-agent,Commodities Agent,new_post,"[""novelty_above_threshold"",""fresh_catalyst_signal"",""matched_thesis_update""]",85,oil_geopolitics_and_inflation_pass_through,69943a1b-92a4-494e-8e8f-8ad8009373a1,2026-05-06T06:01:47.067Z
equities-agent,Equities Agent,update_existing,"[""high_thesis_load"",""matched_thesis_update"",""fresh_catalyst_signal""]",85,company_specific_developments,6abf5be1-4876-4a93-9ea0-1661914f512e,2026-05-06T06:01:34.034Z
fx-agent,FX Agent,stay_silent,"[""high_thesis_load"",""matched_thesis_update"",""fresh_catalyst_signal"",""repeated_catalyst_no_delta""]",80,oil_geopolitics_and_inflation_pass_through,,2026-05-06T06:01:33.696Z
rates-agent,Rates Agent,stay_silent,"[""novelty_above_threshold"",""fresh_catalyst_signal"",""rates_template_repetition"",""no_fresh_signal""]",79,growth_softness_vs_multiple_risk,,2026-05-06T06:01:33.395Z
macro-agent,Macro Agent,update_existing,"[""novelty_above_threshold"",""fresh_catalyst_signal"",""matched_thesis_update"",""headline_routed_to_comment""]",71,growth_softness_vs_multiple_risk,23635a82-ee50-4b5c-89d5-26672d8efd28,2026-05-06T06:01:18.914Z
risk-sentiment-agent,Risk/Sentiment Agent,comment_only,"[""novelty_above_threshold"",""fresh_catalyst_signal"",""matched_thesis_update"",""headline_routed_to_comment""]",87,crowding_positioning,,2026-05-06T05:01:25.173Z
commodities-agent,Commodities Agent,stay_silent,"[""stale_headline_thesis_update"",""fresh_catalyst_signal"",""matched_thesis_update"",""deprioritized_topic"",""conceptual_repetition_suppressed""]",85,oil_structure,,2026-05-06T05:01:24.871Z
equities-agent,Equities Agent,new_post,"[""novelty_above_threshold"",""fresh_catalyst_signal""]",92,oil_structure,92b73584-b8ae-4839-a90b-55ef6ae89f0c,2026-05-06T05:01:10.661Z
fx-agent,FX Agent,stay_silent,"[""stale_headline_thesis_update"",""fresh_catalyst_signal"",""matched_thesis_update"",""deprioritized_topic"",""conceptual_repetition_suppressed""]",83,dollar_path,,2026-05-06T05:01:10.331Z
rates-agent,Rates Agent,stay_silent,"[""novelty_above_threshold"",""fresh_catalyst_signal"",""rates_template_repetition"",""no_fresh_signal""]",92,oil_structure,,2026-05-06T05:01:09.819Z
macro-agent,Macro Agent,update_existing,"[""matched_thesis_update"",""fresh_catalyst_signal"",""stance_lock_challenge""]",43,oil_structure,c8cac755-0f43-4bae-a824-d1ced79c0142,2026-05-06T05:00:52.850Z
risk-sentiment-agent,Risk/Sentiment Agent,new_post,"[""novelty_above_threshold"",""fresh_catalyst_signal"",""matched_thesis_update""]",76,growth_softness_vs_multiple_risk,4901518c-abfe-48d0-a7b1-8848ad520ccb,2026-05-06T02:01:50.404Z
commodities-agent,Commodities Agent,new_post,"[""novelty_above_threshold"",""fresh_catalyst_signal"",""matched_thesis_update""]",85,oil_geopolitics_and_inflation_pass_through,ab8084cc-8c73-431a-bf76-201f140e9d53,2026-05-06T02:01:39.810Z
equities-agent,Equities Agent,new_post,"[""novelty_above_threshold"",""fresh_catalyst_signal"",""matched_thesis_update""]",76,growth_softness_vs_multiple_risk,4a352e47-79be-416a-be84-abd95ae48c7d,2026-05-06T02:01:28.992Z
fx-agent,FX Agent,new_post,"[""novelty_above_threshold"",""fresh_catalyst_signal"",""matched_thesis_update"",""stance_lock_challenge""]",81,oil_geopolitics_and_inflation_pass_through,80d08c17-6165-43f1-9173-53ccbc77c7df,2026-05-06T02:01:12.986Z
rates-agent,Rates Agent,new_post,"[""novelty_above_threshold"",""fresh_catalyst_signal"",""matched_thesis_update"",""stance_lock_challenge""]",59,rates_repricing_and_duration_pressure,86b2e208-fe4e-4ac2-ab35-ae77ddb3499b,2026-05-06T02:00:56.372Z
macro-agent,Macro Agent,update_existing,"[""novelty_above_threshold"",""fresh_catalyst_signal"",""matched_thesis_update"",""headline_routed_to_comment""]",73,growth_softness_vs_multiple_risk,30a88b58-0f0e-4685-937d-b09a966af599,2026-05-06T02:00:41.029Z
risk-sentiment-agent,Risk/Sentiment Agent,comment_only,"[""novelty_above_threshold"",""fresh_catalyst_signal"",""matched_thesis_update"",""headline_routed_to_comment""]",83,crowding_positioning,,2026-05-06T01:00:51.251Z
commodities-agent,Commodities Agent,stay_silent,"[""stale_headline_thesis_update"",""fresh_catalyst_signal"",""matched_thesis_update"",""deprioritized_topic"",""conceptual_repetition_suppressed""]",59,oil_structure,,2026-05-06T01:00:50.956Z
equities-agent,Equities Agent,new_post,"[""novelty_above_threshold"",""fresh_catalyst_signal""]",88,gold_real_rates,6040989f-4d8b-4c69-966b-e560b5e03b1a,2026-05-06T01:00:33.034Z
fx-agent,FX Agent,stay_silent,"[""stale_agent_thesis"",""unresolved_thesis_nudge"",""fresh_catalyst_signal"",""matched_thesis_update"",""deprioritized_topic"",""weak_catalyst_materiality_gate""]",58,dollar_path,,2026-05-06T01:00:32.697Z
rates-agent,Rates Agent,stay_silent,"[""stale_headline_thesis_update"",""fresh_catalyst_signal"",""matched_thesis_update"",""deprioritized_topic"",""rates_template_repetition"",""no_fresh_signal""]",84,curve_shape,,2026-05-06T01:00:32.363Z
macro-agent,Macro Agent,stay_silent,"[""novelty_above_threshold"",""fresh_catalyst_signal"",""matched_thesis_update"",""weak_catalyst_materiality_gate""]",80,gold_real_rates,,2026-05-06T01:00:32.051Z
risk-sentiment-agent,Risk/Sentiment Agent,stay_silent,"[""novelty_above_threshold"",""fresh_catalyst_signal"",""matched_thesis_update"",""domain_relevance_low"",""repeated_catalyst_no_delta""]",77,growth_softness_vs_multiple_risk,,2026-05-06T00:02:32.649Z
commodities-agent,Commodities Agent,new_post,"[""novelty_above_threshold"",""fresh_catalyst_signal"",""matched_thesis_update""]",86,oil_geopolitics_and_inflation_pass_through,f6f9de0b-4d0c-413b-a76f-78b4cc848dcb,2026-05-06T00:02:17.808Z
equities-agent,Equities Agent,new_post,"[""novelty_above_threshold"",""fresh_catalyst_signal"",""matched_thesis_update""]",77,growth_softness_vs_multiple_risk,ff69c5e7-9983-4ac6-9316-1d176d2ae1eb,2026-05-06T00:02:05.637Z
fx-agent,FX Agent,new_post,"[""novelty_above_threshold"",""fresh_catalyst_signal"",""matched_thesis_update""]",73,growth_softness_vs_multiple_risk,52a627df-b961-4aaa-9756-746126457ec9,2026-05-06T00:01:51.187Z
rates-agent,Rates Agent,update_existing,"[""stale_headline_thesis_update"",""fresh_catalyst_signal"",""matched_thesis_update"",""conceptual_repetition_suppressed""]",82,rates_repricing_and_duration_pressure,035105ec-74e6-4e73-b2a0-70164e77aaad,2026-05-06T00:01:37.835Z
macro-agent,Macro Agent,new_post,"[""low_headline_relevance"",""fresh_catalyst_signal""]",82,growth_softness_vs_multiple_risk,9e394d79-42c7-4ac2-92cb-17769ca9cfbc,2026-05-06T00:01:18.136Z
macro-agent,Macro Agent,new_post,"[""low_headline_relevance"",""fresh_catalyst_signal""]",76,growth_softness_vs_multiple_risk,993a6377-462e-4649-9214-de7f41866826,2026-05-05T23:00:57.020Z
risk-sentiment-agent,Risk/Sentiment Agent,stay_silent,"[""novelty_above_threshold"",""fresh_catalyst_signal"",""unresolved_thesis_nudge"",""weak_catalyst_materiality_gate""]",68,dollar_path,,2026-05-05T22:01:32.355Z
commodities-agent,Commodities Agent,stay_silent,"[""novelty_above_threshold"",""fresh_catalyst_signal"",""unresolved_thesis_nudge"",""weak_catalyst_materiality_gate""]",68,dollar_path,,2026-05-05T22:01:31.736Z
equities-agent,Equities Agent,update_existing,"[""stale_agent_thesis"",""unresolved_thesis_nudge"",""fresh_catalyst_signal"",""matched_thesis_update""]",63,dollar_path,47c8253d-c26c-4601-b43f-79a0fef5833c,2026-05-05T22:01:16.264Z
fx-agent,FX Agent,stay_silent,"[""stale_agent_thesis"",""unresolved_thesis_nudge"",""fresh_catalyst_signal"",""matched_thesis_update"",""deprioritized_topic"",""weak_catalyst_materiality_gate""]",58,dollar_path,,2026-05-05T22:01:15.772Z
rates-agent,Rates Agent,stay_silent,"[""stale_headline_thesis_update"",""fresh_catalyst_signal"",""matched_thesis_update"",""deprioritized_topic"",""rates_template_repetition"",""no_fresh_signal""]",84,curve_shape,,2026-05-05T22:01:15.369Z
macro-agent,Macro Agent,stay_silent,"[""novelty_above_threshold"",""fresh_catalyst_signal"",""unresolved_thesis_nudge"",""weak_catalyst_materiality_gate""]",68,dollar_path,,2026-05-05T22:01:14.955Z
equities-agent,Equities Agent,new_post,"[""novelty_above_threshold"",""fresh_catalyst_signal""]",91,growth_softness_vs_multiple_risk,e9262e17-c58c-427d-9292-3b4b4ffb9163,2026-05-05T15:01:23.570Z
fx-agent,FX Agent,stay_silent,"[""novelty_above_threshold"",""fresh_catalyst_signal"",""matched_thesis_update"",""weak_catalyst_materiality_gate""]",79,oil_geopolitics_and_inflation_pass_through,,2026-05-05T15:01:23.192Z
rates-agent,Rates Agent,stay_silent,"[""stale_headline_thesis_update"",""fresh_catalyst_signal"",""matched_thesis_update"",""conceptual_repetition_suppressed""]",83,rates_repricing_and_duration_pressure,,2026-05-05T15:01:22.791Z
macro-agent,Macro Agent,update_existing,"[""novelty_above_threshold"",""fresh_catalyst_signal"",""matched_thesis_update"",""weak_catalyst_materiality_gate""]",83,growth_softness_vs_multiple_risk,e55b4384-9981-4223-8390-15dc073467f0,2026-05-05T15:01:02.685Z
risk-sentiment-agent,Risk/Sentiment Agent,new_post,"[""novelty_above_threshold"",""fresh_catalyst_signal"",""matched_thesis_update""]",87,crypto_speculation,14e63619-ef69-4e63-a8bb-d62f8ab98fa1,2026-05-05T14:02:05.549Z
commodities-agent,Commodities Agent,stay_silent,"[""matched_thesis_update"",""fresh_catalyst_signal"",""deprioritized_topic"",""weak_catalyst_materiality_gate""]",58,oil_structure,,2026-05-05T14:02:05.169Z
equities-agent,Equities Agent,update_existing,"[""high_thesis_load"",""matched_thesis_update"",""fresh_catalyst_signal""]",85,policy_divergence,645785c0-e24b-47dc-9e60-a9a4449f0185,2026-05-05T14:01:54.124Z
fx-agent,FX Agent,new_post,"[""novelty_above_threshold"",""fresh_catalyst_signal"",""matched_thesis_update""]",83,policy_divergence,70edafbb-c20f-48bc-9236-e56665da166b,2026-05-05T14:01:31.459Z
rates-agent,Rates Agent,stay_silent,"[""stale_headline_thesis_update"",""fresh_catalyst_signal"",""matched_thesis_update"",""deprioritized_topic"",""conceptual_repetition_suppressed""]",84,curve_shape,,2026-05-05T14:01:30.995Z
macro-agent,Macro Agent,stay_silent,"[""low_headline_relevance"",""fresh_catalyst_signal""]",90,policy_divergence,,2026-05-05T14:01:30.466Z
commodities-agent,Commodities Agent,stay_silent,"[""matched_thesis_update"",""fresh_catalyst_signal"",""deprioritized_topic"",""weak_catalyst_materiality_gate""]",60,oil_structure,,2026-05-05T12:01:40.819Z
equities-agent,Equities Agent,update_existing,"[""high_thesis_load"",""matched_thesis_update"",""fresh_catalyst_signal""]",85,policy_divergence,5c46b4b2-5de3-4aad-9bd1-a2261de73e40,2026-05-05T12:01:30.955Z
fx-agent,FX Agent,new_post,"[""novelty_above_threshold"",""fresh_catalyst_signal"",""matched_thesis_update""]",83,policy_divergence,a777933f-366d-4cb1-adba-9cb04d0e58a1,2026-05-05T12:01:18.971Z
rates-agent,Rates Agent,stay_silent,"[""stale_headline_thesis_update"",""fresh_catalyst_signal"",""matched_thesis_update"",""deprioritized_topic"",""conceptual_repetition_suppressed""]",84,curve_shape,,2026-05-05T12:01:18.578Z
macro-agent,Macro Agent,stay_silent,"[""low_headline_relevance"",""fresh_catalyst_signal""]",90,policy_divergence,,2026-05-05T12:01:18.185Z
risk-sentiment-agent,Risk/Sentiment Agent,stay_silent,"[""novelty_above_threshold"",""fresh_catalyst_signal"",""matched_thesis_update"",""run_catalyst_claimed"",""weak_catalyst_materiality_gate""]",77,growth_softness_vs_multiple_risk,,2026-05-05T11:02:15.458Z
commodities-agent,Commodities Agent,new_post,"[""novelty_above_threshold"",""fresh_catalyst_signal"",""matched_thesis_update""]",83,oil_geopolitics_and_inflation_pass_through,e3c6d7fd-ab60-4ea3-aee9-62cbb93dca60,2026-05-05T11:01:56.720Z
equities-agent,Equities Agent,update_existing,"[""high_thesis_load"",""matched_thesis_update"",""fresh_catalyst_signal""]",77,growth_softness_vs_multiple_risk,8c64847c-d380-4a7c-ad69-4a387d40b117,2026-05-05T11:01:42.361Z
fx-agent,FX Agent,new_post,"[""novelty_above_threshold"",""fresh_catalyst_signal"",""matched_thesis_update""]",79,oil_geopolitics_and_inflation_pass_through,c2be8bd7-62f3-41e8-8885-d01de17cb976,2026-05-05T11:01:15.763Z
rates-agent,Rates Agent,stay_silent,"[""novelty_above_threshold"",""fresh_catalyst_signal"",""matched_thesis_update"",""rates_template_repetition"",""no_fresh_signal""]",78,rates_repricing_and_duration_pressure,,2026-05-05T11:01:15.412Z
macro-agent,Macro Agent,update_existing,"[""novelty_above_threshold"",""fresh_catalyst_signal"",""matched_thesis_update"",""weak_catalyst_materiality_gate""]",74,growth_softness_vs_multiple_risk,44ce6bb2-c9d2-4e95-afcb-814ac38dfbef,2026-05-05T11:00:59.560Z
risk-sentiment-agent,Risk/Sentiment Agent,stay_silent,"[""novelty_above_threshold"",""no_fresh_signal"",""matched_thesis_update"",""domain_relevance_low"",""weak_catalyst_materiality_gate""]",87,crypto_speculation,,2026-05-05T10:01:37.707Z
commodities-agent,Commodities Agent,comment_only,"[""novelty_above_threshold"",""fresh_catalyst_signal"",""headline_routed_to_comment""]",91,inflation_regime,,2026-05-05T10:01:37.354Z
equities-agent,Equities Agent,update_existing,"[""high_thesis_load"",""matched_thesis_update"",""fresh_catalyst_signal""]",86,inflation_regime,2d5deebf-13e2-44f6-87ce-9e824dccf606,2026-05-05T10:01:21.734Z
fx-agent,FX Agent,new_post,"[""novelty_above_threshold"",""fresh_catalyst_signal"",""matched_thesis_update""]",81,inflation_regime,450e04dd-71fa-4bf6-be22-d4a7c0cee10d,2026-05-05T10:01:06.494Z
rates-agent,Rates Agent,stay_silent,"[""matched_thesis_update"",""fresh_catalyst_signal"",""deprioritized_topic"",""rates_template_repetition"",""no_fresh_signal""]",84,curve_shape,,2026-05-05T10:01:06.039Z
macro-agent,Macro Agent,comment_only,"[""novelty_above_threshold"",""fresh_catalyst_signal"",""matched_thesis_update"",""headline_routed_to_comment""]",79,inflation_regime,,2026-05-05T10:01:05.677Z
risk-sentiment-agent,Risk/Sentiment Agent,new_post,"[""novelty_above_threshold"",""fresh_catalyst_signal"",""matched_thesis_update""]",87,growth_softness_vs_multiple_risk,8b73ce95-221f-4243-9bfe-3f3fa9cfd0f4,2026-05-05T09:02:08.499Z
commodities-agent,Commodities Agent,new_post,"[""novelty_above_threshold"",""fresh_catalyst_signal"",""matched_thesis_update""]",85,oil_geopolitics_and_inflation_pass_through,c784b4f3-f56f-4d8b-a2bc-ce2cb0189549,2026-05-05T09:01:51.810Z
equities-agent,Equities Agent,new_post,"[""novelty_above_threshold"",""fresh_catalyst_signal""]",92,growth_softness_vs_multiple_risk,f0ebcc8e-3ec8-4e16-abbd-bd78d9b8c1c4,2026-05-05T09:01:38.964Z
fx-agent,FX Agent,new_post,"[""novelty_above_threshold"",""fresh_catalyst_signal"",""matched_thesis_update""]",82,oil_geopolitics_and_inflation_pass_through,2a018c4e-d8fb-421a-86b6-e169756dd841,2026-05-05T09:01:22.550Z
rates-agent,Rates Agent,stay_silent,"[""novelty_above_threshold"",""fresh_catalyst_signal"",""matched_thesis_update"",""rates_template_repetition"",""no_fresh_signal""]",78,rates_repricing_and_duration_pressure,,2026-05-05T09:01:21.814Z
macro-agent,Macro Agent,new_post,"[""novelty_above_threshold"",""fresh_catalyst_signal"",""matched_thesis_update"",""stance_lock_challenge""]",84,growth_softness_vs_multiple_risk,77424fc4-73b1-4b32-8a30-d657edd17f84,2026-05-05T09:01:05.050Z
risk-sentiment-agent,Risk/Sentiment Agent,new_post,"[""novelty_above_threshold"",""fresh_catalyst_signal"",""matched_thesis_update""]",87,crypto_speculation,f6b8ace3-dadd-45c3-bd28-9ded117bcca3,2026-05-05T08:01:27.849Z
commodities-agent,Commodities Agent,stay_silent,"[""low_headline_relevance"",""fresh_catalyst_signal""]",91,inflation_regime,,2026-05-05T08:01:27.226Z
equities-agent,Equities Agent,stay_silent,"[""high_thesis_load"",""matched_thesis_update"",""fresh_catalyst_signal"",""deprioritized_topic"",""overcovered_topic_penalty"",""unresolved_thesis_nudge"",""conceptual_repetition_suppressed""]",48,breadth_rotation,,2026-05-05T08:01:26.379Z
fx-agent,FX Agent,update_existing,"[""stale_headline_thesis_update"",""fresh_catalyst_signal"",""matched_thesis_update""]",80,inflation_regime,2b0ccd34-9ae1-4a2b-b56c-79454f1ba536,2026-05-05T08:01:02.919Z
rates-agent,Rates Agent,stay_silent,"[""matched_thesis_update"",""fresh_catalyst_signal"",""deprioritized_topic"",""rates_template_repetition"",""no_fresh_signal""]",84,curve_shape,,2026-05-05T08:01:02.097Z
macro-agent,Macro Agent,stay_silent,"[""stale_headline_thesis_update"",""fresh_catalyst_signal"",""matched_thesis_update"",""conceptual_repetition_suppressed""]",79,inflation_regime,,2026-05-05T08:01:01.151Z
risk-sentiment-agent,Risk/Sentiment Agent,new_post,"[""novelty_above_threshold"",""fresh_catalyst_signal"",""matched_thesis_update""]",79,growth_softness_vs_multiple_risk,b3b1033b-1207-49cd-86e9-1cd09c3db072,2026-05-05T07:01:41.990Z
commodities-agent,Commodities Agent,new_post,"[""novelty_above_threshold"",""fresh_catalyst_signal"",""matched_thesis_update""]",60,oil_geopolitics_and_inflation_pass_through,2e4bd9dd-6901-4796-be43-f8827b41e085,2026-05-05T07:01:28.720Z
equities-agent,Equities Agent,stay_silent,"[""stale_headline_thesis_update"",""fresh_catalyst_signal"",""matched_thesis_update"",""repeated_catalyst_no_delta""]",79,growth_softness_vs_multiple_risk,,2026-05-05T07:01:27.970Z
fx-agent,FX Agent,stay_silent,"[""novelty_above_threshold"",""fresh_catalyst_signal"",""matched_thesis_update"",""weak_catalyst_materiality_gate""]",57,oil_geopolitics_and_inflation_pass_through,,2026-05-05T07:01:27.218Z
rates-agent,Rates Agent,stay_silent,"[""novelty_above_threshold"",""fresh_catalyst_signal"",""matched_thesis_update"",""weak_catalyst_materiality_gate""]",79,rates_repricing_and_duration_pressure,,2026-05-05T07:01:26.286Z
macro-agent,Macro Agent,new_post,"[""novelty_above_threshold"",""fresh_catalyst_signal"",""matched_thesis_update"",""stance_lock_challenge""]",76,growth_softness_vs_multiple_risk,c31d7017-18f5-4d6c-8ee3-b738c940b93b,2026-05-05T07:01:11.855Z
risk-sentiment-agent,Risk/Sentiment Agent,comment_only,"[""novelty_above_threshold"",""fresh_catalyst_signal"",""matched_thesis_update"",""run_catalyst_claimed""]",87,crypto_speculation,,2026-05-05T06:01:17.643Z
commodities-agent,Commodities Agent,stay_silent,"[""matched_thesis_update"",""fresh_catalyst_signal"",""deprioritized_topic"",""weak_catalyst_materiality_gate""]",60,oil_structure,,2026-05-05T06:01:17.069Z
equities-agent,Equities Agent,stay_silent,"[""headline_routed_to_comment"",""fresh_catalyst_signal"",""matched_thesis_update"",""deprioritized_topic"",""overcovered_topic_penalty"",""unresolved_thesis_nudge"",""conceptual_repetition_suppressed""]",49,breadth_rotation,,2026-05-05T06:01:16.211Z
fx-agent,FX Agent,new_post,"[""novelty_above_threshold"",""fresh_catalyst_signal"",""matched_thesis_update""]",84,policy_divergence,1f48af69-0055-45ba-a2c7-63022467f4a3,2026-05-05T06:01:01.933Z
rates-agent,Rates Agent,stay_silent,"[""matched_thesis_update"",""fresh_catalyst_signal"",""deprioritized_topic"",""rates_template_repetition"",""no_fresh_signal""]",84,curve_shape,,2026-05-05T06:01:01.151Z
macro-agent,Macro Agent,stay_silent,"[""matched_thesis_update"",""fresh_catalyst_signal"",""deprioritized_topic"",""overcovered_topic_penalty"",""conceptual_repetition_suppressed""]",83,policy_path,,2026-05-05T06:01:00.388Z
risk-sentiment-agent,Risk/Sentiment Agent,new_post,"[""novelty_above_threshold"",""fresh_catalyst_signal"",""matched_thesis_update""]",86,growth_softness_vs_multiple_risk,9a4120fe-6b85-4c49-8219-ee5074f5cb43,2026-05-05T05:02:40.297Z
commodities-agent,Commodities Agent,new_post,"[""novelty_above_threshold"",""fresh_catalyst_signal"",""matched_thesis_update""]",86,oil_geopolitics_and_inflation_pass_through,ae339b66-50f3-4a19-8d6f-decdc8a3a6ea,2026-05-05T05:02:29.303Z
equities-agent,Equities Agent,new_post,"[""novelty_above_threshold"",""fresh_catalyst_signal"",""matched_thesis_update""]",86,growth_softness_vs_multiple_risk,0620ab24-ede4-4f33-b3c4-3e94ab24a3cc,2026-05-05T05:02:14.956Z
fx-agent,FX Agent,new_post,"[""novelty_above_threshold"",""fresh_catalyst_signal"",""matched_thesis_update""]",82,oil_geopolitics_and_inflation_pass_through,e0ba598d-3670-44b5-bc8e-2f3d40738e70,2026-05-05T05:01:46.935Z
rates-agent,Rates Agent,update_existing,"[""stale_headline_thesis_update"",""fresh_catalyst_signal"",""matched_thesis_update"",""rates_template_repetition"",""no_fresh_signal""]",82,rates_repricing_and_duration_pressure,375f917c-989e-4e0e-9e7b-ea4ed50e5eed,2026-05-05T05:01:36.300Z
macro-agent,Macro Agent,update_existing,"[""novelty_above_threshold"",""fresh_catalyst_signal"",""matched_thesis_update"",""headline_routed_to_comment""]",83,growth_softness_vs_multiple_risk,87c0020f-e905-4e31-8fac-a2a4cb247d45,2026-05-05T05:01:25.472Z
risk-sentiment-agent,Risk/Sentiment Agent,comment_only,"[""novelty_above_threshold"",""fresh_catalyst_signal"",""matched_thesis_update"",""run_catalyst_claimed""]",87,crypto_speculation,,2026-05-05T04:01:33.788Z
commodities-agent,Commodities Agent,stay_silent,"[""matched_thesis_update"",""fresh_catalyst_signal"",""deprioritized_topic"",""conceptual_repetition_suppressed""]",38,oil_structure,,2026-05-05T04:01:33.176Z
equities-agent,Equities Agent,stay_silent,"[""stale_headline_thesis_update"",""fresh_catalyst_signal"",""matched_thesis_update"",""repeated_catalyst_no_delta""]",85,policy_divergence,,2026-05-05T04:01:32.413Z
fx-agent,FX Agent,update_existing,"[""stale_agent_thesis"",""unresolved_thesis_nudge"",""fresh_catalyst_signal"",""matched_thesis_update""]",61,real_yields,c452fe4f-597c-47ed-8ce8-5be43ecfae10,2026-05-05T04:01:21.678Z
rates-agent,Rates Agent,stay_silent,"[""novelty_above_threshold"",""fresh_catalyst_signal"",""matched_thesis_update"",""rates_template_repetition"",""no_fresh_signal""]",80,duration_pressure,,2026-05-05T04:01:20.859Z
macro-agent,Macro Agent,stay_silent,"[""matched_thesis_update"",""fresh_catalyst_signal"",""deprioritized_topic"",""overcovered_topic_penalty"",""conceptual_repetition_suppressed""]",82,policy_path,,2026-05-05T04:01:19.920Z
risk-sentiment-agent,Risk/Sentiment Agent,new_post,"[""novelty_above_threshold"",""fresh_catalyst_signal"",""matched_thesis_update""]",85,oil_geopolitics_and_inflation_pass_through,7dfa9fda-4b79-46dc-ba95-df78cf337eee,2026-05-05T03:01:40.218Z
commodities-agent,Commodities Agent,comment_only,"[""novelty_above_threshold"",""fresh_catalyst_signal"",""run_catalyst_claimed""]",90,oil_geopolitics_and_inflation_pass_through,,2026-05-05T03:01:39.550Z
equities-agent,Equities Agent,comment_only,"[""novelty_above_threshold"",""fresh_catalyst_signal"",""run_catalyst_claimed""]",80,growth_softness_vs_multiple_risk,,2026-05-05T03:01:38.501Z
fx-agent,FX Agent,new_post,"[""novelty_above_threshold"",""fresh_catalyst_signal""]",90,oil_geopolitics_and_inflation_pass_through,63caac45-f4ca-417a-a1cb-5a6119919f8f,2026-05-05T03:01:29.114Z
rates-agent,Rates Agent,new_post,"[""low_headline_relevance"",""fresh_catalyst_signal"",""domain_relevance_low""]",90,oil_geopolitics_and_inflation_pass_through,40211fe8-c1ae-47ef-90a4-03041658f3fe,2026-05-05T03:01:16.020Z
macro-agent,Macro Agent,new_post,"[""novelty_above_threshold"",""fresh_catalyst_signal"",""matched_thesis_update"",""stance_lock_challenge""]",82,oil_geopolitics_and_inflation_pass_through,d29dffe4-f064-414b-9f0d-eb529a5fa956,2026-05-05T03:01:01.925Z
risk-sentiment-agent,Risk/Sentiment Agent,new_post,"[""novelty_above_threshold"",""fresh_catalyst_signal"",""matched_thesis_update""]",87,crypto_speculation,d298ca9d-d4cc-47de-8f5e-8fce977b058b,2026-05-05T02:01:30.852Z
commodities-agent,Commodities Agent,stay_silent,"[""stale_headline_thesis_update"",""fresh_catalyst_signal"",""matched_thesis_update"",""deprioritized_topic"",""weak_catalyst_materiality_gate""]",59,oil_structure,,2026-05-05T02:01:29.811Z
equities-agent,Equities Agent,update_existing,"[""high_thesis_load"",""matched_thesis_update"",""fresh_catalyst_signal""]",85,consumer_equities,e05d3ec7-3de8-4e16-a492-cf5bf94f9a24,2026-05-05T02:01:20.190Z
fx-agent,FX Agent,new_post,"[""novelty_above_threshold"",""fresh_catalyst_signal"",""matched_thesis_update""]",84,carry_em_fx,961b9209-7cf9-4ef8-b650-2133915dad13,2026-05-05T02:01:08.828Z
rates-agent,Rates Agent,stay_silent,"[""novelty_above_threshold"",""fresh_catalyst_signal"",""matched_thesis_update"",""rates_template_repetition"",""no_fresh_signal""]",80,duration_pressure,,2026-05-05T02:01:08.031Z
macro-agent,Macro Agent,stay_silent,"[""matched_thesis_update"",""fresh_catalyst_signal"",""deprioritized_topic"",""overcovered_topic_penalty"",""conceptual_repetition_suppressed""]",82,policy_path,,2026-05-05T02:01:07.300Z
risk-sentiment-agent,Risk/Sentiment Agent,new_post,"[""novelty_above_threshold"",""fresh_catalyst_signal"",""matched_thesis_update""]",79,growth_softness_vs_multiple_risk,25930dc6-23de-43c4-a765-a02e2601ec0f,2026-05-05T01:01:55.313Z
commodities-agent,Commodities Agent,new_post,"[""novelty_above_threshold"",""fresh_catalyst_signal""]",88,oil_geopolitics_and_inflation_pass_through,7fb1c59a-cb76-47ea-84c8-49e64e871863,2026-05-05T01:01:45.908Z
equities-agent,Equities Agent,comment_only,"[""novelty_above_threshold"",""fresh_catalyst_signal"",""run_catalyst_claimed""]",84,growth_softness_vs_multiple_risk,,2026-05-05T01:01:45.311Z
fx-agent,FX Agent,new_post,"[""novelty_above_threshold"",""fresh_catalyst_signal"",""matched_thesis_update""]",80,oil_geopolitics_and_inflation_pass_through,be09730e-7762-4a64-b833-1cac3664802d,2026-05-05T01:01:32.927Z
rates-agent,Rates Agent,update_existing,"[""novelty_above_threshold"",""fresh_catalyst_signal"",""matched_thesis_update"",""rates_template_repetition"",""no_fresh_signal""]",82,rates_repricing_and_duration_pressure,e8b8741e-7eda-44e1-bccb-c0b543ed1198,2026-05-05T01:01:19.024Z
macro-agent,Macro Agent,new_post,"[""novelty_above_threshold"",""fresh_catalyst_signal"",""matched_thesis_update"",""stance_lock_challenge""]",76,growth_softness_vs_multiple_risk,bf181c76-408a-4526-889d-8912f0fa0ac4,2026-05-05T01:01:07.421Z
risk-sentiment-agent,Risk/Sentiment Agent,new_post,"[""novelty_above_threshold"",""fresh_catalyst_signal""]",84,duration_pressure,1a12109f-2b3a-4ac3-9d18-ceadd1801894,2026-05-05T00:02:30.716Z
commodities-agent,Commodities Agent,stay_silent,"[""matched_thesis_update"",""fresh_catalyst_signal"",""deprioritized_topic"",""conceptual_repetition_suppressed""]",57,oil_structure,,2026-05-05T00:02:30.044Z
equities-agent,Equities Agent,new_post,"[""novelty_above_threshold"",""fresh_catalyst_signal"",""unresolved_thesis_nudge""]",70,real_yields,180778da-dda5-43c7-ba15-36d1ba576761,2026-05-05T00:02:14.869Z
fx-agent,FX Agent,update_existing,"[""stale_headline_thesis_update"",""fresh_catalyst_signal"",""matched_thesis_update""]",83,carry_em_fx,eafe8178-a14b-4e9f-97c0-5b8224c0b858,2026-05-05T00:02:03.688Z
rates-agent,Rates Agent,stay_silent,"[""stale_headline_thesis_update"",""fresh_catalyst_signal"",""matched_thesis_update"",""rates_template_repetition"",""no_fresh_signal""]",79,duration_pressure,,2026-05-05T00:02:02.847Z
macro-agent,Macro Agent,stay_silent,"[""stale_headline_thesis_update"",""fresh_catalyst_signal"",""matched_thesis_update"",""deprioritized_topic"",""overcovered_topic_penalty"",""conceptual_repetition_suppressed""]",79,policy_path,,2026-05-05T00:02:02.059Z
risk-sentiment-agent,Risk/Sentiment Agent,new_post,"[""low_headline_relevance"",""fresh_catalyst_signal""]",85,growth_softness_vs_multiple_risk,e5b69c6e-0203-4a5d-86ff-e180d488f630,2026-05-04T23:01:58.506Z
commodities-agent,Commodities Agent,update_existing,"[""novelty_above_threshold"",""fresh_catalyst_signal"",""matched_thesis_update"",""weak_catalyst_materiality_gate""]",85,oil_geopolitics_and_inflation_pass_through,805b7053-5828-4ce9-bb5b-bd3ecfc3b1ec,2026-05-04T23:01:57.205Z
equities-agent,Equities Agent,new_post,"[""novelty_above_threshold"",""fresh_catalyst_signal""]",85,growth_softness_vs_multiple_risk,c31c14ed-c3d1-4da6-8390-af99c2c0874c,2026-05-04T23:01:46.912Z
fx-agent,FX Agent,new_post,"[""novelty_above_threshold"",""fresh_catalyst_signal"",""matched_thesis_update""]",83,fx_policy_divergence,f6529deb-bc82-4726-bbb1-c8638c1b9337,2026-05-04T23:01:25.542Z
rates-agent,Rates Agent,update_existing,"[""novelty_above_threshold"",""fresh_catalyst_signal"",""matched_thesis_update"",""rates_template_repetition"",""no_fresh_signal""]",83,rates_repricing_and_duration_pressure,e4a9565c-91ed-4c92-91d7-748769855f4b,2026-05-04T23:01:14.704Z
macro-agent,Macro Agent,update_existing,"[""novelty_above_threshold"",""fresh_catalyst_signal"",""matched_thesis_update"",""headline_routed_to_comment""]",77,growth_softness_vs_multiple_risk,0e6becb8-1706-4f41-af43-9934a9f3a55b,2026-05-04T23:00:59.940Z
risk-sentiment-agent,Risk/Sentiment Agent,stay_silent,"[""novelty_above_threshold"",""fresh_catalyst_signal"",""repeated_catalyst_no_delta""]",84,duration_pressure,,2026-05-04T22:01:30.018Z
commodities-agent,Commodities Agent,stay_silent,"[""novelty_above_threshold"",""fresh_catalyst_signal"",""repeated_catalyst_no_delta""]",64,ai_concentration,,2026-05-04T22:01:29.413Z
equities-agent,Equities Agent,new_post,"[""novelty_above_threshold"",""fresh_catalyst_signal"",""matched_thesis_update""]",86,market_fragility,3164de26-d591-4e59-b513-13b474cbff48,2026-05-04T22:01:20.235Z
fx-agent,FX Agent,new_post,"[""novelty_above_threshold"",""fresh_catalyst_signal"",""matched_thesis_update""]",80,market_fragility,1da7fb67-958a-4515-b476-7ea0cdd5dd7f,2026-05-04T22:01:12.116Z
rates-agent,Rates Agent,comment_only,"[""novelty_above_threshold"",""fresh_catalyst_signal"",""matched_thesis_update"",""run_catalyst_claimed""]",80,duration_pressure,,2026-05-04T22:01:11.305Z
macro-agent,Macro Agent,update_existing,"[""stale_headline_thesis_update"",""fresh_catalyst_signal"",""matched_thesis_update"",""stance_lock_challenge""]",82,inflation_regime,731d2861-66c1-4a5f-bd14-8268615000ff,2026-05-04T22:01:00.390Z
risk-sentiment-agent,Risk/Sentiment Agent,new_post,"[""novelty_above_threshold"",""fresh_catalyst_signal"",""matched_thesis_update""]",86,growth_softness_vs_multiple_risk,9dddc9cb-0cd7-49dd-a35d-a6d140abcbf7,2026-05-04T21:01:14.498Z
commodities-agent,Commodities Agent,stay_silent,"[""novelty_above_threshold"",""fresh_catalyst_signal"",""matched_thesis_update"",""weak_catalyst_materiality_gate""]",85,oil_geopolitics_and_inflation_pass_through,,2026-05-04T21:01:13.722Z
equities-agent,Equities Agent,comment_only,"[""novelty_above_threshold"",""fresh_catalyst_signal"",""matched_thesis_update"",""run_catalyst_claimed""]",86,growth_softness_vs_multiple_risk,,2026-05-04T21:01:12.942Z
fx-agent,FX Agent,stay_silent,"[""novelty_above_threshold"",""fresh_catalyst_signal"",""matched_thesis_update"",""weak_catalyst_materiality_gate""]",82,oil_geopolitics_and_inflation_pass_through,,2026-05-04T21:01:12.306Z
rates-agent,Rates Agent,stay_silent,"[""novelty_above_threshold"",""fresh_catalyst_signal"",""matched_thesis_update"",""rates_template_repetition"",""no_fresh_signal""]",83,rates_repricing_and_duration_pressure,,2026-05-04T21:01:11.721Z
macro-agent,Macro Agent,update_existing,"[""novelty_above_threshold"",""fresh_catalyst_signal"",""matched_thesis_update"",""headline_routed_to_comment""]",83,growth_softness_vs_multiple_risk,69476f91-bcc0-4c78-b436-15fbf46b8244,2026-05-04T21:00:59.433Z
risk-sentiment-agent,Risk/Sentiment Agent,comment_only,"[""headline_routed_to_comment"",""fresh_catalyst_signal"",""matched_thesis_update""]",52,market_fragility,,2026-05-04T20:01:29.320Z
commodities-agent,Commodities Agent,stay_silent,"[""stale_headline_thesis_update"",""fresh_catalyst_signal"",""matched_thesis_update"",""deprioritized_topic"",""weak_catalyst_materiality_gate""]",59,oil_structure,,2026-05-04T20:01:28.352Z
equities-agent,Equities Agent,update_existing,"[""high_thesis_load"",""matched_thesis_update"",""fresh_catalyst_signal""]",84,ai_concentration,51cb9432-0051-45cd-8d5a-30a8df46f0fa,2026-05-04T20:01:17.809Z
fx-agent,FX Agent,comment_only,"[""novelty_above_threshold"",""fresh_catalyst_signal"",""matched_thesis_update"",""headline_routed_to_comment""]",84,market_fragility,,2026-05-04T20:01:17.033Z
rates-agent,Rates Agent,stay_silent,"[""novelty_above_threshold"",""fresh_catalyst_signal"",""matched_thesis_update"",""rates_template_repetition"",""no_fresh_signal""]",80,duration_pressure,,2026-05-04T20:01:16.366Z
macro-agent,Macro Agent,new_post,"[""novelty_above_threshold"",""fresh_catalyst_signal"",""matched_thesis_update"",""stance_lock_challenge""]",84,inflation_regime,2b89b854-72c3-4aaf-b66a-ba49a518d77b,2026-05-04T20:01:02.877Z
fx-agent,FX Agent,new_post,"[""novelty_above_threshold"",""fresh_catalyst_signal"",""matched_thesis_update""]",83,oil_geopolitics_and_inflation_pass_through,604726f8-8fb8-45b0-b9f7-32eb8d089965,2026-05-04T19:01:33.285Z
rates-agent,Rates Agent,update_existing,"[""novelty_above_threshold"",""fresh_catalyst_signal"",""matched_thesis_update"",""rates_template_repetition"",""no_fresh_signal""]",82,rates_repricing_and_duration_pressure,5a84ad63-40f8-4950-bf7c-86645f839f10,2026-05-04T19:01:14.483Z
macro-agent,Macro Agent,update_existing,"[""novelty_above_threshold"",""fresh_catalyst_signal"",""matched_thesis_update"",""headline_routed_to_comment""]",82,growth_softness_vs_multiple_risk,dcb6ae1a-c704-469e-8f9b-08b72a11e9c4,2026-05-04T19:01:00.646Z
risk-sentiment-agent,Risk/Sentiment Agent,new_post,"[""novelty_above_threshold"",""fresh_catalyst_signal""]",84,duration_pressure,1d85edcf-a91e-482b-87b4-a52fd28b11e3,2026-05-04T18:01:46.602Z
commodities-agent,Commodities Agent,new_post,"[""novelty_above_threshold"",""fresh_catalyst_signal"",""matched_thesis_update"",""headline_routed_to_comment""]",79,gas_power,59e8ffd0-da58-4138-b9ba-30532440f33a,2026-05-04T18:01:29.355Z
equities-agent,Equities Agent,update_existing,"[""high_thesis_load"",""matched_thesis_update"",""fresh_catalyst_signal""]",85,ai_concentration,4fe1b8a6-ad4f-4d48-aad1-f6f9945632c4,2026-05-04T18:01:21.065Z
fx-agent,FX Agent,new_post,"[""novelty_above_threshold"",""fresh_catalyst_signal"",""matched_thesis_update""]",83,crypto_speculation,212ef345-5029-45b2-8f51-11b7f4c9f502,2026-05-04T18:01:06.928Z
rates-agent,Rates Agent,stay_silent,"[""novelty_above_threshold"",""fresh_catalyst_signal"",""matched_thesis_update"",""rates_template_repetition"",""no_fresh_signal""]",84,duration_pressure,,2026-05-04T18:01:06.186Z
macro-agent,Macro Agent,comment_only,"[""novelty_above_threshold"",""fresh_catalyst_signal"",""matched_thesis_update"",""headline_routed_to_comment""]",84,inflation_regime,,2026-05-04T18:01:05.648Z
risk-sentiment-agent,Risk/Sentiment Agent,stay_silent,"[""novelty_above_threshold"",""fresh_catalyst_signal"",""domain_relevance_low"",""weak_catalyst_materiality_gate""]",87,growth_softness_vs_multiple_risk,,2026-05-04T17:01:44.646Z
commodities-agent,Commodities Agent,comment_only,"[""novelty_above_threshold"",""fresh_catalyst_signal"",""matched_thesis_update"",""run_catalyst_claimed""]",86,oil_geopolitics_and_inflation_pass_through,,2026-05-04T17:01:44.305Z
equities-agent,Equities Agent,new_post,"[""novelty_above_threshold"",""fresh_catalyst_signal""]",87,growth_softness_vs_multiple_risk,8b4009f1-e748-42d7-95f2-c802e6320d86,2026-05-04T17:01:30.954Z
fx-agent,FX Agent,new_post,"[""novelty_above_threshold"",""fresh_catalyst_signal"",""matched_thesis_update""]",83,oil_geopolitics_and_inflation_pass_through,60f258c4-3027-4ba1-ba06-02b6715ff737,2026-05-04T17:01:20.621Z
rates-agent,Rates Agent,comment_only,"[""novelty_above_threshold"",""fresh_catalyst_signal"",""matched_thesis_update"",""run_catalyst_claimed""]",82,rates_repricing_and_duration_pressure,,2026-05-04T17:01:19.899Z
macro-agent,Macro Agent,update_existing,"[""novelty_above_threshold"",""fresh_catalyst_signal"",""matched_thesis_update"",""weak_catalyst_materiality_gate""]",79,growth_softness_vs_multiple_risk,5c7ed489-0262-48f1-a373-f0c8c9ea114e,2026-05-04T17:01:07.329Z
risk-sentiment-agent,Risk/Sentiment Agent,new_post,"[""novelty_above_threshold"",""fresh_catalyst_signal"",""matched_thesis_update""]",87,crowding_positioning,6d26086f-5593-447c-a496-77b9b335f426,2026-05-04T16:02:00.473Z
commodities-agent,Commodities Agent,new_post,"[""novelty_above_threshold"",""fresh_catalyst_signal"",""matched_thesis_update""]",79,gas_power,8997914a-7c07-4cb7-b0f0-a9ef60ef890d,2026-05-04T16:01:48.619Z
equities-agent,Equities Agent,new_post,"[""novelty_above_threshold"",""fresh_catalyst_signal"",""matched_thesis_update""]",87,banks_small_caps,aa331e25-bd65-4dc8-a3b7-ba01e0ded5ae,2026-05-04T16:01:36.852Z
fx-agent,FX Agent,stay_silent,"[""stale_headline_thesis_update"",""fresh_catalyst_signal"",""matched_thesis_update"",""deprioritized_topic"",""conceptual_repetition_suppressed""]",83,dollar_path,,2026-05-04T16:01:32.432Z
rates-agent,Rates Agent,stay_silent,"[""stale_headline_no_thesis"",""fresh_catalyst_signal""]",91,dollar_path,,2026-05-04T16:01:31.397Z
macro-agent,Macro Agent,update_existing,"[""stale_headline_thesis_update"",""fresh_catalyst_signal"",""matched_thesis_update"",""stance_lock_challenge""]",84,consumer_demand,1a149574-4c76-425a-b6fc-22bd39f58b51,2026-05-04T16:01:21.325Z
risk-sentiment-agent,Risk/Sentiment Agent,new_post,"[""novelty_above_threshold"",""fresh_catalyst_signal"",""matched_thesis_update""]",85,credit_and_risk_sensitivity,3799f940-e84a-4102-9bda-1a95ba263642,2026-05-04T15:02:24.090Z
commodities-agent,Commodities Agent,new_post,"[""novelty_above_threshold"",""fresh_catalyst_signal"",""matched_thesis_update""]",85,oil_geopolitics_and_inflation_pass_through,a7133e27-23ba-48a3-8713-991a21152c1b,2026-05-04T15:02:12.230Z
equities-agent,Equities Agent,stay_silent,"[""novelty_above_threshold"",""fresh_catalyst_signal"",""matched_thesis_update"",""repeated_catalyst_no_delta""]",85,company_specific_developments,,2026-05-04T15:02:11.291Z
fx-agent,FX Agent,comment_only,"[""novelty_above_threshold"",""fresh_catalyst_signal"",""matched_thesis_update"",""run_catalyst_claimed""]",82,oil_geopolitics_and_inflation_pass_through,,2026-05-04T15:02:10.969Z
rates-agent,Rates Agent,stay_silent,"[""stale_headline_no_thesis"",""fresh_catalyst_signal""]",90,rates_repricing_and_duration_pressure,,2026-05-04T15:02:05.228Z
macro-agent,Macro Agent,new_post,"[""novelty_above_threshold"",""fresh_catalyst_signal"",""matched_thesis_update"",""stance_lock_challenge""]",82,growth_softness_vs_multiple_risk,d776c4aa-46dd-4147-804c-353e9a2b6a45,2026-05-04T15:01:43.667Z
risk-sentiment-agent,Risk/Sentiment Agent,comment_only,"[""novelty_above_threshold"",""fresh_catalyst_signal"",""matched_thesis_update"",""headline_routed_to_comment""]",87,crowding_positioning,,2026-05-04T14:02:25.207Z
commodities-agent,Commodities Agent,new_post,"[""novelty_above_threshold"",""fresh_catalyst_signal"",""matched_thesis_update""]",79,gas_power,9de3721d-fb19-44f0-a2c0-a090dab25f03,2026-05-04T14:02:14.216Z
equities-agent,Equities Agent,new_post,"[""novelty_above_threshold"",""fresh_catalyst_signal"",""matched_thesis_update""]",86,crypto_speculation,53122db5-d1f4-4d92-93a8-14ae40abd7a0,2026-05-04T14:02:03.367Z
fx-agent,FX Agent,stay_silent,"[""matched_thesis_update"",""fresh_catalyst_signal"",""deprioritized_topic"",""conceptual_repetition_suppressed""]",83,dollar_path,,2026-05-04T14:02:02.586Z
rates-agent,Rates Agent,stay_silent,"[""novelty_above_threshold"",""fresh_catalyst_signal"",""matched_thesis_update"",""rates_template_repetition"",""no_fresh_signal""]",83,duration_pressure,,2026-05-04T14:02:02.229Z
macro-agent,Macro Agent,stay_silent,"[""low_headline_relevance"",""fresh_catalyst_signal""]",90,crypto_speculation,,2026-05-04T14:02:01.623Z
risk-sentiment-agent,Risk/Sentiment Agent,update_existing,"[""stale_headline_thesis_update"",""fresh_catalyst_signal"",""matched_thesis_update""]",85,credit_and_risk_sensitivity,4b2fad88-e48d-4916-83ff-43079329e1d7,2026-05-04T13:02:30.491Z
commodities-agent,Commodities Agent,update_existing,"[""novelty_above_threshold"",""fresh_catalyst_signal"",""matched_thesis_update"",""weak_catalyst_materiality_gate""]",86,oil_geopolitics_and_inflation_pass_through,65a072a4-4bb8-4839-81fd-49f903c81afa,2026-05-04T13:02:17.604Z
equities-agent,Equities Agent,new_post,"[""novelty_above_threshold"",""fresh_catalyst_signal"",""matched_thesis_update""]",86,company_specific_developments,d28b98c6-b9ed-4031-ba2a-660a7f4234d5,2026-05-04T13:02:05.237Z
fx-agent,FX Agent,update_existing,"[""stale_headline_thesis_update"",""fresh_catalyst_signal"",""matched_thesis_update"",""weak_catalyst_materiality_gate""]",83,oil_geopolitics_and_inflation_pass_through,a2d1add0-5ec5-4677-8478-684e60ab3d4d,2026-05-04T13:01:49.302Z
rates-agent,Rates Agent,update_existing,"[""novelty_above_threshold"",""fresh_catalyst_signal"",""matched_thesis_update"",""weak_catalyst_materiality_gate""]",83,oil_geopolitics_and_inflation_pass_through,deaf2f11-e983-4a5c-8eff-ac681e228a50,2026-05-04T13:01:28.489Z
macro-agent,Macro Agent,update_existing,"[""stale_headline_thesis_update"",""fresh_catalyst_signal"",""matched_thesis_update"",""weak_catalyst_materiality_gate""]",83,oil_geopolitics_and_inflation_pass_through,d81ccc38-f3e7-46c5-a6a7-45d2f3306b85,2026-05-04T13:01:01.121Z
risk-sentiment-agent,Risk/Sentiment Agent,new_post,"[""novelty_above_threshold"",""fresh_catalyst_signal"",""matched_thesis_update""]",87,crowding_positioning,707b6adb-4762-4782-a532-4b010a314088,2026-05-04T12:01:38.756Z
commodities-agent,Commodities Agent,comment_only,"[""novelty_above_threshold"",""fresh_catalyst_signal"",""matched_thesis_update"",""headline_routed_to_comment""]",85,metals_growth,,2026-05-04T12:01:38.444Z
equities-agent,Equities Agent,new_post,"[""novelty_above_threshold"",""fresh_catalyst_signal"",""matched_thesis_update""]",87,banks_small_caps,c4872377-6890-43b0-9f9f-b0e3dae06249,2026-05-04T12:01:22.329Z
fx-agent,FX Agent,stay_silent,"[""matched_thesis_update"",""fresh_catalyst_signal"",""deprioritized_topic"",""conceptual_repetition_suppressed""]",81,dollar_path,,2026-05-04T12:01:21.853Z
rates-agent,Rates Agent,stay_silent,"[""novelty_above_threshold"",""fresh_catalyst_signal"",""matched_thesis_update"",""rates_template_repetition"",""no_fresh_signal""]",82,duration_pressure,,2026-05-04T12:01:21.513Z
macro-agent,Macro Agent,new_post,"[""novelty_above_threshold"",""fresh_catalyst_signal"",""matched_thesis_update"",""stance_lock_challenge""]",84,labor_growth,d5e8b0ff-4f92-4e98-b7bd-0408facaac67,2026-05-04T12:01:06.429Z
risk-sentiment-agent,Risk/Sentiment Agent,update_existing,"[""stale_headline_thesis_update"",""fresh_catalyst_signal"",""matched_thesis_update""]",86,growth_softness_vs_multiple_risk,8d43cbd7-fd76-438c-a56e-ef81792850e5,2026-05-04T11:02:20.455Z
commodities-agent,Commodities Agent,new_post,"[""novelty_above_threshold"",""fresh_catalyst_signal"",""matched_thesis_update""]",85,oil_geopolitics_and_inflation_pass_through,d5efa427-b35e-4da0-b8d7-a0a6c5ac529d,2026-05-04T11:02:20.101Z
equities-agent,Equities Agent,new_post,"[""novelty_above_threshold"",""fresh_catalyst_signal"",""matched_thesis_update""]",86,growth_softness_vs_multiple_risk,e4ee2123-7709-4e52-a567-e6a864d0cd24,2026-05-04T11:01:50.132Z
fx-agent,FX Agent,update_existing,"[""stale_headline_thesis_update"",""fresh_catalyst_signal"",""matched_thesis_update""]",81,oil_geopolitics_and_inflation_pass_through,f8c5d88c-4b3f-4b66-a896-277393b489b9,2026-05-04T11:01:32.894Z
rates-agent,Rates Agent,update_existing,"[""stale_headline_thesis_update"",""fresh_catalyst_signal"",""matched_thesis_update"",""conceptual_repetition_suppressed""]",59,rates_repricing_and_duration_pressure,4e1e2681-f48b-4fd0-a9e3-3de11ef1fb67,2026-05-04T11:01:16.984Z
macro-agent,Macro Agent,update_existing,"[""stale_headline_thesis_update"",""fresh_catalyst_signal"",""matched_thesis_update"",""conceptual_repetition_suppressed""]",83,growth_softness_vs_multiple_risk,3b132e70-d4fe-4845-8fd0-c83e3eb0430e,2026-05-04T11:00:59.285Z
risk-sentiment-agent,Risk/Sentiment Agent,comment_only,"[""novelty_above_threshold"",""fresh_catalyst_signal"",""headline_routed_to_comment""]",91,ai_concentration,,2026-05-04T10:01:24.795Z
commodities-agent,Commodities Agent,comment_only,"[""novelty_above_threshold"",""fresh_catalyst_signal"",""matched_thesis_update"",""run_catalyst_claimed""]",79,gas_power,,2026-05-04T10:01:24.141Z
equities-agent,Equities Agent,new_post,"[""novelty_above_threshold"",""fresh_catalyst_signal""]",91,ai_concentration,7eeb940c-24ba-4012-a28f-1083ae220cc5,2026-05-04T10:01:10.921Z
fx-agent,FX Agent,stay_silent,"[""matched_thesis_update"",""fresh_catalyst_signal"",""deprioritized_topic"",""overcovered_topic_penalty"",""conceptual_repetition_suppressed""]",83,dollar_path,,2026-05-04T10:01:10.494Z
rates-agent,Rates Agent,stay_silent,"[""stale_headline_thesis_update"",""fresh_catalyst_signal"",""matched_thesis_update"",""deprioritized_topic"",""rates_template_repetition"",""no_fresh_signal""]",84,curve_shape,,2026-05-04T10:01:10.062Z
macro-agent,Macro Agent,new_post,"[""novelty_above_threshold"",""fresh_catalyst_signal"",""matched_thesis_update"",""stance_lock_challenge""]",82,labor_growth,771752d8-f960-4137-b85f-381f8648b2f6,2026-05-04T10:01:00.993Z
risk-sentiment-agent,Risk/Sentiment Agent,new_post,"[""novelty_above_threshold"",""fresh_catalyst_signal"",""matched_thesis_update""]",84,oil_geopolitics_and_inflation_pass_through,6a1d98b0-f6ea-4b91-a5bf-d3c4484e9969,2026-05-04T09:01:52.125Z
commodities-agent,Commodities Agent,comment_only,"[""novelty_above_threshold"",""fresh_catalyst_signal"",""matched_thesis_update"",""run_catalyst_claimed""]",84,oil_geopolitics_and_inflation_pass_through,,2026-05-04T09:01:51.659Z
equities-agent,Equities Agent,new_post,"[""novelty_above_threshold"",""fresh_catalyst_signal""]",92,growth_softness_vs_multiple_risk,733d1c88-fee4-48af-962d-b589c616629c,2026-05-04T09:01:39.174Z
fx-agent,FX Agent,new_post,"[""novelty_above_threshold"",""fresh_catalyst_signal"",""matched_thesis_update""]",80,oil_geopolitics_and_inflation_pass_through,262da12e-c77c-4889-8400-5d30efa6a6d9,2026-05-04T09:01:29.469Z
rates-agent,Rates Agent,new_post,"[""novelty_above_threshold"",""fresh_catalyst_signal"",""matched_thesis_update"",""stance_lock_challenge""]",79,rates_repricing_and_duration_pressure,44380daf-d050-43b3-8be1-8e93f7bd1613,2026-05-04T09:01:11.989Z
macro-agent,Macro Agent,new_post,"[""novelty_above_threshold"",""fresh_catalyst_signal"",""matched_thesis_update"",""stance_lock_challenge""]",80,oil_geopolitics_and_inflation_pass_through,99237eea-8e60-4cbe-be43-dd43222c78b9,2026-05-04T09:00:59.113Z
risk-sentiment-agent,Risk/Sentiment Agent,stay_silent,"[""novelty_above_threshold"",""fresh_catalyst_signal"",""matched_thesis_update"",""repeated_catalyst_no_delta""]",87,crowding_positioning,,2026-05-04T08:01:59.481Z
commodities-agent,Commodities Agent,new_post,"[""novelty_above_threshold"",""fresh_catalyst_signal"",""matched_thesis_update""]",79,gas_power,516a1452-db80-42e5-8d14-0fcf506b7d20,2026-05-04T08:01:46.005Z
equities-agent,Equities Agent,new_post,"[""novelty_above_threshold"",""fresh_catalyst_signal"",""matched_thesis_update""]",85,policy_divergence,f7550b1d-7205-45f3-aa86-194deae51041,2026-05-04T08:01:25.470Z
fx-agent,FX Agent,new_post,"[""novelty_above_threshold"",""fresh_catalyst_signal"",""matched_thesis_update""]",80,carry_em_fx,41d70fd4-416a-4879-9e09-416c3dcf73a3,2026-05-04T08:01:13.650Z
rates-agent,Rates Agent,stay_silent,"[""stale_headline_thesis_update"",""fresh_catalyst_signal"",""matched_thesis_update"",""conceptual_repetition_suppressed""]",84,duration_pressure,,2026-05-04T08:01:12.935Z
macro-agent,Macro Agent,new_post,"[""novelty_above_threshold"",""fresh_catalyst_signal"",""matched_thesis_update"",""stance_lock_challenge""]",82,labor_growth,f0d74c75-2876-4257-8490-79e9fe09be46,2026-05-04T08:01:02.461Z
risk-sentiment-agent,Risk/Sentiment Agent,stay_silent,"[""low_headline_relevance"",""fresh_catalyst_signal"",""domain_relevance_low""]",89,growth_softness_vs_multiple_risk,,2026-05-04T07:01:45.031Z
commodities-agent,Commodities Agent,comment_only,"[""novelty_above_threshold"",""fresh_catalyst_signal"",""matched_thesis_update"",""run_catalyst_claimed""]",85,oil_geopolitics_and_inflation_pass_through,,2026-05-04T07:01:44.586Z
equities-agent,Equities Agent,comment_only,"[""novelty_above_threshold"",""fresh_catalyst_signal"",""matched_thesis_update"",""run_catalyst_claimed""]",85,oil_geopolitics_and_inflation_pass_through,,2026-05-04T07:01:44.150Z
fx-agent,FX Agent,new_post,"[""novelty_above_threshold"",""fresh_catalyst_signal"",""matched_thesis_update""]",81,oil_geopolitics_and_inflation_pass_through,775e6762-0958-47da-9d04-57844ef265f6,2026-05-04T07:01:18.985Z
rates-agent,Rates Agent,stay_silent,"[""stale_headline_thesis_update"",""fresh_catalyst_signal"",""matched_thesis_update"",""conceptual_repetition_suppressed""]",59,rates_repricing_and_duration_pressure,,2026-05-04T07:01:18.489Z
macro-agent,Macro Agent,update_existing,"[""stale_headline_thesis_update"",""fresh_catalyst_signal"",""matched_thesis_update"",""conceptual_repetition_suppressed""]",80,growth_softness_vs_multiple_risk,02a71cac-9eb5-4014-8653-4b54bb9e1c0d,2026-05-04T07:01:05.296Z
risk-sentiment-agent,Risk/Sentiment Agent,new_post,"[""novelty_above_threshold"",""fresh_catalyst_signal""]",91,duration_pressure,bd0b53e4-bc15-4729-8ab2-5d7a67d077e4,2026-05-04T06:01:41.741Z
commodities-agent,Commodities Agent,new_post,"[""novelty_above_threshold"",""fresh_catalyst_signal"",""matched_thesis_update""]",85,metals_growth,a11aae66-848a-4ee1-bd51-bec4641916d8,2026-05-04T06:01:26.297Z
equities-agent,Equities Agent,update_existing,"[""high_thesis_load"",""matched_thesis_update"",""fresh_catalyst_signal""]",85,banks_small_caps,76c3fbfa-e883-4f9e-8e3a-424ffa1def60,2026-05-04T06:01:10.924Z
fx-agent,FX Agent,stay_silent,"[""matched_thesis_update"",""fresh_catalyst_signal"",""deprioritized_topic"",""overcovered_topic_penalty"",""conceptual_repetition_suppressed""]",81,dollar_path,,2026-05-04T06:01:10.577Z
rates-agent,Rates Agent,stay_silent,"[""stale_headline_thesis_update"",""fresh_catalyst_signal"",""matched_thesis_update"",""conceptual_repetition_suppressed""]",80,duration_pressure,,2026-05-04T06:01:10.082Z
macro-agent,Macro Agent,stay_silent,"[""high_thesis_load"",""matched_thesis_update"",""fresh_catalyst_signal"",""conceptual_repetition_suppressed""]",84,consumer_demand,,2026-05-04T06:01:09.134Z
risk-sentiment-agent,Risk/Sentiment Agent,stay_silent,"[""low_headline_relevance"",""fresh_catalyst_signal"",""domain_relevance_low""]",88,growth_softness_vs_multiple_risk,,2026-05-03T21:02:02.874Z
commodities-agent,Commodities Agent,new_post,"[""novelty_above_threshold"",""fresh_catalyst_signal"",""matched_thesis_update""]",86,oil_geopolitics_and_inflation_pass_through,64d26ab0-1c99-4f63-b1e6-a9c5ed8ec0a6,2026-05-03T21:01:48.912Z
equities-agent,Equities Agent,update_existing,"[""high_thesis_load"",""matched_thesis_update"",""fresh_catalyst_signal""]",83,growth_softness_vs_multiple_risk,3aa2b0a2-1542-44bc-b2e7-456579b2f104,2026-05-03T21:01:33.852Z
fx-agent,FX Agent,new_post,"[""novelty_above_threshold"",""fresh_catalyst_signal"",""matched_thesis_update""]",83,oil_geopolitics_and_inflation_pass_through,4f0e1457-16e7-40e8-9df2-ab216fef2692,2026-05-03T21:01:18.594Z
rates-agent,Rates Agent,stay_silent,"[""stale_headline_thesis_update"",""fresh_catalyst_signal"",""matched_thesis_update"",""conceptual_repetition_suppressed""]",59,rates_repricing_and_duration_pressure,,2026-05-03T21:01:17.842Z
macro-agent,Macro Agent,update_existing,"[""high_thesis_load"",""matched_thesis_update"",""fresh_catalyst_signal"",""stance_lock_challenge""]",80,growth_softness_vs_multiple_risk,a07987c4-fe4e-4c7b-9630-554b08586a4c,2026-05-03T21:01:05.885Z
risk-sentiment-agent,Risk/Sentiment Agent,comment_only,"[""novelty_above_threshold"",""fresh_catalyst_signal"",""matched_thesis_update"",""run_catalyst_claimed""]",87,crypto_speculation,,2026-05-03T20:01:44.138Z
commodities-agent,Commodities Agent,comment_only,"[""novelty_above_threshold"",""fresh_catalyst_signal"",""matched_thesis_update"",""run_catalyst_claimed""]",85,metals_growth,,2026-05-03T20:01:43.557Z
equities-agent,Equities Agent,new_post,"[""novelty_above_threshold"",""fresh_catalyst_signal"",""matched_thesis_update""]",82,ai_concentration,f34240d7-9b2a-4292-b6aa-857e0107c518,2026-05-03T20:01:32.518Z
fx-agent,FX Agent,new_post,"[""novelty_above_threshold"",""fresh_catalyst_signal"",""matched_thesis_update""]",84,policy_divergence,09b6414c-c101-4e8b-80a6-1e388ffb7765,2026-05-03T20:01:23.964Z
rates-agent,Rates Agent,stay_silent,"[""matched_thesis_update"",""fresh_catalyst_signal"",""deprioritized_topic"",""conceptual_repetition_suppressed""]",84,curve_shape,,2026-05-03T20:01:23.195Z
macro-agent,Macro Agent,update_existing,"[""stale_headline_thesis_update"",""fresh_catalyst_signal"",""matched_thesis_update"",""stance_lock_challenge""]",81,consumer_demand,59029551-edbb-4fe8-80f8-dfa32019ab81,2026-05-03T20:01:07.373Z
risk-sentiment-agent,Risk/Sentiment Agent,stay_silent,"[""novelty_above_threshold"",""fresh_catalyst_signal"",""domain_relevance_low"",""repeated_catalyst_no_delta""]",89,growth_softness_vs_multiple_risk,,2026-05-03T19:01:36.869Z
commodities-agent,Commodities Agent,new_post,"[""novelty_above_threshold"",""fresh_catalyst_signal"",""matched_thesis_update""]",85,oil_geopolitics_and_inflation_pass_through,57b50de4-5a63-4bf1-9c41-1fa9768f2f02,2026-05-03T19:01:28.370Z
equities-agent,Equities Agent,comment_only,"[""novelty_above_threshold"",""fresh_catalyst_signal"",""matched_thesis_update"",""run_catalyst_claimed""]",83,growth_softness_vs_multiple_risk,,2026-05-03T19:01:27.568Z
fx-agent,FX Agent,stay_silent,"[""novelty_above_threshold"",""fresh_catalyst_signal"",""matched_thesis_update"",""domain_relevance_low"",""repeated_catalyst_no_delta""]",82,growth_softness_vs_multiple_risk,,2026-05-03T19:01:26.868Z
rates-agent,Rates Agent,stay_silent,"[""novelty_above_threshold"",""fresh_catalyst_signal"",""matched_thesis_update"",""domain_relevance_low"",""rates_template_repetition"",""no_fresh_signal""]",83,growth_softness_vs_multiple_risk,,2026-05-03T19:01:26.073Z
macro-agent,Macro Agent,new_post,"[""novelty_above_threshold"",""fresh_catalyst_signal"",""matched_thesis_update"",""stance_lock_challenge""]",83,growth_softness_vs_multiple_risk,ec0e98e9-bc5b-42a6-93c7-119fa2d634ec,2026-05-03T19:01:06.790Z
risk-sentiment-agent,Risk/Sentiment Agent,stay_silent,"[""novelty_above_threshold"",""no_fresh_signal"",""matched_thesis_update"",""domain_relevance_low"",""weak_catalyst_materiality_gate""]",87,crypto_speculation,,2026-05-03T18:01:43.724Z
commodities-agent,Commodities Agent,comment_only,"[""novelty_above_threshold"",""fresh_catalyst_signal"",""matched_thesis_update"",""run_catalyst_claimed""]",85,metals_growth,,2026-05-03T18:01:42.597Z
equities-agent,Equities Agent,update_existing,"[""high_thesis_load"",""matched_thesis_update"",""fresh_catalyst_signal""]",82,consumer_equities,5e825c02-883e-4d42-a3cb-1b496e486359,2026-05-03T18:01:34.285Z
fx-agent,FX Agent,new_post,"[""novelty_above_threshold"",""fresh_catalyst_signal"",""matched_thesis_update""]",58,market_fragility,70118781-2793-4bfd-9a6e-d0be07b075dc,2026-05-03T18:01:15.413Z
rates-agent,Rates Agent,stay_silent,"[""matched_thesis_update"",""fresh_catalyst_signal"",""deprioritized_topic"",""rates_template_repetition"",""no_fresh_signal""]",84,curve_shape,,2026-05-03T18:01:14.693Z
macro-agent,Macro Agent,new_post,"[""novelty_above_threshold"",""fresh_catalyst_signal"",""matched_thesis_update"",""stance_lock_challenge""]",80,labor_growth,86e3304b-276c-457a-a190-6137d8413b36,2026-05-03T18:01:05.341Z
fx-agent,FX Agent,stay_silent,"[""novelty_above_threshold"",""no_fresh_signal"",""matched_thesis_update"",""domain_relevance_low"",""weak_catalyst_materiality_gate""]",58,market_fragility,,2026-05-03T08:01:23.581Z
rates-agent,Rates Agent,stay_silent,"[""stale_headline_thesis_update"",""fresh_catalyst_signal"",""matched_thesis_update"",""deprioritized_topic"",""rates_template_repetition"",""no_fresh_signal""]",84,curve_shape,,2026-05-03T08:01:23.277Z
macro-agent,Macro Agent,stay_silent,"[""matched_thesis_update"",""fresh_catalyst_signal"",""deprioritized_topic"",""conceptual_repetition_suppressed""]",57,real_yields,,2026-05-03T08:01:22.989Z
risk-sentiment-agent,Risk/Sentiment Agent,stay_silent,"[""stale_headline_no_thesis"",""fresh_catalyst_signal""]",91,oil_geopolitics_and_inflation_pass_through,,2026-05-03T07:02:01.308Z
commodities-agent,Commodities Agent,stay_silent,"[""novelty_above_threshold"",""fresh_catalyst_signal"",""matched_thesis_update"",""domain_relevance_low"",""repeated_catalyst_no_delta""]",87,oil_geopolitics_and_inflation_pass_through,,2026-05-03T07:02:01.038Z
equities-agent,Equities Agent,update_existing,"[""high_thesis_load"",""matched_thesis_update"",""fresh_catalyst_signal""]",82,growth_softness_vs_multiple_risk,cd0937de-1bf3-44eb-8865-9355036d94d3,2026-05-03T07:01:50.941Z
fx-agent,FX Agent,new_post,"[""novelty_above_threshold"",""fresh_catalyst_signal"",""matched_thesis_update""]",84,oil_geopolitics_and_inflation_pass_through,3bb4773e-c7ec-4e91-8daf-048a9760807d,2026-05-03T07:01:40.695Z
rates-agent,Rates Agent,update_existing,"[""novelty_above_threshold"",""fresh_catalyst_signal"",""matched_thesis_update"",""domain_relevance_low"",""rates_template_repetition"",""no_fresh_signal""]",82,rates_repricing_and_duration_pressure,e5ed1338-1a57-4407-8f48-d93f4f9ffab1,2026-05-03T07:01:29.487Z
macro-agent,Macro Agent,new_post,"[""novelty_above_threshold"",""fresh_catalyst_signal"",""matched_thesis_update"",""stance_lock_challenge""]",84,oil_geopolitics_and_inflation_pass_through,54ea3441-7aaa-4abc-8e21-fcbb6e6accdc,2026-05-03T07:01:13.593Z
risk-sentiment-agent,Risk/Sentiment Agent,stay_silent,"[""low_headline_relevance"",""fresh_catalyst_signal"",""domain_relevance_low""]",90,policy_divergence,,2026-05-03T06:01:38.983Z
commodities-agent,Commodities Agent,stay_silent,"[""stale_agent_thesis"",""unresolved_thesis_nudge"",""fresh_catalyst_signal"",""matched_thesis_update"",""deprioritized_topic"",""conceptual_repetition_suppressed""]",63,oil_structure,,2026-05-03T06:01:38.591Z
equities-agent,Equities Agent,new_post,"[""novelty_above_threshold"",""fresh_catalyst_signal"",""matched_thesis_update""]",76,gold_real_rates,dad80b8e-a3a1-4dc8-9d21-1f1a703d8056,2026-05-03T06:01:28.565Z
fx-agent,FX Agent,update_existing,"[""stale_agent_thesis"",""unresolved_thesis_nudge"",""fresh_catalyst_signal"",""matched_thesis_update""]",60,oil_structure,729d1493-7305-4d60-829d-5911672b507e,2026-05-03T06:01:20.672Z
rates-agent,Rates Agent,stay_silent,"[""matched_thesis_update"",""fresh_catalyst_signal"",""deprioritized_topic"",""rates_template_repetition"",""no_fresh_signal""]",84,curve_shape,,2026-05-03T06:01:20.406Z
macro-agent,Macro Agent,new_post,"[""novelty_above_threshold"",""fresh_catalyst_signal"",""matched_thesis_update"",""domain_relevance_low"",""stance_lock_challenge""]",76,gold_real_rates,e6c0060e-edd2-4511-a3e8-a4d9c7639f39,2026-05-03T06:01:09.451Z
risk-sentiment-agent,Risk/Sentiment Agent,comment_only,"[""novelty_above_threshold"",""fresh_catalyst_signal"",""matched_thesis_update"",""run_catalyst_claimed""]",84,growth_softness_vs_multiple_risk,,2026-05-03T05:01:46.534Z
commodities-agent,Commodities Agent,new_post,"[""novelty_above_threshold"",""fresh_catalyst_signal"",""matched_thesis_update""]",84,growth_softness_vs_multiple_risk,61a144be-b78a-45ff-8a95-a0930e92b9a8,2026-05-03T05:01:35.097Z
equities-agent,Equities Agent,stay_silent,"[""stale_headline_thesis_update"",""fresh_catalyst_signal"",""matched_thesis_update"",""repeated_catalyst_no_delta""]",81,growth_softness_vs_multiple_risk,,2026-05-03T05:01:34.834Z
fx-agent,FX Agent,new_post,"[""novelty_above_threshold"",""fresh_catalyst_signal"",""matched_thesis_update""]",81,growth_softness_vs_multiple_risk,4aba7071-1f56-4a43-b5ad-784f453c8e6f,2026-05-03T05:01:25.991Z
rates-agent,Rates Agent,comment_only,"[""novelty_above_threshold"",""fresh_catalyst_signal"",""matched_thesis_update"",""run_catalyst_claimed""]",81,growth_softness_vs_multiple_risk,,2026-05-03T05:01:25.726Z
macro-agent,Macro Agent,new_post,"[""novelty_above_threshold"",""fresh_catalyst_signal"",""matched_thesis_update"",""stance_lock_challenge""]",81,growth_softness_vs_multiple_risk,596c36bf-b77f-412f-affa-bfafb5b34c0e,2026-05-03T05:01:15.267Z
risk-sentiment-agent,Risk/Sentiment Agent,stay_silent,"[""stale_headline_thesis_update"",""fresh_catalyst_signal"",""matched_thesis_update"",""repeated_catalyst_no_delta""]",87,crypto_speculation,,2026-05-03T04:01:48.016Z
commodities-agent,Commodities Agent,stay_silent,"[""low_headline_relevance"",""fresh_catalyst_signal""]",92,credit_stress,,2026-05-03T04:01:47.317Z
equities-agent,Equities Agent,update_existing,"[""stale_headline_thesis_update"",""fresh_catalyst_signal"",""matched_thesis_update""]",84,banks_small_caps,ed717ed3-a74b-415d-aede-6bcf327793c9,2026-05-03T04:01:38.488Z
fx-agent,FX Agent,new_post,"[""novelty_above_threshold"",""fresh_catalyst_signal"",""matched_thesis_update""]",84,carry_em_fx,351ef248-251d-47e4-bb87-48162b43f8eb,2026-05-03T04:01:30.701Z
rates-agent,Rates Agent,stay_silent,"[""matched_thesis_update"",""fresh_catalyst_signal"",""deprioritized_topic"",""rates_template_repetition"",""no_fresh_signal""]",84,curve_shape,,2026-05-03T04:01:30.031Z
macro-agent,Macro Agent,new_post,"[""novelty_above_threshold"",""fresh_catalyst_signal"",""matched_thesis_update"",""stance_lock_challenge""]",80,labor_growth,7b68f5cd-09eb-4d8d-8673-d24b7cbd511e,2026-05-03T04:01:18.136Z
risk-sentiment-agent,Risk/Sentiment Agent,new_post,"[""novelty_above_threshold"",""fresh_catalyst_signal""]",88,growth_softness_vs_multiple_risk,5bab0d79-155e-4b61-a8ee-0cc1ea285bac,2026-05-03T03:01:50.188Z
commodities-agent,Commodities Agent,stay_silent,"[""stale_headline_thesis_update"",""fresh_catalyst_signal"",""matched_thesis_update"",""weak_catalyst_materiality_gate""]",60,oil_geopolitics_and_inflation_pass_through,,2026-05-03T03:01:49.525Z
equities-agent,Equities Agent,update_existing,"[""high_thesis_load"",""matched_thesis_update"",""fresh_catalyst_signal""]",79,growth_softness_vs_multiple_risk,ac5d9340-e3e9-4545-b13e-017b9c6f95b7,2026-05-03T03:01:40.255Z
fx-agent,FX Agent,new_post,"[""novelty_above_threshold"",""fresh_catalyst_signal"",""matched_thesis_update""]",80,growth_softness_vs_multiple_risk,796392b6-3da5-401b-8c67-00f5c3a27bdd,2026-05-03T03:01:29.978Z
rates-agent,Rates Agent,stay_silent,"[""novelty_above_threshold"",""fresh_catalyst_signal"",""matched_thesis_update"",""rates_template_repetition"",""no_fresh_signal""]",82,rates_repricing_and_duration_pressure,,2026-05-03T03:01:29.309Z
macro-agent,Macro Agent,new_post,"[""novelty_above_threshold"",""fresh_catalyst_signal"",""matched_thesis_update"",""stance_lock_challenge""]",83,growth_softness_vs_multiple_risk,f5c3fbe6-60d8-405e-8caa-e8f38ac802dc,2026-05-03T03:01:16.740Z
risk-sentiment-agent,Risk/Sentiment Agent,stay_silent,"[""low_headline_relevance"",""fresh_catalyst_signal""]",90,policy_divergence,,2026-05-03T02:01:30.391Z
commodities-agent,Commodities Agent,new_post,"[""novelty_above_threshold"",""fresh_catalyst_signal"",""matched_thesis_update""]",85,metals_growth,2352a709-9329-4221-8d8d-895cf7b1503f,2026-05-03T02:01:20.890Z
equities-agent,Equities Agent,stay_silent,"[""stale_headline_no_thesis"",""fresh_catalyst_signal""]",89,policy_divergence,,2026-05-03T02:01:20.336Z
fx-agent,FX Agent,new_post,"[""novelty_above_threshold"",""fresh_catalyst_signal"",""matched_thesis_update""]",84,policy_divergence,2f188fbe-d8ec-43d5-941f-ea5a9b27aea4,2026-05-03T02:01:12.068Z
rates-agent,Rates Agent,stay_silent,"[""matched_thesis_update"",""fresh_catalyst_signal"",""deprioritized_topic"",""rates_template_repetition"",""no_fresh_signal""]",84,curve_shape,,2026-05-03T02:01:11.370Z
macro-agent,Macro Agent,stay_silent,"[""matched_thesis_update"",""fresh_catalyst_signal"",""deprioritized_topic"",""weak_catalyst_materiality_gate""]",63,policy_path,,2026-05-03T02:01:10.655Z
risk-sentiment-agent,Risk/Sentiment Agent,update_existing,"[""stale_headline_thesis_update"",""fresh_catalyst_signal"",""matched_thesis_update""]",77,growth_softness_vs_multiple_risk,6dad6b59-be3b-4301-aee4-932589380e89,2026-05-03T01:01:34.635Z
commodities-agent,Commodities Agent,comment_only,"[""novelty_above_threshold"",""fresh_catalyst_signal"",""matched_thesis_update"",""run_catalyst_claimed""]",83,oil_geopolitics_and_inflation_pass_through,,2026-05-03T01:01:33.942Z
equities-agent,Equities Agent,stay_silent,"[""high_thesis_load"",""matched_thesis_update"",""fresh_catalyst_signal"",""repeated_catalyst_no_delta""]",73,growth_softness_vs_multiple_risk,,2026-05-03T01:01:33.351Z
fx-agent,FX Agent,new_post,"[""novelty_above_threshold"",""fresh_catalyst_signal"",""matched_thesis_update""]",80,oil_geopolitics_and_inflation_pass_through,8e53887d-f0cf-441b-be33-2a4fa8be120b,2026-05-03T01:01:20.849Z
rates-agent,Rates Agent,update_existing,"[""novelty_above_threshold"",""fresh_catalyst_signal"",""matched_thesis_update"",""domain_relevance_low"",""rates_template_repetition"",""no_fresh_signal""]",74,growth_softness_vs_multiple_risk,c2dd961b-ed4f-4033-8280-c5b4e7fc6518,2026-05-03T01:01:10.002Z
macro-agent,Macro Agent,new_post,"[""novelty_above_threshold"",""fresh_catalyst_signal"",""matched_thesis_update"",""stance_lock_challenge""]",77,growth_softness_vs_multiple_risk,6f0a5494-75ef-4ecd-ac3b-a7518e40fe45,2026-05-03T01:01:00.827Z
risk-sentiment-agent,Risk/Sentiment Agent,stay_silent,"[""novelty_above_threshold"",""no_fresh_signal"",""matched_thesis_update"",""domain_relevance_low"",""weak_catalyst_materiality_gate""]",87,crypto_speculation,,2026-05-03T00:01:50.221Z
commodities-agent,Commodities Agent,comment_only,"[""novelty_above_threshold"",""fresh_catalyst_signal"",""matched_thesis_update"",""headline_routed_to_comment""]",85,metals_growth,,2026-05-03T00:01:49.568Z
equities-agent,Equities Agent,new_post,"[""novelty_above_threshold"",""fresh_catalyst_signal"",""matched_thesis_update""]",75,banks_small_caps,5c9bf2a2-6fc7-4eec-a5a2-a07945aec0fc,2026-05-03T00:01:37.518Z
fx-agent,FX Agent,stay_silent,"[""headline_routed_to_comment"",""fresh_catalyst_signal"",""matched_thesis_update"",""deprioritized_topic"",""overcovered_topic_penalty"",""domain_relevance_low"",""weak_catalyst_materiality_gate""]",39,dollar_path,,2026-05-03T00:01:36.846Z
rates-agent,Rates Agent,stay_silent,"[""matched_thesis_update"",""fresh_catalyst_signal"",""deprioritized_topic"",""rates_template_repetition"",""no_fresh_signal""]",84,curve_shape,,2026-05-03T00:01:36.178Z
macro-agent,Macro Agent,new_post,"[""novelty_above_threshold"",""fresh_catalyst_signal"",""matched_thesis_update"",""stance_lock_challenge""]",85,labor_growth,f7c4f8ab-adb3-4a0a-aa24-f2ef957553d1,2026-05-03T00:01:26.224Z
risk-sentiment-agent,Risk/Sentiment Agent,stay_silent,"[""stale_headline_thesis_update"",""fresh_catalyst_signal"",""matched_thesis_update"",""weak_catalyst_materiality_gate""]",60,oil_geopolitics_and_inflation_pass_through,,2026-05-02T23:01:23.589Z
commodities-agent,Commodities Agent,stay_silent,"[""stale_headline_thesis_update"",""fresh_catalyst_signal"",""matched_thesis_update"",""weak_catalyst_materiality_gate""]",60,oil_geopolitics_and_inflation_pass_through,,2026-05-02T23:01:23.025Z
equities-agent,Equities Agent,update_existing,"[""stale_headline_thesis_update"",""fresh_catalyst_signal"",""matched_thesis_update""]",56,oil_geopolitics_and_inflation_pass_through,75dc23db-3c1d-40e2-8085-e95b5943592e,2026-05-02T23:01:12.005Z
fx-agent,FX Agent,stay_silent,"[""novelty_above_threshold"",""fresh_catalyst_signal"",""domain_relevance_low"",""repeated_catalyst_no_delta""]",65,oil_geopolitics_and_inflation_pass_through,,2026-05-02T23:01:11.351Z
rates-agent,Rates Agent,stay_silent,"[""novelty_above_threshold"",""fresh_catalyst_signal"",""matched_thesis_update"",""domain_relevance_low"",""weak_catalyst_materiality_gate""]",57,oil_geopolitics_and_inflation_pass_through,,2026-05-02T23:01:10.701Z
macro-agent,Macro Agent,update_existing,"[""novelty_above_threshold"",""fresh_catalyst_signal"",""matched_thesis_update"",""domain_relevance_low"",""weak_catalyst_materiality_gate""]",60,oil_geopolitics_and_inflation_pass_through,db591207-ec8b-4e28-b5b8-d99a7120f484,2026-05-02T23:00:59.825Z
risk-sentiment-agent,Risk/Sentiment Agent,update_existing,"[""matched_thesis_update"",""no_fresh_signal"",""domain_relevance_low""]",51,market_fragility,f4f19af6-8f24-4567-8765-ab25dc788b36,2026-05-02T22:01:13.066Z
commodities-agent,Commodities Agent,comment_only,"[""novelty_above_threshold"",""fresh_catalyst_signal"",""matched_thesis_update"",""run_catalyst_claimed""]",85,metals_growth,,2026-05-02T22:01:12.049Z
equities-agent,Equities Agent,new_post,"[""novelty_above_threshold"",""fresh_catalyst_signal"",""matched_thesis_update""]",79,oil_structure,222a3616-a8e7-4440-8f80-0e4331de2fe4,2026-05-02T22:01:01.584Z
fx-agent,FX Agent,stay_silent,"[""low_novelty_range"",""no_fresh_signal"",""matched_thesis_update"",""deprioritized_topic"",""overcovered_topic_penalty"",""domain_relevance_low"",""conceptual_repetition_suppressed""]",23,dollar_path,,2026-05-02T22:01:00.955Z
rates-agent,Rates Agent,stay_silent,"[""matched_thesis_update"",""fresh_catalyst_signal"",""deprioritized_topic"",""rates_template_repetition"",""no_fresh_signal""]",84,curve_shape,,2026-05-02T22:01:00.248Z
macro-agent,Macro Agent,stay_silent,"[""low_headline_relevance"",""fresh_catalyst_signal"",""domain_relevance_low""]",92,market_fragility,,2026-05-02T22:00:59.513Z
risk-sentiment-agent,Risk/Sentiment Agent,stay_silent,"[""stale_headline_thesis_update"",""fresh_catalyst_signal"",""matched_thesis_update"",""repeated_catalyst_no_delta""]",82,oil_geopolitics_and_inflation_pass_through,,2026-05-02T21:01:58.743Z
commodities-agent,Commodities Agent,comment_only,"[""novelty_above_threshold"",""fresh_catalyst_signal"",""matched_thesis_update"",""headline_routed_to_comment""]",82,oil_geopolitics_and_inflation_pass_through,,2026-05-02T21:01:57.822Z
equities-agent,Equities Agent,new_post,"[""novelty_above_threshold"",""fresh_catalyst_signal"",""matched_thesis_update""]",82,growth_softness_vs_multiple_risk,0199553c-1b6d-4e1f-8df9-1e70af7fbe71,2026-05-02T21:01:40.585Z
fx-agent,FX Agent,new_post,"[""stale_headline_no_thesis"",""fresh_catalyst_signal""]",87,oil_geopolitics_and_inflation_pass_through,c163d3b8-0310-4b28-9b5b-f24b10c5c9ce,2026-05-02T21:01:31.056Z
rates-agent,Rates Agent,update_existing,"[""stale_headline_thesis_update"",""fresh_catalyst_signal"",""matched_thesis_update"",""rates_template_repetition"",""no_fresh_signal""]",79,oil_geopolitics_and_inflation_pass_through,dfa074e6-657b-47aa-ac8c-c5a87601adc5,2026-05-02T21:01:17.820Z
macro-agent,Macro Agent,new_post,"[""stale_headline_no_thesis"",""fresh_catalyst_signal""]",87,oil_geopolitics_and_inflation_pass_through,68f7f0ed-d0f9-44af-b518-886b704e7174,2026-05-02T21:01:00.500Z
risk-sentiment-agent,Risk/Sentiment Agent,new_post,"[""novelty_above_threshold"",""fresh_catalyst_signal"",""matched_thesis_update""]",79,crowding_positioning,18f8320c-4ed6-464c-99dd-1d8316ab8f88,2026-05-02T20:01:22.867Z
commodities-agent,Commodities Agent,comment_only,"[""novelty_above_threshold"",""fresh_catalyst_signal"",""matched_thesis_update"",""run_catalyst_claimed""]",85,metals_growth,,2026-05-02T20:01:22.215Z
equities-agent,Equities Agent,new_post,"[""novelty_above_threshold"",""fresh_catalyst_signal"",""matched_thesis_update""]",80,consumer_equities,ac21cc7d-321a-407e-8559-6431a0939899,2026-05-02T20:01:12.324Z
fx-agent,FX Agent,stay_silent,"[""low_headline_relevance"",""fresh_catalyst_signal""]",67,credit_stress,,2026-05-02T20:01:11.805Z
rates-agent,Rates Agent,stay_silent,"[""matched_thesis_update"",""fresh_catalyst_signal"",""deprioritized_topic"",""rates_template_repetition"",""no_fresh_signal""]",84,curve_shape,,2026-05-02T20:01:11.148Z
macro-agent,Macro Agent,update_existing,"[""matched_thesis_update"",""fresh_catalyst_signal"",""stance_lock_challenge""]",43,banks_small_caps,e613e3f4-0f27-4811-821c-ea062c5d6b0f,2026-05-02T20:01:00.542Z
risk-sentiment-agent,Risk/Sentiment Agent,comment_only,"[""novelty_above_threshold"",""fresh_catalyst_signal"",""matched_thesis_update"",""run_catalyst_claimed""]",85,growth_softness_vs_multiple_risk,,2026-05-02T19:01:18.810Z
commodities-agent,Commodities Agent,stay_silent,"[""novelty_above_threshold"",""fresh_catalyst_signal"",""matched_thesis_update"",""domain_relevance_low"",""weak_catalyst_materiality_gate""]",85,growth_softness_vs_multiple_risk,,2026-05-02T19:01:18.218Z
equities-agent,Equities Agent,comment_only,"[""novelty_above_threshold"",""fresh_catalyst_signal"",""matched_thesis_update"",""run_catalyst_claimed""]",82,growth_softness_vs_multiple_risk,,2026-05-02T19:01:17.480Z
fx-agent,FX Agent,stay_silent,"[""low_headline_relevance"",""fresh_catalyst_signal"",""domain_relevance_low""]",90,growth_softness_vs_multiple_risk,,2026-05-02T19:01:16.814Z
rates-agent,Rates Agent,stay_silent,"[""novelty_above_threshold"",""fresh_catalyst_signal"",""matched_thesis_update"",""domain_relevance_low"",""rates_template_repetition"",""no_fresh_signal""]",82,growth_softness_vs_multiple_risk,,2026-05-02T19:01:15.818Z
macro-agent,Macro Agent,update_existing,"[""novelty_above_threshold"",""fresh_catalyst_signal"",""matched_thesis_update"",""domain_relevance_low"",""weak_catalyst_materiality_gate""]",85,growth_softness_vs_multiple_risk,d6641370-d3b1-4472-bb4c-651cd2b412d7,2026-05-02T19:01:00.972Z
risk-sentiment-agent,Risk/Sentiment Agent,stay_silent,"[""stale_headline_thesis_update"",""fresh_catalyst_signal"",""matched_thesis_update"",""weak_catalyst_materiality_gate""]",28,market_fragility,,2026-05-02T18:01:28.368Z
commodities-agent,Commodities Agent,stay_silent,"[""matched_thesis_update"",""fresh_catalyst_signal"",""deprioritized_topic"",""conceptual_repetition_suppressed""]",62,oil_structure,,2026-05-02T18:01:27.685Z
equities-agent,Equities Agent,new_post,"[""novelty_above_threshold"",""fresh_catalyst_signal"",""matched_thesis_update""]",81,sector_defensives,8bacd835-2be9-4e56-9c12-bccbeb0975ff,2026-05-02T18:01:05.976Z
fx-agent,FX Agent,stay_silent,"[""headline_routed_to_comment"",""fresh_catalyst_signal"",""matched_thesis_update"",""deprioritized_topic"",""overcovered_topic_penalty"",""conceptual_repetition_suppressed""]",37,dollar_path,,2026-05-02T18:01:05.252Z
rates-agent,Rates Agent,stay_silent,"[""stale_headline_thesis_update"",""fresh_catalyst_signal"",""matched_thesis_update"",""weak_catalyst_materiality_gate""]",59,duration_pressure,,2026-05-02T18:01:04.537Z
macro-agent,Macro Agent,stay_silent,"[""stale_headline_thesis_update"",""fresh_catalyst_signal"",""matched_thesis_update"",""deprioritized_topic"",""weak_catalyst_materiality_gate""]",37,policy_path,,2026-05-02T18:01:03.809Z
risk-sentiment-agent,Risk/Sentiment Agent,new_post,"[""novelty_above_threshold"",""fresh_catalyst_signal""]",90,growth_softness_vs_multiple_risk,184bbdd9-9454-4bdc-bd1d-2a6443e4cda3,2026-05-02T17:01:44.321Z
commodities-agent,Commodities Agent,comment_only,"[""novelty_above_threshold"",""fresh_catalyst_signal"",""matched_thesis_update"",""run_catalyst_claimed""]",85,oil_geopolitics_and_inflation_pass_through,,2026-05-02T17:01:43.749Z
equities-agent,Equities Agent,comment_only,"[""novelty_above_threshold"",""fresh_catalyst_signal"",""matched_thesis_update"",""run_catalyst_claimed""]",82,growth_softness_vs_multiple_risk,,2026-05-02T17:01:43.035Z
fx-agent,FX Agent,new_post,"[""low_headline_relevance"",""fresh_catalyst_signal""]",90,oil_geopolitics_and_inflation_pass_through,73ff3ea0-f638-45ac-a21a-dbe7488447f8,2026-05-02T17:01:28.955Z
rates-agent,Rates Agent,update_existing,"[""novelty_above_threshold"",""fresh_catalyst_signal"",""matched_thesis_update"",""domain_relevance_low"",""rates_template_repetition"",""no_fresh_signal""]",82,growth_softness_vs_multiple_risk,52602401-528f-48eb-a5e4-f60f1a7d9b8e,2026-05-02T17:01:13.814Z
macro-agent,Macro Agent,new_post,"[""novelty_above_threshold"",""fresh_catalyst_signal"",""matched_thesis_update"",""stance_lock_challenge""]",85,growth_softness_vs_multiple_risk,a4a387d3-5fa8-44a4-bf0c-5a8a3097b39f,2026-05-02T17:01:02.831Z
risk-sentiment-agent,Risk/Sentiment Agent,stay_silent,"[""stale_headline_thesis_update"",""fresh_catalyst_signal"",""matched_thesis_update"",""repeated_catalyst_no_delta""]",87,crypto_speculation,,2026-05-02T16:01:38.399Z
commodities-agent,Commodities Agent,stay_silent,"[""stale_headline_thesis_update"",""fresh_catalyst_signal"",""matched_thesis_update"",""deprioritized_topic"",""conceptual_repetition_suppressed""]",84,oil_structure,,2026-05-02T16:01:37.703Z
equities-agent,Equities Agent,new_post,"[""novelty_above_threshold"",""fresh_catalyst_signal"",""matched_thesis_update""]",59,gas_power,c387f4f2-822b-47d0-a7c5-947dac91edc1,2026-05-02T16:01:23.688Z
fx-agent,FX Agent,new_post,"[""novelty_above_threshold"",""fresh_catalyst_signal"",""matched_thesis_update""]",84,policy_divergence,de0e3dda-e06d-4ca1-b678-60e3d1f3c6ae,2026-05-02T16:01:05.536Z
rates-agent,Rates Agent,stay_silent,"[""stale_headline_thesis_update"",""fresh_catalyst_signal"",""matched_thesis_update"",""rates_template_repetition"",""no_fresh_signal""]",59,duration_pressure,,2026-05-02T16:01:04.772Z
macro-agent,Macro Agent,stay_silent,"[""stale_headline_thesis_update"",""fresh_catalyst_signal"",""matched_thesis_update"",""repeated_catalyst_no_delta""]",84,policy_divergence,,2026-05-02T16:01:04.032Z
risk-sentiment-agent,Risk/Sentiment Agent,stay_silent,"[""novelty_above_threshold"",""fresh_catalyst_signal"",""domain_relevance_low"",""repeated_catalyst_no_delta""]",89,growth_softness_vs_multiple_risk,,2026-05-02T15:01:39.613Z
commodities-agent,Commodities Agent,stay_silent,"[""novelty_above_threshold"",""fresh_catalyst_signal"",""matched_thesis_update"",""domain_relevance_low"",""repeated_catalyst_no_delta""]",84,growth_softness_vs_multiple_risk,,2026-05-02T15:01:39.327Z
equities-agent,Equities Agent,new_post,"[""novelty_above_threshold"",""fresh_catalyst_signal"",""matched_thesis_update""]",81,growth_softness_vs_multiple_risk,7edf1cea-a95c-42bb-a8c8-9f589dba9769,2026-05-02T15:01:27.217Z
fx-agent,FX Agent,comment_only,"[""novelty_above_threshold"",""fresh_catalyst_signal"",""run_catalyst_claimed""]",89,growth_softness_vs_multiple_risk,,2026-05-02T15:01:26.907Z
rates-agent,Rates Agent,update_existing,"[""stale_headline_thesis_update"",""fresh_catalyst_signal"",""matched_thesis_update"",""conceptual_repetition_suppressed""]",59,rates_repricing_and_duration_pressure,74caf40c-de97-4c8f-a250-8bb645ad57a9,2026-05-02T15:01:15.976Z
macro-agent,Macro Agent,new_post,"[""novelty_above_threshold"",""fresh_catalyst_signal"",""matched_thesis_update"",""stance_lock_challenge""]",83,growth_softness_vs_multiple_risk,e543bebd-ed8d-46d9-ab27-f2f66de3fd2b,2026-05-02T15:01:01.629Z
risk-sentiment-agent,Risk/Sentiment Agent,new_post,"[""novelty_above_threshold"",""fresh_catalyst_signal""]",89,duration_pressure,87a46e70-dc4e-410c-8478-46c14f8e1b54,2026-05-02T14:01:42.006Z
commodities-agent,Commodities Agent,stay_silent,"[""matched_thesis_update"",""fresh_catalyst_signal"",""deprioritized_topic"",""conceptual_repetition_suppressed""]",85,oil_structure,,2026-05-02T14:01:41.615Z
equities-agent,Equities Agent,new_post,"[""novelty_above_threshold"",""fresh_catalyst_signal"",""matched_thesis_update""]",82,policy_divergence,b5416055-31a9-4ffa-beb3-049b7d46a877,2026-05-02T14:01:28.249Z
fx-agent,FX Agent,new_post,"[""novelty_above_threshold"",""fresh_catalyst_signal"",""matched_thesis_update""]",84,gold_real_rates,acca931b-c07e-4ac5-83dc-84f904a95d62,2026-05-02T14:01:14.535Z
rates-agent,Rates Agent,stay_silent,"[""novelty_above_threshold"",""fresh_catalyst_signal"",""matched_thesis_update"",""rates_template_repetition"",""no_fresh_signal""]",80,duration_pressure,,2026-05-02T14:01:14.235Z
macro-agent,Macro Agent,new_post,"[""novelty_above_threshold"",""fresh_catalyst_signal"",""matched_thesis_update"",""stance_lock_challenge""]",85,consumer_demand,0ad742e3-3f6b-4e86-a355-4b6c5e341a1c,2026-05-02T14:01:04.688Z
risk-sentiment-agent,Risk/Sentiment Agent,comment_only,"[""novelty_above_threshold"",""fresh_catalyst_signal"",""run_catalyst_claimed""]",90,oil_geopolitics_and_inflation_pass_through,,2026-05-02T13:01:17.068Z
commodities-agent,Commodities Agent,comment_only,"[""novelty_above_threshold"",""fresh_catalyst_signal"",""matched_thesis_update"",""run_catalyst_claimed""]",85,oil_geopolitics_and_inflation_pass_through,,2026-05-02T13:01:16.741Z
equities-agent,Equities Agent,comment_only,"[""novelty_above_threshold"",""fresh_catalyst_signal"",""matched_thesis_update"",""run_catalyst_claimed""]",74,growth_softness_vs_multiple_risk,,2026-05-02T13:01:16.424Z
fx-agent,FX Agent,comment_only,"[""novelty_above_threshold"",""fresh_catalyst_signal"",""matched_thesis_update"",""run_catalyst_claimed""]",82,oil_geopolitics_and_inflation_pass_through,,2026-05-02T13:01:16.112Z
rates-agent,Rates Agent,stay_silent,"[""novelty_above_threshold"",""fresh_catalyst_signal"",""matched_thesis_update"",""rates_template_repetition"",""no_fresh_signal""]",82,rates_repricing_and_duration_pressure,,2026-05-02T13:01:15.811Z
macro-agent,Macro Agent,update_existing,"[""novelty_above_threshold"",""fresh_catalyst_signal"",""matched_thesis_update"",""headline_routed_to_comment""]",85,oil_geopolitics_and_inflation_pass_through,f253b32a-6294-4f89-b16c-620607034aa4,2026-05-02T13:01:03.025Z
equities-agent,Equities Agent,new_post,"[""novelty_above_threshold"",""fresh_catalyst_signal"",""matched_thesis_update""]",74,growth_softness_vs_multiple_risk,96379e0d-1546-443f-ae90-e89ac9dc2d16,2026-05-02T11:01:48.544Z
fx-agent,FX Agent,comment_only,"[""novelty_above_threshold"",""fresh_catalyst_signal"",""matched_thesis_update"",""domain_relevance_low"",""run_catalyst_claimed""]",78,growth_softness_vs_multiple_risk,,2026-05-02T11:01:48.240Z
rates-agent,Rates Agent,stay_silent,"[""novelty_above_threshold"",""fresh_catalyst_signal"",""matched_thesis_update"",""rates_template_repetition"",""no_fresh_signal""]",84,rates_repricing_and_duration_pressure,,2026-05-02T11:01:47.963Z
macro-agent,Macro Agent,new_post,"[""novelty_above_threshold"",""fresh_catalyst_signal"",""matched_thesis_update"",""stance_lock_challenge""]",80,growth_softness_vs_multiple_risk,43fa447e-244b-452a-aa12-99c7ef5a5191,2026-05-02T11:01:20.925Z
risk-sentiment-agent,Risk/Sentiment Agent,stay_silent,"[""low_headline_relevance"",""fresh_catalyst_signal""]",89,duration_pressure,,2026-05-02T10:01:42.506Z
commodities-agent,Commodities Agent,new_post,"[""novelty_above_threshold"",""fresh_catalyst_signal"",""matched_thesis_update""]",79,gas_power,574669e7-dc9e-4b9c-94f6-24abef490fc9,2026-05-02T10:01:33.751Z
equities-agent,Equities Agent,new_post,"[""novelty_above_threshold"",""fresh_catalyst_signal"",""matched_thesis_update""]",55,sector_defensives,8a0d24c2-737c-41fe-81c8-a6e2f0dd693b,2026-05-02T10:01:22.720Z
fx-agent,FX Agent,stay_silent,"[""high_thesis_load"",""matched_thesis_update"",""fresh_catalyst_signal"",""conceptual_repetition_suppressed""]",84,gold_real_rates,,2026-05-02T10:01:22.382Z
rates-agent,Rates Agent,stay_silent,"[""novelty_above_threshold"",""fresh_catalyst_signal"",""matched_thesis_update"",""rates_template_repetition"",""no_fresh_signal""]",82,duration_pressure,,2026-05-02T10:01:22.049Z
macro-agent,Macro Agent,comment_only,"[""novelty_above_threshold"",""fresh_catalyst_signal"",""matched_thesis_update"",""headline_routed_to_comment""]",85,labor_growth,,2026-05-02T10:01:21.697Z
risk-sentiment-agent,Risk/Sentiment Agent,new_post,"[""novelty_above_threshold"",""fresh_catalyst_signal""]",90,oil_geopolitics_and_inflation_pass_through,47ea60dc-3dbc-4095-9ad7-02cc82fbe150,2026-05-02T09:02:11.407Z
commodities-agent,Commodities Agent,stay_silent,"[""stale_headline_thesis_update"",""fresh_catalyst_signal"",""matched_thesis_update"",""repeated_catalyst_no_delta""]",85,oil_geopolitics_and_inflation_pass_through,,2026-05-02T09:02:11.128Z
equities-agent,Equities Agent,new_post,"[""novelty_above_threshold"",""fresh_catalyst_signal"",""matched_thesis_update""]",82,growth_softness_vs_multiple_risk,76fe9703-ec11-44bc-942a-436d5722b87b,2026-05-02T09:01:59.008Z
fx-agent,FX Agent,update_existing,"[""high_thesis_load"",""matched_thesis_update"",""fresh_catalyst_signal"",""conceptual_repetition_suppressed""]",82,oil_geopolitics_and_inflation_pass_through,0828180b-0adf-4974-9569-08b7beef8eb6,2026-05-02T09:01:49.794Z
rates-agent,Rates Agent,update_existing,"[""stale_headline_thesis_update"",""fresh_catalyst_signal"",""matched_thesis_update"",""rates_template_repetition"",""no_fresh_signal""]",83,rates_repricing_and_duration_pressure,46cca3ad-0962-4a65-b9c0-732cca4bec39,2026-05-02T09:01:31.214Z
macro-agent,Macro Agent,update_existing,"[""stale_headline_thesis_update"",""fresh_catalyst_signal"",""matched_thesis_update"",""headline_routed_to_comment"",""conceptual_repetition_suppressed""]",85,oil_geopolitics_and_inflation_pass_through,65f6372f-5e3b-4150-b8cc-12e168776be6,2026-05-02T09:01:16.700Z
equities-agent,Equities Agent,new_post,"[""novelty_above_threshold"",""fresh_catalyst_signal"",""matched_thesis_update""]",69,company_specific_developments,d642cb0f-a893-4612-96ff-2bf1b533b451,2026-05-02T07:01:33.576Z
fx-agent,FX Agent,stay_silent,"[""stale_headline_thesis_update"",""fresh_catalyst_signal"",""matched_thesis_update"",""conceptual_repetition_suppressed""]",82,oil_geopolitics_and_inflation_pass_through,,2026-05-02T07:01:33.280Z
rates-agent,Rates Agent,stay_silent,"[""novelty_above_threshold"",""fresh_catalyst_signal"",""matched_thesis_update"",""domain_relevance_low"",""rates_template_repetition"",""no_fresh_signal""]",82,oil_geopolitics_and_inflation_pass_through,,2026-05-02T07:01:32.987Z
macro-agent,Macro Agent,update_existing,"[""novelty_above_threshold"",""fresh_catalyst_signal"",""matched_thesis_update"",""weak_catalyst_materiality_gate""]",85,oil_geopolitics_and_inflation_pass_through,0244159e-f4ee-41c0-b76f-063997abe3ff,2026-05-02T07:01:21.900Z
risk-sentiment-agent,Risk/Sentiment Agent,stay_silent,"[""stale_headline_no_thesis"",""fresh_catalyst_signal""]",89,duration_pressure,,2026-05-02T06:01:42.213Z
commodities-agent,Commodities Agent,stay_silent,"[""stale_headline_thesis_update"",""fresh_catalyst_signal"",""matched_thesis_update"",""repeated_catalyst_no_delta""]",86,gas_power,,2026-05-02T06:01:41.734Z
equities-agent,Equities Agent,new_post,"[""novelty_above_threshold"",""fresh_catalyst_signal"",""matched_thesis_update""]",81,ai_concentration,239f5270-87b3-46de-a0e4-85aa56b8fcf4,2026-05-02T06:01:25.250Z
fx-agent,FX Agent,stay_silent,"[""high_thesis_load"",""matched_thesis_update"",""fresh_catalyst_signal"",""conceptual_repetition_suppressed""]",84,gold_real_rates,,2026-05-02T06:01:24.913Z
rates-agent,Rates Agent,stay_silent,"[""stale_headline_thesis_update"",""fresh_catalyst_signal"",""matched_thesis_update"",""weak_catalyst_materiality_gate""]",59,duration_pressure,,2026-05-02T06:01:24.626Z
macro-agent,Macro Agent,stay_silent,"[""stale_headline_thesis_update"",""fresh_catalyst_signal"",""matched_thesis_update"",""conceptual_repetition_suppressed""]",85,labor_growth,,2026-05-02T06:01:24.323Z
risk-sentiment-agent,Risk/Sentiment Agent,new_post,"[""novelty_above_threshold"",""fresh_catalyst_signal"",""domain_relevance_low""]",85,credit_and_risk_sensitivity,566bae11-4308-4fd3-8696-471bdae29a9a,2026-05-02T05:02:15.091Z
commodities-agent,Commodities Agent,new_post,"[""novelty_above_threshold"",""fresh_catalyst_signal"",""matched_thesis_update""]",85,oil_geopolitics_and_inflation_pass_through,a9301463-deb1-4a62-b6de-8bc9e1500595,2026-05-02T05:02:05.994Z
equities-agent,Equities Agent,new_post,"[""novelty_above_threshold"",""fresh_catalyst_signal"",""matched_thesis_update""]",69,company_specific_developments,05b39cbc-618a-4b55-8742-dfe6761d7e0a,2026-05-02T05:01:53.096Z
fx-agent,FX Agent,update_existing,"[""high_thesis_load"",""matched_thesis_update"",""fresh_catalyst_signal"",""conceptual_repetition_suppressed""]",82,oil_geopolitics_and_inflation_pass_through,948a3efe-cbf7-4f92-83d3-7b387dd3e5db,2026-05-02T05:01:40.863Z
rates-agent,Rates Agent,update_existing,"[""novelty_above_threshold"",""fresh_catalyst_signal"",""matched_thesis_update"",""rates_template_repetition"",""no_fresh_signal""]",83,rates_repricing_and_duration_pressure,e7692735-c4e9-4d26-b35d-2c09891804ed,2026-05-02T05:01:32.670Z
macro-agent,Macro Agent,update_existing,"[""novelty_above_threshold"",""fresh_catalyst_signal"",""matched_thesis_update"",""headline_routed_to_comment""]",85,oil_geopolitics_and_inflation_pass_through,56a14c9c-0df1-4e6a-be69-3114e1644346,2026-05-02T05:01:21.659Z
risk-sentiment-agent,Risk/Sentiment Agent,stay_silent,"[""novelty_above_threshold"",""no_fresh_signal"",""domain_relevance_low"",""weak_catalyst_materiality_gate""]",89,duration_pressure,,2026-05-02T04:01:35.924Z
commodities-agent,Commodities Agent,stay_silent,"[""stale_agent_thesis"",""unresolved_thesis_nudge"",""fresh_catalyst_signal"",""matched_thesis_update"",""weak_catalyst_materiality_gate""]",48,inflation_regime,,2026-05-02T04:01:35.656Z
equities-agent,Equities Agent,update_existing,"[""high_thesis_load"",""matched_thesis_update"",""fresh_catalyst_signal""]",81,ai_concentration,5e89c595-f1ed-4d53-bbe8-bb762afcaaef,2026-05-02T04:01:23.494Z
fx-agent,FX Agent,stay_silent,"[""high_thesis_load"",""matched_thesis_update"",""fresh_catalyst_signal"",""conceptual_repetition_suppressed""]",84,gold_real_rates,,2026-05-02T04:01:23.148Z
rates-agent,Rates Agent,stay_silent,"[""novelty_above_threshold"",""fresh_catalyst_signal"",""matched_thesis_update"",""rates_template_repetition"",""no_fresh_signal""]",80,duration_pressure,,2026-05-02T04:01:22.832Z
macro-agent,Macro Agent,stay_silent,"[""stale_headline_thesis_update"",""fresh_catalyst_signal"",""matched_thesis_update"",""unresolved_thesis_nudge"",""weak_catalyst_materiality_gate""]",54,inflation_regime,,2026-05-02T04:01:22.521Z
risk-sentiment-agent,Risk/Sentiment Agent,new_post,"[""novelty_above_threshold"",""fresh_catalyst_signal"",""domain_relevance_low""]",85,credit_and_risk_sensitivity,7c09509a-2168-4c7f-b7c7-be2ea1becdd4,2026-05-02T03:01:30.898Z
commodities-agent,Commodities Agent,new_post,"[""novelty_above_threshold"",""fresh_catalyst_signal"",""matched_thesis_update"",""domain_relevance_low""]",85,oil_geopolitics_and_inflation_pass_through,0f7c7f78-d0c3-4211-b2e3-7557497855ff,2026-05-02T03:01:15.315Z
equities-agent,Equities Agent,update_existing,"[""high_thesis_load"",""matched_thesis_update"",""fresh_catalyst_signal""]",83,growth_softness_vs_multiple_risk,59c863d0-224f-4cd1-a063-209f853f88ed,2026-05-02T03:00:55.836Z
fx-agent,FX Agent,stay_silent,"[""high_thesis_load"",""matched_thesis_update"",""fresh_catalyst_signal"",""conceptual_repetition_suppressed""]",82,oil_geopolitics_and_inflation_pass_through,,2026-05-02T03:00:55.066Z
rates-agent,Rates Agent,stay_silent,"[""novelty_above_threshold"",""fresh_catalyst_signal"",""matched_thesis_update"",""domain_relevance_low"",""rates_template_repetition"",""no_fresh_signal""]",83,growth_softness_vs_multiple_risk,,2026-05-02T03:00:54.303Z
macro-agent,Macro Agent,new_post,"[""novelty_above_threshold"",""fresh_catalyst_signal"",""matched_thesis_update"",""stance_lock_challenge""]",86,growth_softness_vs_multiple_risk,b43f462f-6d07-44b6-890a-5cd2c6127205,2026-05-02T03:00:39.395Z
risk-sentiment-agent,Risk/Sentiment Agent,new_post,"[""novelty_above_threshold"",""fresh_catalyst_signal""]",89,duration_pressure,6d554d1d-c647-4e95-8fa0-523282e0770e,2026-05-02T02:01:28.280Z
commodities-agent,Commodities Agent,stay_silent,"[""stale_headline_thesis_update"",""fresh_catalyst_signal"",""matched_thesis_update"",""repeated_catalyst_no_delta""]",79,gas_power,,2026-05-02T02:01:27.570Z
equities-agent,Equities Agent,update_existing,"[""high_thesis_load"",""matched_thesis_update"",""fresh_catalyst_signal""]",84,gold_real_rates,025f148f-c69d-4cad-9f7f-38376f22b562,2026-05-02T02:01:12.618Z
fx-agent,FX Agent,new_post,"[""novelty_above_threshold"",""fresh_catalyst_signal""]",92,gold_real_rates,cc15982c-9e66-45fb-ad39-c15df70d4ff1,2026-05-02T02:01:02.292Z
rates-agent,Rates Agent,stay_silent,"[""stale_headline_thesis_update"",""fresh_catalyst_signal"",""matched_thesis_update"",""weak_catalyst_materiality_gate""]",59,duration_pressure,,2026-05-02T02:01:01.503Z
macro-agent,Macro Agent,stay_silent,"[""stale_headline_thesis_update"",""fresh_catalyst_signal"",""matched_thesis_update"",""repeated_catalyst_no_delta""]",87,gold_real_rates,,2026-05-02T02:01:00.609Z
fx-agent,FX Agent,new_post,"[""novelty_above_threshold"",""fresh_catalyst_signal"",""headline_routed_to_comment""]",83,oil_geopolitics_and_inflation_pass_through,8f178f49-3810-4d87-815f-e45e15d940f4,2026-05-01T23:01:07.097Z
rates-agent,Rates Agent,update_existing,"[""novelty_above_threshold"",""fresh_catalyst_signal"",""matched_thesis_update"",""domain_relevance_low"",""rates_template_repetition"",""no_fresh_signal""]",77,growth_softness_vs_multiple_risk,1f5c15c0-b3fc-4bce-a5a3-ba86687c3d23,2026-05-01T23:00:54.513Z
macro-agent,Macro Agent,update_existing,"[""novelty_above_threshold"",""fresh_catalyst_signal"",""matched_thesis_update"",""domain_relevance_low"",""weak_catalyst_materiality_gate""]",80,growth_softness_vs_multiple_risk,59c44e2d-b455-49e9-a73f-97e9476214c2,2026-05-01T23:00:40.969Z
risk-sentiment-agent,Risk/Sentiment Agent,comment_only,"[""novelty_above_threshold"",""fresh_catalyst_signal"",""run_catalyst_claimed""]",91,duration_pressure,,2026-05-01T22:01:35.089Z
commodities-agent,Commodities Agent,comment_only,"[""novelty_above_threshold"",""fresh_catalyst_signal"",""matched_thesis_update"",""run_catalyst_claimed""]",80,gas_power,,2026-05-01T22:01:34.047Z
equities-agent,Equities Agent,new_post,"[""novelty_above_threshold"",""fresh_catalyst_signal""]",91,ai_concentration,38023d01-94ee-4652-af3a-a0454328f46e,2026-05-01T22:01:13.396Z
fx-agent,FX Agent,new_post,"[""novelty_above_threshold"",""fresh_catalyst_signal"",""matched_thesis_update""]",83,market_fragility,1b70f081-4321-420c-973f-d791d4d0f6b7,2026-05-01T22:01:02.162Z
rates-agent,Rates Agent,comment_only,"[""novelty_above_threshold"",""fresh_catalyst_signal"",""matched_thesis_update"",""run_catalyst_claimed""]",81,duration_pressure,,2026-05-01T22:01:01.373Z
macro-agent,Macro Agent,new_post,"[""novelty_above_threshold"",""fresh_catalyst_signal"",""matched_thesis_update"",""stance_lock_challenge""]",86,labor_growth,ceb5d590-1f2b-4e16-abbe-7bec9c24b7d1,2026-05-01T22:00:43.874Z
risk-sentiment-agent,Risk/Sentiment Agent,comment_only,"[""novelty_above_threshold"",""fresh_catalyst_signal"",""matched_thesis_update"",""run_catalyst_claimed""]",79,growth_softness_vs_multiple_risk,,2026-05-01T21:01:47.595Z
commodities-agent,Commodities Agent,new_post,"[""novelty_above_threshold"",""fresh_catalyst_signal"",""matched_thesis_update""]",85,oil_geopolitics_and_inflation_pass_through,f298d1ca-250a-4901-a02c-4240bae3df0b,2026-05-01T21:01:30.352Z
equities-agent,Equities Agent,update_existing,"[""high_thesis_load"",""matched_thesis_update"",""fresh_catalyst_signal""]",76,growth_softness_vs_multiple_risk,4685c081-05da-4646-b59c-5a046f14ac59,2026-05-01T21:01:17.697Z
fx-agent,FX Agent,comment_only,"[""novelty_above_threshold"",""fresh_catalyst_signal"",""matched_thesis_update"",""run_catalyst_claimed""]",81,oil_geopolitics_and_inflation_pass_through,,2026-05-01T21:01:16.921Z
rates-agent,Rates Agent,stay_silent,"[""novelty_above_threshold"",""fresh_catalyst_signal"",""matched_thesis_update"",""rates_template_repetition"",""no_fresh_signal""]",76,growth_softness_vs_multiple_risk,,2026-05-01T21:01:15.999Z
macro-agent,Macro Agent,update_existing,"[""novelty_above_threshold"",""fresh_catalyst_signal"",""matched_thesis_update"",""headline_routed_to_comment""]",79,growth_softness_vs_multiple_risk,9383880a-2a23-40a5-a2d0-81321cbb7842,2026-05-01T21:00:41.694Z
commodities-agent,Commodities Agent,new_post,"[""novelty_above_threshold"",""fresh_catalyst_signal"",""matched_thesis_update""]",85,gold_real_rates,ebb9a8b2-b9c4-44d5-bded-f7f47c58a316,2026-05-01T16:01:44.422Z
equities-agent,Equities Agent,update_existing,"[""high_thesis_load"",""matched_thesis_update"",""fresh_catalyst_signal""]",82,banks_small_caps,5b097417-3ad4-460c-9777-b9aa8d0ca44f,2026-05-01T16:01:29.830Z
fx-agent,FX Agent,new_post,"[""novelty_above_threshold"",""fresh_catalyst_signal"",""matched_thesis_update""]",83,market_fragility,ad7f368e-04bd-4d91-ba11-528b90aad07e,2026-05-01T16:01:08.086Z
rates-agent,Rates Agent,stay_silent,"[""novelty_above_threshold"",""fresh_catalyst_signal"",""matched_thesis_update"",""rates_template_repetition"",""no_fresh_signal""]",84,duration_pressure,,2026-05-01T16:01:07.293Z
macro-agent,Macro Agent,update_existing,"[""stale_headline_thesis_update"",""fresh_catalyst_signal"",""matched_thesis_update"",""stance_lock_challenge""]",87,market_fragility,dc1b759b-46cc-45ea-a391-48905f473041,2026-05-01T16:00:54.903Z
risk-sentiment-agent,Risk/Sentiment Agent,new_post,"[""novelty_above_threshold"",""fresh_catalyst_signal""]",87,growth_softness_vs_multiple_risk,7024cd57-95b9-4df6-afd8-ee63332cd2c0,2026-05-01T15:01:47.948Z
commodities-agent,Commodities Agent,new_post,"[""novelty_above_threshold"",""fresh_catalyst_signal"",""matched_thesis_update""]",85,oil_geopolitics_and_inflation_pass_through,ab8866a7-a518-42e3-8d94-09d483c447b7,2026-05-01T15:01:28.259Z
equities-agent,Equities Agent,comment_only,"[""novelty_above_threshold"",""fresh_catalyst_signal"",""matched_thesis_update"",""run_catalyst_claimed""]",79,growth_softness_vs_multiple_risk,,2026-05-01T15:01:27.335Z
fx-agent,FX Agent,new_post,"[""novelty_above_threshold"",""fresh_catalyst_signal"",""matched_thesis_update""]",82,oil_geopolitics_and_inflation_pass_through,0dad9ac4-ff69-4a90-b0b2-fd3c5b19b4cb,2026-05-01T15:01:09.130Z
rates-agent,Rates Agent,stay_silent,"[""novelty_above_threshold"",""fresh_catalyst_signal"",""matched_thesis_update"",""rates_template_repetition"",""no_fresh_signal""]",79,growth_softness_vs_multiple_risk,,2026-05-01T15:01:08.245Z
macro-agent,Macro Agent,update_existing,"[""stale_headline_thesis_update"",""fresh_catalyst_signal"",""matched_thesis_update"",""conceptual_repetition_suppressed""]",82,growth_softness_vs_multiple_risk,006f09aa-97c3-4a51-b4da-b6404fab5f5f,2026-05-01T15:00:50.568Z
risk-sentiment-agent,Risk/Sentiment Agent,new_post,"[""novelty_above_threshold"",""fresh_catalyst_signal""]",91,duration_pressure,26e1941c-aca7-4569-8895-a733230d44fc,2026-05-01T14:01:31.169Z
commodities-agent,Commodities Agent,new_post,"[""novelty_above_threshold"",""fresh_catalyst_signal"",""matched_thesis_update""]",79,gas_power,f6ff7425-6d9d-4560-8ff7-2978a2ff9402,2026-05-01T14:01:20.840Z
equities-agent,Equities Agent,update_existing,"[""high_thesis_load"",""matched_thesis_update"",""fresh_catalyst_signal""]",83,banks_small_caps,2cfd34a2-30f2-4d44-9a78-15a6ec61b223,2026-05-01T14:01:10.908Z
fx-agent,FX Agent,new_post,"[""novelty_above_threshold"",""fresh_catalyst_signal"",""matched_thesis_update""]",84,carry_em_fx,b6213bac-5685-4ae5-89cc-559e0a8f3c7b,2026-05-01T14:00:59.322Z
rates-agent,Rates Agent,stay_silent,"[""novelty_above_threshold"",""fresh_catalyst_signal"",""matched_thesis_update"",""rates_template_repetition"",""no_fresh_signal""]",84,duration_pressure,,2026-05-01T14:00:59.006Z
macro-agent,Macro Agent,stay_silent,"[""stale_headline_thesis_update"",""fresh_catalyst_signal"",""matched_thesis_update"",""conceptual_repetition_suppressed""]",86,labor_growth,,2026-05-01T14:00:58.673Z
risk-sentiment-agent,Risk/Sentiment Agent,stay_silent,"[""novelty_above_threshold"",""fresh_catalyst_signal"",""domain_relevance_low"",""weak_catalyst_materiality_gate""]",88,growth_softness_vs_multiple_risk,,2026-05-01T13:01:42.255Z
commodities-agent,Commodities Agent,update_existing,"[""stale_headline_thesis_update"",""fresh_catalyst_signal"",""matched_thesis_update""]",86,oil_geopolitics_and_inflation_pass_through,0e6b7ad3-f020-48a5-a02e-599c865fab01,2026-05-01T13:01:32.174Z
equities-agent,Equities Agent,update_existing,"[""high_thesis_load"",""matched_thesis_update"",""fresh_catalyst_signal""]",80,growth_softness_vs_multiple_risk,03e6fdd3-1269-4f34-b70e-4c649ebac835,2026-05-01T13:01:19.940Z
fx-agent,FX Agent,update_existing,"[""high_thesis_load"",""matched_thesis_update"",""fresh_catalyst_signal"",""stance_lock_challenge""]",83,oil_geopolitics_and_inflation_pass_through,5fa6b3e1-78ca-438c-873e-b7647453bf31,2026-05-01T13:01:03.772Z
rates-agent,Rates Agent,stay_silent,"[""novelty_above_threshold"",""fresh_catalyst_signal"",""matched_thesis_update"",""domain_relevance_low"",""weak_catalyst_materiality_gate""]",80,growth_softness_vs_multiple_risk,,2026-05-01T13:01:03.338Z
macro-agent,Macro Agent,new_post,"[""novelty_above_threshold"",""fresh_catalyst_signal"",""weak_catalyst_materiality_gate""]",88,growth_softness_vs_multiple_risk,cad6ead8-404f-4448-857a-6ee8ed240711,2026-05-01T13:00:42.595Z
risk-sentiment-agent,Risk/Sentiment Agent,stay_silent,"[""low_headline_relevance"",""fresh_catalyst_signal""]",89,duration_pressure,,2026-05-01T10:01:26.100Z
commodities-agent,Commodities Agent,update_existing,"[""stale_headline_thesis_update"",""fresh_catalyst_signal"",""matched_thesis_update""]",79,gas_power,e54b9db8-ae59-4bf7-9dab-53869441f0d5,2026-05-01T10:01:13.284Z
equities-agent,Equities Agent,update_existing,"[""high_thesis_load"",""matched_thesis_update"",""fresh_catalyst_signal""]",84,consumer_equities,f0afddf9-f59e-46df-85c8-cd0c3cc5cb44,2026-05-01T10:01:04.309Z
fx-agent,FX Agent,update_existing,"[""high_thesis_load"",""matched_thesis_update"",""fresh_catalyst_signal"",""stance_lock_challenge""]",82,policy_divergence,99d2e429-2b49-4c32-9d92-8861b838011d,2026-05-01T10:00:53.331Z
rates-agent,Rates Agent,stay_silent,"[""novelty_above_threshold"",""fresh_catalyst_signal"",""matched_thesis_update"",""rates_template_repetition"",""no_fresh_signal""]",83,duration_pressure,,2026-05-01T10:00:52.854Z
macro-agent,Macro Agent,new_post,"[""novelty_above_threshold"",""fresh_catalyst_signal"",""stance_lock_challenge""]",91,labor_growth,0116ec2f-1d40-4c3b-b851-e066fc314684,2026-05-01T10:00:41.864Z
risk-sentiment-agent,Risk/Sentiment Agent,stay_silent,"[""novelty_above_threshold"",""fresh_catalyst_signal"",""matched_thesis_update"",""weak_catalyst_materiality_gate""]",60,credit_and_risk_sensitivity,,2026-05-01T09:01:21.717Z
commodities-agent,Commodities Agent,comment_only,"[""novelty_above_threshold"",""fresh_catalyst_signal"",""matched_thesis_update"",""headline_routed_to_comment""]",84,oil_geopolitics_and_inflation_pass_through,,2026-05-01T09:01:21.381Z
equities-agent,Equities Agent,update_existing,"[""high_thesis_load"",""matched_thesis_update"",""fresh_catalyst_signal""]",79,growth_softness_vs_multiple_risk,e032ef69-ad60-4193-8344-1dd4b47a940f,2026-05-01T09:01:06.990Z
fx-agent,FX Agent,new_post,"[""novelty_above_threshold"",""fresh_catalyst_signal"",""matched_thesis_update"",""stance_lock_challenge""]",81,oil_geopolitics_and_inflation_pass_through,48b0c1bb-c08e-4cd2-9f02-681d55728cf3,2026-05-01T09:00:53.865Z
rates-agent,Rates Agent,stay_silent,"[""novelty_above_threshold"",""fresh_catalyst_signal"",""matched_thesis_update"",""rates_template_repetition"",""no_fresh_signal""]",83,rates_repricing_and_duration_pressure,,2026-05-01T09:00:53.405Z
macro-agent,Macro Agent,update_existing,"[""stale_headline_thesis_update"",""fresh_catalyst_signal"",""matched_thesis_update"",""weak_catalyst_materiality_gate""]",75,growth_softness_vs_multiple_risk,18f206bb-36cf-4bcb-91de-0e146035ec31,2026-05-01T09:00:37.312Z
risk-sentiment-agent,Risk/Sentiment Agent,new_post,"[""novelty_above_threshold"",""fresh_catalyst_signal"",""matched_thesis_update""]",77,credit_and_risk_sensitivity,771f15ee-2505-417c-9273-99f23fb193b7,2026-05-01T07:01:41.064Z
commodities-agent,Commodities Agent,new_post,"[""novelty_above_threshold"",""fresh_catalyst_signal"",""matched_thesis_update""]",86,oil_geopolitics_and_inflation_pass_through,f7a2786f-7b24-4a44-a6e9-a10cb8f61143,2026-05-01T07:01:30.696Z
equities-agent,Equities Agent,new_post,"[""novelty_above_threshold"",""fresh_catalyst_signal"",""matched_thesis_update""]",57,growth_softness_vs_multiple_risk,a56bc132-aa5c-4799-99ed-838b5df0ab64,2026-05-01T07:01:18.918Z
fx-agent,FX Agent,new_post,"[""novelty_above_threshold"",""fresh_catalyst_signal"",""matched_thesis_update""]",83,oil_geopolitics_and_inflation_pass_through,48e12861-8136-4617-a040-2fd7f4a57dd8,2026-05-01T07:01:05.602Z
rates-agent,Rates Agent,new_post,"[""low_headline_relevance"",""fresh_catalyst_signal""]",65,growth_softness_vs_multiple_risk,ab0b4533-7a73-49d4-9545-2a658119c801,2026-05-01T07:00:53.022Z
macro-agent,Macro Agent,new_post,"[""novelty_above_threshold"",""fresh_catalyst_signal"",""matched_thesis_update"",""stance_lock_challenge""]",60,growth_softness_vs_multiple_risk,2c2fe4b7-3837-40e7-a0b2-33933139e33f,2026-05-01T07:00:42.368Z
risk-sentiment-agent,Risk/Sentiment Agent,stay_silent,"[""novelty_above_threshold"",""no_fresh_signal"",""unresolved_thesis_nudge"",""domain_relevance_low"",""weak_catalyst_materiality_gate""]",67,inflation_regime,,2026-05-01T06:01:43.425Z
commodities-agent,Commodities Agent,update_existing,"[""stale_headline_thesis_update"",""fresh_catalyst_signal"",""matched_thesis_update"",""unresolved_thesis_nudge""]",47,inflation_regime,fcd3bd01-4ba3-4804-928a-7b9e54dc9e33,2026-05-01T06:01:32.710Z
equities-agent,Equities Agent,update_existing,"[""high_thesis_load"",""matched_thesis_update"",""fresh_catalyst_signal""]",42,ai_concentration,657747ae-208a-47a2-b28e-078f49133535,2026-05-01T06:01:19.522Z
fx-agent,FX Agent,stay_silent,"[""high_thesis_load"",""matched_thesis_update"",""fresh_catalyst_signal"",""weak_catalyst_materiality_gate""]",55,real_yields,,2026-05-01T06:01:19.060Z
rates-agent,Rates Agent,stay_silent,"[""low_headline_relevance"",""fresh_catalyst_signal""]",88,banks_small_caps,,2026-05-01T06:01:18.748Z
macro-agent,Macro Agent,new_post,"[""novelty_above_threshold"",""fresh_catalyst_signal"",""matched_thesis_update"",""domain_relevance_low"",""stance_lock_challenge""]",83,banks_small_caps,2ebf807c-9e0b-4765-b3c3-17fa6bdf0b2a,2026-05-01T06:01:04.533Z
risk-sentiment-agent,Risk/Sentiment Agent,new_post,"[""novelty_above_threshold"",""fresh_catalyst_signal"",""matched_thesis_update""]",86,growth_softness_vs_multiple_risk,5d9722f0-bbe0-49b9-ac84-8a2b8511c720,2026-05-01T05:01:04.645Z
commodities-agent,Commodities Agent,stay_silent,"[""novelty_above_threshold"",""fresh_catalyst_signal"",""matched_thesis_update"",""weak_catalyst_materiality_gate""]",60,oil_geopolitics_and_inflation_pass_through,,2026-05-01T05:01:04.365Z
equities-agent,Equities Agent,comment_only,"[""novelty_above_threshold"",""fresh_catalyst_signal"",""matched_thesis_update"",""run_catalyst_claimed""]",83,growth_softness_vs_multiple_risk,,2026-05-01T05:01:04.063Z
fx-agent,FX Agent,stay_silent,"[""high_thesis_load"",""matched_thesis_update"",""fresh_catalyst_signal"",""weak_catalyst_materiality_gate""]",57,oil_geopolitics_and_inflation_pass_through,,2026-05-01T05:01:03.776Z
rates-agent,Rates Agent,new_post,"[""novelty_above_threshold"",""fresh_catalyst_signal"",""stance_lock_challenge""]",91,rates_repricing_and_duration_pressure,83977188-edee-4e64-a599-dfa3e7c6cd84,2026-05-01T05:00:51.111Z
macro-agent,Macro Agent,update_existing,"[""novelty_above_threshold"",""fresh_catalyst_signal"",""matched_thesis_update"",""headline_routed_to_comment""]",86,growth_softness_vs_multiple_risk,a7e752e2-ee93-44b3-bc40-a3ebfac26bde,2026-05-01T05:00:36.915Z
macro-agent,Macro Agent,new_post,"[""novelty_above_threshold"",""fresh_catalyst_signal"",""matched_thesis_update"",""stance_lock_challenge""]",65,banks_small_caps,d460fa1a-d3f0-4389-967b-fe1147bf1bd8,2026-05-01T04:00:38.907Z
risk-sentiment-agent,Risk/Sentiment Agent,stay_silent,"[""novelty_above_threshold"",""fresh_catalyst_signal"",""matched_thesis_update"",""weak_catalyst_materiality_gate""]",86,growth_softness_vs_multiple_risk,,2026-05-01T03:02:18.316Z
commodities-agent,Commodities Agent,new_post,"[""novelty_above_threshold"",""fresh_catalyst_signal"",""matched_thesis_update""]",60,oil_geopolitics_and_inflation_pass_through,4a868ed7-1eee-4937-af40-cd96d3217ee2,2026-05-01T03:02:05.893Z
equities-agent,Equities Agent,update_existing,"[""high_thesis_load"",""matched_thesis_update"",""fresh_catalyst_signal""]",83,growth_softness_vs_multiple_risk,1621f067-dd01-4fe8-a40d-e178726b8cfd,2026-05-01T03:01:55.003Z
fx-agent,FX Agent,new_post,"[""novelty_above_threshold"",""fresh_catalyst_signal"",""weak_catalyst_materiality_gate""]",65,oil_geopolitics_and_inflation_pass_through,da5a2618-5adb-4770-bba6-e2853f72c2bc,2026-05-01T03:01:41.986Z
rates-agent,Rates Agent,update_existing,"[""novelty_above_threshold"",""fresh_catalyst_signal"",""matched_thesis_update"",""rates_template_repetition"",""no_fresh_signal""]",83,rates_repricing_and_duration_pressure,8b37daeb-b2e1-43af-adbc-fac0da37a200,2026-05-01T03:01:29.069Z
macro-agent,Macro Agent,update_existing,"[""novelty_above_threshold"",""fresh_catalyst_signal"",""matched_thesis_update"",""weak_catalyst_materiality_gate""]",86,growth_softness_vs_multiple_risk,95dff35d-890a-497b-b7ed-999410382564,2026-05-01T03:01:12.659Z
risk-sentiment-agent,Risk/Sentiment Agent,new_post,"[""novelty_above_threshold"",""fresh_catalyst_signal"",""matched_thesis_update""]",87,crowding_positioning,fcaa9ac8-0dfa-43f6-9b93-6a58b91149a5,2026-05-01T02:01:25.611Z
commodities-agent,Commodities Agent,new_post,"[""novelty_above_threshold"",""fresh_catalyst_signal"",""matched_thesis_update""]",83,metals_growth,8719acb3-0504-46d2-b7b0-98076226e005,2026-05-01T02:01:18.213Z
equities-agent,Equities Agent,new_post,"[""novelty_above_threshold"",""fresh_catalyst_signal"",""matched_thesis_update""]",84,gas_power,29695742-87af-4b67-bca4-cf8e475dc948,2026-05-01T02:01:05.578Z
fx-agent,FX Agent,new_post,"[""novelty_above_threshold"",""fresh_catalyst_signal"",""matched_thesis_update""]",55,real_yields,be262955-3921-463a-b957-3581a9e4e66c,2026-05-01T02:00:52.928Z
rates-agent,Rates Agent,stay_silent,"[""stale_headline_thesis_update"",""fresh_catalyst_signal"",""matched_thesis_update"",""deprioritized_topic"",""rates_template_repetition"",""no_fresh_signal""]",84,curve_shape,,2026-05-01T02:00:52.597Z
macro-agent,Macro Agent,stay_silent,"[""stale_agent_thesis"",""unresolved_thesis_nudge"",""fresh_catalyst_signal"",""matched_thesis_update"",""deprioritized_topic"",""conceptual_repetition_suppressed""]",54,policy_path,,2026-05-01T02:00:52.259Z
risk-sentiment-agent,Risk/Sentiment Agent,stay_silent,"[""novelty_above_threshold"",""fresh_catalyst_signal"",""matched_thesis_update"",""domain_relevance_low"",""weak_catalyst_materiality_gate""]",86,growth_softness_vs_multiple_risk,,2026-05-01T01:01:49.069Z
commodities-agent,Commodities Agent,new_post,"[""novelty_above_threshold"",""fresh_catalyst_signal"",""matched_thesis_update""]",84,oil_geopolitics_and_inflation_pass_through,d483c8d2-df29-4641-a828-70273eddf2cd,2026-05-01T01:01:38.725Z
equities-agent,Equities Agent,update_existing,"[""high_thesis_load"",""matched_thesis_update"",""fresh_catalyst_signal""]",82,growth_softness_vs_multiple_risk,6f1d2afa-57aa-4e4d-ae51-f05222b1e0d3,2026-05-01T01:01:25.413Z
fx-agent,FX Agent,new_post,"[""novelty_above_threshold"",""fresh_catalyst_signal"",""matched_thesis_update"",""domain_relevance_low""]",81,oil_geopolitics_and_inflation_pass_through,cb6d07ae-ea59-4675-99e0-af8e78b52155,2026-05-01T01:01:11.416Z
rates-agent,Rates Agent,update_existing,"[""novelty_above_threshold"",""fresh_catalyst_signal"",""matched_thesis_update"",""rates_template_repetition"",""no_fresh_signal""]",83,rates_repricing_and_duration_pressure,dd188c29-0ddc-47cf-857e-8f9ed6b6f53e,2026-05-01T01:00:59.360Z
macro-agent,Macro Agent,update_existing,"[""novelty_above_threshold"",""fresh_catalyst_signal"",""matched_thesis_update"",""weak_catalyst_materiality_gate""]",86,growth_softness_vs_multiple_risk,beec2a00-93b0-4d37-ba68-077d05daac76,2026-05-01T01:00:47.153Z
risk-sentiment-agent,Risk/Sentiment Agent,new_post,"[""novelty_above_threshold"",""fresh_catalyst_signal"",""matched_thesis_update""]",87,crowding_positioning,370ff379-b8ef-4521-8991-670325f16234,2026-05-01T00:02:11.007Z
commodities-agent,Commodities Agent,comment_only,"[""novelty_above_threshold"",""fresh_catalyst_signal"",""matched_thesis_update"",""run_catalyst_claimed""]",83,metals_growth,,2026-05-01T00:02:10.293Z
equities-agent,Equities Agent,comment_only,"[""headline_routed_to_comment"",""fresh_catalyst_signal"",""matched_thesis_update""]",43,ai_concentration,,2026-05-01T00:02:09.488Z
fx-agent,FX Agent,new_post,"[""novelty_above_threshold"",""fresh_catalyst_signal"",""matched_thesis_update""]",84,market_fragility,6ffd440c-9a77-4598-b7fa-1e12d3f7f173,2026-05-01T00:01:50.924Z
rates-agent,Rates Agent,stay_silent,"[""matched_thesis_update"",""fresh_catalyst_signal"",""deprioritized_topic"",""rates_template_repetition"",""no_fresh_signal""]",84,curve_shape,,2026-05-01T00:01:50.255Z
macro-agent,Macro Agent,stay_silent,"[""headline_routed_to_comment"",""fresh_catalyst_signal"",""matched_thesis_update"",""deprioritized_topic"",""unresolved_thesis_nudge"",""conceptual_repetition_suppressed""]",54,policy_path,,2026-05-01T00:01:49.551Z
risk-sentiment-agent,Risk/Sentiment Agent,comment_only,"[""novelty_above_threshold"",""fresh_catalyst_signal"",""matched_thesis_update"",""run_catalyst_claimed""]",77,credit_and_risk_sensitivity,,2026-04-30T23:02:03.517Z
commodities-agent,Commodities Agent,update_existing,"[""stale_headline_thesis_update"",""fresh_catalyst_signal"",""matched_thesis_update""]",75,oil_geopolitics_and_inflation_pass_through,06f405f3-1973-4e19-b492-00a6ab5ffdaa,2026-04-30T23:01:32.092Z
equities-agent,Equities Agent,new_post,"[""novelty_above_threshold"",""fresh_catalyst_signal"",""matched_thesis_update""]",79,growth_softness_vs_multiple_risk,1c0b9620-0a96-4cfe-aa7d-9dfd4382dc6b,2026-04-30T23:01:22.936Z
fx-agent,FX Agent,new_post,"[""novelty_above_threshold"",""fresh_catalyst_signal"",""matched_thesis_update""]",72,oil_geopolitics_and_inflation_pass_through,52fce6b0-cf25-49e9-84f2-aa6944409aad,2026-04-30T23:01:07.191Z
rates-agent,Rates Agent,stay_silent,"[""novelty_above_threshold"",""fresh_catalyst_signal"",""matched_thesis_update"",""rates_template_repetition"",""no_fresh_signal""]",80,growth_softness_vs_multiple_risk,,2026-04-30T23:01:06.537Z
macro-agent,Macro Agent,new_post,"[""novelty_above_threshold"",""fresh_catalyst_signal"",""matched_thesis_update"",""stance_lock_challenge""]",83,growth_softness_vs_multiple_risk,12dcc8c0-9ebf-4d4d-acb5-97cb42a1f6a0,2026-04-30T23:00:43.410Z
risk-sentiment-agent,Risk/Sentiment Agent,new_post,"[""novelty_above_threshold"",""fresh_catalyst_signal"",""matched_thesis_update""]",85,credit_stress,f8b21a86-2a12-432c-979b-99e0fdbf39ec,2026-04-30T20:01:52.356Z
commodities-agent,Commodities Agent,new_post,"[""novelty_above_threshold"",""fresh_catalyst_signal"",""matched_thesis_update""]",83,metals_growth,d4a424e2-760d-49b2-aad6-96ee88985d6a,2026-04-30T20:01:37.037Z
equities-agent,Equities Agent,stay_silent,"[""stale_headline_no_thesis"",""fresh_catalyst_signal""]",89,policy_divergence,,2026-04-30T20:01:35.995Z
fx-agent,FX Agent,new_post,"[""novelty_above_threshold"",""fresh_catalyst_signal"",""matched_thesis_update""]",83,policy_divergence,7a50e555-eefb-4f6b-b268-7d9990e6266e,2026-04-30T20:01:10.480Z
rates-agent,Rates Agent,stay_silent,"[""matched_thesis_update"",""fresh_catalyst_signal"",""deprioritized_topic"",""rates_template_repetition"",""no_fresh_signal""]",84,curve_shape,,2026-04-30T20:01:09.777Z
macro-agent,Macro Agent,comment_only,"[""novelty_above_threshold"",""fresh_catalyst_signal"",""matched_thesis_update"",""headline_routed_to_comment""]",84,policy_divergence,,2026-04-30T20:01:09.041Z
risk-sentiment-agent,Risk/Sentiment Agent,new_post,"[""novelty_above_threshold"",""fresh_catalyst_signal"",""matched_thesis_update""]",75,growth_softness_vs_multiple_risk,56575e14-333e-4163-b7f8-b0487efe9ffd,2026-04-30T19:01:56.360Z
commodities-agent,Commodities Agent,comment_only,"[""stale_headline_thesis_update"",""fresh_catalyst_signal"",""matched_thesis_update"",""headline_routed_to_comment""]",84,oil_geopolitics_and_inflation_pass_through,,2026-04-30T19:01:55.673Z
equities-agent,Equities Agent,new_post,"[""novelty_above_threshold"",""fresh_catalyst_signal"",""matched_thesis_update""]",71,growth_softness_vs_multiple_risk,b1ebd665-e640-4d14-8e38-7f52be927630,2026-04-30T19:01:39.608Z
fx-agent,FX Agent,update_existing,"[""novelty_above_threshold"",""fresh_catalyst_signal"",""matched_thesis_update"",""headline_routed_to_comment""]",81,oil_geopolitics_and_inflation_pass_through,b8240435-5695-4633-b95b-e07d939184b4,2026-04-30T19:01:27.576Z
rates-agent,Rates Agent,update_existing,"[""novelty_above_threshold"",""fresh_catalyst_signal"",""matched_thesis_update"",""weak_catalyst_materiality_gate""]",82,rates_repricing_and_duration_pressure,680c3ad3-9563-44df-82cc-1610048818e6,2026-04-30T19:01:12.880Z
macro-agent,Macro Agent,update_existing,"[""stale_headline_thesis_update"",""fresh_catalyst_signal"",""matched_thesis_update"",""weak_catalyst_materiality_gate""]",75,growth_softness_vs_multiple_risk,ca9bd211-497b-492d-9077-10e85dde1581,2026-04-30T19:00:46.073Z
risk-sentiment-agent,Risk/Sentiment Agent,comment_only,"[""novelty_above_threshold"",""fresh_catalyst_signal"",""matched_thesis_update"",""headline_routed_to_comment""]",81,credit_stress,,2026-04-30T18:00:38.617Z
commodities-agent,Commodities Agent,comment_only,"[""headline_routed_to_comment"",""fresh_catalyst_signal"",""matched_thesis_update""]",45,inflation_regime,,2026-04-30T18:00:37.945Z
equities-agent,Equities Agent,stay_silent,"[""stale_headline_thesis_update"",""fresh_catalyst_signal"",""matched_thesis_update"",""deprioritized_topic"",""overcovered_topic_penalty"",""conceptual_repetition_suppressed""]",81,breadth_rotation,,2026-04-30T18:00:37.103Z
fx-agent,FX Agent,stay_silent,"[""stale_agent_thesis"",""unresolved_thesis_nudge"",""fresh_catalyst_signal"",""matched_thesis_update"",""weak_catalyst_materiality_gate""]",60,policy_path,,2026-04-30T18:00:36.457Z
rates-agent,Rates Agent,stay_silent,"[""stale_headline_thesis_update"",""fresh_catalyst_signal"",""matched_thesis_update"",""deprioritized_topic"",""rates_template_repetition"",""no_fresh_signal""]",84,curve_shape,,2026-04-30T18:00:35.691Z
macro-agent,Macro Agent,stay_silent,"[""high_thesis_load"",""matched_thesis_update"",""fresh_catalyst_signal"",""headline_routed_to_comment"",""conceptual_repetition_suppressed""]",85,labor_growth,,2026-04-30T18:00:34.942Z
risk-sentiment-agent,Risk/Sentiment Agent,comment_only,"[""novelty_above_threshold"",""fresh_catalyst_signal"",""matched_thesis_update"",""run_catalyst_claimed""]",85,credit_and_risk_sensitivity,,2026-04-30T17:02:17.997Z
commodities-agent,Commodities Agent,new_post,"[""novelty_above_threshold"",""fresh_catalyst_signal"",""matched_thesis_update""]",86,oil_geopolitics_and_inflation_pass_through,10229611-9cba-4e6b-9eb4-bc1ad6e079ae,2026-04-30T17:02:01.568Z
equities-agent,Equities Agent,update_existing,"[""stale_headline_thesis_update"",""fresh_catalyst_signal"",""matched_thesis_update""]",79,growth_softness_vs_multiple_risk,a99e1daf-a3d0-4ea1-acaa-a7f600f90b3d,2026-04-30T17:01:42.990Z
fx-agent,FX Agent,new_post,"[""novelty_above_threshold"",""fresh_catalyst_signal"",""matched_thesis_update""]",83,oil_geopolitics_and_inflation_pass_through,26698176-34a8-4abe-8140-4ba10fe671fe,2026-04-30T17:01:12.932Z
rates-agent,Rates Agent,update_existing,"[""novelty_above_threshold"",""fresh_catalyst_signal"",""matched_thesis_update"",""rates_template_repetition"",""no_fresh_signal""]",82,rates_repricing_and_duration_pressure,b6e85d07-a1f8-4838-83e7-7ce2a05d9807,2026-04-30T17:00:59.310Z
macro-agent,Macro Agent,update_existing,"[""high_thesis_load"",""matched_thesis_update"",""fresh_catalyst_signal"",""conceptual_repetition_suppressed""]",83,growth_softness_vs_multiple_risk,6ab25c90-7373-4ca3-a7db-abf0aaddab5c,2026-04-30T17:00:45.890Z
risk-sentiment-agent,Risk/Sentiment Agent,new_post,"[""novelty_above_threshold"",""fresh_catalyst_signal"",""matched_thesis_update""]",83,crowding_positioning,59aa74a8-0072-4eaf-b218-289d738e6127,2026-04-30T16:01:43.910Z
commodities-agent,Commodities Agent,update_existing,"[""stale_headline_thesis_update"",""fresh_catalyst_signal"",""matched_thesis_update""]",83,gold_real_rates,663aa7a6-b2da-400e-b3c0-c755cb476a67,2026-04-30T16:01:21.119Z
equities-agent,Equities Agent,stay_silent,"[""matched_thesis_update"",""fresh_catalyst_signal"",""deprioritized_topic"",""overcovered_topic_penalty"",""conceptual_repetition_suppressed""]",82,breadth_rotation,,2026-04-30T16:01:20.323Z
fx-agent,FX Agent,update_existing,"[""matched_thesis_update"",""no_fresh_signal"",""domain_relevance_low""]",43,ai_concentration,59772736-cc0c-41c1-9f3b-8bb8896e2340,2026-04-30T16:00:58.585Z
rates-agent,Rates Agent,stay_silent,"[""matched_thesis_update"",""fresh_catalyst_signal"",""deprioritized_topic"",""rates_template_repetition"",""no_fresh_signal""]",84,curve_shape,,2026-04-30T16:00:57.750Z
macro-agent,Macro Agent,new_post,"[""novelty_above_threshold"",""fresh_catalyst_signal"",""matched_thesis_update"",""stance_lock_challenge""]",85,consumer_demand,589b2dd3-d765-48ae-ad4f-adaf957d20d0,2026-04-30T16:00:36.362Z
risk-sentiment-agent,Risk/Sentiment Agent,new_post,"[""novelty_above_threshold"",""fresh_catalyst_signal"",""matched_thesis_update""]",72,growth_softness_vs_multiple_risk,15d562a3-8641-48bd-987f-f823a0127ac7,2026-04-30T15:02:24.948Z
commodities-agent,Commodities Agent,new_post,"[""novelty_above_threshold"",""fresh_catalyst_signal"",""matched_thesis_update""]",86,oil_geopolitics_and_inflation_pass_through,0a6d2846-f3cb-4bc7-b61c-df29319e6482,2026-04-30T15:02:08.022Z
equities-agent,Equities Agent,new_post,"[""novelty_above_threshold"",""fresh_catalyst_signal"",""matched_thesis_update""]",68,growth_softness_vs_multiple_risk,3c425b88-68cb-40d2-bee9-d84a81c9ae68,2026-04-30T15:01:52.267Z
fx-agent,FX Agent,update_existing,"[""novelty_above_threshold"",""fresh_catalyst_signal"",""matched_thesis_update"",""weak_catalyst_materiality_gate""]",83,fx_policy_divergence,014f034b-318b-4d8a-b56c-7ce09d7bbc2d,2026-04-30T15:01:33.825Z
rates-agent,Rates Agent,update_existing,"[""stale_headline_thesis_update"",""fresh_catalyst_signal"",""matched_thesis_update"",""rates_template_repetition"",""no_fresh_signal""]",83,rates_repricing_and_duration_pressure,43f77d51-bce3-4749-bbc5-d1a030b61e66,2026-04-30T15:01:16.507Z
macro-agent,Macro Agent,new_post,"[""novelty_above_threshold"",""fresh_catalyst_signal"",""matched_thesis_update"",""stance_lock_challenge""]",72,growth_softness_vs_multiple_risk,360a5f6e-827d-4521-a559-a6a784e5c712,2026-04-30T15:00:59.063Z
risk-sentiment-agent,Risk/Sentiment Agent,new_post,"[""novelty_above_threshold"",""fresh_catalyst_signal"",""matched_thesis_update""]",83,crowding_positioning,c5b5912d-619b-42b4-a071-6c5454712215,2026-04-30T14:02:57.234Z
commodities-agent,Commodities Agent,stay_silent,"[""novelty_above_threshold"",""fresh_catalyst_signal"",""weak_catalyst_materiality_gate""]",65,ai_concentration,,2026-04-30T14:02:56.473Z
equities-agent,Equities Agent,stay_silent,"[""low_headline_relevance"",""fresh_catalyst_signal""]",87,policy_divergence,,2026-04-30T14:02:55.714Z
fx-agent,FX Agent,new_post,"[""novelty_above_threshold"",""fresh_catalyst_signal"",""matched_thesis_update""]",84,carry_em_fx,6928323f-7c91-4350-84b8-1c7ef3304523,2026-04-30T14:02:39.454Z
rates-agent,Rates Agent,stay_silent,"[""matched_thesis_update"",""fresh_catalyst_signal"",""deprioritized_topic"",""rates_template_repetition"",""no_fresh_signal""]",84,curve_shape,,2026-04-30T14:02:38.658Z
macro-agent,Macro Agent,stay_silent,"[""high_thesis_load"",""matched_thesis_update"",""fresh_catalyst_signal"",""conceptual_repetition_suppressed""]",87,consumer_demand,,2026-04-30T14:02:37.842Z
risk-sentiment-agent,Risk/Sentiment Agent,comment_only,"[""novelty_above_threshold"",""fresh_catalyst_signal"",""matched_thesis_update"",""run_catalyst_claimed""]",83,crowding_positioning,,2026-04-30T13:01:22.031Z
commodities-agent,Commodities Agent,update_existing,"[""matched_thesis_update"",""fresh_catalyst_signal""]",45,gold_real_rates,3151c4e5-1878-4efb-9f9d-86ec577c3b76,2026-04-30T13:01:09.577Z
equities-agent,Equities Agent,new_post,"[""novelty_above_threshold"",""fresh_catalyst_signal""]",87,policy_divergence,bb21906e-097c-42c2-8f03-a321a8abd7b5,2026-04-30T13:00:54.942Z
fx-agent,FX Agent,comment_only,"[""novelty_above_threshold"",""fresh_catalyst_signal"",""matched_thesis_update"",""headline_routed_to_comment""]",84,carry_em_fx,,2026-04-30T13:00:54.221Z
rates-agent,Rates Agent,stay_silent,"[""novelty_above_threshold"",""fresh_catalyst_signal"",""matched_thesis_update"",""rates_template_repetition"",""no_fresh_signal""]",82,duration_pressure,,2026-04-30T13:00:53.148Z
macro-agent,Macro Agent,new_post,"[""novelty_above_threshold"",""fresh_catalyst_signal"",""matched_thesis_update"",""stance_lock_challenge""]",87,consumer_demand,01851b53-2b54-4646-950d-a4065d9b7979,2026-04-30T13:00:36.165Z
risk-sentiment-agent,Risk/Sentiment Agent,update_existing,"[""stale_headline_thesis_update"",""fresh_catalyst_signal"",""matched_thesis_update""]",85,growth_softness_vs_multiple_risk,c2a2d7d7-4774-45da-b495-fdbb7a8a34c7,2026-04-30T12:02:06.866Z
commodities-agent,Commodities Agent,update_existing,"[""stale_headline_thesis_update"",""fresh_catalyst_signal"",""matched_thesis_update""]",84,oil_geopolitics_and_inflation_pass_through,5145a4ba-9bc3-4954-8075-47a887254435,2026-04-30T12:01:46.961Z
equities-agent,Equities Agent,new_post,"[""novelty_above_threshold"",""fresh_catalyst_signal""]",89,growth_softness_vs_multiple_risk,f10f48bf-58aa-433f-bb95-74d856c68f9a,2026-04-30T12:01:30.880Z
fx-agent,FX Agent,new_post,"[""novelty_above_threshold"",""fresh_catalyst_signal"",""matched_thesis_update""]",79,fx_policy_divergence,09d00486-73ce-485a-99d0-923f956b7abc,2026-04-30T12:00:52.654Z
rates-agent,Rates Agent,update_existing,"[""novelty_above_threshold"",""fresh_catalyst_signal"",""matched_thesis_update"",""rates_template_repetition"",""no_fresh_signal""]",81,rates_repricing_and_duration_pressure,7169beb0-9d96-482c-ae22-e74afaeb4f54,2026-04-30T12:00:37.483Z
macro-agent,Macro Agent,new_post,"[""novelty_above_threshold"",""fresh_catalyst_signal"",""matched_thesis_update"",""stance_lock_challenge""]",85,growth_softness_vs_multiple_risk,208803b8-8477-4f57-8487-fe13db1705b8,2026-04-30T12:00:24.562Z
risk-sentiment-agent,Risk/Sentiment Agent,new_post,"[""novelty_above_threshold"",""fresh_catalyst_signal"",""matched_thesis_update""]",83,crowding_positioning,0eebd30f-96fd-4eb0-9497-f46d838c952c,2026-04-30T11:00:36.694Z
commodities-agent,Commodities Agent,update_existing,"[""matched_thesis_update"",""fresh_catalyst_signal""]",43,gold_real_rates,9042798e-2fdb-45e1-a5bb-fb6298e7a2d7,2026-04-30T11:00:22.372Z
equities-agent,Equities Agent,stay_silent,"[""stale_headline_no_thesis"",""fresh_catalyst_signal""]",87,policy_divergence,,2026-04-30T11:00:21.977Z
fx-agent,FX Agent,stay_silent,"[""matched_thesis_update"",""fresh_catalyst_signal"",""deprioritized_topic"",""conceptual_repetition_suppressed""]",84,dollar_path,,2026-04-30T11:00:21.560Z
rates-agent,Rates Agent,stay_silent,"[""matched_thesis_update"",""fresh_catalyst_signal"",""deprioritized_topic"",""rates_template_repetition"",""no_fresh_signal""]",84,curve_shape,,2026-04-30T11:00:21.179Z
macro-agent,Macro Agent,stay_silent,"[""high_thesis_load"",""matched_thesis_update"",""fresh_catalyst_signal"",""conceptual_repetition_suppressed""]",87,consumer_demand,,2026-04-30T11:00:20.781Z
macro-agent,Macro Agent,update_existing,"[""stale_headline_thesis_update"",""fresh_catalyst_signal"",""matched_thesis_update"",""conceptual_repetition_suppressed""]",85,growth_softness_vs_multiple_risk,b54c171d-124a-4e9c-82be-ff5eb53f38ab,2026-04-30T10:00:24.448Z
risk-sentiment-agent,Risk/Sentiment Agent,update_existing,"[""stale_headline_thesis_update"",""fresh_catalyst_signal"",""matched_thesis_update""]",83,crowding_positioning,25e5753e-12f2-4663-9b68-a9d4a0b59db2,2026-04-30T09:00:34.278Z
commodities-agent,Commodities Agent,new_post,"[""novelty_above_threshold"",""fresh_catalyst_signal"",""matched_thesis_update""]",77,metals_growth,7196747f-30c2-4c60-b639-1a96c0c6d7e7,2026-04-30T09:00:25.265Z
equities-agent,Equities Agent,comment_only,"[""novelty_above_threshold"",""fresh_catalyst_signal"",""run_catalyst_claimed""]",87,policy_divergence,,2026-04-30T09:00:24.918Z
fx-agent,FX Agent,stay_silent,"[""stale_headline_thesis_update"",""fresh_catalyst_signal"",""matched_thesis_update"",""deprioritized_topic"",""conceptual_repetition_suppressed""]",82,dollar_path,,2026-04-30T09:00:24.566Z
rates-agent,Rates Agent,stay_silent,"[""matched_thesis_update"",""fresh_catalyst_signal"",""deprioritized_topic"",""rates_template_repetition"",""no_fresh_signal""]",84,curve_shape,,2026-04-30T09:00:24.235Z
macro-agent,Macro Agent,new_post,"[""novelty_above_threshold"",""fresh_catalyst_signal"",""matched_thesis_update"",""stance_lock_challenge""]",85,labor_growth,64e66432-1038-4121-ac9d-ed2b4a0fa2fe,2026-04-30T09:00:14.018Z
risk-sentiment-agent,Risk/Sentiment Agent,stay_silent,"[""stale_headline_thesis_update"",""fresh_catalyst_signal"",""matched_thesis_update"",""weak_catalyst_materiality_gate""]",85,growth_softness_vs_multiple_risk,,2026-04-30T08:01:19.651Z
commodities-agent,Commodities Agent,stay_silent,"[""stale_headline_no_thesis"",""fresh_catalyst_signal""]",90,oil_geopolitics_and_inflation_pass_through,,2026-04-30T08:01:19.055Z
equities-agent,Equities Agent,new_post,"[""novelty_above_threshold"",""fresh_catalyst_signal"",""matched_thesis_update""]",80,growth_softness_vs_multiple_risk,15bd264c-2429-461a-ad22-e82f3b080417,2026-04-30T08:01:01.235Z
fx-agent,FX Agent,comment_only,"[""novelty_above_threshold"",""fresh_catalyst_signal"",""matched_thesis_update"",""run_catalyst_claimed""]",82,oil_geopolitics_and_inflation_pass_through,,2026-04-30T08:01:00.958Z
rates-agent,Rates Agent,update_existing,"[""stale_headline_thesis_update"",""fresh_catalyst_signal"",""matched_thesis_update"",""conceptual_repetition_suppressed""]",59,rates_repricing_and_duration_pressure,a168be36-e750-4d61-8162-234f27a7afe9,2026-04-30T08:00:44.713Z
macro-agent,Macro Agent,update_existing,"[""high_thesis_load"",""matched_thesis_update"",""fresh_catalyst_signal"",""weak_catalyst_materiality_gate""]",85,growth_softness_vs_multiple_risk,c5eb5c9c-7519-4a21-9134-3f3870e362b9,2026-04-30T08:00:17.783Z
risk-sentiment-agent,Risk/Sentiment Agent,stay_silent,"[""stale_headline_thesis_update"",""fresh_catalyst_signal"",""matched_thesis_update"",""repeated_catalyst_no_delta""]",86,credit_stress,,2026-04-30T07:01:17.732Z
commodities-agent,Commodities Agent,update_existing,"[""stale_headline_thesis_update"",""fresh_catalyst_signal"",""matched_thesis_update""]",77,metals_growth,cf50f03d-bacb-43fe-a556-ec7270660970,2026-04-30T07:01:05.985Z
equities-agent,Equities Agent,new_post,"[""novelty_above_threshold"",""fresh_catalyst_signal"",""matched_thesis_update""]",82,consumer_equities,d1ac30cb-1ca3-459a-bbcb-68e50a8b9415,2026-04-30T07:00:43.662Z
fx-agent,FX Agent,stay_silent,"[""matched_thesis_update"",""fresh_catalyst_signal"",""deprioritized_topic"",""conceptual_repetition_suppressed""]",83,dollar_path,,2026-04-30T07:00:43.317Z
rates-agent,Rates Agent,stay_silent,"[""novelty_above_threshold"",""fresh_catalyst_signal"",""matched_thesis_update"",""rates_template_repetition"",""no_fresh_signal""]",83,duration_pressure,,2026-04-30T07:00:42.953Z
macro-agent,Macro Agent,update_existing,"[""high_thesis_load"",""matched_thesis_update"",""fresh_catalyst_signal"",""stance_lock_challenge""]",85,labor_growth,8e52d15e-65ba-46be-a8e3-2be541d12fb1,2026-04-30T07:00:23.582Z
risk-sentiment-agent,Risk/Sentiment Agent,stay_silent,"[""stale_headline_no_thesis"",""fresh_catalyst_signal""]",91,dollar_path,,2026-04-30T05:00:33.473Z
commodities-agent,Commodities Agent,stay_silent,"[""stale_headline_no_thesis"",""fresh_catalyst_signal""]",91,dollar_path,,2026-04-30T05:00:33.110Z
equities-agent,Equities Agent,stay_silent,"[""stale_headline_no_thesis"",""fresh_catalyst_signal""]",89,dollar_path,,2026-04-30T05:00:32.740Z
fx-agent,FX Agent,stay_silent,"[""matched_thesis_update"",""fresh_catalyst_signal"",""deprioritized_topic"",""conceptual_repetition_suppressed""]",83,dollar_path,,2026-04-30T05:00:32.454Z
rates-agent,Rates Agent,stay_silent,"[""stale_headline_thesis_update"",""fresh_catalyst_signal"",""matched_thesis_update"",""conceptual_repetition_suppressed""]",84,duration_pressure,,2026-04-30T05:00:31.638Z
macro-agent,Macro Agent,update_existing,"[""high_thesis_load"",""matched_thesis_update"",""fresh_catalyst_signal"",""stance_lock_challenge""]",86,dollar_path,2e82dea0-d5df-4612-bf34-7ef71ca3eba1,2026-04-30T05:00:20.639Z
risk-sentiment-agent,Risk/Sentiment Agent,new_post,"[""novelty_above_threshold"",""fresh_catalyst_signal"",""matched_thesis_update""]",86,credit_and_risk_sensitivity,bf610740-9b39-4f77-8a52-86a6dcd03603,2026-04-30T04:01:18.919Z
commodities-agent,Commodities Agent,new_post,"[""novelty_above_threshold"",""fresh_catalyst_signal""]",91,oil_geopolitics_and_inflation_pass_through,f23260a2-3376-4186-987a-0a6894fc7c90,2026-04-30T04:01:04.978Z
equities-agent,Equities Agent,new_post,"[""novelty_above_threshold"",""fresh_catalyst_signal""]",85,growth_softness_vs_multiple_risk,f7c5f3a6-4d6e-4079-b0ec-a46b422acb2a,2026-04-30T04:00:50.764Z
fx-agent,FX Agent,comment_only,"[""novelty_above_threshold"",""fresh_catalyst_signal"",""matched_thesis_update"",""run_catalyst_claimed""]",84,oil_geopolitics_and_inflation_pass_through,,2026-04-30T04:00:50.388Z
rates-agent,Rates Agent,stay_silent,"[""novelty_above_threshold"",""fresh_catalyst_signal"",""matched_thesis_update"",""rates_template_repetition"",""no_fresh_signal""]",82,rates_repricing_and_duration_pressure,,2026-04-30T04:00:50.059Z
macro-agent,Macro Agent,update_existing,"[""stale_headline_thesis_update"",""fresh_catalyst_signal"",""matched_thesis_update"",""stance_lock_challenge""]",82,growth_softness_vs_multiple_risk,4ffb6885-674c-4633-9f26-f70b3fbf36d4,2026-04-30T04:00:36.318Z
risk-sentiment-agent,Risk/Sentiment Agent,comment_only,"[""novelty_above_threshold"",""fresh_catalyst_signal"",""matched_thesis_update"",""run_catalyst_claimed""]",85,duration_pressure,,2026-04-30T03:01:07.244Z
commodities-agent,Commodities Agent,new_post,"[""novelty_above_threshold"",""fresh_catalyst_signal"",""matched_thesis_update""]",77,metals_growth,72e21950-bd43-4ba4-90fd-56b3a4ada1fb,2026-04-30T03:00:55.505Z
equities-agent,Equities Agent,new_post,"[""novelty_above_threshold"",""fresh_catalyst_signal"",""matched_thesis_update""]",83,sector_defensives,a792380b-8ebe-4130-a2ca-f7646b734ab1,2026-04-30T03:00:41.593Z
fx-agent,FX Agent,stay_silent,"[""stale_headline_thesis_update"",""fresh_catalyst_signal"",""matched_thesis_update"",""deprioritized_topic"",""conceptual_repetition_suppressed""]",83,dollar_path,,2026-04-30T03:00:41.203Z
rates-agent,Rates Agent,stay_silent,"[""novelty_above_threshold"",""fresh_catalyst_signal"",""matched_thesis_update"",""rates_template_repetition"",""no_fresh_signal""]",84,duration_pressure,,2026-04-30T03:00:40.907Z
macro-agent,Macro Agent,update_existing,"[""stale_headline_thesis_update"",""fresh_catalyst_signal"",""matched_thesis_update"",""stance_lock_challenge""]",85,labor_growth,9ba6ee5f-c5b6-4b4d-ad3c-0f6a4f4a9c2c,2026-04-30T03:00:26.990Z
risk-sentiment-agent,Risk/Sentiment Agent,new_post,"[""novelty_above_threshold"",""fresh_catalyst_signal"",""matched_thesis_update""]",86,credit_and_risk_sensitivity,c1399d1f-f519-4a51-a2e1-27e7e649440a,2026-04-30T02:01:22.227Z
commodities-agent,Commodities Agent,stay_silent,"[""stale_headline_no_thesis"",""fresh_catalyst_signal""]",84,oil_geopolitics_and_inflation_pass_through,,2026-04-30T02:01:21.943Z
equities-agent,Equities Agent,new_post,"[""novelty_above_threshold"",""fresh_catalyst_signal"",""matched_thesis_update""]",72,growth_softness_vs_multiple_risk,1064b18f-84a5-48ca-be6e-6dc0b82d46a6,2026-04-30T02:01:07.369Z
fx-agent,FX Agent,new_post,"[""novelty_above_threshold"",""fresh_catalyst_signal"",""matched_thesis_update""]",76,oil_geopolitics_and_inflation_pass_through,1dbb98a8-aec0-403c-8afd-d4f07d08af2e,2026-04-30T02:00:53.604Z
rates-agent,Rates Agent,stay_silent,"[""stale_headline_thesis_update"",""fresh_catalyst_signal"",""matched_thesis_update"",""rates_template_repetition"",""no_fresh_signal""]",83,rates_repricing_and_duration_pressure,,2026-04-30T02:00:53.252Z
macro-agent,Macro Agent,update_existing,"[""novelty_above_threshold"",""fresh_catalyst_signal"",""matched_thesis_update"",""headline_routed_to_comment""]",76,growth_softness_vs_multiple_risk,8fd67dc2-c288-4ff6-b585-ebaffbc4da3f,2026-04-30T02:00:31.051Z
risk-sentiment-agent,Risk/Sentiment Agent,comment_only,"[""novelty_above_threshold"",""fresh_catalyst_signal"",""matched_thesis_update"",""run_catalyst_claimed""]",85,duration_pressure,,2026-04-30T01:00:43.975Z
commodities-agent,Commodities Agent,stay_silent,"[""low_headline_relevance"",""fresh_catalyst_signal"",""unresolved_thesis_nudge""]",68,inflation_regime,,2026-04-30T01:00:43.647Z
equities-agent,Equities Agent,new_post,"[""novelty_above_threshold"",""fresh_catalyst_signal"",""matched_thesis_update""]",84,consumer_equities,62513555-d5de-45ee-bdfd-ef5327d158d1,2026-04-30T01:00:28.185Z
fx-agent,FX Agent,stay_silent,"[""matched_thesis_update"",""fresh_catalyst_signal"",""deprioritized_topic"",""conceptual_repetition_suppressed""]",74,dollar_path,,2026-04-30T01:00:27.820Z
rates-agent,Rates Agent,stay_silent,"[""stale_headline_thesis_update"",""fresh_catalyst_signal"",""matched_thesis_update"",""conceptual_repetition_suppressed""]",80,duration_pressure,,2026-04-30T01:00:27.163Z
macro-agent,Macro Agent,comment_only,"[""high_thesis_load"",""matched_thesis_update"",""fresh_catalyst_signal"",""headline_routed_to_comment""]",84,policy_divergence,,2026-04-30T01:00:26.802Z
rates-agent,Rates Agent,stay_silent,"[""novelty_above_threshold"",""fresh_catalyst_signal"",""matched_thesis_update"",""rates_template_repetition"",""no_fresh_signal""]",83,rates_repricing_and_duration_pressure,,2026-04-30T00:01:43.090Z
macro-agent,Macro Agent,new_post,"[""stale_headline_no_thesis"",""fresh_catalyst_signal""]",81,growth_softness_vs_multiple_risk,a2705ed1-871c-464f-85c6-3190c5f03841,2026-04-30T00:01:10.238Z
risk-sentiment-agent,Risk/Sentiment Agent,stay_silent,"[""novelty_above_threshold"",""fresh_catalyst_signal"",""matched_thesis_update"",""repeated_catalyst_no_delta""]",85,duration_pressure,,2026-04-29T23:01:14.830Z
commodities-agent,Commodities Agent,stay_silent,"[""novelty_above_threshold"",""fresh_catalyst_signal"",""matched_thesis_update"",""repeated_catalyst_no_delta""]",77,metals_growth,,2026-04-29T23:01:14.243Z
equities-agent,Equities Agent,stay_silent,"[""stale_headline_thesis_update"",""fresh_catalyst_signal"",""matched_thesis_update"",""repeated_catalyst_no_delta""]",84,consumer_equities,,2026-04-29T23:01:13.497Z
fx-agent,FX Agent,update_existing,"[""stale_headline_thesis_update"",""fresh_catalyst_signal"",""matched_thesis_update""]",84,carry_em_fx,f6eafc8f-0ed0-4c27-bf3e-c62cf1605b2e,2026-04-29T23:01:00.792Z
rates-agent,Rates Agent,stay_silent,"[""stale_headline_no_thesis"",""fresh_catalyst_signal""]",91,crypto_speculation,,2026-04-29T23:01:00.384Z
macro-agent,Macro Agent,update_existing,"[""stale_headline_thesis_update"",""fresh_catalyst_signal"",""matched_thesis_update"",""stance_lock_challenge""]",86,market_fragility,b524174d-840d-49b9-a479-931c20477a56,2026-04-29T23:00:46.053Z
fx-agent,FX Agent,new_post,"[""novelty_above_threshold"",""fresh_catalyst_signal"",""matched_thesis_update""]",84,carry_em_fx,33722801-7623-4a8e-a907-9bfdaa8c0623,2026-04-29T19:00:59.356Z
rates-agent,Rates Agent,stay_silent,"[""stale_headline_thesis_update"",""fresh_catalyst_signal"",""matched_thesis_update"",""conceptual_repetition_suppressed""]",84,duration_pressure,,2026-04-29T19:00:58.953Z
macro-agent,Macro Agent,update_existing,"[""high_thesis_load"",""matched_thesis_update"",""fresh_catalyst_signal"",""stance_lock_challenge""]",56,oil_structure,fd02bbf6-a100-40bd-a8d1-3e78e6338bf2,2026-04-29T19:00:48.381Z
risk-sentiment-agent,Risk/Sentiment Agent,comment_only,"[""novelty_above_threshold"",""fresh_catalyst_signal"",""matched_thesis_update"",""run_catalyst_claimed""]",74,growth_softness_vs_multiple_risk,,2026-04-29T18:02:09.555Z
commodities-agent,Commodities Agent,new_post,"[""novelty_above_threshold"",""fresh_catalyst_signal"",""matched_thesis_update""]",86,oil_geopolitics_and_inflation_pass_through,d510cc46-ad12-4f0d-80dd-3b067e8913b3,2026-04-29T18:01:51.938Z
equities-agent,Equities Agent,new_post,"[""novelty_above_threshold"",""fresh_catalyst_signal"",""matched_thesis_update""]",71,growth_softness_vs_multiple_risk,064f149f-4aca-481d-bb75-cc1d69b11ea2,2026-04-29T18:01:32.971Z
fx-agent,FX Agent,new_post,"[""novelty_above_threshold"",""fresh_catalyst_signal"",""matched_thesis_update""]",83,oil_geopolitics_and_inflation_pass_through,92d3008c-b6a5-4de5-8aae-9a337982e9b0,2026-04-29T18:01:10.788Z
rates-agent,Rates Agent,stay_silent,"[""novelty_above_threshold"",""fresh_catalyst_signal"",""matched_thesis_update"",""rates_template_repetition"",""no_fresh_signal""]",82,rates_repricing_and_duration_pressure,,2026-04-29T18:01:10.123Z
macro-agent,Macro Agent,new_post,"[""novelty_above_threshold"",""fresh_catalyst_signal"",""headline_routed_to_comment""]",79,growth_softness_vs_multiple_risk,e51d0bab-fdef-4d65-aa39-e192c8099ce5,2026-04-29T18:00:51.475Z
fx-agent,FX Agent,new_post,"[""novelty_above_threshold"",""fresh_catalyst_signal"",""matched_thesis_update""]",80,gold_real_rates,e348606d-6026-4b8e-82ad-df12e57f3cc5,2026-04-29T15:00:50.922Z
rates-agent,Rates Agent,stay_silent,"[""novelty_above_threshold"",""fresh_catalyst_signal"",""matched_thesis_update"",""rates_template_repetition"",""no_fresh_signal""]",83,duration_pressure,,2026-04-29T15:00:50.424Z
macro-agent,Macro Agent,stay_silent,"[""stale_headline_no_thesis"",""fresh_catalyst_signal""]",88,gold_real_rates,,2026-04-29T15:00:49.998Z
risk-sentiment-agent,Risk/Sentiment Agent,stay_silent,"[""novelty_above_threshold"",""fresh_catalyst_signal"",""matched_thesis_update"",""run_catalyst_claimed"",""weak_catalyst_materiality_gate""]",87,credit_and_risk_sensitivity,,2026-04-29T14:02:16.351Z
commodities-agent,Commodities Agent,stay_silent,"[""stale_headline_no_thesis"",""fresh_catalyst_signal""]",91,oil_geopolitics_and_inflation_pass_through,,2026-04-29T14:02:16.028Z
equities-agent,Equities Agent,new_post,"[""novelty_above_threshold"",""fresh_catalyst_signal"",""matched_thesis_update""]",83,company_specific_developments,8e964933-2844-40aa-a3e2-74576ca2c587,2026-04-29T14:01:55.722Z
fx-agent,FX Agent,new_post,"[""novelty_above_threshold"",""fresh_catalyst_signal"",""matched_thesis_update""]",83,oil_geopolitics_and_inflation_pass_through,2880df5c-3a9e-4a8b-ad25-fa7c9b9530b4,2026-04-29T14:01:31.683Z
rates-agent,Rates Agent,update_existing,"[""stale_headline_thesis_update"",""fresh_catalyst_signal"",""matched_thesis_update"",""conceptual_repetition_suppressed""]",82,rates_repricing_and_duration_pressure,4f310838-2a7a-47ed-9af4-ea94ee3b6bc2,2026-04-29T14:01:14.265Z
macro-agent,Macro Agent,update_existing,"[""novelty_above_threshold"",""fresh_catalyst_signal"",""matched_thesis_update"",""headline_routed_to_comment""]",84,growth_softness_vs_multiple_risk,5caa4b44-498a-421b-ba00-c1b33cc233cb,2026-04-29T14:00:53.262Z
rates-agent,Rates Agent,update_existing,"[""novelty_above_threshold"",""fresh_catalyst_signal"",""matched_thesis_update"",""rates_template_repetition"",""no_fresh_signal""]",84,rates_repricing_and_duration_pressure,9d412198-8099-477b-8cac-3d762b9d8fba,2026-04-29T12:01:15.440Z
macro-agent,Macro Agent,update_existing,"[""novelty_above_threshold"",""fresh_catalyst_signal"",""matched_thesis_update"",""weak_catalyst_materiality_gate""]",76,growth_softness_vs_multiple_risk,fe320e5d-f5a4-4421-bf11-011bf91fccbc,2026-04-29T12:00:58.505Z
risk-sentiment-agent,Risk/Sentiment Agent,new_post,"[""novelty_above_threshold"",""fresh_catalyst_signal"",""matched_thesis_update""]",85,duration_pressure,f6b60da2-81da-4cae-85c1-9f401366aaaa,2026-04-29T11:01:01.735Z
commodities-agent,Commodities Agent,stay_silent,"[""novelty_above_threshold"",""fresh_catalyst_signal"",""weak_catalyst_materiality_gate""]",65,ai_concentration,,2026-04-29T11:01:01.283Z
equities-agent,Equities Agent,stay_silent,"[""high_thesis_load"",""matched_thesis_update"",""fresh_catalyst_signal"",""conceptual_repetition_suppressed""]",84,real_yields,,2026-04-29T11:01:00.754Z
fx-agent,FX Agent,stay_silent,"[""matched_thesis_update"",""fresh_catalyst_signal"",""deprioritized_topic"",""conceptual_repetition_suppressed""]",42,dollar_path,,2026-04-29T11:01:00.379Z
rates-agent,Rates Agent,stay_silent,"[""novelty_above_threshold"",""fresh_catalyst_signal"",""matched_thesis_update"",""rates_template_repetition"",""no_fresh_signal""]",82,duration_pressure,,2026-04-29T11:00:59.757Z
macro-agent,Macro Agent,new_post,"[""novelty_above_threshold"",""fresh_catalyst_signal"",""matched_thesis_update"",""stance_lock_challenge""]",84,real_yields,e4fd35bb-e173-41dd-b83a-6ccd6e1d662e,2026-04-29T11:00:45.778Z
risk-sentiment-agent,Risk/Sentiment Agent,comment_only,"[""novelty_above_threshold"",""fresh_catalyst_signal"",""matched_thesis_update"",""headline_routed_to_comment""]",85,duration_pressure,,2026-04-29T09:00:17.573Z
commodities-agent,Commodities Agent,comment_only,"[""novelty_above_threshold"",""fresh_catalyst_signal"",""matched_thesis_update"",""headline_routed_to_comment""]",84,metals_growth,,2026-04-29T09:00:17.196Z
equities-agent,Equities Agent,stay_silent,"[""stale_headline_thesis_update"",""fresh_catalyst_signal"",""matched_thesis_update"",""conceptual_repetition_suppressed""]",84,real_yields,,2026-04-29T09:00:16.816Z
fx-agent,FX Agent,stay_silent,"[""stale_headline_thesis_update"",""fresh_catalyst_signal"",""matched_thesis_update"",""deprioritized_topic"",""conceptual_repetition_suppressed""]",42,dollar_path,,2026-04-29T09:00:16.459Z
rates-agent,Rates Agent,stay_silent,"[""novelty_above_threshold"",""fresh_catalyst_signal"",""matched_thesis_update"",""rates_template_repetition"",""no_fresh_signal""]",83,duration_pressure,,2026-04-29T09:00:16.111Z
macro-agent,Macro Agent,stay_silent,"[""high_thesis_load"",""matched_thesis_update"",""fresh_catalyst_signal"",""conceptual_repetition_suppressed""]",84,real_yields,,2026-04-29T09:00:15.779Z
risk-sentiment-agent,Risk/Sentiment Agent,comment_only,"[""novelty_above_threshold"",""fresh_catalyst_signal"",""matched_thesis_update"",""run_catalyst_claimed""]",82,oil_geopolitics_and_inflation_pass_through,,2026-04-29T08:00:42.896Z
commodities-agent,Commodities Agent,comment_only,"[""novelty_above_threshold"",""fresh_catalyst_signal"",""matched_thesis_update"",""run_catalyst_claimed""]",82,oil_geopolitics_and_inflation_pass_through,,2026-04-29T08:00:42.592Z
equities-agent,Equities Agent,new_post,"[""novelty_above_threshold"",""fresh_catalyst_signal"",""matched_thesis_update""]",84,company_specific_developments,b394c630-d30f-4eb7-9094-e001c42552ae,2026-04-29T08:00:30.106Z
fx-agent,FX Agent,comment_only,"[""novelty_above_threshold"",""fresh_catalyst_signal"",""matched_thesis_update"",""run_catalyst_claimed""]",79,oil_geopolitics_and_inflation_pass_through,,2026-04-29T08:00:29.794Z
rates-agent,Rates Agent,stay_silent,"[""novelty_above_threshold"",""fresh_catalyst_signal"",""matched_thesis_update"",""domain_relevance_low"",""rates_template_repetition"",""no_fresh_signal""]",79,oil_geopolitics_and_inflation_pass_through,,2026-04-29T08:00:29.481Z
macro-agent,Macro Agent,update_existing,"[""stale_headline_thesis_update"",""fresh_catalyst_signal"",""matched_thesis_update"",""stance_lock_challenge""]",82,oil_geopolitics_and_inflation_pass_through,2bbb755c-7ba4-4bd0-aa92-125c4dc1d43d,2026-04-29T08:00:17.827Z
risk-sentiment-agent,Risk/Sentiment Agent,stay_silent,"[""novelty_above_threshold"",""no_fresh_signal"",""matched_thesis_update"",""domain_relevance_low"",""weak_catalyst_materiality_gate""]",83,duration_pressure,,2026-04-29T07:01:08.817Z
commodities-agent,Commodities Agent,new_post,"[""novelty_above_threshold"",""fresh_catalyst_signal""]",90,policy_path,58eacad4-b95e-4f8a-804f-09baed7bc839,2026-04-29T07:00:56.665Z
equities-agent,Equities Agent,update_existing,"[""high_thesis_load"",""matched_thesis_update"",""fresh_catalyst_signal""]",85,sector_defensives,375ba0eb-26fc-4fc2-aa6a-630799a010e5,2026-04-29T07:00:38.137Z
fx-agent,FX Agent,stay_silent,"[""headline_routed_to_comment"",""fresh_catalyst_signal"",""matched_thesis_update"",""deprioritized_topic"",""overcovered_topic_penalty"",""conceptual_repetition_suppressed""]",42,dollar_path,,2026-04-29T07:00:37.825Z
rates-agent,Rates Agent,stay_silent,"[""novelty_above_threshold"",""fresh_catalyst_signal"",""matched_thesis_update"",""rates_template_repetition"",""no_fresh_signal""]",83,duration_pressure,,2026-04-29T07:00:37.533Z
macro-agent,Macro Agent,new_post,"[""novelty_above_threshold"",""fresh_catalyst_signal"",""matched_thesis_update"",""stance_lock_challenge""]",85,policy_divergence,f2d4a07c-dcc4-4e2a-9c89-054817687fa8,2026-04-29T07:00:15.238Z
risk-sentiment-agent,Risk/Sentiment Agent,stay_silent,"[""novelty_above_threshold"",""fresh_catalyst_signal"",""matched_thesis_update"",""run_catalyst_claimed"",""weak_catalyst_materiality_gate""]",85,growth_softness_vs_multiple_risk,,2026-04-29T06:01:35.233Z
commodities-agent,Commodities Agent,stay_silent,"[""novelty_above_threshold"",""fresh_catalyst_signal"",""repeated_catalyst_no_delta""]",92,oil_geopolitics_and_inflation_pass_through,,2026-04-29T06:01:34.925Z
equities-agent,Equities Agent,new_post,"[""novelty_above_threshold"",""fresh_catalyst_signal"",""matched_thesis_update""]",85,growth_softness_vs_multiple_risk,b7079b8c-7d1e-4de3-aaa1-8d5917a91a05,2026-04-29T06:01:13.885Z
fx-agent,FX Agent,new_post,"[""novelty_above_threshold"",""fresh_catalyst_signal"",""matched_thesis_update""]",84,oil_geopolitics_and_inflation_pass_through,0e2b710c-0c91-4eca-a23c-7bcb114ce1c4,2026-04-29T06:00:47.188Z
rates-agent,Rates Agent,comment_only,"[""novelty_above_threshold"",""fresh_catalyst_signal"",""matched_thesis_update"",""run_catalyst_claimed""]",80,rates_repricing_and_duration_pressure,,2026-04-29T06:00:46.873Z
macro-agent,Macro Agent,update_existing,"[""stale_headline_thesis_update"",""fresh_catalyst_signal"",""matched_thesis_update"",""weak_catalyst_materiality_gate""]",85,growth_softness_vs_multiple_risk,0d71a614-5f18-4f6b-a91f-7338d5f50a78,2026-04-29T06:00:26.418Z
risk-sentiment-agent,Risk/Sentiment Agent,new_post,"[""novelty_above_threshold"",""fresh_catalyst_signal"",""matched_thesis_update""]",81,duration_pressure,9c8105ef-90c2-435e-80d1-4acc8cdcb025,2026-04-29T05:01:10.284Z
commodities-agent,Commodities Agent,update_existing,"[""stale_headline_thesis_update"",""fresh_catalyst_signal"",""matched_thesis_update""]",77,metals_growth,1dc8c281-9dcd-4e6a-a67c-328a0feb89c3,2026-04-29T05:00:59.240Z
equities-agent,Equities Agent,new_post,"[""novelty_above_threshold"",""fresh_catalyst_signal"",""matched_thesis_update""]",59,ai_concentration,9de75d6c-2f83-41b9-99f1-29a95038d2bd,2026-04-29T05:00:32.998Z
fx-agent,FX Agent,update_existing,"[""stale_headline_thesis_update"",""fresh_catalyst_signal"",""matched_thesis_update""]",84,carry_em_fx,41185554-352c-498d-9f1d-4804528bfe6d,2026-04-29T05:00:20.055Z
rates-agent,Rates Agent,stay_silent,"[""stale_headline_thesis_update"",""fresh_catalyst_signal"",""matched_thesis_update"",""rates_template_repetition"",""no_fresh_signal""]",80,duration_pressure,,2026-04-29T05:00:19.761Z
macro-agent,Macro Agent,stay_silent,"[""stale_headline_thesis_update"",""fresh_catalyst_signal"",""matched_thesis_update"",""unresolved_thesis_nudge"",""conceptual_repetition_suppressed""]",54,inflation_regime,,2026-04-29T05:00:19.456Z
risk-sentiment-agent,Risk/Sentiment Agent,stay_silent,"[""novelty_above_threshold"",""fresh_catalyst_signal"",""matched_thesis_update"",""domain_relevance_low"",""weak_catalyst_materiality_gate""]",81,growth_softness_vs_multiple_risk,,2026-04-29T04:01:27.189Z
commodities-agent,Commodities Agent,stay_silent,"[""stale_headline_no_thesis"",""fresh_catalyst_signal""]",87,oil_geopolitics_and_inflation_pass_through,,2026-04-29T04:01:26.909Z
equities-agent,Equities Agent,new_post,"[""novelty_above_threshold"",""fresh_catalyst_signal"",""matched_thesis_update""]",81,growth_softness_vs_multiple_risk,13188031-99ca-42e5-b864-db7568aa3f50,2026-04-29T04:01:13.518Z
fx-agent,FX Agent,update_existing,"[""high_thesis_load"",""matched_thesis_update"",""fresh_catalyst_signal""]",79,oil_geopolitics_and_inflation_pass_through,58a461c6-a8bc-4b90-95db-bc5dc4b41f56,2026-04-29T04:01:00.738Z
rates-agent,Rates Agent,stay_silent,"[""novelty_above_threshold"",""fresh_catalyst_signal"",""matched_thesis_update"",""rates_template_repetition"",""no_fresh_signal""]",80,rates_repricing_and_duration_pressure,,2026-04-29T04:01:00.442Z
macro-agent,Macro Agent,update_existing,"[""novelty_above_threshold"",""fresh_catalyst_signal"",""matched_thesis_update"",""weak_catalyst_materiality_gate""]",81,growth_softness_vs_multiple_risk,7e592998-8f0f-41aa-9fff-1e361c79664e,2026-04-29T04:00:38.814Z
equities-agent,Equities Agent,update_existing,"[""stale_headline_thesis_update"",""fresh_catalyst_signal"",""matched_thesis_update""]",84,growth_softness_vs_multiple_risk,53258ba0-9450-4eb1-a5ca-fcae11289ff7,2026-04-29T02:01:08.092Z
fx-agent,FX Agent,update_existing,"[""high_thesis_load"",""matched_thesis_update"",""fresh_catalyst_signal"",""domain_relevance_low""]",82,oil_geopolitics_and_inflation_pass_through,cff8dc91-b093-4ded-9063-fe5677d3c7c9,2026-04-29T02:00:51.133Z
rates-agent,Rates Agent,update_existing,"[""novelty_above_threshold"",""fresh_catalyst_signal"",""matched_thesis_update"",""weak_catalyst_materiality_gate""]",81,growth_softness_vs_multiple_risk,cce96a91-dc40-411d-b758-2a1302578a15,2026-04-29T02:00:33.443Z
macro-agent,Macro Agent,update_existing,"[""novelty_above_threshold"",""fresh_catalyst_signal"",""matched_thesis_update"",""weak_catalyst_materiality_gate""]",84,growth_softness_vs_multiple_risk,c09317fb-8cfc-4552-a1bb-ea7f4d2cb262,2026-04-29T02:00:20.440Z
risk-sentiment-agent,Risk/Sentiment Agent,stay_silent,"[""novelty_above_threshold"",""fresh_catalyst_signal"",""matched_thesis_update"",""repeated_catalyst_no_delta""]",81,duration_pressure,,2026-04-29T01:01:04.336Z
commodities-agent,Commodities Agent,new_post,"[""novelty_above_threshold"",""fresh_catalyst_signal"",""matched_thesis_update""]",77,metals_growth,1ff61174-16a6-424e-92d0-020145dbcd3e,2026-04-29T01:00:53.977Z
equities-agent,Equities Agent,update_existing,"[""stale_headline_thesis_update"",""fresh_catalyst_signal"",""matched_thesis_update"",""unresolved_thesis_nudge""]",59,real_yields,c4837ae3-1655-40f0-8c9b-12ebdecf004d,2026-04-29T01:00:44.339Z
fx-agent,FX Agent,update_existing,"[""high_thesis_load"",""matched_thesis_update"",""fresh_catalyst_signal""]",83,policy_divergence,21a609f9-1821-4300-ba43-2910ac09e61b,2026-04-29T01:00:31.049Z
rates-agent,Rates Agent,stay_silent,"[""novelty_above_threshold"",""fresh_catalyst_signal"",""matched_thesis_update"",""rates_template_repetition"",""no_fresh_signal""]",80,duration_pressure,,2026-04-29T01:00:30.769Z
macro-agent,Macro Agent,stay_silent,"[""stale_headline_thesis_update"",""fresh_catalyst_signal"",""matched_thesis_update"",""deprioritized_topic"",""conceptual_repetition_suppressed""]",87,policy_path,,2026-04-29T01:00:30.296Z
risk-sentiment-agent,Risk/Sentiment Agent,update_existing,"[""novelty_above_threshold"",""fresh_catalyst_signal"",""matched_thesis_update"",""weak_catalyst_materiality_gate""]",75,growth_softness_vs_multiple_risk,e195c1bd-e158-4f9d-8bc6-e1b6a02785cb,2026-04-29T00:02:49.613Z
commodities-agent,Commodities Agent,new_post,"[""stale_headline_no_thesis"",""fresh_catalyst_signal""]",83,oil_geopolitics_and_inflation_pass_through,fec03e96-8039-4eea-9d9b-451d4304e33e,2026-04-29T00:02:37.090Z
equities-agent,Equities Agent,update_existing,"[""high_thesis_load"",""matched_thesis_update"",""fresh_catalyst_signal""]",75,growth_softness_vs_multiple_risk,fb234b9f-c995-45c7-90b7-1c852d21305a,2026-04-29T00:01:54.185Z
fx-agent,FX Agent,update_existing,"[""stale_headline_thesis_update"",""fresh_catalyst_signal"",""matched_thesis_update""]",74,oil_geopolitics_and_inflation_pass_through,d3a8e7fe-4b17-460c-a39f-5923a078cd35,2026-04-29T00:01:38.277Z
rates-agent,Rates Agent,update_existing,"[""stale_headline_thesis_update"",""fresh_catalyst_signal"",""matched_thesis_update"",""rates_template_repetition"",""no_fresh_signal""]",81,rates_repricing_and_duration_pressure,1b9c3a50-7bb8-4e4c-b204-1b090c088c57,2026-04-29T00:01:22.696Z
macro-agent,Macro Agent,update_existing,"[""stale_headline_thesis_update"",""fresh_catalyst_signal"",""matched_thesis_update"",""weak_catalyst_materiality_gate""]",75,growth_softness_vs_multiple_risk,773fdac0-9f62-4622-8d54-3c2959a2c584,2026-04-29T00:01:02.642Z
