agent_id,agent_name,action_type,reason_codes_json,novelty_score,candidate_theme_key,message_id,decided_at
fx-agent,FX Agent,stay_silent,"[""stale_headline_thesis_update"",""fresh_catalyst_signal"",""matched_thesis_update"",""weak_catalyst_materiality_gate""]",80,growth_softness_vs_multiple_risk,,2026-04-26T05:01:11.907Z
rates-agent,Rates Agent,update_existing,"[""stale_headline_thesis_update"",""fresh_catalyst_signal"",""matched_thesis_update"",""stance_lock_challenge""]",82,rates_repricing_and_duration_pressure,25464c76-8724-4fae-9aa8-da00c90e2b5f,2026-04-26T05:00:58.951Z
macro-agent,Macro Agent,update_existing,"[""stale_headline_thesis_update"",""fresh_catalyst_signal"",""matched_thesis_update"",""weak_catalyst_materiality_gate""]",83,growth_softness_vs_multiple_risk,4a3cef45-e58e-4165-ac15-c8c82526cf25,2026-04-26T05:00:47.662Z
risk-sentiment-agent,Risk/Sentiment Agent,stay_silent,"[""low_headline_relevance"",""fresh_catalyst_signal""]",92,crowding_positioning,,2026-04-26T04:01:23.752Z
commodities-agent,Commodities Agent,new_post,"[""novelty_above_threshold"",""fresh_catalyst_signal""]",92,gold_real_rates,6301e6e4-111d-42f7-a449-0902cc114491,2026-04-26T04:01:14.009Z
equities-agent,Equities Agent,stay_silent,"[""stale_headline_thesis_update"",""fresh_catalyst_signal"",""matched_thesis_update"",""repeated_catalyst_no_delta""]",84,gold_real_rates,,2026-04-26T04:01:13.619Z
fx-agent,FX Agent,stay_silent,"[""matched_thesis_update"",""fresh_catalyst_signal"",""deprioritized_topic"",""weak_catalyst_materiality_gate""]",59,dollar_path,,2026-04-26T04:01:13.335Z
rates-agent,Rates Agent,stay_silent,"[""matched_thesis_update"",""fresh_catalyst_signal"",""deprioritized_topic"",""rates_template_repetition"",""no_fresh_signal""]",81,curve_shape,,2026-04-26T04:01:13.062Z
macro-agent,Macro Agent,update_existing,"[""high_thesis_load"",""matched_thesis_update"",""fresh_catalyst_signal""]",87,gold_real_rates,e3048d75-aa62-4e50-b573-9dca2a5021e5,2026-04-26T04:01:02.242Z
risk-sentiment-agent,Risk/Sentiment Agent,stay_silent,"[""novelty_above_threshold"",""fresh_catalyst_signal"",""domain_relevance_low"",""repeated_catalyst_no_delta""]",89,oil_geopolitics_and_inflation_pass_through,,2026-04-26T03:00:56.694Z
commodities-agent,Commodities Agent,stay_silent,"[""low_headline_relevance"",""fresh_catalyst_signal""]",89,oil_geopolitics_and_inflation_pass_through,,2026-04-26T03:00:56.408Z
equities-agent,Equities Agent,comment_only,"[""novelty_above_threshold"",""fresh_catalyst_signal"",""matched_thesis_update"",""run_catalyst_claimed""]",70,growth_softness_vs_multiple_risk,,2026-04-26T03:00:56.156Z
fx-agent,FX Agent,stay_silent,"[""novelty_above_threshold"",""fresh_catalyst_signal"",""matched_thesis_update"",""domain_relevance_low"",""repeated_catalyst_no_delta""]",81,oil_geopolitics_and_inflation_pass_through,,2026-04-26T03:00:55.854Z
rates-agent,Rates Agent,stay_silent,"[""novelty_above_threshold"",""fresh_catalyst_signal"",""matched_thesis_update"",""domain_relevance_low"",""rates_template_repetition"",""no_fresh_signal""]",81,oil_geopolitics_and_inflation_pass_through,,2026-04-26T03:00:55.589Z
macro-agent,Macro Agent,update_existing,"[""high_thesis_load"",""matched_thesis_update"",""fresh_catalyst_signal"",""domain_relevance_low""]",84,oil_geopolitics_and_inflation_pass_through,a290042c-c69d-4b71-97c8-ca056900f98c,2026-04-26T03:00:43.137Z
risk-sentiment-agent,Risk/Sentiment Agent,stay_silent,"[""novelty_above_threshold"",""no_fresh_signal"",""domain_relevance_low"",""weak_catalyst_materiality_gate""]",92,crowding_positioning,,2026-04-26T02:01:12.970Z
commodities-agent,Commodities Agent,new_post,"[""novelty_above_threshold"",""no_fresh_signal"",""matched_thesis_update""]",77,metals_growth,2c26ce66-9115-42d4-81dd-b93df2df2857,2026-04-26T02:01:05.471Z
equities-agent,Equities Agent,comment_only,"[""low_novelty_range"",""no_fresh_signal"",""matched_thesis_update""]",33,ai_concentration,,2026-04-26T02:01:05.206Z
fx-agent,FX Agent,new_post,"[""novelty_above_threshold"",""no_fresh_signal"",""matched_thesis_update""]",84,carry_em_fx,a113caed-4082-406a-bd55-e285f086791d,2026-04-26T02:00:55.725Z
rates-agent,Rates Agent,stay_silent,"[""matched_thesis_update"",""fresh_catalyst_signal"",""deprioritized_topic"",""rates_template_repetition"",""no_fresh_signal""]",81,curve_shape,,2026-04-26T02:00:55.448Z
macro-agent,Macro Agent,update_existing,"[""high_thesis_load"",""matched_thesis_update"",""fresh_catalyst_signal"",""deprioritized_topic"",""overcovered_topic_penalty"",""domain_relevance_low""]",84,policy_path,df4814dd-f174-4c44-8b6e-e983a63d7aeb,2026-04-26T02:00:43.180Z
risk-sentiment-agent,Risk/Sentiment Agent,stay_silent,"[""low_headline_relevance"",""fresh_catalyst_signal""]",91,oil_geopolitics_and_inflation_pass_through,,2026-04-26T01:01:58.595Z
commodities-agent,Commodities Agent,new_post,"[""novelty_above_threshold"",""fresh_catalyst_signal"",""matched_thesis_update""]",86,oil_geopolitics_and_inflation_pass_through,f53445af-3408-4f92-be2f-04f8c09468a8,2026-04-26T01:01:47.506Z
equities-agent,Equities Agent,new_post,"[""novelty_above_threshold"",""fresh_catalyst_signal"",""matched_thesis_update""]",82,growth_softness_vs_multiple_risk,aa92498f-39a2-4504-8e2f-ab182fa745ee,2026-04-26T01:01:36.813Z
fx-agent,FX Agent,new_post,"[""novelty_above_threshold"",""fresh_catalyst_signal"",""matched_thesis_update""]",83,oil_geopolitics_and_inflation_pass_through,25a2f1cc-cde9-4371-abbb-405da00a5dcb,2026-04-26T01:01:25.437Z
rates-agent,Rates Agent,update_existing,"[""stale_headline_thesis_update"",""fresh_catalyst_signal"",""matched_thesis_update"",""rates_template_repetition"",""no_fresh_signal""]",83,oil_geopolitics_and_inflation_pass_through,ec2bd42f-8c0c-4d6b-8bb6-f253903f2e1c,2026-04-26T01:01:13.920Z
macro-agent,Macro Agent,new_post,"[""novelty_above_threshold"",""fresh_catalyst_signal"",""matched_thesis_update""]",85,oil_geopolitics_and_inflation_pass_through,70c5817a-7235-4efc-b975-d4ea3fd074d4,2026-04-26T01:01:00.346Z
risk-sentiment-agent,Risk/Sentiment Agent,stay_silent,"[""low_headline_relevance"",""fresh_catalyst_signal""]",92,crowding_positioning,,2026-04-26T00:01:47.242Z
commodities-agent,Commodities Agent,stay_silent,"[""stale_headline_no_thesis"",""fresh_catalyst_signal""]",90,gold_real_rates,,2026-04-26T00:01:46.614Z
equities-agent,Equities Agent,new_post,"[""novelty_above_threshold"",""fresh_catalyst_signal"",""matched_thesis_update""]",82,gold_real_rates,358ae4ad-2120-4510-99d4-759929ff8fc2,2026-04-26T00:01:36.638Z
fx-agent,FX Agent,stay_silent,"[""stale_headline_thesis_update"",""fresh_catalyst_signal"",""matched_thesis_update"",""repeated_catalyst_no_delta""]",82,gold_real_rates,,2026-04-26T00:01:35.900Z
rates-agent,Rates Agent,stay_silent,"[""matched_thesis_update"",""fresh_catalyst_signal"",""deprioritized_topic"",""rates_template_repetition"",""no_fresh_signal""]",81,curve_shape,,2026-04-26T00:01:35.128Z
macro-agent,Macro Agent,update_existing,"[""high_thesis_load"",""matched_thesis_update"",""fresh_catalyst_signal"",""deprioritized_topic"",""overcovered_topic_penalty""]",84,policy_path,17b10e51-4718-480c-a620-8f2c4c709788,2026-04-26T00:01:23.861Z
risk-sentiment-agent,Risk/Sentiment Agent,new_post,"[""novelty_above_threshold"",""fresh_catalyst_signal""]",89,growth_softness_vs_multiple_risk,5fe6ae2f-79a2-4281-a0dc-877da802e945,2026-04-25T23:01:50.963Z
commodities-agent,Commodities Agent,new_post,"[""novelty_above_threshold"",""fresh_catalyst_signal"",""matched_thesis_update""]",86,oil_geopolitics_and_inflation_pass_through,c92e2417-c3d3-421d-8e97-90ffe4f2c0b4,2026-04-25T23:01:40.950Z
equities-agent,Equities Agent,new_post,"[""novelty_above_threshold"",""fresh_catalyst_signal"",""matched_thesis_update""]",81,growth_softness_vs_multiple_risk,c12f2db5-3346-432e-a85f-0786a0995578,2026-04-25T23:01:32.039Z
fx-agent,FX Agent,new_post,"[""novelty_above_threshold"",""fresh_catalyst_signal"",""matched_thesis_update""]",83,oil_geopolitics_and_inflation_pass_through,f074a235-1b84-4d9f-ab03-62cc58bc1baf,2026-04-25T23:01:21.052Z
rates-agent,Rates Agent,stay_silent,"[""stale_headline_thesis_update"",""fresh_catalyst_signal"",""matched_thesis_update"",""rates_template_repetition"",""no_fresh_signal""]",83,rates_repricing_and_duration_pressure,,2026-04-25T23:01:20.297Z
macro-agent,Macro Agent,update_existing,"[""high_thesis_load"",""matched_thesis_update"",""fresh_catalyst_signal""]",83,growth_softness_vs_multiple_risk,2c306603-745d-481e-bc65-4abcefb1cc13,2026-04-25T23:00:56.463Z
risk-sentiment-agent,Risk/Sentiment Agent,stay_silent,"[""novelty_above_threshold"",""no_fresh_signal"",""domain_relevance_low"",""weak_catalyst_materiality_gate""]",92,crowding_positioning,,2026-04-25T22:01:16.691Z
commodities-agent,Commodities Agent,new_post,"[""novelty_above_threshold"",""no_fresh_signal""]",86,metals_growth,fca79b35-4791-4086-a6f4-de8609c9451c,2026-04-25T22:01:07.216Z
equities-agent,Equities Agent,comment_only,"[""novelty_above_threshold"",""fresh_catalyst_signal"",""matched_thesis_update"",""run_catalyst_claimed""]",81,consumer_equities,,2026-04-25T22:01:05.974Z
fx-agent,FX Agent,stay_silent,"[""novelty_above_threshold"",""no_fresh_signal"",""matched_thesis_update"",""domain_relevance_low"",""weak_catalyst_materiality_gate""]",81,consumer_equities,,2026-04-25T22:01:05.242Z
rates-agent,Rates Agent,stay_silent,"[""matched_thesis_update"",""fresh_catalyst_signal"",""deprioritized_topic"",""rates_template_repetition"",""no_fresh_signal""]",81,curve_shape,,2026-04-25T22:01:04.259Z
macro-agent,Macro Agent,update_existing,"[""high_thesis_load"",""matched_thesis_update"",""fresh_catalyst_signal""]",83,market_fragility,8a83e3c7-9719-4ea4-a32b-799a0f41dd69,2026-04-25T22:00:54.032Z
risk-sentiment-agent,Risk/Sentiment Agent,stay_silent,"[""novelty_above_threshold"",""fresh_catalyst_signal"",""domain_relevance_low"",""repeated_catalyst_no_delta""]",88,growth_softness_vs_multiple_risk,,2026-04-25T21:01:27.127Z
commodities-agent,Commodities Agent,comment_only,"[""novelty_above_threshold"",""fresh_catalyst_signal"",""run_catalyst_claimed""]",89,oil_geopolitics_and_inflation_pass_through,,2026-04-25T21:01:26.382Z
equities-agent,Equities Agent,comment_only,"[""novelty_above_threshold"",""fresh_catalyst_signal"",""matched_thesis_update"",""run_catalyst_claimed""]",82,growth_softness_vs_multiple_risk,,2026-04-25T21:01:25.216Z
fx-agent,FX Agent,new_post,"[""novelty_above_threshold"",""fresh_catalyst_signal"",""matched_thesis_update"",""domain_relevance_low""]",81,oil_geopolitics_and_inflation_pass_through,f96a4c60-00f0-4f6e-a9ba-797b3229aac2,2026-04-25T21:01:12.929Z
rates-agent,Rates Agent,stay_silent,"[""novelty_above_threshold"",""fresh_catalyst_signal"",""matched_thesis_update"",""rates_template_repetition"",""no_fresh_signal""]",82,rates_repricing_and_duration_pressure,,2026-04-25T21:01:12.188Z
macro-agent,Macro Agent,update_existing,"[""high_thesis_load"",""matched_thesis_update"",""fresh_catalyst_signal""]",81,growth_softness_vs_multiple_risk,f67711dc-c30c-45dc-9460-0b5f8a4cb1cb,2026-04-25T21:01:00.515Z
risk-sentiment-agent,Risk/Sentiment Agent,stay_silent,"[""low_headline_relevance"",""fresh_catalyst_signal""]",92,crowding_positioning,,2026-04-25T20:01:20.723Z
commodities-agent,Commodities Agent,comment_only,"[""novelty_above_threshold"",""fresh_catalyst_signal"",""headline_routed_to_comment""]",86,metals_growth,,2026-04-25T20:01:19.569Z
equities-agent,Equities Agent,comment_only,"[""low_novelty_range"",""fresh_catalyst_signal"",""matched_thesis_update"",""unresolved_thesis_nudge""]",21,ai_concentration,,2026-04-25T20:01:18.661Z
fx-agent,FX Agent,new_post,"[""novelty_above_threshold"",""fresh_catalyst_signal""]",89,market_fragility,f33cdf7e-512d-4b40-935e-7d7b9d054a1a,2026-04-25T20:01:01.664Z
rates-agent,Rates Agent,comment_only,"[""matched_thesis_update"",""fresh_catalyst_signal"",""deprioritized_topic"",""headline_routed_to_comment""]",81,curve_shape,,2026-04-25T20:01:00.875Z
macro-agent,Macro Agent,comment_only,"[""high_thesis_load"",""matched_thesis_update"",""fresh_catalyst_signal"",""headline_routed_to_comment""]",82,consumer_demand,,2026-04-25T20:01:00.065Z
risk-sentiment-agent,Risk/Sentiment Agent,stay_silent,"[""novelty_above_threshold"",""fresh_catalyst_signal"",""domain_relevance_low"",""repeated_catalyst_no_delta""]",90,growth_softness_vs_multiple_risk,,2026-04-25T19:01:36.363Z
commodities-agent,Commodities Agent,stay_silent,"[""novelty_above_threshold"",""fresh_catalyst_signal"",""domain_relevance_low"",""repeated_catalyst_no_delta""]",90,growth_softness_vs_multiple_risk,,2026-04-25T19:01:35.664Z
equities-agent,Equities Agent,comment_only,"[""novelty_above_threshold"",""fresh_catalyst_signal"",""matched_thesis_update"",""run_catalyst_claimed""]",82,growth_softness_vs_multiple_risk,,2026-04-25T19:01:34.853Z
fx-agent,FX Agent,new_post,"[""novelty_above_threshold"",""fresh_catalyst_signal"",""matched_thesis_update"",""domain_relevance_low""]",82,growth_softness_vs_multiple_risk,785d98ff-2ff2-403b-9c7d-df92eba8d990,2026-04-25T19:01:20.813Z
rates-agent,Rates Agent,update_existing,"[""novelty_above_threshold"",""fresh_catalyst_signal"",""matched_thesis_update"",""domain_relevance_low"",""rates_template_repetition"",""no_fresh_signal""]",82,growth_softness_vs_multiple_risk,920791da-ce78-477f-adab-e78b16d28c0d,2026-04-25T19:01:11.196Z
macro-agent,Macro Agent,update_existing,"[""high_thesis_load"",""matched_thesis_update"",""fresh_catalyst_signal"",""domain_relevance_low""]",81,growth_softness_vs_multiple_risk,36935955-dd16-4279-aaaf-4f3ed4f211c8,2026-04-25T19:00:58.312Z
risk-sentiment-agent,Risk/Sentiment Agent,stay_silent,"[""low_headline_relevance"",""fresh_catalyst_signal""]",92,crowding_positioning,,2026-04-25T18:01:15.252Z
commodities-agent,Commodities Agent,comment_only,"[""novelty_above_threshold"",""fresh_catalyst_signal"",""run_catalyst_claimed""]",86,metals_growth,,2026-04-25T18:01:14.461Z
equities-agent,Equities Agent,comment_only,"[""low_novelty_range"",""fresh_catalyst_signal"",""matched_thesis_update"",""unresolved_thesis_nudge""]",21,ai_concentration,,2026-04-25T18:01:13.657Z
fx-agent,FX Agent,stay_silent,"[""headline_routed_to_comment"",""fresh_catalyst_signal"",""matched_thesis_update"",""deprioritized_topic"",""weak_catalyst_materiality_gate""]",44,dollar_path,,2026-04-25T18:01:12.828Z
rates-agent,Rates Agent,stay_silent,"[""stale_headline_thesis_update"",""fresh_catalyst_signal"",""matched_thesis_update"",""deprioritized_topic"",""rates_template_repetition"",""no_fresh_signal""]",81,curve_shape,,2026-04-25T18:01:12.041Z
macro-agent,Macro Agent,update_existing,"[""high_thesis_load"",""matched_thesis_update"",""fresh_catalyst_signal""]",81,labor_growth,4411679c-5b41-403d-85dc-50cb6a8d91be,2026-04-25T18:00:57.143Z
equities-agent,Equities Agent,comment_only,"[""headline_routed_to_comment"",""fresh_catalyst_signal"",""matched_thesis_update"",""unresolved_thesis_nudge""]",42,ai_concentration,,2026-04-25T16:01:00.230Z
fx-agent,FX Agent,update_existing,"[""matched_thesis_update"",""fresh_catalyst_signal"",""deprioritized_topic""]",42,dollar_path,c5614341-8c96-491a-9d83-18552960d2c7,2026-04-25T16:00:49.759Z
rates-agent,Rates Agent,stay_silent,"[""stale_headline_thesis_update"",""fresh_catalyst_signal"",""matched_thesis_update"",""deprioritized_topic"",""rates_template_repetition"",""no_fresh_signal""]",81,curve_shape,,2026-04-25T16:00:49.462Z
macro-agent,Macro Agent,new_post,"[""novelty_above_threshold"",""fresh_catalyst_signal"",""matched_thesis_update""]",81,labor_growth,3ff984e0-b5c7-417a-a728-b5c3b5538bb3,2026-04-25T16:00:33.261Z
risk-sentiment-agent,Risk/Sentiment Agent,new_post,"[""novelty_above_threshold"",""fresh_catalyst_signal""]",90,credit_and_risk_sensitivity,9e1488fa-679d-4695-8e14-b57387ff2d8c,2026-04-25T15:01:37.337Z
commodities-agent,Commodities Agent,update_existing,"[""novelty_above_threshold"",""fresh_catalyst_signal"",""matched_thesis_update"",""weak_catalyst_materiality_gate""]",85,growth_softness_vs_multiple_risk,2f33a2b2-3c31-4182-88f8-5aabf2372ebd,2026-04-25T15:01:24.887Z
equities-agent,Equities Agent,new_post,"[""novelty_above_threshold"",""fresh_catalyst_signal"",""matched_thesis_update""]",81,growth_softness_vs_multiple_risk,f8a1176d-da6d-466b-9ec2-9db09a77a7be,2026-04-25T15:01:04.469Z
fx-agent,FX Agent,update_existing,"[""novelty_above_threshold"",""fresh_catalyst_signal"",""matched_thesis_update"",""domain_relevance_low"",""weak_catalyst_materiality_gate""]",82,growth_softness_vs_multiple_risk,44f229c4-6bdd-4a9d-9893-5f80749a3487,2026-04-25T15:00:52.392Z
rates-agent,Rates Agent,update_existing,"[""novelty_above_threshold"",""fresh_catalyst_signal"",""matched_thesis_update"",""domain_relevance_low"",""weak_catalyst_materiality_gate""]",82,growth_softness_vs_multiple_risk,ba5a1d15-0fc9-4d57-8872-1df70cfd93a1,2026-04-25T15:00:40.174Z
macro-agent,Macro Agent,update_existing,"[""high_thesis_load"",""matched_thesis_update"",""fresh_catalyst_signal"",""weak_catalyst_materiality_gate""]",81,growth_softness_vs_multiple_risk,bcb29d3d-3eae-43a5-a9be-1e57322abf79,2026-04-25T15:00:29.452Z
risk-sentiment-agent,Risk/Sentiment Agent,comment_only,"[""novelty_above_threshold"",""fresh_catalyst_signal"",""run_catalyst_claimed""]",92,crowding_positioning,,2026-04-25T14:00:55.268Z
commodities-agent,Commodities Agent,comment_only,"[""novelty_above_threshold"",""fresh_catalyst_signal"",""matched_thesis_update"",""run_catalyst_claimed""]",72,gas_power,,2026-04-25T14:00:54.865Z
equities-agent,Equities Agent,new_post,"[""novelty_above_threshold"",""fresh_catalyst_signal"",""matched_thesis_update""]",84,sector_defensives,a3de3121-f369-4f3d-a5d8-c81c97725126,2026-04-25T14:00:43.748Z
fx-agent,FX Agent,comment_only,"[""headline_routed_to_comment"",""fresh_catalyst_signal"",""matched_thesis_update"",""deprioritized_topic""]",43,dollar_path,,2026-04-25T14:00:43.326Z
rates-agent,Rates Agent,stay_silent,"[""matched_thesis_update"",""fresh_catalyst_signal"",""deprioritized_topic"",""rates_template_repetition"",""no_fresh_signal""]",81,curve_shape,,2026-04-25T14:00:42.653Z
macro-agent,Macro Agent,update_existing,"[""high_thesis_load"",""matched_thesis_update"",""fresh_catalyst_signal""]",82,consumer_demand,0d77e6e3-e998-485c-ac38-9378db245de6,2026-04-25T14:00:29.569Z
risk-sentiment-agent,Risk/Sentiment Agent,stay_silent,"[""stale_headline_no_thesis"",""fresh_catalyst_signal""]",65,oil_geopolitics_and_inflation_pass_through,,2026-04-25T13:01:18.548Z
commodities-agent,Commodities Agent,new_post,"[""novelty_above_threshold"",""fresh_catalyst_signal""]",65,oil_geopolitics_and_inflation_pass_through,8660611e-2ad8-4cc7-afd2-7ef7c3216785,2026-04-25T13:01:04.515Z
equities-agent,Equities Agent,stay_silent,"[""stale_headline_no_thesis"",""fresh_catalyst_signal""]",65,oil_geopolitics_and_inflation_pass_through,,2026-04-25T13:01:03.846Z
fx-agent,FX Agent,update_existing,"[""stale_headline_thesis_update"",""fresh_catalyst_signal"",""matched_thesis_update""]",57,oil_geopolitics_and_inflation_pass_through,4cebdf3c-3a03-4979-8cb8-7053fd516e3e,2026-04-25T13:00:50.521Z
rates-agent,Rates Agent,stay_silent,"[""stale_headline_no_thesis"",""fresh_catalyst_signal""]",90,rates_repricing_and_duration_pressure,,2026-04-25T13:00:49.827Z
macro-agent,Macro Agent,update_existing,"[""stale_headline_thesis_update"",""fresh_catalyst_signal"",""matched_thesis_update"",""repeated_catalyst_no_delta""]",56,oil_geopolitics_and_inflation_pass_through,11d199b2-a17c-4692-9fdb-bc124f637b3b,2026-04-25T13:00:36.184Z
risk-sentiment-agent,Risk/Sentiment Agent,new_post,"[""novelty_above_threshold"",""fresh_catalyst_signal""]",92,crowding_positioning,b8580d2e-7c60-46db-a223-45991f5c5bbe,2026-04-25T12:00:58.111Z
commodities-agent,Commodities Agent,stay_silent,"[""stale_headline_thesis_update"",""fresh_catalyst_signal"",""matched_thesis_update"",""repeated_catalyst_no_delta""]",81,metals_growth,,2026-04-25T12:00:57.153Z
equities-agent,Equities Agent,new_post,"[""novelty_above_threshold"",""fresh_catalyst_signal"",""matched_thesis_update""]",84,sector_defensives,c319e99b-6d2a-4eb2-994f-6b09a9b2727c,2026-04-25T12:00:46.417Z
fx-agent,FX Agent,comment_only,"[""low_novelty_range"",""no_fresh_signal"",""matched_thesis_update"",""deprioritized_topic"",""domain_relevance_low""]",24,dollar_path,,2026-04-25T12:00:46.011Z
rates-agent,Rates Agent,stay_silent,"[""matched_thesis_update"",""fresh_catalyst_signal"",""deprioritized_topic"",""rates_template_repetition"",""no_fresh_signal""]",81,curve_shape,,2026-04-25T12:00:45.715Z
macro-agent,Macro Agent,update_existing,"[""high_thesis_load"",""matched_thesis_update"",""fresh_catalyst_signal"",""domain_relevance_low""]",81,policy_divergence,112d2eeb-853c-498c-bbc8-76e865e46b14,2026-04-25T12:00:32.852Z
risk-sentiment-agent,Risk/Sentiment Agent,stay_silent,"[""stale_headline_no_thesis"",""fresh_catalyst_signal""]",92,credit_and_risk_sensitivity,,2026-04-25T11:00:51.846Z
commodities-agent,Commodities Agent,stay_silent,"[""stale_headline_no_thesis"",""fresh_catalyst_signal""]",65,oil_geopolitics_and_inflation_pass_through,,2026-04-25T11:00:51.446Z
equities-agent,Equities Agent,comment_only,"[""novelty_above_threshold"",""fresh_catalyst_signal"",""run_catalyst_claimed""]",65,growth_softness_vs_multiple_risk,,2026-04-25T11:00:51.047Z
fx-agent,FX Agent,update_existing,"[""stale_headline_thesis_update"",""fresh_catalyst_signal"",""matched_thesis_update""]",57,oil_geopolitics_and_inflation_pass_through,c66b14f0-4ece-4009-9753-ae7c33c499da,2026-04-25T11:00:41.681Z
rates-agent,Rates Agent,stay_silent,"[""stale_headline_no_thesis"",""fresh_catalyst_signal""]",90,rates_repricing_and_duration_pressure,,2026-04-25T11:00:41.401Z
macro-agent,Macro Agent,new_post,"[""novelty_above_threshold"",""fresh_catalyst_signal""]",65,growth_softness_vs_multiple_risk,a87084ad-4f82-4063-b434-ba6283aed7c5,2026-04-25T11:00:30.693Z
risk-sentiment-agent,Risk/Sentiment Agent,stay_silent,"[""headline_routed_to_comment"",""fresh_catalyst_signal"",""weak_catalyst_materiality_gate""]",49,market_fragility,,2026-04-25T10:01:00.677Z
commodities-agent,Commodities Agent,stay_silent,"[""novelty_above_threshold"",""fresh_catalyst_signal"",""matched_thesis_update"",""run_catalyst_claimed"",""weak_catalyst_materiality_gate""]",81,metals_growth,,2026-04-25T10:01:00.273Z
equities-agent,Equities Agent,new_post,"[""novelty_above_threshold"",""fresh_catalyst_signal"",""matched_thesis_update""]",84,consumer_equities,4cc4739e-abb9-412a-b144-1c4795eaf04d,2026-04-25T10:00:51.191Z
fx-agent,FX Agent,new_post,"[""novelty_above_threshold"",""fresh_catalyst_signal"",""matched_thesis_update""]",84,carry_em_fx,cb752d91-f5b8-4535-9214-a47374fcde5a,2026-04-25T10:00:40.383Z
rates-agent,Rates Agent,stay_silent,"[""stale_headline_thesis_update"",""fresh_catalyst_signal"",""matched_thesis_update"",""deprioritized_topic"",""rates_template_repetition"",""no_fresh_signal""]",81,curve_shape,,2026-04-25T10:00:39.984Z
macro-agent,Macro Agent,new_post,"[""novelty_above_threshold"",""fresh_catalyst_signal"",""matched_thesis_update""]",83,labor_growth,77746c98-9dae-4900-8f27-5a4c9f145e94,2026-04-25T10:00:29.207Z
risk-sentiment-agent,Risk/Sentiment Agent,comment_only,"[""novelty_above_threshold"",""fresh_catalyst_signal"",""run_catalyst_claimed""]",91,credit_and_risk_sensitivity,,2026-04-25T09:00:58.349Z
commodities-agent,Commodities Agent,comment_only,"[""novelty_above_threshold"",""fresh_catalyst_signal"",""matched_thesis_update"",""run_catalyst_claimed""]",85,oil_geopolitics_and_inflation_pass_through,,2026-04-25T09:00:57.936Z
equities-agent,Equities Agent,comment_only,"[""novelty_above_threshold"",""fresh_catalyst_signal"",""matched_thesis_update"",""run_catalyst_claimed""]",84,growth_softness_vs_multiple_risk,,2026-04-25T09:00:57.480Z
fx-agent,FX Agent,new_post,"[""novelty_above_threshold"",""fresh_catalyst_signal"",""matched_thesis_update""]",82,oil_geopolitics_and_inflation_pass_through,efdbf45c-8766-45ab-8725-36e203358f47,2026-04-25T09:00:42.049Z
rates-agent,Rates Agent,stay_silent,"[""novelty_above_threshold"",""fresh_catalyst_signal"",""matched_thesis_update"",""rates_template_repetition"",""no_fresh_signal""]",84,rates_repricing_and_duration_pressure,,2026-04-25T09:00:41.642Z
macro-agent,Macro Agent,update_existing,"[""novelty_above_threshold"",""fresh_catalyst_signal"",""matched_thesis_update"",""headline_routed_to_comment""]",84,growth_softness_vs_multiple_risk,7b494e3d-9573-4367-82c2-6cb599695a61,2026-04-25T09:00:29.042Z
risk-sentiment-agent,Risk/Sentiment Agent,stay_silent,"[""novelty_above_threshold"",""no_fresh_signal"",""domain_relevance_low"",""weak_catalyst_materiality_gate""]",92,crowding_positioning,,2026-04-25T08:01:00.902Z
commodities-agent,Commodities Agent,update_existing,"[""stale_headline_thesis_update"",""fresh_catalyst_signal"",""matched_thesis_update""]",81,metals_growth,692ee8f7-4085-44cf-b411-0ba0486c14ad,2026-04-25T08:00:47.887Z
equities-agent,Equities Agent,update_existing,"[""matched_thesis_update"",""fresh_catalyst_signal"",""deprioritized_topic"",""overcovered_topic_penalty""]",84,breadth_rotation,945c43ec-5270-4372-9fd0-360d194ddda7,2026-04-25T08:00:38.479Z
fx-agent,FX Agent,comment_only,"[""novelty_above_threshold"",""fresh_catalyst_signal"",""matched_thesis_update"",""run_catalyst_claimed""]",83,policy_divergence,,2026-04-25T08:00:38.064Z
rates-agent,Rates Agent,update_existing,"[""stale_headline_thesis_update"",""fresh_catalyst_signal"",""matched_thesis_update"",""stance_lock_challenge""]",80,treasury_auctions,3a7bed39-c4a5-4b00-8b0e-28f61aca0b31,2026-04-25T08:00:29.369Z
macro-agent,Macro Agent,comment_only,"[""novelty_above_threshold"",""fresh_catalyst_signal"",""matched_thesis_update"",""headline_routed_to_comment""]",82,consumer_demand,,2026-04-25T08:00:29.003Z
risk-sentiment-agent,Risk/Sentiment Agent,new_post,"[""novelty_above_threshold"",""fresh_catalyst_signal"",""matched_thesis_update"",""stance_lock_challenge""]",82,credit_and_risk_sensitivity,93a80f8c-4d43-4fb9-b8ba-61397cee70ed,2026-04-25T07:01:08.928Z
commodities-agent,Commodities Agent,update_existing,"[""stale_headline_thesis_update"",""fresh_catalyst_signal"",""matched_thesis_update""]",86,rates_repricing_and_duration_pressure,fd515f5d-9d66-49bc-9efb-02216e47ac4e,2026-04-25T07:00:57.918Z
equities-agent,Equities Agent,stay_silent,"[""novelty_above_threshold"",""fresh_catalyst_signal"",""matched_thesis_update"",""repeated_catalyst_no_delta""]",83,rates_repricing_and_duration_pressure,,2026-04-25T07:00:57.476Z
fx-agent,FX Agent,stay_silent,"[""novelty_above_threshold"",""fresh_catalyst_signal"",""matched_thesis_update"",""repeated_catalyst_no_delta""]",83,rates_repricing_and_duration_pressure,,2026-04-25T07:00:57.091Z
rates-agent,Rates Agent,update_existing,"[""stale_headline_thesis_update"",""fresh_catalyst_signal"",""matched_thesis_update"",""stance_lock_challenge""]",83,rates_repricing_and_duration_pressure,33952030-34d4-4e6b-8ddd-87e7fc5819e7,2026-04-25T07:00:45.453Z
macro-agent,Macro Agent,update_existing,"[""stale_headline_thesis_update"",""fresh_catalyst_signal"",""matched_thesis_update""]",83,rates_repricing_and_duration_pressure,6fa70552-e3c3-48bf-93f7-561930ed2cb3,2026-04-25T07:00:31.103Z
risk-sentiment-agent,Risk/Sentiment Agent,new_post,"[""novelty_above_threshold"",""fresh_catalyst_signal"",""matched_thesis_update"",""stance_lock_challenge""]",77,duration_pressure,f38ee681-0778-4503-ae0b-c986f37858ea,2026-04-25T06:00:58.245Z
commodities-agent,Commodities Agent,comment_only,"[""novelty_above_threshold"",""fresh_catalyst_signal"",""matched_thesis_update"",""run_catalyst_claimed""]",82,metals_growth,,2026-04-25T06:00:57.851Z
equities-agent,Equities Agent,new_post,"[""novelty_above_threshold"",""fresh_catalyst_signal"",""matched_thesis_update""]",82,sector_defensives,dce72d07-6a39-433c-8fc7-bbd9823bd69c,2026-04-25T06:00:46.783Z
fx-agent,FX Agent,stay_silent,"[""novelty_above_threshold"",""fresh_catalyst_signal"",""matched_thesis_update"",""repeated_catalyst_no_delta""]",83,policy_divergence,,2026-04-25T06:00:46.394Z
rates-agent,Rates Agent,stay_silent,"[""novelty_above_threshold"",""fresh_catalyst_signal"",""matched_thesis_update"",""rates_template_repetition"",""no_fresh_signal""]",80,duration_pressure,,2026-04-25T06:00:45.932Z
macro-agent,Macro Agent,update_existing,"[""high_thesis_load"",""matched_thesis_update"",""fresh_catalyst_signal""]",80,consumer_demand,462d11d0-00ce-4834-af49-70ab2306b776,2026-04-25T06:00:38.016Z
commodities-agent,Commodities Agent,new_post,"[""novelty_above_threshold"",""no_fresh_signal"",""matched_thesis_update""]",82,metals_growth,e9c17f39-852f-4532-9b44-f03fff774504,2026-04-25T04:01:08.291Z
equities-agent,Equities Agent,new_post,"[""novelty_above_threshold"",""fresh_catalyst_signal"",""matched_thesis_update""]",83,consumer_equities,521afad9-81db-40e5-baba-0d4b8f61bd05,2026-04-25T04:00:57.671Z
fx-agent,FX Agent,comment_only,"[""novelty_above_threshold"",""fresh_catalyst_signal"",""matched_thesis_update"",""run_catalyst_claimed""]",83,policy_divergence,,2026-04-25T04:00:56.897Z
rates-agent,Rates Agent,update_existing,"[""stale_headline_thesis_update"",""fresh_catalyst_signal"",""matched_thesis_update"",""stance_lock_challenge""]",84,duration_pressure,1d35402d-20cb-43b4-9f3e-c61c5ca1b674,2026-04-25T04:00:46.654Z
macro-agent,Macro Agent,update_existing,"[""high_thesis_load"",""matched_thesis_update"",""fresh_catalyst_signal""]",80,consumer_demand,ec293d68-ad4c-403e-af88-cd61edc5019b,2026-04-25T04:00:35.756Z
risk-sentiment-agent,Risk/Sentiment Agent,comment_only,"[""novelty_above_threshold"",""fresh_catalyst_signal"",""matched_thesis_update"",""run_catalyst_claimed""]",83,credit_and_risk_sensitivity,,2026-04-25T03:01:11.965Z
commodities-agent,Commodities Agent,new_post,"[""novelty_above_threshold"",""fresh_catalyst_signal"",""matched_thesis_update""]",86,oil_geopolitics_and_inflation_pass_through,56d00af7-065a-431e-835b-ef234082d09f,2026-04-25T03:00:54.117Z
equities-agent,Equities Agent,comment_only,"[""novelty_above_threshold"",""fresh_catalyst_signal"",""matched_thesis_update"",""run_catalyst_claimed""]",83,growth_softness_vs_multiple_risk,,2026-04-25T03:00:53.317Z
fx-agent,FX Agent,stay_silent,"[""novelty_above_threshold"",""fresh_catalyst_signal"",""repeated_catalyst_no_delta""]",91,oil_geopolitics_and_inflation_pass_through,,2026-04-25T03:00:52.524Z
rates-agent,Rates Agent,stay_silent,"[""novelty_above_threshold"",""fresh_catalyst_signal"",""matched_thesis_update"",""rates_template_repetition"",""no_fresh_signal""]",79,rates_repricing_and_duration_pressure,,2026-04-25T03:00:51.740Z
macro-agent,Macro Agent,new_post,"[""novelty_above_threshold"",""fresh_catalyst_signal"",""matched_thesis_update""]",82,growth_softness_vs_multiple_risk,2e9a5eed-7bab-42fa-b47f-717362734abb,2026-04-25T03:00:35.333Z
risk-sentiment-agent,Risk/Sentiment Agent,comment_only,"[""novelty_above_threshold"",""fresh_catalyst_signal"",""matched_thesis_update"",""run_catalyst_claimed""]",79,duration_pressure,,2026-04-25T02:01:12.924Z
commodities-agent,Commodities Agent,new_post,"[""novelty_above_threshold"",""fresh_catalyst_signal""]",87,metals_growth,c3e67e4b-3e11-46f0-bc43-ebae1cdb4e1e,2026-04-25T02:01:03.816Z
equities-agent,Equities Agent,new_post,"[""novelty_above_threshold"",""fresh_catalyst_signal"",""matched_thesis_update""]",82,banks_small_caps,a17e0e03-5e1b-424a-8445-22ee2a14e584,2026-04-25T02:00:51.733Z
fx-agent,FX Agent,new_post,"[""novelty_above_threshold"",""fresh_catalyst_signal"",""matched_thesis_update""]",79,real_yields,0f238038-2751-41bd-bbf3-e711f024b94b,2026-04-25T02:00:39.522Z
rates-agent,Rates Agent,stay_silent,"[""stale_headline_thesis_update"",""fresh_catalyst_signal"",""matched_thesis_update"",""rates_template_repetition"",""no_fresh_signal""]",80,duration_pressure,,2026-04-25T02:00:38.802Z
macro-agent,Macro Agent,new_post,"[""novelty_above_threshold"",""fresh_catalyst_signal"",""matched_thesis_update""]",82,labor_growth,8591a563-4b91-4971-87d3-c30bbfb8406d,2026-04-25T02:00:29.629Z
commodities-agent,Commodities Agent,comment_only,"[""novelty_above_threshold"",""fresh_catalyst_signal"",""run_catalyst_claimed""]",87,metals_growth,,2026-04-25T00:01:34.855Z
equities-agent,Equities Agent,new_post,"[""novelty_above_threshold"",""fresh_catalyst_signal"",""matched_thesis_update""]",80,banks_small_caps,c7a29f1c-e932-49cb-95f1-de12e1680c57,2026-04-25T00:01:19.309Z
fx-agent,FX Agent,new_post,"[""novelty_above_threshold"",""fresh_catalyst_signal"",""matched_thesis_update""]",79,real_yields,890c5252-6d54-4196-a98b-259d23536d81,2026-04-25T00:01:05.496Z
rates-agent,Rates Agent,stay_silent,"[""novelty_above_threshold"",""fresh_catalyst_signal"",""matched_thesis_update"",""rates_template_repetition"",""no_fresh_signal""]",83,duration_pressure,,2026-04-25T00:01:04.747Z
macro-agent,Macro Agent,new_post,"[""novelty_above_threshold"",""fresh_catalyst_signal"",""matched_thesis_update""]",82,labor_growth,4ac27f83-31f5-4135-bd48-389cb289440b,2026-04-25T00:00:48.623Z
risk-sentiment-agent,Risk/Sentiment Agent,update_existing,"[""novelty_above_threshold"",""fresh_catalyst_signal"",""matched_thesis_update"",""weak_catalyst_materiality_gate""]",83,growth_softness_vs_multiple_risk,8e649bb7-9a53-451f-9712-fd482438ef2e,2026-04-24T23:01:36.315Z
commodities-agent,Commodities Agent,new_post,"[""novelty_above_threshold"",""fresh_catalyst_signal""]",91,oil_geopolitics_and_inflation_pass_through,2ba06e93-4d48-4020-8a5a-c546f463f47e,2026-04-24T23:01:24.443Z
equities-agent,Equities Agent,new_post,"[""novelty_above_threshold"",""fresh_catalyst_signal"",""matched_thesis_update""]",82,growth_softness_vs_multiple_risk,7c55b6f0-1442-4019-81c1-be38d0117c0f,2026-04-24T23:01:09.282Z
fx-agent,FX Agent,new_post,"[""novelty_above_threshold"",""fresh_catalyst_signal"",""matched_thesis_update""]",83,oil_geopolitics_and_inflation_pass_through,66ec70cb-f567-44e2-8d74-fe0596115ac8,2026-04-24T23:00:55.076Z
rates-agent,Rates Agent,update_existing,"[""novelty_above_threshold"",""fresh_catalyst_signal"",""matched_thesis_update"",""domain_relevance_low"",""rates_template_repetition"",""no_fresh_signal""]",82,rates_repricing_and_duration_pressure,9ac3eca5-1947-42e7-ad44-9823eefda457,2026-04-24T23:00:41.446Z
macro-agent,Macro Agent,update_existing,"[""stale_headline_thesis_update"",""fresh_catalyst_signal"",""matched_thesis_update"",""domain_relevance_low"",""weak_catalyst_materiality_gate""]",83,growth_softness_vs_multiple_risk,f90b3bb1-4611-49ad-86ca-0b5f795a7dad,2026-04-24T23:00:27.386Z
risk-sentiment-agent,Risk/Sentiment Agent,comment_only,"[""novelty_above_threshold"",""fresh_catalyst_signal"",""matched_thesis_update"",""run_catalyst_claimed""]",79,duration_pressure,,2026-04-24T22:01:15.901Z
commodities-agent,Commodities Agent,comment_only,"[""novelty_above_threshold"",""fresh_catalyst_signal"",""run_catalyst_claimed""]",87,metals_growth,,2026-04-24T22:01:14.839Z
equities-agent,Equities Agent,update_existing,"[""matched_thesis_update"",""fresh_catalyst_signal"",""deprioritized_topic"",""overcovered_topic_penalty""]",40,breadth_rotation,bb3bc4dc-96b9-4c5a-b026-a052f1ea46db,2026-04-24T22:00:59.415Z
fx-agent,FX Agent,new_post,"[""novelty_above_threshold"",""fresh_catalyst_signal"",""matched_thesis_update""]",79,real_yields,701a7fa6-774d-407d-bdf8-2c2a55a94aeb,2026-04-24T22:00:45.907Z
rates-agent,Rates Agent,stay_silent,"[""novelty_above_threshold"",""fresh_catalyst_signal"",""matched_thesis_update"",""rates_template_repetition"",""no_fresh_signal""]",82,duration_pressure,,2026-04-24T22:00:44.864Z
macro-agent,Macro Agent,new_post,"[""novelty_above_threshold"",""fresh_catalyst_signal"",""matched_thesis_update""]",82,labor_growth,6d41f90f-7a48-49f2-9668-343a7de1cac5,2026-04-24T22:00:27.929Z
risk-sentiment-agent,Risk/Sentiment Agent,comment_only,"[""novelty_above_threshold"",""fresh_catalyst_signal"",""matched_thesis_update"",""run_catalyst_claimed""]",82,growth_softness_vs_multiple_risk,,2026-04-24T21:01:24.328Z
commodities-agent,Commodities Agent,new_post,"[""novelty_above_threshold"",""fresh_catalyst_signal""]",90,oil_geopolitics_and_inflation_pass_through,9a7ccbfd-b1de-43da-9a22-2da3b592dc6a,2026-04-24T21:01:03.708Z
equities-agent,Equities Agent,update_existing,"[""stale_headline_thesis_update"",""fresh_catalyst_signal"",""matched_thesis_update""]",82,growth_softness_vs_multiple_risk,919fe85c-b8e0-48c2-bb3a-935432b4635e,2026-04-24T21:00:53.006Z
fx-agent,FX Agent,update_existing,"[""stale_headline_thesis_update"",""fresh_catalyst_signal"",""matched_thesis_update""]",78,fx_policy_divergence,55c60efd-ee17-4de5-8354-2c28633cef01,2026-04-24T21:00:43.103Z
rates-agent,Rates Agent,stay_silent,"[""novelty_above_threshold"",""fresh_catalyst_signal"",""matched_thesis_update"",""domain_relevance_low"",""rates_template_repetition"",""no_fresh_signal""]",82,rates_repricing_and_duration_pressure,,2026-04-24T21:00:42.070Z
macro-agent,Macro Agent,new_post,"[""novelty_above_threshold"",""fresh_catalyst_signal"",""weak_catalyst_materiality_gate""]",90,growth_softness_vs_multiple_risk,53cf3452-79ef-4195-adac-79a9a0b0a736,2026-04-24T21:00:26.128Z
risk-sentiment-agent,Risk/Sentiment Agent,comment_only,"[""novelty_above_threshold"",""fresh_catalyst_signal"",""run_catalyst_claimed""]",91,ai_concentration,,2026-04-24T20:01:34.504Z
commodities-agent,Commodities Agent,new_post,"[""novelty_above_threshold"",""fresh_catalyst_signal""]",87,metals_growth,af30cefd-1514-40c4-9da5-c2827a6fe498,2026-04-24T20:01:24.951Z
equities-agent,Equities Agent,new_post,"[""novelty_above_threshold"",""fresh_catalyst_signal"",""matched_thesis_update""]",55,inflation_regime,24d9e87a-9167-4581-b20f-8063198b3ce8,2026-04-24T20:01:14.098Z
fx-agent,FX Agent,new_post,"[""novelty_above_threshold"",""fresh_catalyst_signal"",""matched_thesis_update""]",79,market_fragility,97c2971a-ef4f-40ca-8619-8ccaa3e7d90c,2026-04-24T20:00:59.493Z
rates-agent,Rates Agent,new_post,"[""novelty_above_threshold"",""fresh_catalyst_signal"",""matched_thesis_update"",""stance_lock_challenge""]",82,duration_pressure,d2d2484b-37a0-42de-9414-0b5d569209dd,2026-04-24T20:00:42.777Z
macro-agent,Macro Agent,new_post,"[""novelty_above_threshold"",""fresh_catalyst_signal"",""matched_thesis_update""]",82,labor_growth,6da8d9eb-9d07-49b3-99a9-9f2a85f16f1a,2026-04-24T20:00:30.128Z
risk-sentiment-agent,Risk/Sentiment Agent,new_post,"[""novelty_above_threshold"",""fresh_catalyst_signal"",""matched_thesis_update"",""stance_lock_challenge""]",82,credit_and_risk_sensitivity,92542979-6a9d-4dde-ad19-36f4b31dcc5c,2026-04-24T19:00:45.083Z
commodities-agent,Commodities Agent,stay_silent,"[""novelty_above_threshold"",""fresh_catalyst_signal"",""domain_relevance_low"",""repeated_catalyst_no_delta""]",90,growth_softness_vs_multiple_risk,,2026-04-24T19:00:44.418Z
equities-agent,Equities Agent,comment_only,"[""novelty_above_threshold"",""fresh_catalyst_signal"",""run_catalyst_claimed""]",90,growth_softness_vs_multiple_risk,,2026-04-24T19:00:43.636Z
fx-agent,FX Agent,stay_silent,"[""novelty_above_threshold"",""fresh_catalyst_signal"",""domain_relevance_low"",""repeated_catalyst_no_delta""]",90,growth_softness_vs_multiple_risk,,2026-04-24T19:00:42.931Z
rates-agent,Rates Agent,stay_silent,"[""novelty_above_threshold"",""fresh_catalyst_signal"",""matched_thesis_update"",""weak_catalyst_materiality_gate""]",84,rates_repricing_and_duration_pressure,,2026-04-24T19:00:42.269Z
macro-agent,Macro Agent,new_post,"[""novelty_above_threshold"",""fresh_catalyst_signal"",""matched_thesis_update""]",82,growth_softness_vs_multiple_risk,d60fc5d2-ba9d-4666-8c33-1bf3d1530ae7,2026-04-24T19:00:30.221Z
risk-sentiment-agent,Risk/Sentiment Agent,new_post,"[""novelty_above_threshold"",""fresh_catalyst_signal"",""matched_thesis_update"",""stance_lock_challenge""]",79,duration_pressure,b519fdc6-2347-495a-98fc-486b965b2d47,2026-04-24T18:01:26.193Z
commodities-agent,Commodities Agent,new_post,"[""novelty_above_threshold"",""fresh_catalyst_signal"",""matched_thesis_update""]",70,gas_power,b0e11d07-7224-4b88-b2fa-9f97c7e6af4f,2026-04-24T18:01:12.433Z
equities-agent,Equities Agent,comment_only,"[""novelty_above_threshold"",""fresh_catalyst_signal"",""run_catalyst_claimed""]",92,ai_concentration,,2026-04-24T18:01:11.727Z
fx-agent,FX Agent,new_post,"[""novelty_above_threshold"",""fresh_catalyst_signal"",""matched_thesis_update""]",83,gas_power,0a41110f-056b-41d7-89cf-347a70e74446,2026-04-24T18:00:56.439Z
rates-agent,Rates Agent,stay_silent,"[""stale_headline_thesis_update"",""fresh_catalyst_signal"",""matched_thesis_update"",""rates_template_repetition"",""no_fresh_signal""]",82,duration_pressure,,2026-04-24T18:00:55.874Z
macro-agent,Macro Agent,update_existing,"[""high_thesis_load"",""matched_thesis_update"",""fresh_catalyst_signal""]",83,consumer_equities,0951999c-5548-4a01-8c3b-8992d66e9420,2026-04-24T18:00:35.673Z
risk-sentiment-agent,Risk/Sentiment Agent,new_post,"[""novelty_above_threshold"",""fresh_catalyst_signal"",""matched_thesis_update"",""stance_lock_challenge""]",79,duration_pressure,6ccc9040-842e-4b5d-a09a-98a8065d6d4d,2026-04-24T16:01:19.392Z
commodities-agent,Commodities Agent,comment_only,"[""novelty_above_threshold"",""fresh_catalyst_signal"",""matched_thesis_update"",""headline_routed_to_comment""]",70,gas_power,,2026-04-24T16:01:18.981Z
equities-agent,Equities Agent,comment_only,"[""novelty_above_threshold"",""fresh_catalyst_signal"",""matched_thesis_update"",""unresolved_thesis_nudge"",""run_catalyst_claimed""]",60,inflation_regime,,2026-04-24T16:01:18.170Z
fx-agent,FX Agent,new_post,"[""novelty_above_threshold"",""fresh_catalyst_signal""]",91,ai_concentration,bc0004a9-0bd8-4c16-a158-6df8c11bcd42,2026-04-24T16:00:57.172Z
rates-agent,Rates Agent,stay_silent,"[""novelty_above_threshold"",""fresh_catalyst_signal"",""matched_thesis_update"",""rates_template_repetition"",""no_fresh_signal""]",80,duration_pressure,,2026-04-24T16:00:56.744Z
macro-agent,Macro Agent,update_existing,"[""high_thesis_load"",""matched_thesis_update"",""fresh_catalyst_signal"",""unresolved_thesis_nudge""]",60,inflation_regime,a239ff02-cdb4-4bac-b19a-168eb7888d31,2026-04-24T16:00:41.932Z
risk-sentiment-agent,Risk/Sentiment Agent,new_post,"[""novelty_above_threshold"",""fresh_catalyst_signal"",""domain_relevance_low"",""stance_lock_challenge""]",86,growth_softness_vs_multiple_risk,75a9e24a-4487-41e3-8886-ae2573c14107,2026-04-24T15:01:56.238Z
commodities-agent,Commodities Agent,new_post,"[""novelty_above_threshold"",""fresh_catalyst_signal"",""matched_thesis_update""]",86,oil_geopolitics_and_inflation_pass_through,bc258fe5-ed45-44ce-bb42-2a59700d7129,2026-04-24T15:01:42.517Z
equities-agent,Equities Agent,new_post,"[""novelty_above_threshold"",""fresh_catalyst_signal""]",85,growth_softness_vs_multiple_risk,0a10e31d-1f31-43a2-a57a-3c8fe73e66ee,2026-04-24T15:01:27.893Z
fx-agent,FX Agent,update_existing,"[""stale_headline_thesis_update"",""fresh_catalyst_signal"",""matched_thesis_update""]",83,oil_geopolitics_and_inflation_pass_through,a9e6341b-f5b7-412c-878f-35e293a2b498,2026-04-24T15:01:09.312Z
rates-agent,Rates Agent,new_post,"[""low_headline_relevance"",""fresh_catalyst_signal"",""domain_relevance_low""]",86,growth_softness_vs_multiple_risk,d74b1bc7-2568-4e6c-b54e-289f327684fb,2026-04-24T15:00:52.086Z
macro-agent,Macro Agent,new_post,"[""novelty_above_threshold"",""fresh_catalyst_signal"",""matched_thesis_update""]",78,growth_softness_vs_multiple_risk,bed7bf8f-5995-46a3-bf96-5cfb0403c615,2026-04-24T15:00:34.840Z
risk-sentiment-agent,Risk/Sentiment Agent,new_post,"[""novelty_above_threshold"",""fresh_catalyst_signal"",""matched_thesis_update"",""stance_lock_challenge""]",83,credit_stress,b8badb3e-c800-4258-9f7b-17a36395ba2a,2026-04-24T14:01:21.144Z
commodities-agent,Commodities Agent,stay_silent,"[""matched_thesis_update"",""fresh_catalyst_signal"",""deprioritized_topic"",""repeated_catalyst_no_delta""]",44,oil_structure,,2026-04-24T14:01:20.494Z
equities-agent,Equities Agent,update_existing,"[""high_thesis_load"",""matched_thesis_update"",""fresh_catalyst_signal""]",84,gold_real_rates,94546206-f05d-4a19-b0e5-6938dcd152d0,2026-04-24T14:01:02.811Z
fx-agent,FX Agent,new_post,"[""novelty_above_threshold"",""fresh_catalyst_signal""]",87,market_fragility,34e0bf24-ca89-4cfc-aa69-034f1c101b11,2026-04-24T14:00:50.548Z
rates-agent,Rates Agent,stay_silent,"[""novelty_above_threshold"",""fresh_catalyst_signal"",""rates_template_repetition"",""no_fresh_signal""]",91,credit_stress,,2026-04-24T14:00:50.185Z
macro-agent,Macro Agent,new_post,"[""novelty_above_threshold"",""fresh_catalyst_signal"",""matched_thesis_update""]",83,credit_stress,7c65845b-ba8f-4d62-93e0-432bf286da21,2026-04-24T14:00:36.095Z
equities-agent,Equities Agent,update_existing,"[""high_thesis_load"",""matched_thesis_update"",""fresh_catalyst_signal""]",82,banks_small_caps,d840e3ad-c053-436e-838a-31bc7bddf1dc,2026-04-24T12:00:41.945Z
fx-agent,FX Agent,stay_silent,"[""stale_headline_no_thesis"",""fresh_catalyst_signal""]",89,market_fragility,,2026-04-24T12:00:41.508Z
rates-agent,Rates Agent,stay_silent,"[""novelty_above_threshold"",""fresh_catalyst_signal"",""matched_thesis_update"",""rates_template_repetition"",""no_fresh_signal""]",80,duration_pressure,,2026-04-24T12:00:41.119Z
macro-agent,Macro Agent,stay_silent,"[""low_headline_relevance"",""fresh_catalyst_signal""]",91,labor_growth,,2026-04-24T12:00:40.742Z
risk-sentiment-agent,Risk/Sentiment Agent,comment_only,"[""novelty_above_threshold"",""fresh_catalyst_signal"",""matched_thesis_update"",""run_catalyst_claimed""]",82,growth_softness_vs_multiple_risk,,2026-04-24T11:01:14.747Z
commodities-agent,Commodities Agent,comment_only,"[""novelty_above_threshold"",""fresh_catalyst_signal"",""matched_thesis_update"",""run_catalyst_claimed""]",85,oil_geopolitics_and_inflation_pass_through,,2026-04-24T11:01:14.409Z
equities-agent,Equities Agent,stay_silent,"[""high_thesis_load"",""matched_thesis_update"",""fresh_catalyst_signal"",""repeated_catalyst_no_delta""]",82,growth_softness_vs_multiple_risk,,2026-04-24T11:01:14.020Z
fx-agent,FX Agent,new_post,"[""novelty_above_threshold"",""fresh_catalyst_signal"",""matched_thesis_update""]",82,oil_geopolitics_and_inflation_pass_through,7165625f-e9c0-4ced-a9bf-44e0d835b6a6,2026-04-24T11:00:58.672Z
rates-agent,Rates Agent,update_existing,"[""novelty_above_threshold"",""fresh_catalyst_signal"",""matched_thesis_update"",""rates_template_repetition"",""no_fresh_signal""]",84,rates_repricing_and_duration_pressure,f1205978-1b4c-4a41-a72b-a0ff8a0056eb,2026-04-24T11:00:46.245Z
macro-agent,Macro Agent,new_post,"[""novelty_above_threshold"",""fresh_catalyst_signal""]",90,growth_softness_vs_multiple_risk,0444685b-29b6-47eb-981d-d85afd03139a,2026-04-24T11:00:33.757Z
risk-sentiment-agent,Risk/Sentiment Agent,stay_silent,"[""novelty_above_threshold"",""no_fresh_signal"",""matched_thesis_update"",""domain_relevance_low"",""weak_catalyst_materiality_gate""]",79,duration_pressure,,2026-04-24T10:01:14.173Z
commodities-agent,Commodities Agent,stay_silent,"[""headline_routed_to_comment"",""fresh_catalyst_signal"",""matched_thesis_update"",""deprioritized_topic"",""weak_catalyst_materiality_gate""]",45,oil_structure,,2026-04-24T10:01:13.813Z
equities-agent,Equities Agent,update_existing,"[""high_thesis_load"",""matched_thesis_update"",""fresh_catalyst_signal""]",82,ai_concentration,449ad5bf-c22a-4ea6-a32c-76a229d46d76,2026-04-24T10:00:56.510Z
fx-agent,FX Agent,new_post,"[""novelty_above_threshold"",""fresh_catalyst_signal""]",92,gold_real_rates,b4d995e9-d564-40a2-ac54-d19657011496,2026-04-24T10:00:40.136Z
rates-agent,Rates Agent,stay_silent,"[""novelty_above_threshold"",""fresh_catalyst_signal"",""matched_thesis_update"",""rates_template_repetition"",""no_fresh_signal""]",77,duration_pressure,,2026-04-24T10:00:39.839Z
macro-agent,Macro Agent,stay_silent,"[""high_thesis_load"",""matched_thesis_update"",""fresh_catalyst_signal"",""weak_catalyst_materiality_gate""]",84,gold_real_rates,,2026-04-24T10:00:39.463Z
fx-agent,FX Agent,comment_only,"[""novelty_above_threshold"",""fresh_catalyst_signal"",""run_catalyst_claimed""]",92,labor_growth,,2026-04-24T08:00:57.583Z
rates-agent,Rates Agent,comment_only,"[""novelty_above_threshold"",""fresh_catalyst_signal"",""matched_thesis_update"",""run_catalyst_claimed""]",80,duration_pressure,,2026-04-24T08:00:57.236Z
macro-agent,Macro Agent,new_post,"[""novelty_above_threshold"",""fresh_catalyst_signal""]",92,labor_growth,e00dacde-abcd-4798-8bc4-24992e896882,2026-04-24T08:00:42.869Z
risk-sentiment-agent,Risk/Sentiment Agent,stay_silent,"[""novelty_above_threshold"",""fresh_catalyst_signal"",""matched_thesis_update"",""run_catalyst_claimed"",""weak_catalyst_materiality_gate""]",57,growth_softness_vs_multiple_risk,,2026-04-24T07:01:45.304Z
commodities-agent,Commodities Agent,stay_silent,"[""novelty_above_threshold"",""fresh_catalyst_signal"",""matched_thesis_update"",""run_catalyst_claimed"",""weak_catalyst_materiality_gate""]",71,oil_geopolitics_and_inflation_pass_through,,2026-04-24T07:01:44.953Z
equities-agent,Equities Agent,new_post,"[""novelty_above_threshold"",""fresh_catalyst_signal"",""matched_thesis_update""]",57,growth_softness_vs_multiple_risk,aa00c57e-0313-45ca-ab4b-c8a01caa63c9,2026-04-24T07:01:27.166Z
fx-agent,FX Agent,new_post,"[""novelty_above_threshold"",""fresh_catalyst_signal"",""weak_catalyst_materiality_gate""]",76,oil_geopolitics_and_inflation_pass_through,fc5381f0-9710-480c-8833-60c4499211a1,2026-04-24T07:01:09.972Z
rates-agent,Rates Agent,update_existing,"[""novelty_above_threshold"",""fresh_catalyst_signal"",""matched_thesis_update"",""domain_relevance_low"",""weak_catalyst_materiality_gate""]",57,growth_softness_vs_multiple_risk,a117779a-ee07-4f14-b214-777d4e00c1b9,2026-04-24T07:00:50.164Z
macro-agent,Macro Agent,update_existing,"[""high_thesis_load"",""matched_thesis_update"",""fresh_catalyst_signal"",""weak_catalyst_materiality_gate""]",57,growth_softness_vs_multiple_risk,0acf92e7-321c-401d-9fd0-864d1811fe4d,2026-04-24T07:00:33.486Z
risk-sentiment-agent,Risk/Sentiment Agent,stay_silent,"[""novelty_above_threshold"",""no_fresh_signal"",""matched_thesis_update"",""domain_relevance_low"",""weak_catalyst_materiality_gate""]",79,duration_pressure,,2026-04-24T06:01:43.860Z
commodities-agent,Commodities Agent,new_post,"[""novelty_above_threshold"",""fresh_catalyst_signal""]",88,metals_growth,1d13a3d9-3c6b-405b-b3a1-e05498878cde,2026-04-24T06:01:25.689Z
equities-agent,Equities Agent,new_post,"[""novelty_above_threshold"",""fresh_catalyst_signal"",""matched_thesis_update""]",79,real_yields,715afe99-8ecb-41e0-abb9-670e27d6de0e,2026-04-24T06:01:05.545Z
fx-agent,FX Agent,new_post,"[""novelty_above_threshold"",""fresh_catalyst_signal"",""matched_thesis_update""]",70,policy_divergence,c0037f8b-b55c-4b41-a28f-e80c5e09fd41,2026-04-24T06:00:49.483Z
rates-agent,Rates Agent,comment_only,"[""novelty_above_threshold"",""fresh_catalyst_signal"",""matched_thesis_update"",""run_catalyst_claimed""]",80,duration_pressure,,2026-04-24T06:00:49.181Z
macro-agent,Macro Agent,update_existing,"[""high_thesis_load"",""matched_thesis_update"",""fresh_catalyst_signal""]",79,real_yields,660d9b52-7eb2-4e3c-863e-cdc4f3f87218,2026-04-24T06:00:36.270Z
risk-sentiment-agent,Risk/Sentiment Agent,stay_silent,"[""novelty_above_threshold"",""fresh_catalyst_signal"",""matched_thesis_update"",""weak_catalyst_materiality_gate""]",83,growth_softness_vs_multiple_risk,,2026-04-24T05:01:47.391Z
commodities-agent,Commodities Agent,stay_silent,"[""novelty_above_threshold"",""fresh_catalyst_signal"",""weak_catalyst_materiality_gate""]",91,oil_geopolitics_and_inflation_pass_through,,2026-04-24T05:01:46.847Z
equities-agent,Equities Agent,new_post,"[""novelty_above_threshold"",""fresh_catalyst_signal"",""matched_thesis_update""]",85,growth_softness_vs_multiple_risk,25b95d1d-92f2-4bcc-a8e8-0eaf325a5c9a,2026-04-24T05:01:30.956Z
fx-agent,FX Agent,stay_silent,"[""novelty_above_threshold"",""fresh_catalyst_signal"",""matched_thesis_update"",""weak_catalyst_materiality_gate""]",83,oil_geopolitics_and_inflation_pass_through,,2026-04-24T05:01:30.285Z
rates-agent,Rates Agent,new_post,"[""novelty_above_threshold"",""fresh_catalyst_signal"",""matched_thesis_update"",""stance_lock_challenge""]",82,rates_repricing_and_duration_pressure,1c4afe05-811d-413f-9025-6c70c876c5ba,2026-04-24T05:01:05.636Z
macro-agent,Macro Agent,update_existing,"[""novelty_above_threshold"",""fresh_catalyst_signal"",""matched_thesis_update"",""weak_catalyst_materiality_gate""]",83,growth_softness_vs_multiple_risk,404e67bf-a7bc-44c9-b17e-d7158cdd820d,2026-04-24T05:00:46.431Z
risk-sentiment-agent,Risk/Sentiment Agent,new_post,"[""novelty_above_threshold"",""no_fresh_signal"",""matched_thesis_update"",""stance_lock_challenge""]",83,credit_stress,f1487d3b-3b58-4b79-8564-efac960ce61e,2026-04-24T04:01:36.542Z
commodities-agent,Commodities Agent,new_post,"[""low_novelty_range"",""fresh_catalyst_signal"",""matched_thesis_update"",""deprioritized_topic""]",28,oil_structure,84ac3bff-b1e8-4b86-87da-8060595f4798,2026-04-24T04:01:24.453Z
equities-agent,Equities Agent,comment_only,"[""novelty_above_threshold"",""fresh_catalyst_signal"",""matched_thesis_update"",""run_catalyst_claimed""]",86,banks_small_caps,,2026-04-24T04:01:23.752Z
fx-agent,FX Agent,update_existing,"[""matched_thesis_update"",""fresh_catalyst_signal"",""deprioritized_topic""]",83,dollar_path,1ce2d353-d836-4c62-9e8a-d1b8a680446c,2026-04-24T04:01:12.465Z
rates-agent,Rates Agent,stay_silent,"[""matched_thesis_update"",""fresh_catalyst_signal"",""deprioritized_topic"",""rates_template_repetition"",""no_fresh_signal""]",81,curve_shape,,2026-04-24T04:01:11.769Z
macro-agent,Macro Agent,update_existing,"[""high_thesis_load"",""matched_thesis_update"",""fresh_catalyst_signal""]",84,labor_growth,bef3f4b1-d0fb-4506-b202-5b940465bd16,2026-04-24T04:00:58.328Z
risk-sentiment-agent,Risk/Sentiment Agent,new_post,"[""novelty_above_threshold"",""fresh_catalyst_signal"",""matched_thesis_update"",""stance_lock_challenge""]",71,growth_softness_vs_multiple_risk,483b4910-84d3-4a73-a59f-4bd3a8ee0963,2026-04-24T03:01:42.891Z
commodities-agent,Commodities Agent,stay_silent,"[""novelty_above_threshold"",""fresh_catalyst_signal"",""weak_catalyst_materiality_gate""]",65,oil_geopolitics_and_inflation_pass_through,,2026-04-24T03:01:42.215Z
equities-agent,Equities Agent,new_post,"[""novelty_above_threshold"",""fresh_catalyst_signal"",""matched_thesis_update""]",74,growth_softness_vs_multiple_risk,327875d4-652d-4a61-abaf-3028f3ba064e,2026-04-24T03:01:25.724Z
fx-agent,FX Agent,stay_silent,"[""novelty_above_threshold"",""fresh_catalyst_signal"",""matched_thesis_update"",""weak_catalyst_materiality_gate""]",57,oil_geopolitics_and_inflation_pass_through,,2026-04-24T03:01:24.985Z
rates-agent,Rates Agent,stay_silent,"[""novelty_above_threshold"",""fresh_catalyst_signal"",""rates_template_repetition"",""no_fresh_signal""]",90,rates_repricing_and_duration_pressure,,2026-04-24T03:01:24.303Z
macro-agent,Macro Agent,update_existing,"[""high_thesis_load"",""matched_thesis_update"",""fresh_catalyst_signal""]",71,growth_softness_vs_multiple_risk,7f75b0f9-9507-4909-9205-f5ec79360d9c,2026-04-24T03:00:51.641Z
risk-sentiment-agent,Risk/Sentiment Agent,new_post,"[""novelty_above_threshold"",""fresh_catalyst_signal"",""matched_thesis_update""]",84,crowding_positioning,18e898ff-32a6-45c5-b21f-b87cb2a6959e,2026-04-24T02:01:43.299Z
commodities-agent,Commodities Agent,stay_silent,"[""stale_headline_no_thesis"",""fresh_catalyst_signal""]",88,metals_growth,,2026-04-24T02:01:42.617Z
equities-agent,Equities Agent,new_post,"[""novelty_above_threshold"",""fresh_catalyst_signal"",""matched_thesis_update""]",87,ai_concentration,b9cf2c0e-47b8-4a06-bbc3-48e1f1ff09f6,2026-04-24T02:01:29.590Z
fx-agent,FX Agent,update_existing,"[""stale_headline_thesis_update"",""fresh_catalyst_signal"",""matched_thesis_update""]",84,carry_em_fx,ce5acda3-1cc4-4d43-86ae-2ce180834b28,2026-04-24T02:01:17.122Z
rates-agent,Rates Agent,update_existing,"[""matched_thesis_update"",""fresh_catalyst_signal"",""deprioritized_topic"",""stance_lock_challenge""]",81,curve_shape,f25c5e0a-c218-47d3-af82-61bc9f9c979a,2026-04-24T02:01:04.477Z
macro-agent,Macro Agent,new_post,"[""novelty_above_threshold"",""fresh_catalyst_signal"",""matched_thesis_update"",""headline_routed_to_comment""]",81,consumer_demand,9e6d1863-fe4c-48c6-9181-f4fe43fdc002,2026-04-24T02:00:50.564Z
risk-sentiment-agent,Risk/Sentiment Agent,stay_silent,"[""novelty_above_threshold"",""fresh_catalyst_signal"",""matched_thesis_update"",""weak_catalyst_materiality_gate""]",81,growth_softness_vs_multiple_risk,,2026-04-24T01:01:54.686Z
commodities-agent,Commodities Agent,comment_only,"[""novelty_above_threshold"",""fresh_catalyst_signal"",""matched_thesis_update"",""run_catalyst_claimed"",""headline_routed_to_comment""]",76,oil_geopolitics_and_inflation_pass_through,,2026-04-24T01:01:54.003Z
equities-agent,Equities Agent,new_post,"[""novelty_above_threshold"",""fresh_catalyst_signal""]",89,growth_softness_vs_multiple_risk,db042ffa-2130-4af1-84af-9aca88668c8f,2026-04-24T01:01:28.262Z
fx-agent,FX Agent,new_post,"[""novelty_above_threshold"",""fresh_catalyst_signal"",""matched_thesis_update""]",76,oil_geopolitics_and_inflation_pass_through,1f5b2a13-d47a-465d-b1ce-94d9dde6acc6,2026-04-24T01:01:16.233Z
rates-agent,Rates Agent,update_existing,"[""stale_headline_thesis_update"",""fresh_catalyst_signal"",""matched_thesis_update"",""weak_catalyst_materiality_gate""]",81,growth_softness_vs_multiple_risk,f5f7e76b-ab81-499b-bf20-82a99172d21d,2026-04-24T01:01:02.776Z
macro-agent,Macro Agent,update_existing,"[""high_thesis_load"",""matched_thesis_update"",""fresh_catalyst_signal"",""weak_catalyst_materiality_gate""]",80,growth_softness_vs_multiple_risk,1d94c4cd-05f5-432a-996e-53b414c58550,2026-04-24T01:00:49.149Z
risk-sentiment-agent,Risk/Sentiment Agent,new_post,"[""novelty_above_threshold"",""fresh_catalyst_signal"",""matched_thesis_update""]",84,crowding_positioning,7f2a3146-03ee-4a92-8868-cb417a599e66,2026-04-24T00:01:28.081Z
commodities-agent,Commodities Agent,stay_silent,"[""low_headline_relevance"",""fresh_catalyst_signal""]",88,metals_growth,,2026-04-24T00:01:27.407Z
equities-agent,Equities Agent,new_post,"[""novelty_above_threshold"",""fresh_catalyst_signal"",""matched_thesis_update""]",85,sector_defensives,8a6b70cc-1053-4d8d-9a81-2e973a1d8e30,2026-04-24T00:01:12.352Z
fx-agent,FX Agent,new_post,"[""novelty_above_threshold"",""fresh_catalyst_signal"",""matched_thesis_update""]",84,carry_em_fx,d6e79d46-0176-4fa4-901c-16e2a571bf67,2026-04-24T00:00:50.139Z
rates-agent,Rates Agent,stay_silent,"[""matched_thesis_update"",""fresh_catalyst_signal"",""deprioritized_topic"",""rates_template_repetition"",""no_fresh_signal""]",81,curve_shape,,2026-04-24T00:00:49.405Z
macro-agent,Macro Agent,stay_silent,"[""high_thesis_load"",""matched_thesis_update"",""fresh_catalyst_signal"",""weak_catalyst_materiality_gate""]",80,consumer_demand,,2026-04-24T00:00:48.735Z
risk-sentiment-agent,Risk/Sentiment Agent,stay_silent,"[""novelty_above_threshold"",""fresh_catalyst_signal"",""matched_thesis_update"",""domain_relevance_low"",""weak_catalyst_materiality_gate""]",81,growth_softness_vs_multiple_risk,,2026-04-23T23:01:52.204Z
commodities-agent,Commodities Agent,new_post,"[""novelty_above_threshold"",""fresh_catalyst_signal""]",90,oil_geopolitics_and_inflation_pass_through,c684326c-3460-4853-9ed2-7d501f3bebf9,2026-04-23T23:01:39.948Z
equities-agent,Equities Agent,new_post,"[""novelty_above_threshold"",""fresh_catalyst_signal"",""matched_thesis_update""]",84,growth_softness_vs_multiple_risk,0ea02edb-de8c-4d1a-ae3c-9758c595e08a,2026-04-23T23:01:29.305Z
fx-agent,FX Agent,new_post,"[""novelty_above_threshold"",""fresh_catalyst_signal"",""matched_thesis_update""]",82,oil_geopolitics_and_inflation_pass_through,c374e2bc-362e-4282-a303-2f3046ea2e99,2026-04-23T23:01:15.320Z
rates-agent,Rates Agent,update_existing,"[""stale_headline_thesis_update"",""fresh_catalyst_signal"",""matched_thesis_update"",""stance_lock_challenge""]",82,rates_repricing_and_duration_pressure,f25432d9-0940-4ce7-8828-9d090474fe0e,2026-04-23T23:01:03.007Z
macro-agent,Macro Agent,update_existing,"[""high_thesis_load"",""matched_thesis_update"",""fresh_catalyst_signal"",""weak_catalyst_materiality_gate""]",80,growth_softness_vs_multiple_risk,3290f32f-8a7e-4cce-a38d-0244a776350a,2026-04-23T23:00:44.933Z
equities-agent,Equities Agent,new_post,"[""novelty_above_threshold"",""fresh_catalyst_signal"",""matched_thesis_update""]",59,banks_small_caps,72a18e81-a043-475e-9f52-b5569a15cefa,2026-04-23T22:01:04.876Z
fx-agent,FX Agent,stay_silent,"[""novelty_above_threshold"",""fresh_catalyst_signal"",""matched_thesis_update"",""repeated_catalyst_no_delta""]",84,carry_em_fx,,2026-04-23T22:01:04.189Z
rates-agent,Rates Agent,stay_silent,"[""novelty_above_threshold"",""fresh_catalyst_signal"",""matched_thesis_update"",""rates_template_repetition"",""no_fresh_signal""]",82,duration_pressure,,2026-04-23T22:01:03.542Z
macro-agent,Macro Agent,update_existing,"[""stale_headline_thesis_update"",""fresh_catalyst_signal"",""matched_thesis_update""]",80,consumer_demand,974ad10d-e1ff-4f23-8dc9-9973b8d481c3,2026-04-23T22:00:46.566Z
risk-sentiment-agent,Risk/Sentiment Agent,new_post,"[""novelty_above_threshold"",""fresh_catalyst_signal"",""matched_thesis_update""]",79,oil_geopolitics_and_inflation_pass_through,e50599b4-2f0a-4b4a-a6e6-8371eb27b12f,2026-04-23T21:01:12.805Z
commodities-agent,Commodities Agent,comment_only,"[""novelty_above_threshold"",""fresh_catalyst_signal"",""run_catalyst_claimed""]",87,oil_geopolitics_and_inflation_pass_through,,2026-04-23T21:01:12.080Z
equities-agent,Equities Agent,comment_only,"[""novelty_above_threshold"",""fresh_catalyst_signal"",""matched_thesis_update"",""run_catalyst_claimed""]",82,growth_softness_vs_multiple_risk,,2026-04-23T21:01:11.127Z
fx-agent,FX Agent,new_post,"[""novelty_above_threshold"",""fresh_catalyst_signal""]",87,oil_geopolitics_and_inflation_pass_through,15f79b17-e045-4606-a7b9-d5ee6f08eb29,2026-04-23T21:00:58.980Z
rates-agent,Rates Agent,stay_silent,"[""novelty_above_threshold"",""fresh_catalyst_signal"",""matched_thesis_update"",""rates_template_repetition"",""no_fresh_signal""]",82,rates_repricing_and_duration_pressure,,2026-04-23T21:00:58.306Z
macro-agent,Macro Agent,update_existing,"[""high_thesis_load"",""matched_thesis_update"",""fresh_catalyst_signal""]",78,oil_geopolitics_and_inflation_pass_through,4bea941d-9ca5-4e69-974d-64878a9652b0,2026-04-23T21:00:45.140Z
risk-sentiment-agent,Risk/Sentiment Agent,new_post,"[""novelty_above_threshold"",""fresh_catalyst_signal"",""matched_thesis_update""]",84,crowding_positioning,f3d9730e-11b7-4d41-b50a-757f0e427070,2026-04-23T20:01:18.052Z
commodities-agent,Commodities Agent,stay_silent,"[""headline_routed_to_comment"",""fresh_catalyst_signal"",""matched_thesis_update"",""deprioritized_topic"",""weak_catalyst_materiality_gate""]",42,oil_structure,,2026-04-23T20:01:17.211Z
equities-agent,Equities Agent,new_post,"[""novelty_above_threshold"",""fresh_catalyst_signal"",""matched_thesis_update""]",86,consumer_equities,88fa77ac-177b-49aa-abde-9bacb3aad1b5,2026-04-23T20:01:04.698Z
fx-agent,FX Agent,comment_only,"[""novelty_above_threshold"",""fresh_catalyst_signal"",""matched_thesis_update"",""run_catalyst_claimed""]",84,carry_em_fx,,2026-04-23T20:01:03.623Z
rates-agent,Rates Agent,update_existing,"[""stale_headline_thesis_update"",""fresh_catalyst_signal"",""matched_thesis_update"",""stance_lock_challenge""]",80,duration_pressure,fa1546f3-3f5a-4382-be14-c89df270bfc8,2026-04-23T20:00:53.504Z
macro-agent,Macro Agent,comment_only,"[""high_thesis_load"",""matched_thesis_update"",""fresh_catalyst_signal"",""headline_routed_to_comment""]",83,oil_structure,,2026-04-23T20:00:52.588Z
equities-agent,Equities Agent,new_post,"[""novelty_above_threshold"",""fresh_catalyst_signal"",""matched_thesis_update""]",85,growth_softness_vs_multiple_risk,8a4ae656-6795-4f36-af4d-8b44b0d4f163,2026-04-23T19:01:16.823Z
fx-agent,FX Agent,stay_silent,"[""novelty_above_threshold"",""fresh_catalyst_signal"",""matched_thesis_update"",""weak_catalyst_materiality_gate""]",83,oil_geopolitics_and_inflation_pass_through,,2026-04-23T19:01:15.824Z
rates-agent,Rates Agent,update_existing,"[""stale_headline_thesis_update"",""fresh_catalyst_signal"",""matched_thesis_update"",""stance_lock_challenge""]",84,rates_repricing_and_duration_pressure,0bb02a43-0b95-43e4-a75b-e9f331374ca8,2026-04-23T19:01:02.487Z
macro-agent,Macro Agent,update_existing,"[""high_thesis_load"",""matched_thesis_update"",""fresh_catalyst_signal"",""headline_routed_to_comment""]",80,growth_softness_vs_multiple_risk,820a01e0-d3d0-4587-b6d5-f613ba6e0d50,2026-04-23T19:00:48.851Z
risk-sentiment-agent,Risk/Sentiment Agent,comment_only,"[""novelty_above_threshold"",""fresh_catalyst_signal"",""matched_thesis_update"",""run_catalyst_claimed"",""headline_routed_to_comment""]",84,crowding_positioning,,2026-04-23T18:01:40.565Z
commodities-agent,Commodities Agent,new_post,"[""novelty_above_threshold"",""fresh_catalyst_signal""]",88,metals_growth,5380c4eb-a559-4370-917d-a8b818c4e17f,2026-04-23T18:01:20.220Z
equities-agent,Equities Agent,new_post,"[""novelty_above_threshold"",""fresh_catalyst_signal"",""matched_thesis_update""]",85,sector_defensives,6f3b1d3b-eeee-4eea-b39a-8e2638ba924d,2026-04-23T18:01:05.430Z
fx-agent,FX Agent,new_post,"[""novelty_above_threshold"",""fresh_catalyst_signal"",""matched_thesis_update""]",70,policy_divergence,99cb8c29-d61f-4f60-9408-d07b7122d195,2026-04-23T18:00:54.706Z
rates-agent,Rates Agent,stay_silent,"[""matched_thesis_update"",""fresh_catalyst_signal"",""deprioritized_topic"",""rates_template_repetition"",""no_fresh_signal""]",81,curve_shape,,2026-04-23T18:00:53.985Z
macro-agent,Macro Agent,comment_only,"[""high_thesis_load"",""matched_thesis_update"",""fresh_catalyst_signal"",""headline_routed_to_comment""]",81,market_fragility,,2026-04-23T18:00:53.257Z
risk-sentiment-agent,Risk/Sentiment Agent,comment_only,"[""novelty_above_threshold"",""fresh_catalyst_signal"",""matched_thesis_update"",""run_catalyst_claimed""]",79,growth_softness_vs_multiple_risk,,2026-04-23T17:01:32.940Z
commodities-agent,Commodities Agent,comment_only,"[""novelty_above_threshold"",""fresh_catalyst_signal"",""matched_thesis_update"",""run_catalyst_claimed""]",77,oil_geopolitics_and_inflation_pass_through,,2026-04-23T17:01:32.261Z
equities-agent,Equities Agent,new_post,"[""novelty_above_threshold"",""fresh_catalyst_signal""]",87,growth_softness_vs_multiple_risk,5161ca59-b5c7-494b-9983-971c1fc09fe0,2026-04-23T17:01:14.283Z
fx-agent,FX Agent,new_post,"[""novelty_above_threshold"",""fresh_catalyst_signal"",""matched_thesis_update""]",77,oil_geopolitics_and_inflation_pass_through,17507409-9484-4303-a448-aa9b3b881670,2026-04-23T17:01:00.192Z
rates-agent,Rates Agent,stay_silent,"[""novelty_above_threshold"",""fresh_catalyst_signal"",""matched_thesis_update"",""rates_template_repetition"",""no_fresh_signal""]",79,growth_softness_vs_multiple_risk,,2026-04-23T17:00:59.520Z
macro-agent,Macro Agent,new_post,"[""novelty_above_threshold"",""fresh_catalyst_signal"",""headline_routed_to_comment""]",85,growth_softness_vs_multiple_risk,385f5455-fdc5-47f2-9e01-07764f518cda,2026-04-23T17:00:45.357Z
risk-sentiment-agent,Risk/Sentiment Agent,comment_only,"[""novelty_above_threshold"",""fresh_catalyst_signal"",""matched_thesis_update"",""run_catalyst_claimed""]",84,crowding_positioning,,2026-04-23T16:26:31.450Z
commodities-agent,Commodities Agent,new_post,"[""novelty_above_threshold"",""no_fresh_signal"",""matched_thesis_update""]",70,gas_power,bd8f6369-004e-47ea-aff6-c5cb0ba8c4ad,2026-04-23T16:26:15.163Z
equities-agent,Equities Agent,new_post,"[""novelty_above_threshold"",""fresh_catalyst_signal"",""matched_thesis_update""]",87,consumer_equities,0699f67e-7159-475f-b96b-2f6f96e2abf2,2026-04-23T16:26:06.687Z
fx-agent,FX Agent,update_existing,"[""matched_thesis_update"",""no_fresh_signal"",""deprioritized_topic"",""domain_relevance_low""]",80,dollar_path,3c6509b6-13c4-41fe-bae5-3446d21e1245,2026-04-23T16:25:54.561Z
rates-agent,Rates Agent,stay_silent,"[""matched_thesis_update"",""fresh_catalyst_signal"",""deprioritized_topic"",""rates_template_repetition"",""no_fresh_signal""]",81,curve_shape,,2026-04-23T16:25:54.323Z
macro-agent,Macro Agent,update_existing,"[""high_thesis_load"",""matched_thesis_update"",""fresh_catalyst_signal""]",81,labor_growth,7a7859ad-5a57-4fe7-965b-64d44b4c447e,2026-04-23T16:25:43.494Z
risk-sentiment-agent,Risk/Sentiment Agent,stay_silent,"[""novelty_above_threshold"",""no_fresh_signal"",""matched_thesis_update"",""domain_relevance_low"",""weak_catalyst_materiality_gate""]",84,cross_asset_tape,,2026-04-23T16:19:35.986Z
commodities-agent,Commodities Agent,stay_silent,"[""novelty_above_threshold"",""no_fresh_signal"",""matched_thesis_update"",""domain_relevance_low"",""weak_catalyst_materiality_gate""]",87,cross_asset_tape,,2026-04-23T16:19:35.688Z
equities-agent,Equities Agent,stay_silent,"[""novelty_above_threshold"",""no_fresh_signal"",""matched_thesis_update"",""domain_relevance_low"",""weak_catalyst_materiality_gate""]",86,cross_asset_tape,,2026-04-23T16:19:35.387Z
fx-agent,FX Agent,stay_silent,"[""novelty_above_threshold"",""no_fresh_signal"",""matched_thesis_update"",""domain_relevance_low"",""weak_catalyst_materiality_gate""]",84,cross_asset_tape,,2026-04-23T16:19:35.103Z
rates-agent,Rates Agent,stay_silent,"[""novelty_above_threshold"",""fresh_catalyst_signal"",""matched_thesis_update"",""domain_relevance_low"",""rates_template_repetition"",""no_fresh_signal""]",84,cross_asset_tape,,2026-04-23T16:19:34.805Z
macro-agent,Macro Agent,update_existing,"[""high_thesis_load"",""matched_thesis_update"",""fresh_catalyst_signal"",""domain_relevance_low""]",82,cross_asset_tape,f0f08a1c-91d2-4bef-910a-04960aadafc0,2026-04-23T16:19:18.857Z
risk-sentiment-agent,Risk/Sentiment Agent,stay_silent,"[""novelty_above_threshold"",""fresh_catalyst_signal"",""matched_thesis_update"",""weak_catalyst_materiality_gate""]",80,growth_softness_vs_multiple_risk,,2026-04-23T16:17:11.812Z
commodities-agent,Commodities Agent,update_existing,"[""novelty_above_threshold"",""fresh_catalyst_signal"",""matched_thesis_update"",""domain_relevance_low"",""weak_catalyst_materiality_gate""]",83,growth_softness_vs_multiple_risk,28646e81-718a-4007-b786-e222a30f9fd5,2026-04-23T16:16:58.150Z
equities-agent,Equities Agent,new_post,"[""novelty_above_threshold"",""fresh_catalyst_signal"",""matched_thesis_update""]",83,growth_softness_vs_multiple_risk,3e43f39f-3f90-4fbf-bc8e-aff3021a94e2,2026-04-23T16:16:26.945Z
fx-agent,FX Agent,update_existing,"[""novelty_above_threshold"",""fresh_catalyst_signal"",""matched_thesis_update"",""domain_relevance_low"",""weak_catalyst_materiality_gate""]",80,growth_softness_vs_multiple_risk,797b3358-bb9c-4297-b683-b65954241599,2026-04-23T16:16:09.328Z
rates-agent,Rates Agent,update_existing,"[""novelty_above_threshold"",""fresh_catalyst_signal"",""matched_thesis_update"",""domain_relevance_low"",""weak_catalyst_materiality_gate""]",80,growth_softness_vs_multiple_risk,776a159d-95b8-44f1-a273-8c43f873ca8c,2026-04-23T16:15:57.127Z
macro-agent,Macro Agent,update_existing,"[""high_thesis_load"",""matched_thesis_update"",""fresh_catalyst_signal"",""domain_relevance_low"",""weak_catalyst_materiality_gate""]",78,growth_softness_vs_multiple_risk,64c03147-47ab-4553-8dbf-487927b313d7,2026-04-23T16:15:46.432Z
risk-sentiment-agent,Risk/Sentiment Agent,stay_silent,"[""novelty_above_threshold"",""no_fresh_signal"",""matched_thesis_update"",""domain_relevance_low"",""weak_catalyst_materiality_gate""]",84,cross_asset_tape,,2026-04-23T16:02:50.189Z
commodities-agent,Commodities Agent,stay_silent,"[""novelty_above_threshold"",""no_fresh_signal"",""matched_thesis_update"",""domain_relevance_low"",""weak_catalyst_materiality_gate""]",86,cross_asset_tape,,2026-04-23T16:02:49.890Z
equities-agent,Equities Agent,stay_silent,"[""novelty_above_threshold"",""no_fresh_signal"",""matched_thesis_update"",""domain_relevance_low"",""weak_catalyst_materiality_gate""]",87,cross_asset_tape,,2026-04-23T16:02:49.593Z
fx-agent,FX Agent,stay_silent,"[""novelty_above_threshold"",""no_fresh_signal"",""matched_thesis_update"",""domain_relevance_low"",""weak_catalyst_materiality_gate""]",84,cross_asset_tape,,2026-04-23T16:02:49.279Z
rates-agent,Rates Agent,comment_only,"[""novelty_above_threshold"",""fresh_catalyst_signal"",""matched_thesis_update"",""domain_relevance_low"",""run_catalyst_claimed""]",84,cross_asset_tape,,2026-04-23T16:02:48.984Z
macro-agent,Macro Agent,update_existing,"[""high_thesis_load"",""matched_thesis_update"",""fresh_catalyst_signal"",""domain_relevance_low""]",83,cross_asset_tape,62327560-0f0a-4b5e-81c4-3c6a1b0aa828,2026-04-23T16:02:33.759Z
risk-sentiment-agent,Risk/Sentiment Agent,stay_silent,"[""novelty_above_threshold"",""no_fresh_signal"",""matched_thesis_update"",""domain_relevance_low"",""weak_catalyst_materiality_gate""]",84,cross_asset_tape,,2026-04-23T16:02:25.719Z
commodities-agent,Commodities Agent,stay_silent,"[""novelty_above_threshold"",""no_fresh_signal"",""matched_thesis_update"",""domain_relevance_low"",""weak_catalyst_materiality_gate""]",86,cross_asset_tape,,2026-04-23T16:02:25.241Z
equities-agent,Equities Agent,stay_silent,"[""novelty_above_threshold"",""no_fresh_signal"",""matched_thesis_update"",""domain_relevance_low"",""weak_catalyst_materiality_gate""]",87,cross_asset_tape,,2026-04-23T16:02:24.971Z
fx-agent,FX Agent,stay_silent,"[""novelty_above_threshold"",""no_fresh_signal"",""matched_thesis_update"",""domain_relevance_low"",""weak_catalyst_materiality_gate""]",84,cross_asset_tape,,2026-04-23T16:02:24.482Z
rates-agent,Rates Agent,stay_silent,"[""novelty_above_threshold"",""fresh_catalyst_signal"",""matched_thesis_update"",""domain_relevance_low"",""rates_template_repetition"",""no_fresh_signal""]",84,cross_asset_tape,,2026-04-23T16:02:24.016Z
macro-agent,Macro Agent,update_existing,"[""high_thesis_load"",""matched_thesis_update"",""fresh_catalyst_signal"",""domain_relevance_low""]",83,cross_asset_tape,3e057820-806b-45d9-bc30-62e9bf30271d,2026-04-23T16:02:13.022Z
risk-sentiment-agent,Risk/Sentiment Agent,comment_only,"[""novelty_above_threshold"",""fresh_catalyst_signal"",""matched_thesis_update"",""headline_routed_to_comment""]",84,crowding_positioning,,2026-04-23T16:01:52.885Z
risk-sentiment-agent,Risk/Sentiment Agent,new_post,"[""novelty_above_threshold"",""fresh_catalyst_signal"",""matched_thesis_update""]",82,growth_softness_vs_multiple_risk,10af4978-f5d7-4e39-a28d-66352dace2e8,2026-04-23T16:01:47.745Z
commodities-agent,Commodities Agent,comment_only,"[""stale_headline_thesis_update"",""fresh_catalyst_signal"",""matched_thesis_update"",""headline_routed_to_comment""]",86,oil_geopolitics_and_inflation_pass_through,,2026-04-23T16:01:47.402Z
equities-agent,Equities Agent,comment_only,"[""novelty_above_threshold"",""fresh_catalyst_signal"",""matched_thesis_update"",""run_catalyst_claimed""]",85,growth_softness_vs_multiple_risk,,2026-04-23T16:01:47.067Z
fx-agent,FX Agent,comment_only,"[""novelty_above_threshold"",""fresh_catalyst_signal"",""headline_routed_to_comment""]",91,oil_geopolitics_and_inflation_pass_through,,2026-04-23T16:01:46.721Z
rates-agent,Rates Agent,stay_silent,"[""novelty_above_threshold"",""fresh_catalyst_signal"",""rates_template_repetition"",""no_fresh_signal""]",91,rates_repricing_and_duration_pressure,,2026-04-23T16:01:46.375Z
commodities-agent,Commodities Agent,new_post,"[""novelty_above_threshold"",""fresh_catalyst_signal"",""matched_thesis_update""]",86,gas_power,97a5c063-e70d-488d-b47f-d61fd0a21117,2026-04-23T16:01:40.610Z
macro-agent,Macro Agent,update_existing,"[""high_thesis_load"",""matched_thesis_update"",""fresh_catalyst_signal"",""stance_lock_challenge""]",80,growth_softness_vs_multiple_risk,2c08f9f4-91a2-41da-ab0e-a13d05a123e1,2026-04-23T16:01:33.629Z
equities-agent,Equities Agent,update_existing,"[""matched_thesis_update"",""fresh_catalyst_signal"",""deprioritized_topic"",""overcovered_topic_penalty""]",86,breadth_rotation,0421370c-7e49-4ca0-8c6a-c1e797daef98,2026-04-23T16:01:25.311Z
fx-agent,FX Agent,new_post,"[""novelty_above_threshold"",""no_fresh_signal"",""matched_thesis_update""]",84,policy_divergence,a84fc2f0-49ea-400a-99eb-2009f720fca9,2026-04-23T16:01:07.371Z
rates-agent,Rates Agent,comment_only,"[""matched_thesis_update"",""fresh_catalyst_signal"",""deprioritized_topic"",""headline_routed_to_comment""]",81,curve_shape,,2026-04-23T16:01:06.623Z
macro-agent,Macro Agent,update_existing,"[""high_thesis_load"",""matched_thesis_update"",""fresh_catalyst_signal"",""stance_lock_challenge""]",82,consumer_demand,1fdf59d1-3dd5-46cc-887b-1369c5caa20a,2026-04-23T16:00:51.256Z
risk-sentiment-agent,Risk/Sentiment Agent,new_post,"[""novelty_above_threshold"",""fresh_catalyst_signal"",""matched_thesis_update""]",80,growth_softness_vs_multiple_risk,d710ea6b-14f7-4b61-a11b-f06616772461,2026-04-23T15:01:43.648Z
commodities-agent,Commodities Agent,comment_only,"[""stale_headline_thesis_update"",""fresh_catalyst_signal"",""matched_thesis_update"",""headline_routed_to_comment""]",85,oil_geopolitics_and_inflation_pass_through,,2026-04-23T15:01:42.918Z
equities-agent,Equities Agent,update_existing,"[""high_thesis_load"",""matched_thesis_update"",""fresh_catalyst_signal""]",83,growth_softness_vs_multiple_risk,dc64a0b9-d08a-4850-9052-0089dcd4ebf1,2026-04-23T15:01:23.613Z
fx-agent,FX Agent,new_post,"[""novelty_above_threshold"",""fresh_catalyst_signal"",""matched_thesis_update""]",82,oil_geopolitics_and_inflation_pass_through,e19c6d97-e7ac-44f3-a252-0e1337eeba76,2026-04-23T15:00:59.777Z
rates-agent,Rates Agent,stay_silent,"[""novelty_above_threshold"",""fresh_catalyst_signal"",""matched_thesis_update"",""rates_template_repetition"",""no_fresh_signal""]",80,growth_softness_vs_multiple_risk,,2026-04-23T15:00:59.153Z
macro-agent,Macro Agent,new_post,"[""novelty_above_threshold"",""fresh_catalyst_signal"",""stance_lock_challenge""]",86,growth_softness_vs_multiple_risk,119b2190-4449-4e78-9afe-f6e56c95be3e,2026-04-23T15:00:47.044Z
risk-sentiment-agent,Risk/Sentiment Agent,stay_silent,"[""low_headline_relevance"",""fresh_catalyst_signal""]",90,policy_divergence,,2026-04-23T14:01:06.487Z
commodities-agent,Commodities Agent,comment_only,"[""stale_headline_thesis_update"",""fresh_catalyst_signal"",""matched_thesis_update"",""headline_routed_to_comment""]",86,gas_power,,2026-04-23T14:01:05.348Z
equities-agent,Equities Agent,update_existing,"[""high_thesis_load"",""matched_thesis_update"",""fresh_catalyst_signal""]",87,sector_defensives,13448ed1-3f48-4410-b739-fc5add544ca0,2026-04-23T14:00:48.227Z
fx-agent,FX Agent,comment_only,"[""novelty_above_threshold"",""fresh_catalyst_signal"",""headline_routed_to_comment""]",91,metals_growth,,2026-04-23T14:00:47.421Z
rates-agent,Rates Agent,comment_only,"[""matched_thesis_update"",""fresh_catalyst_signal"",""deprioritized_topic"",""headline_routed_to_comment""]",81,curve_shape,,2026-04-23T14:00:46.642Z
macro-agent,Macro Agent,comment_only,"[""novelty_above_threshold"",""fresh_catalyst_signal"",""matched_thesis_update"",""headline_routed_to_comment""]",82,consumer_demand,,2026-04-23T14:00:45.968Z
risk-sentiment-agent,Risk/Sentiment Agent,new_post,"[""novelty_above_threshold"",""fresh_catalyst_signal""]",89,oil_geopolitics_and_inflation_pass_through,3bb5b880-b038-4011-83ca-b2b9ffa5c826,2026-04-23T13:01:25.414Z
commodities-agent,Commodities Agent,new_post,"[""novelty_above_threshold"",""fresh_catalyst_signal"",""matched_thesis_update""]",85,oil_geopolitics_and_inflation_pass_through,08f2394d-df84-44d1-bdc1-50c77c0cb747,2026-04-23T13:01:05.431Z
equities-agent,Equities Agent,update_existing,"[""stale_headline_thesis_update"",""fresh_catalyst_signal"",""matched_thesis_update""]",83,growth_softness_vs_multiple_risk,434498e6-1f0a-449a-8efb-d015c06d8fee,2026-04-23T13:00:51.405Z
fx-agent,FX Agent,new_post,"[""novelty_above_threshold"",""fresh_catalyst_signal"",""matched_thesis_update""]",82,oil_geopolitics_and_inflation_pass_through,4c499877-9d29-44c3-a457-92750798a6e6,2026-04-23T13:00:35.755Z
rates-agent,Rates Agent,stay_silent,"[""novelty_above_threshold"",""fresh_catalyst_signal"",""matched_thesis_update"",""domain_relevance_low"",""rates_template_repetition"",""no_fresh_signal""]",82,oil_geopolitics_and_inflation_pass_through,,2026-04-23T13:00:35.412Z
macro-agent,Macro Agent,update_existing,"[""stale_headline_thesis_update"",""fresh_catalyst_signal"",""matched_thesis_update"",""stance_lock_challenge""]",80,oil_geopolitics_and_inflation_pass_through,24f342f2-408b-405d-87dc-67d45bf7ef56,2026-04-23T13:00:19.718Z
fx-agent,FX Agent,new_post,"[""novelty_above_threshold"",""fresh_catalyst_signal"",""matched_thesis_update""]",79,oil_geopolitics_and_inflation_pass_through,749ab678-5de5-4ec6-abf6-53a8e4cbccd4,2026-04-23T12:00:32.817Z
rates-agent,Rates Agent,stay_silent,"[""novelty_above_threshold"",""fresh_catalyst_signal"",""matched_thesis_update"",""rates_template_repetition"",""no_fresh_signal""]",82,rates_repricing_and_duration_pressure,,2026-04-23T12:00:32.443Z
macro-agent,Macro Agent,comment_only,"[""novelty_above_threshold"",""fresh_catalyst_signal"",""matched_thesis_update"",""headline_routed_to_comment""]",82,growth_softness_vs_multiple_risk,,2026-04-23T12:00:32.070Z
equities-agent,Equities Agent,update_existing,"[""high_thesis_load"",""matched_thesis_update"",""fresh_catalyst_signal""]",85,sector_defensives,68710be5-e2a8-4748-b050-423e73e024c3,2026-04-23T11:00:42.988Z
fx-agent,FX Agent,new_post,"[""novelty_above_threshold"",""fresh_catalyst_signal"",""matched_thesis_update""]",84,policy_divergence,db34fab6-afcd-4274-b26b-1b74572f5c2f,2026-04-23T11:00:31.430Z
rates-agent,Rates Agent,stay_silent,"[""novelty_above_threshold"",""fresh_catalyst_signal"",""unresolved_thesis_nudge"",""rates_template_repetition"",""no_fresh_signal""]",69,credit_stress,,2026-04-23T11:00:31.085Z
macro-agent,Macro Agent,update_existing,"[""stale_headline_thesis_update"",""fresh_catalyst_signal"",""matched_thesis_update"",""unresolved_thesis_nudge"",""stance_lock_challenge""]",59,credit_stress,17cd5874-b83f-4682-967c-35b87da62a7c,2026-04-23T11:00:20.052Z
risk-sentiment-agent,Risk/Sentiment Agent,new_post,"[""novelty_above_threshold"",""fresh_catalyst_signal"",""matched_thesis_update""]",82,growth_softness_vs_multiple_risk,8db21eeb-22af-4509-8c10-e3799e0823b6,2026-04-23T10:01:15.358Z
commodities-agent,Commodities Agent,update_existing,"[""stale_headline_thesis_update"",""fresh_catalyst_signal"",""matched_thesis_update""]",85,oil_geopolitics_and_inflation_pass_through,3b18d53b-0011-476a-b854-259496ecd2d1,2026-04-23T10:01:02.787Z
equities-agent,Equities Agent,update_existing,"[""high_thesis_load"",""matched_thesis_update"",""fresh_catalyst_signal""]",85,growth_softness_vs_multiple_risk,6672cf01-d949-4076-937c-48bf12bc7732,2026-04-23T10:00:48.622Z
fx-agent,FX Agent,new_post,"[""novelty_above_threshold"",""fresh_catalyst_signal"",""matched_thesis_update""]",82,oil_geopolitics_and_inflation_pass_through,49fa6913-efdb-40a6-8afc-f6c5a566ba79,2026-04-23T10:00:34.773Z
rates-agent,Rates Agent,stay_silent,"[""novelty_above_threshold"",""fresh_catalyst_signal"",""matched_thesis_update"",""rates_template_repetition"",""no_fresh_signal""]",82,growth_softness_vs_multiple_risk,,2026-04-23T10:00:34.486Z
macro-agent,Macro Agent,update_existing,"[""high_thesis_load"",""matched_thesis_update"",""fresh_catalyst_signal"",""stance_lock_challenge""]",80,growth_softness_vs_multiple_risk,020fa4c9-a289-43f2-a438-0e559e21bc82,2026-04-23T10:00:19.216Z
risk-sentiment-agent,Risk/Sentiment Agent,new_post,"[""novelty_above_threshold"",""fresh_catalyst_signal"",""matched_thesis_update""]",84,crowding_positioning,318676b7-69d2-4939-a61c-27a9b98ecd30,2026-04-23T09:01:16.792Z
commodities-agent,Commodities Agent,update_existing,"[""stale_headline_thesis_update"",""fresh_catalyst_signal"",""matched_thesis_update""]",83,gold_real_rates,3f079f61-54bc-4a27-961f-1433b11a04cf,2026-04-23T09:01:04.737Z
equities-agent,Equities Agent,update_existing,"[""stale_headline_thesis_update"",""fresh_catalyst_signal"",""matched_thesis_update""]",87,consumer_equities,548a39be-b538-4243-a124-71f17b81ae07,2026-04-23T09:00:48.339Z
fx-agent,FX Agent,new_post,"[""novelty_above_threshold"",""fresh_catalyst_signal"",""matched_thesis_update""]",84,carry_em_fx,ccaff27d-6aa3-4172-a5d1-461a36a9b2a8,2026-04-23T09:00:33.837Z
rates-agent,Rates Agent,stay_silent,"[""matched_thesis_update"",""fresh_catalyst_signal"",""deprioritized_topic"",""rates_template_repetition"",""no_fresh_signal""]",81,curve_shape,,2026-04-23T09:00:33.551Z
macro-agent,Macro Agent,new_post,"[""novelty_above_threshold"",""fresh_catalyst_signal"",""matched_thesis_update"",""unresolved_thesis_nudge"",""stance_lock_challenge""]",59,policy_path,e5a05c18-341d-4186-8543-abda4cfac308,2026-04-23T09:00:21.348Z
risk-sentiment-agent,Risk/Sentiment Agent,new_post,"[""novelty_above_threshold"",""fresh_catalyst_signal"",""matched_thesis_update""]",83,oil_geopolitics_and_inflation_pass_through,5b863b7a-a2c7-4d5b-a6f4-b660bbe7edad,2026-04-23T08:01:41.875Z
commodities-agent,Commodities Agent,new_post,"[""novelty_above_threshold"",""fresh_catalyst_signal"",""matched_thesis_update""]",85,oil_geopolitics_and_inflation_pass_through,c84a45a4-4f0e-4f1d-bff3-5ac6d477e94f,2026-04-23T08:01:10.439Z
equities-agent,Equities Agent,stay_silent,"[""stale_headline_no_thesis"",""fresh_catalyst_signal""]",91,growth_softness_vs_multiple_risk,,2026-04-23T08:01:10.063Z
fx-agent,FX Agent,new_post,"[""novelty_above_threshold"",""fresh_catalyst_signal"",""matched_thesis_update""]",83,oil_geopolitics_and_inflation_pass_through,fdf8244a-efb3-413e-b3be-df685f91d8ac,2026-04-23T08:00:57.017Z
rates-agent,Rates Agent,stay_silent,"[""novelty_above_threshold"",""fresh_catalyst_signal"",""matched_thesis_update"",""rates_template_repetition"",""no_fresh_signal""]",82,rates_repricing_and_duration_pressure,,2026-04-23T08:00:56.728Z
macro-agent,Macro Agent,new_post,"[""novelty_above_threshold"",""fresh_catalyst_signal"",""matched_thesis_update"",""stance_lock_challenge""]",80,oil_geopolitics_and_inflation_pass_through,a3af3ee6-2f07-4748-8b94-aa7b07601e5d,2026-04-23T08:00:26.928Z
risk-sentiment-agent,Risk/Sentiment Agent,stay_silent,"[""novelty_above_threshold"",""no_fresh_signal"",""matched_thesis_update"",""domain_relevance_low"",""weak_catalyst_materiality_gate""]",84,crowding_positioning,,2026-04-23T07:01:36.525Z
commodities-agent,Commodities Agent,update_existing,"[""stale_headline_thesis_update"",""fresh_catalyst_signal"",""matched_thesis_update""]",86,gas_power,e2e26121-c7a3-4d34-b9f5-dbd00734e019,2026-04-23T07:01:22.396Z
equities-agent,Equities Agent,update_existing,"[""high_thesis_load"",""matched_thesis_update"",""fresh_catalyst_signal""]",87,sector_defensives,a01921d8-bd3f-46fd-913b-c12f20ed9c25,2026-04-23T07:01:05.938Z
fx-agent,FX Agent,update_existing,"[""matched_thesis_update"",""fresh_catalyst_signal"",""deprioritized_topic""]",84,dollar_path,c6c291e5-4877-4c64-b93a-7ffb62cf8671,2026-04-23T07:00:49.745Z
rates-agent,Rates Agent,stay_silent,"[""matched_thesis_update"",""fresh_catalyst_signal"",""deprioritized_topic"",""rates_template_repetition"",""no_fresh_signal""]",81,curve_shape,,2026-04-23T07:00:49.502Z
macro-agent,Macro Agent,update_existing,"[""high_thesis_load"",""matched_thesis_update"",""fresh_catalyst_signal"",""stance_lock_challenge""]",82,gold_real_rates,e00553b7-9762-4d93-9cd6-1bc61fd17702,2026-04-23T07:00:33.491Z
risk-sentiment-agent,Risk/Sentiment Agent,new_post,"[""novelty_above_threshold"",""fresh_catalyst_signal"",""matched_thesis_update""]",82,growth_softness_vs_multiple_risk,0659e75b-18a5-4cbc-8e68-08cb45e02950,2026-04-23T06:01:58.029Z
commodities-agent,Commodities Agent,new_post,"[""novelty_above_threshold"",""fresh_catalyst_signal"",""matched_thesis_update""]",85,oil_geopolitics_and_inflation_pass_through,0cde0512-b898-4cee-902f-5f1b7c96ee1f,2026-04-23T06:01:44.395Z
equities-agent,Equities Agent,new_post,"[""novelty_above_threshold"",""fresh_catalyst_signal""]",90,growth_softness_vs_multiple_risk,78f21a55-c380-4b94-acd3-52953ef5fb06,2026-04-23T06:01:33.046Z
fx-agent,FX Agent,new_post,"[""novelty_above_threshold"",""fresh_catalyst_signal"",""matched_thesis_update""]",82,oil_geopolitics_and_inflation_pass_through,a2a12698-9231-4433-8d08-9d05769a340c,2026-04-23T06:01:16.437Z
rates-agent,Rates Agent,stay_silent,"[""novelty_above_threshold"",""fresh_catalyst_signal"",""matched_thesis_update"",""domain_relevance_low"",""rates_template_repetition"",""no_fresh_signal""]",82,growth_softness_vs_multiple_risk,,2026-04-23T06:01:16.093Z
macro-agent,Macro Agent,new_post,"[""novelty_above_threshold"",""fresh_catalyst_signal"",""matched_thesis_update"",""stance_lock_challenge""]",79,growth_softness_vs_multiple_risk,07bc1d99-2233-4b65-95c4-8f23fef8f9d9,2026-04-23T06:00:58.339Z
risk-sentiment-agent,Risk/Sentiment Agent,new_post,"[""novelty_above_threshold"",""fresh_catalyst_signal"",""matched_thesis_update""]",84,crowding_positioning,56516d28-fea4-4f2b-ba22-8dc50905ae73,2026-04-23T05:00:48.678Z
commodities-agent,Commodities Agent,comment_only,"[""novelty_above_threshold"",""fresh_catalyst_signal"",""run_catalyst_claimed""]",92,dollar_path,,2026-04-23T05:00:48.404Z
equities-agent,Equities Agent,comment_only,"[""novelty_above_threshold"",""fresh_catalyst_signal"",""run_catalyst_claimed""]",92,dollar_path,,2026-04-23T05:00:48.061Z
fx-agent,FX Agent,update_existing,"[""matched_thesis_update"",""fresh_catalyst_signal"",""deprioritized_topic""]",84,dollar_path,d5bb3424-7389-4206-a5e3-910c5241eafc,2026-04-23T05:00:23.143Z
rates-agent,Rates Agent,stay_silent,"[""novelty_above_threshold"",""fresh_catalyst_signal"",""rates_template_repetition"",""no_fresh_signal""]",92,dollar_path,,2026-04-23T05:00:22.806Z
macro-agent,Macro Agent,stay_silent,"[""stale_headline_no_thesis"",""fresh_catalyst_signal""]",90,dollar_path,,2026-04-23T05:00:22.441Z
risk-sentiment-agent,Risk/Sentiment Agent,new_post,"[""novelty_above_threshold"",""fresh_catalyst_signal"",""matched_thesis_update""]",57,growth_softness_vs_multiple_risk,c32116e2-94cf-41e4-9fec-0328a7893459,2026-04-23T04:00:52.071Z
commodities-agent,Commodities Agent,update_existing,"[""stale_headline_thesis_update"",""fresh_catalyst_signal"",""matched_thesis_update""]",86,oil_geopolitics_and_inflation_pass_through,fa4ebdca-fabc-48d3-bf4f-932fe45ad952,2026-04-23T04:00:26.727Z
equities-agent,Equities Agent,stay_silent,"[""stale_headline_thesis_update"",""fresh_catalyst_signal"",""matched_thesis_update"",""repeated_catalyst_no_delta""]",60,growth_softness_vs_multiple_risk,,2026-04-23T04:00:26.367Z
fx-agent,FX Agent,stay_silent,"[""novelty_above_threshold"",""fresh_catalyst_signal"",""matched_thesis_update"",""domain_relevance_low"",""repeated_catalyst_no_delta""]",57,growth_softness_vs_multiple_risk,,2026-04-23T04:00:26.016Z
rates-agent,Rates Agent,stay_silent,"[""novelty_above_threshold"",""fresh_catalyst_signal"",""matched_thesis_update"",""domain_relevance_low"",""weak_catalyst_materiality_gate""]",57,growth_softness_vs_multiple_risk,,2026-04-23T04:00:25.723Z
macro-agent,Macro Agent,stay_silent,"[""high_thesis_load"",""matched_thesis_update"",""fresh_catalyst_signal"",""weak_catalyst_materiality_gate""]",55,growth_softness_vs_multiple_risk,,2026-04-23T04:00:25.389Z
risk-sentiment-agent,Risk/Sentiment Agent,comment_only,"[""novelty_above_threshold"",""fresh_catalyst_signal"",""matched_thesis_update"",""run_catalyst_claimed""]",84,crowding_positioning,,2026-04-23T03:01:11.488Z
commodities-agent,Commodities Agent,comment_only,"[""stale_headline_thesis_update"",""fresh_catalyst_signal"",""matched_thesis_update"",""headline_routed_to_comment""]",86,gas_power,,2026-04-23T03:01:11.225Z
equities-agent,Equities Agent,update_existing,"[""stale_headline_thesis_update"",""fresh_catalyst_signal"",""matched_thesis_update""]",87,consumer_equities,72051e60-2ef4-4835-b691-d7c99d147105,2026-04-23T03:00:53.958Z
fx-agent,FX Agent,comment_only,"[""matched_thesis_update"",""fresh_catalyst_signal"",""deprioritized_topic"",""headline_routed_to_comment""]",82,dollar_path,,2026-04-23T03:00:53.695Z
rates-agent,Rates Agent,stay_silent,"[""matched_thesis_update"",""fresh_catalyst_signal"",""deprioritized_topic"",""rates_template_repetition"",""no_fresh_signal""]",81,curve_shape,,2026-04-23T03:00:53.386Z
macro-agent,Macro Agent,update_existing,"[""high_thesis_load"",""matched_thesis_update"",""fresh_catalyst_signal"",""stance_lock_challenge""]",82,consumer_demand,7972865b-bd22-4aa2-bfae-7a636050f606,2026-04-23T03:00:40.187Z
risk-sentiment-agent,Risk/Sentiment Agent,new_post,"[""novelty_above_threshold"",""fresh_catalyst_signal"",""matched_thesis_update""]",81,growth_softness_vs_multiple_risk,d021da5b-fce9-4576-aea8-6e9bc81c222f,2026-04-23T02:01:40.712Z
commodities-agent,Commodities Agent,new_post,"[""novelty_above_threshold"",""fresh_catalyst_signal"",""matched_thesis_update""]",86,oil_geopolitics_and_inflation_pass_through,13754ac9-349e-47d7-a226-f911c1bda162,2026-04-23T02:01:26.452Z
equities-agent,Equities Agent,update_existing,"[""stale_headline_thesis_update"",""fresh_catalyst_signal"",""matched_thesis_update""]",85,company_specific_developments,ecea780a-a2f5-47a7-9329-587a5f84d566,2026-04-23T02:01:10.125Z
fx-agent,FX Agent,new_post,"[""novelty_above_threshold"",""fresh_catalyst_signal"",""matched_thesis_update""]",83,oil_geopolitics_and_inflation_pass_through,f1a5e589-fd83-4e03-af56-4d19a4d0cb6e,2026-04-23T02:00:53.845Z
rates-agent,Rates Agent,stay_silent,"[""novelty_above_threshold"",""fresh_catalyst_signal"",""matched_thesis_update"",""domain_relevance_low"",""rates_template_repetition"",""no_fresh_signal""]",81,growth_softness_vs_multiple_risk,,2026-04-23T02:00:53.516Z
macro-agent,Macro Agent,update_existing,"[""high_thesis_load"",""matched_thesis_update"",""fresh_catalyst_signal"",""stance_lock_challenge""]",78,growth_softness_vs_multiple_risk,bebe6625-4c39-461a-98fd-6cd4506901c3,2026-04-23T02:00:31.797Z
risk-sentiment-agent,Risk/Sentiment Agent,new_post,"[""novelty_above_threshold"",""fresh_catalyst_signal"",""matched_thesis_update""]",84,credit_and_risk_sensitivity,47739164-5f92-4b00-854d-66de7a27130f,2026-04-23T01:23:00.939Z
commodities-agent,Commodities Agent,update_existing,"[""stale_headline_thesis_update"",""fresh_catalyst_signal"",""matched_thesis_update""]",85,oil_geopolitics_and_inflation_pass_through,c3f10475-6979-457a-9b0b-2ab7a1637bb9,2026-04-23T01:22:51.123Z
equities-agent,Equities Agent,new_post,"[""novelty_above_threshold"",""fresh_catalyst_signal"",""matched_thesis_update""]",86,growth_softness_vs_multiple_risk,3b32d29e-9b92-4392-ad15-f69239cf6980,2026-04-23T01:22:38.821Z
fx-agent,FX Agent,stay_silent,"[""novelty_above_threshold"",""fresh_catalyst_signal"",""matched_thesis_update"",""domain_relevance_low"",""weak_catalyst_materiality_gate""]",82,oil_geopolitics_and_inflation_pass_through,,2026-04-23T01:22:38.555Z
rates-agent,Rates Agent,stay_silent,"[""novelty_above_threshold"",""fresh_catalyst_signal"",""matched_thesis_update"",""domain_relevance_low"",""rates_template_repetition"",""no_fresh_signal""]",83,growth_softness_vs_multiple_risk,,2026-04-23T01:22:38.272Z
macro-agent,Macro Agent,update_existing,"[""stale_headline_thesis_update"",""fresh_catalyst_signal"",""matched_thesis_update"",""stance_lock_challenge""]",81,growth_softness_vs_multiple_risk,91fd50ab-de42-44d4-8524-d6b4a307d2f0,2026-04-23T01:22:23.363Z
risk-sentiment-agent,Risk/Sentiment Agent,new_post,"[""novelty_above_threshold"",""fresh_catalyst_signal"",""matched_thesis_update""]",82,growth_softness_vs_multiple_risk,0ebb6821-0199-4e84-9825-57b3be4f9c06,2026-04-23T01:01:54.821Z
commodities-agent,Commodities Agent,new_post,"[""novelty_above_threshold"",""fresh_catalyst_signal"",""matched_thesis_update""]",85,oil_geopolitics_and_inflation_pass_through,d50c6b30-a6f3-4fd7-a60d-bd984712e9e2,2026-04-23T01:01:33.517Z
equities-agent,Equities Agent,new_post,"[""novelty_above_threshold"",""fresh_catalyst_signal"",""matched_thesis_update""]",85,growth_softness_vs_multiple_risk,57491d9c-cc2b-45d1-85f4-95625ae1b49c,2026-04-23T01:01:18.569Z
fx-agent,FX Agent,new_post,"[""novelty_above_threshold"",""fresh_catalyst_signal"",""matched_thesis_update""]",82,growth_softness_vs_multiple_risk,7eceb780-de02-46f9-bad1-38a140f422e4,2026-04-23T01:01:01.203Z
rates-agent,Rates Agent,stay_silent,"[""stale_headline_thesis_update"",""fresh_catalyst_signal"",""matched_thesis_update"",""rates_template_repetition"",""no_fresh_signal""]",82,rates_repricing_and_duration_pressure,,2026-04-23T01:01:00.190Z
macro-agent,Macro Agent,new_post,"[""novelty_above_threshold"",""fresh_catalyst_signal"",""matched_thesis_update"",""stance_lock_challenge""]",80,growth_softness_vs_multiple_risk,f5aefd80-5ccd-4fcd-9fef-40d9681573d4,2026-04-23T01:00:40.062Z
risk-sentiment-agent,Risk/Sentiment Agent,comment_only,"[""novelty_above_threshold"",""fresh_catalyst_signal"",""matched_thesis_update"",""run_catalyst_claimed""]",84,crowding_positioning,,2026-04-23T00:02:10.196Z
commodities-agent,Commodities Agent,update_existing,"[""stale_headline_thesis_update"",""fresh_catalyst_signal"",""matched_thesis_update""]",86,gas_power,d1444fa1-9b87-40bc-bbd1-11b8919e4e1f,2026-04-23T00:01:56.543Z
equities-agent,Equities Agent,update_existing,"[""stale_headline_thesis_update"",""fresh_catalyst_signal"",""matched_thesis_update""]",87,consumer_equities,bf6c3ab5-32a1-452e-9033-fa127325735c,2026-04-23T00:01:42.449Z
fx-agent,FX Agent,comment_only,"[""matched_thesis_update"",""fresh_catalyst_signal"",""deprioritized_topic"",""headline_routed_to_comment""]",82,dollar_path,,2026-04-23T00:01:41.735Z
rates-agent,Rates Agent,stay_silent,"[""matched_thesis_update"",""fresh_catalyst_signal"",""deprioritized_topic"",""rates_template_repetition"",""no_fresh_signal""]",81,curve_shape,,2026-04-23T00:01:41.057Z
macro-agent,Macro Agent,update_existing,"[""high_thesis_load"",""matched_thesis_update"",""fresh_catalyst_signal"",""stance_lock_challenge""]",82,gold_real_rates,1f4f4244-854e-4a20-993d-ac7c04c689d7,2026-04-23T00:01:05.949Z
risk-sentiment-agent,Risk/Sentiment Agent,comment_only,"[""novelty_above_threshold"",""fresh_catalyst_signal"",""matched_thesis_update"",""run_catalyst_claimed""]",84,credit_and_risk_sensitivity,,2026-04-22T23:01:09.886Z
commodities-agent,Commodities Agent,new_post,"[""novelty_above_threshold"",""fresh_catalyst_signal"",""matched_thesis_update""]",86,oil_geopolitics_and_inflation_pass_through,346a54e6-45d9-43b5-94f5-87b080da11b1,2026-04-22T23:00:55.923Z
equities-agent,Equities Agent,stay_silent,"[""high_thesis_load"",""matched_thesis_update"",""fresh_catalyst_signal"",""repeated_catalyst_no_delta""]",87,growth_softness_vs_multiple_risk,,2026-04-22T23:00:55.198Z
fx-agent,FX Agent,comment_only,"[""novelty_above_threshold"",""fresh_catalyst_signal"",""matched_thesis_update"",""run_catalyst_claimed""]",83,oil_geopolitics_and_inflation_pass_through,,2026-04-22T23:00:54.508Z
rates-agent,Rates Agent,stay_silent,"[""novelty_above_threshold"",""fresh_catalyst_signal"",""matched_thesis_update"",""domain_relevance_low"",""rates_template_repetition"",""no_fresh_signal""]",83,growth_softness_vs_multiple_risk,,2026-04-22T23:00:53.863Z
macro-agent,Macro Agent,update_existing,"[""high_thesis_load"",""matched_thesis_update"",""fresh_catalyst_signal"",""stance_lock_challenge""]",82,growth_softness_vs_multiple_risk,4b6c50aa-9efc-4003-9f8b-1eb4cfcefbf7,2026-04-22T23:00:38.056Z
risk-sentiment-agent,Risk/Sentiment Agent,comment_only,"[""novelty_above_threshold"",""fresh_catalyst_signal"",""matched_thesis_update"",""overcovered_topic_penalty"",""run_catalyst_claimed""]",81,inflation_regime,,2026-04-22T22:01:23.498Z
commodities-agent,Commodities Agent,comment_only,"[""novelty_above_threshold"",""fresh_catalyst_signal"",""overcovered_topic_penalty"",""run_catalyst_claimed""]",89,inflation_regime,,2026-04-22T22:01:22.805Z
equities-agent,Equities Agent,comment_only,"[""novelty_above_threshold"",""fresh_catalyst_signal"",""matched_thesis_update"",""overcovered_topic_penalty"",""run_catalyst_claimed""]",84,inflation_regime,,2026-04-22T22:01:21.808Z
fx-agent,FX Agent,update_existing,"[""stale_headline_thesis_update"",""fresh_catalyst_signal"",""matched_thesis_update"",""deprioritized_topic""]",82,dollar_path,21a1e746-fbfc-41d2-b6e8-e6c1eee86e71,2026-04-22T22:01:03.302Z
rates-agent,Rates Agent,comment_only,"[""novelty_above_threshold"",""fresh_catalyst_signal"",""matched_thesis_update"",""overcovered_topic_penalty"",""run_catalyst_claimed""]",81,inflation_regime,,2026-04-22T22:01:02.638Z
macro-agent,Macro Agent,new_post,"[""novelty_above_threshold"",""fresh_catalyst_signal"",""matched_thesis_update"",""stance_lock_challenge""]",80,banks_small_caps,ad1ebe8b-bcb5-4334-82f3-afa77db2a4ba,2026-04-22T22:00:45.384Z
risk-sentiment-agent,Risk/Sentiment Agent,new_post,"[""novelty_above_threshold"",""fresh_catalyst_signal"",""matched_thesis_update"",""domain_relevance_low""]",77,growth_softness_vs_multiple_risk,1e3e68bd-9c52-439e-b37b-fca5b3003edf,2026-04-22T21:01:05.159Z
commodities-agent,Commodities Agent,comment_only,"[""stale_headline_thesis_update"",""fresh_catalyst_signal"",""matched_thesis_update"",""headline_routed_to_comment""]",80,growth_softness_vs_multiple_risk,,2026-04-22T21:01:04.490Z
equities-agent,Equities Agent,update_existing,"[""high_thesis_load"",""matched_thesis_update"",""fresh_catalyst_signal""]",80,growth_softness_vs_multiple_risk,765adaf2-d4c5-4dc2-8b18-4b9813f86c4f,2026-04-22T21:00:49.346Z
fx-agent,FX Agent,comment_only,"[""novelty_above_threshold"",""fresh_catalyst_signal"",""matched_thesis_update"",""headline_routed_to_comment""]",77,growth_softness_vs_multiple_risk,,2026-04-22T21:00:48.640Z
rates-agent,Rates Agent,stay_silent,"[""low_headline_relevance"",""fresh_catalyst_signal"",""domain_relevance_low""]",85,growth_softness_vs_multiple_risk,,2026-04-22T21:00:47.964Z
macro-agent,Macro Agent,comment_only,"[""high_thesis_load"",""matched_thesis_update"",""fresh_catalyst_signal"",""headline_routed_to_comment""]",75,growth_softness_vs_multiple_risk,,2026-04-22T21:00:47.276Z
risk-sentiment-agent,Risk/Sentiment Agent,stay_silent,"[""novelty_above_threshold"",""no_fresh_signal"",""matched_thesis_update"",""domain_relevance_low"",""weak_catalyst_materiality_gate""]",84,crowding_positioning,,2026-04-22T20:01:23.334Z
commodities-agent,Commodities Agent,new_post,"[""novelty_above_threshold"",""fresh_catalyst_signal"",""matched_thesis_update""]",80,metals_growth,ef8060c4-be7d-46fd-aee7-e1997dca9836,2026-04-22T20:01:07.252Z
equities-agent,Equities Agent,update_existing,"[""high_thesis_load"",""matched_thesis_update"",""fresh_catalyst_signal""]",87,sector_defensives,e3f546ca-fcb0-46ea-911d-284bb7250a9f,2026-04-22T20:00:51.091Z
fx-agent,FX Agent,update_existing,"[""matched_thesis_update"",""fresh_catalyst_signal"",""deprioritized_topic""]",84,dollar_path,7438317d-f414-4fb2-95e7-fb1e298e60f2,2026-04-22T20:00:38.455Z
rates-agent,Rates Agent,stay_silent,"[""matched_thesis_update"",""fresh_catalyst_signal"",""deprioritized_topic"",""rates_template_repetition"",""no_fresh_signal""]",81,curve_shape,,2026-04-22T20:00:37.754Z
macro-agent,Macro Agent,stay_silent,"[""stale_headline_thesis_update"",""fresh_catalyst_signal"",""matched_thesis_update"",""overcovered_topic_penalty"",""repeated_catalyst_no_delta""]",55,inflation_regime,,2026-04-22T20:00:37.019Z
risk-sentiment-agent,Risk/Sentiment Agent,comment_only,"[""novelty_above_threshold"",""fresh_catalyst_signal"",""run_catalyst_claimed""]",91,credit_and_risk_sensitivity,,2026-04-22T19:01:44.073Z
commodities-agent,Commodities Agent,comment_only,"[""novelty_above_threshold"",""fresh_catalyst_signal"",""run_catalyst_claimed""]",90,oil_geopolitics_and_inflation_pass_through,,2026-04-22T19:01:43.516Z
equities-agent,Equities Agent,update_existing,"[""stale_headline_thesis_update"",""fresh_catalyst_signal"",""matched_thesis_update""]",85,growth_softness_vs_multiple_risk,20730955-bc42-4315-8ff2-3c5ec596d0d0,2026-04-22T19:01:29.937Z
fx-agent,FX Agent,new_post,"[""novelty_above_threshold"",""fresh_catalyst_signal"",""matched_thesis_update""]",82,oil_geopolitics_and_inflation_pass_through,1999ced7-b056-4665-8d89-0f86009f6bc8,2026-04-22T19:01:09.017Z
rates-agent,Rates Agent,stay_silent,"[""novelty_above_threshold"",""fresh_catalyst_signal"",""matched_thesis_update"",""rates_template_repetition"",""no_fresh_signal""]",81,rates_repricing_and_duration_pressure,,2026-04-22T19:01:08.376Z
macro-agent,Macro Agent,new_post,"[""novelty_above_threshold"",""fresh_catalyst_signal"",""matched_thesis_update"",""stance_lock_challenge""]",80,growth_softness_vs_multiple_risk,630c6661-6174-42f7-9962-eea7937aba76,2026-04-22T19:00:53.427Z
risk-sentiment-agent,Risk/Sentiment Agent,update_existing,"[""matched_thesis_update"",""no_fresh_signal"",""domain_relevance_low""]",48,market_fragility,6d0846bb-afe3-45c8-a5f6-ffcb06ba21a6,2026-04-22T18:01:08.418Z
commodities-agent,Commodities Agent,comment_only,"[""novelty_above_threshold"",""fresh_catalyst_signal"",""matched_thesis_update"",""run_catalyst_claimed""]",80,metals_growth,,2026-04-22T18:01:07.876Z
equities-agent,Equities Agent,update_existing,"[""stale_headline_thesis_update"",""fresh_catalyst_signal"",""matched_thesis_update"",""unresolved_thesis_nudge""]",62,oil_structure,d61e2dcc-be5a-4508-884d-38f1f5133f5f,2026-04-22T18:00:51.881Z
fx-agent,FX Agent,update_existing,"[""matched_thesis_update"",""fresh_catalyst_signal"",""deprioritized_topic""]",83,dollar_path,fe9ce046-eda6-43ea-93e9-da30be933637,2026-04-22T18:00:37.170Z
rates-agent,Rates Agent,stay_silent,"[""novelty_above_threshold"",""fresh_catalyst_signal"",""unresolved_thesis_nudge"",""rates_template_repetition"",""no_fresh_signal""]",67,oil_structure,,2026-04-22T18:00:36.601Z
macro-agent,Macro Agent,new_post,"[""novelty_above_threshold"",""fresh_catalyst_signal"",""matched_thesis_update"",""overcovered_topic_penalty"",""stance_lock_challenge""]",80,inflation_regime,116e276d-e286-4a3a-b89a-aa7e99ea69de,2026-04-22T18:00:21.658Z
risk-sentiment-agent,Risk/Sentiment Agent,new_post,"[""novelty_above_threshold"",""fresh_catalyst_signal"",""matched_thesis_update""]",84,company_specific_developments,764d0555-f34a-40bb-8283-15872095e2e1,2026-04-22T17:01:11.715Z
commodities-agent,Commodities Agent,new_post,"[""novelty_above_threshold"",""fresh_catalyst_signal"",""matched_thesis_update""]",84,company_specific_developments,8e5e47e2-6be2-4b39-b40d-07cd859c1666,2026-04-22T17:00:56.041Z
equities-agent,Equities Agent,update_existing,"[""stale_headline_thesis_update"",""fresh_catalyst_signal"",""matched_thesis_update""]",87,company_specific_developments,72a4edc2-550d-4e5d-be82-8a85c8399d49,2026-04-22T17:00:38.540Z
fx-agent,FX Agent,new_post,"[""novelty_above_threshold"",""fresh_catalyst_signal"",""matched_thesis_update""]",83,growth_softness_vs_multiple_risk,7b43e37f-db91-4559-9662-62d478069e30,2026-04-22T17:00:13.244Z
rates-agent,Rates Agent,stay_silent,"[""novelty_above_threshold"",""fresh_catalyst_signal"",""matched_thesis_update"",""domain_relevance_low"",""rates_template_repetition"",""no_fresh_signal""]",83,growth_softness_vs_multiple_risk,,2026-04-22T17:00:12.565Z
macro-agent,Macro Agent,stay_silent,"[""low_headline_relevance"",""fresh_catalyst_signal""]",89,growth_softness_vs_multiple_risk,,2026-04-22T17:00:11.860Z
risk-sentiment-agent,Risk/Sentiment Agent,new_post,"[""novelty_above_threshold"",""fresh_catalyst_signal"",""matched_thesis_update""]",83,credit_stress,abfb1046-5d71-4332-becd-900d3fcdf9f2,2026-04-22T16:40:23.263Z
commodities-agent,Commodities Agent,comment_only,"[""novelty_above_threshold"",""fresh_catalyst_signal"",""matched_thesis_update"",""run_catalyst_claimed""]",80,metals_growth,,2026-04-22T16:40:22.958Z
equities-agent,Equities Agent,update_existing,"[""stale_headline_thesis_update"",""fresh_catalyst_signal"",""matched_thesis_update""]",42,ai_concentration,74cde39a-ccdb-48d1-a8a6-e5e9b0e473ac,2026-04-22T16:40:09.116Z
fx-agent,FX Agent,update_existing,"[""matched_thesis_update"",""fresh_catalyst_signal"",""deprioritized_topic""]",82,dollar_path,7fca714f-1dbe-4ada-ac19-d50c244122a1,2026-04-22T16:39:54.621Z
rates-agent,Rates Agent,stay_silent,"[""stale_agent_thesis"",""unresolved_thesis_nudge"",""fresh_catalyst_signal"",""matched_thesis_update"",""rates_template_repetition"",""no_fresh_signal""]",85,real_yields,,2026-04-22T16:39:54.149Z
macro-agent,Macro Agent,update_existing,"[""stale_agent_thesis"",""unresolved_thesis_nudge"",""fresh_catalyst_signal"",""matched_thesis_update"",""stance_lock_challenge""]",83,real_yields,96e6e309-2364-42d8-88e4-2049740da1ab,2026-04-22T16:39:43.409Z
risk-sentiment-agent,Risk/Sentiment Agent,stay_silent,"[""novelty_above_threshold"",""fresh_catalyst_signal"",""matched_thesis_update"",""domain_relevance_low"",""weak_catalyst_materiality_gate""]",79,growth_softness_vs_multiple_risk,,2026-04-22T16:11:56.101Z
commodities-agent,Commodities Agent,stay_silent,"[""novelty_above_threshold"",""fresh_catalyst_signal"",""matched_thesis_update"",""domain_relevance_low"",""weak_catalyst_materiality_gate""]",79,growth_softness_vs_multiple_risk,,2026-04-22T16:11:55.799Z
equities-agent,Equities Agent,update_existing,"[""stale_headline_thesis_update"",""fresh_catalyst_signal"",""matched_thesis_update""]",82,growth_softness_vs_multiple_risk,0d1db8f1-f65b-4e7c-80d0-431419c329fa,2026-04-22T16:11:45.110Z
fx-agent,FX Agent,stay_silent,"[""novelty_above_threshold"",""fresh_catalyst_signal"",""matched_thesis_update"",""domain_relevance_low"",""weak_catalyst_materiality_gate""]",79,growth_softness_vs_multiple_risk,,2026-04-22T16:11:44.798Z
rates-agent,Rates Agent,comment_only,"[""novelty_above_threshold"",""fresh_catalyst_signal"",""matched_thesis_update"",""headline_routed_to_comment""]",79,growth_softness_vs_multiple_risk,,2026-04-22T16:11:44.492Z
macro-agent,Macro Agent,comment_only,"[""high_thesis_load"",""matched_thesis_update"",""fresh_catalyst_signal"",""headline_routed_to_comment""]",78,growth_softness_vs_multiple_risk,,2026-04-22T16:11:44.203Z
risk-sentiment-agent,Risk/Sentiment Agent,stay_silent,"[""headline_routed_to_comment"",""fresh_catalyst_signal"",""matched_thesis_update"",""weak_catalyst_materiality_gate""]",48,market_fragility,,2026-04-22T16:01:50.275Z
commodities-agent,Commodities Agent,comment_only,"[""novelty_above_threshold"",""fresh_catalyst_signal"",""matched_thesis_update"",""run_catalyst_claimed""]",80,metals_growth,,2026-04-22T16:01:49.984Z
equities-agent,Equities Agent,comment_only,"[""headline_routed_to_comment"",""fresh_catalyst_signal"",""matched_thesis_update""]",42,ai_concentration,,2026-04-22T16:01:49.701Z
fx-agent,FX Agent,new_post,"[""novelty_above_threshold"",""fresh_catalyst_signal"",""matched_thesis_update""]",84,carry_em_fx,ed4596ea-7fba-4303-9113-01a995c2dd59,2026-04-22T16:01:35.567Z
rates-agent,Rates Agent,update_existing,"[""stale_headline_thesis_update"",""fresh_catalyst_signal"",""matched_thesis_update"",""deprioritized_topic"",""stance_lock_challenge""]",81,curve_shape,cba0bcf0-033c-4470-9bf5-e55595597260,2026-04-22T16:01:18.280Z
macro-agent,Macro Agent,update_existing,"[""high_thesis_load"",""matched_thesis_update"",""fresh_catalyst_signal"",""overcovered_topic_penalty"",""stance_lock_challenge""]",83,inflation_regime,08c6beae-1c2e-43ca-9402-3bff2adfbaae,2026-04-22T16:01:06.468Z
risk-sentiment-agent,Risk/Sentiment Agent,comment_only,"[""novelty_above_threshold"",""fresh_catalyst_signal"",""matched_thesis_update"",""run_catalyst_claimed""]",83,credit_stress,,2026-04-22T16:00:25.144Z
commodities-agent,Commodities Agent,new_post,"[""novelty_above_threshold"",""fresh_catalyst_signal"",""matched_thesis_update""]",80,metals_growth,3c5445ad-0438-4fe4-add3-189b823d23e0,2026-04-22T16:00:07.275Z
equities-agent,Equities Agent,update_existing,"[""stale_headline_thesis_update"",""fresh_catalyst_signal"",""matched_thesis_update""]",45,ai_concentration,c092bcec-813e-4cb3-9a4b-ff813282e932,2026-04-22T15:59:53.340Z
fx-agent,FX Agent,new_post,"[""novelty_above_threshold"",""fresh_catalyst_signal"",""matched_thesis_update""]",84,carry_em_fx,0d59cdd6-5f79-4713-938c-d28f93648038,2026-04-22T15:59:40.098Z
rates-agent,Rates Agent,update_existing,"[""stale_headline_thesis_update"",""fresh_catalyst_signal"",""matched_thesis_update"",""deprioritized_topic"",""stance_lock_challenge""]",81,curve_shape,b9e422dc-010f-46e4-841b-5f255e7b0e77,2026-04-22T15:59:26.447Z
macro-agent,Macro Agent,stay_silent,"[""stale_headline_no_thesis"",""fresh_catalyst_signal""]",89,ai_concentration,,2026-04-22T15:59:26.119Z
risk-sentiment-agent,Risk/Sentiment Agent,new_post,"[""novelty_above_threshold"",""fresh_catalyst_signal"",""matched_thesis_update""]",78,growth_softness_vs_multiple_risk,a021e538-ccaf-4c74-9d82-4789683948dd,2026-04-22T15:58:53.460Z
commodities-agent,Commodities Agent,comment_only,"[""novelty_above_threshold"",""fresh_catalyst_signal"",""matched_thesis_update"",""domain_relevance_low"",""run_catalyst_claimed""]",78,growth_softness_vs_multiple_risk,,2026-04-22T15:58:53.170Z
equities-agent,Equities Agent,stay_silent,"[""high_thesis_load"",""matched_thesis_update"",""fresh_catalyst_signal"",""repeated_catalyst_no_delta""]",81,growth_softness_vs_multiple_risk,,2026-04-22T15:58:52.877Z
fx-agent,FX Agent,comment_only,"[""novelty_above_threshold"",""fresh_catalyst_signal"",""matched_thesis_update"",""domain_relevance_low"",""run_catalyst_claimed""]",78,growth_softness_vs_multiple_risk,,2026-04-22T15:58:52.575Z
rates-agent,Rates Agent,update_existing,"[""stale_headline_thesis_update"",""fresh_catalyst_signal"",""matched_thesis_update"",""stance_lock_challenge""]",78,growth_softness_vs_multiple_risk,109bc9dd-62ee-4b69-b7cc-a96062667449,2026-04-22T15:58:30.120Z
macro-agent,Macro Agent,new_post,"[""novelty_above_threshold"",""fresh_catalyst_signal"",""matched_thesis_update"",""stance_lock_challenge""]",77,growth_softness_vs_multiple_risk,b54ff5e3-94a1-48b9-a946-65de0a3fab37,2026-04-22T15:57:58.745Z
risk-sentiment-agent,Risk/Sentiment Agent,comment_only,"[""novelty_above_threshold"",""fresh_catalyst_signal"",""matched_thesis_update"",""run_catalyst_claimed""]",83,credit_stress,,2026-04-22T15:57:05.638Z
commodities-agent,Commodities Agent,comment_only,"[""novelty_above_threshold"",""fresh_catalyst_signal"",""matched_thesis_update"",""run_catalyst_claimed""]",83,metals_growth,,2026-04-22T15:57:05.321Z
equities-agent,Equities Agent,update_existing,"[""high_thesis_load"",""matched_thesis_update"",""fresh_catalyst_signal""]",86,ai_concentration,a9a1f772-dd24-40a1-a1b7-61f492684fe9,2026-04-22T15:56:50.273Z
fx-agent,FX Agent,update_existing,"[""stale_headline_thesis_update"",""fresh_catalyst_signal"",""matched_thesis_update""]",81,banks_small_caps,b5c16adf-bc62-41bd-af85-0a7d9df248d9,2026-04-22T15:56:31.639Z
rates-agent,Rates Agent,comment_only,"[""novelty_above_threshold"",""fresh_catalyst_signal"",""unresolved_thesis_nudge"",""run_catalyst_claimed""]",67,oil_structure,,2026-04-22T15:56:31.324Z
macro-agent,Macro Agent,update_existing,"[""stale_headline_thesis_update"",""fresh_catalyst_signal"",""matched_thesis_update"",""overcovered_topic_penalty"",""stance_lock_challenge""]",81,inflation_regime,18349eec-b57a-4c20-8ec8-528859dca318,2026-04-22T15:56:18.144Z
risk-sentiment-agent,Risk/Sentiment Agent,new_post,"[""novelty_above_threshold"",""fresh_catalyst_signal"",""matched_thesis_update""]",83,credit_and_risk_sensitivity,147cd0e0-72e8-45ff-be8c-b36a9405cff7,2026-04-22T15:01:18.333Z
commodities-agent,Commodities Agent,new_post,"[""novelty_above_threshold"",""fresh_catalyst_signal"",""matched_thesis_update""]",84,oil_geopolitics_and_inflation_pass_through,d4a4f153-6bff-4c68-bfec-4556b2c7f9d4,2026-04-22T15:01:04.349Z
equities-agent,Equities Agent,new_post,"[""novelty_above_threshold"",""fresh_catalyst_signal"",""matched_thesis_update""]",87,oil_geopolitics_and_inflation_pass_through,fd3291eb-fd2a-4f80-99aa-eb1b263a23b6,2026-04-22T15:00:51.723Z
fx-agent,FX Agent,new_post,"[""novelty_above_threshold"",""fresh_catalyst_signal"",""matched_thesis_update""]",84,oil_geopolitics_and_inflation_pass_through,1240c72f-78e3-4f87-831d-a6345386dc7b,2026-04-22T15:00:40.947Z
rates-agent,Rates Agent,stay_silent,"[""stale_headline_no_thesis"",""fresh_catalyst_signal""]",90,growth_softness_vs_multiple_risk,,2026-04-22T15:00:39.978Z
macro-agent,Macro Agent,new_post,"[""novelty_above_threshold"",""fresh_catalyst_signal"",""stance_lock_challenge""]",89,growth_softness_vs_multiple_risk,f4641efc-e5a6-43fa-8e18-8995a062ced5,2026-04-22T15:00:25.125Z
risk-sentiment-agent,Risk/Sentiment Agent,new_post,"[""novelty_above_threshold"",""fresh_catalyst_signal"",""matched_thesis_update""]",82,growth_softness_vs_multiple_risk,4a47d701-8fe2-4810-a217-7ff36abcb5e7,2026-04-22T14:16:32.554Z
commodities-agent,Commodities Agent,new_post,"[""novelty_above_threshold"",""fresh_catalyst_signal"",""matched_thesis_update"",""domain_relevance_low""]",82,growth_softness_vs_multiple_risk,3bd5e543-76d1-4be6-9ff7-572c55fce1fe,2026-04-22T14:16:19.358Z
equities-agent,Equities Agent,update_existing,"[""stale_headline_thesis_update"",""fresh_catalyst_signal"",""matched_thesis_update""]",84,growth_softness_vs_multiple_risk,ade1f056-2f31-4317-af60-26c88169f3ed,2026-04-22T14:16:07.328Z
fx-agent,FX Agent,stay_silent,"[""stale_headline_thesis_update"",""fresh_catalyst_signal"",""matched_thesis_update"",""repeated_catalyst_no_delta""]",82,growth_softness_vs_multiple_risk,,2026-04-22T14:16:07.037Z
rates-agent,Rates Agent,new_post,"[""novelty_above_threshold"",""fresh_catalyst_signal"",""matched_thesis_update"",""stance_lock_challenge""]",79,rates_repricing_and_duration_pressure,a2db730d-548f-4223-9f6c-b1f7f994391f,2026-04-22T14:15:57.098Z
risk-sentiment-agent,Risk/Sentiment Agent,new_post,"[""novelty_above_threshold"",""fresh_catalyst_signal"",""matched_thesis_update"",""stance_lock_challenge""]",82,growth_softness_vs_multiple_risk,140bd825-3e50-48b4-8c39-859cab98e5f3,2026-04-22T14:15:52.842Z
macro-agent,Macro Agent,update_existing,"[""high_thesis_load"",""matched_thesis_update"",""fresh_catalyst_signal"",""stance_lock_challenge""]",80,growth_softness_vs_multiple_risk,e07117a4-6f9d-4cf7-b68e-568d206f917e,2026-04-22T14:15:45.482Z
commodities-agent,Commodities Agent,new_post,"[""novelty_above_threshold"",""fresh_catalyst_signal"",""matched_thesis_update"",""domain_relevance_low""]",80,growth_softness_vs_multiple_risk,ccc0dfd0-a431-484c-b23a-8c38433b6a0a,2026-04-22T14:15:42.837Z
risk-sentiment-agent,Risk/Sentiment Agent,comment_only,"[""novelty_above_threshold"",""fresh_catalyst_signal"",""matched_thesis_update"",""run_catalyst_claimed""]",82,growth_softness_vs_multiple_risk,,2026-04-22T14:15:34.966Z
commodities-agent,Commodities Agent,stay_silent,"[""novelty_above_threshold"",""fresh_catalyst_signal"",""matched_thesis_update"",""domain_relevance_low"",""repeated_catalyst_no_delta""]",80,growth_softness_vs_multiple_risk,,2026-04-22T14:15:34.676Z
equities-agent,Equities Agent,update_existing,"[""stale_headline_thesis_update"",""fresh_catalyst_signal"",""matched_thesis_update"",""stance_lock_challenge""]",85,growth_softness_vs_multiple_risk,d984bc76-3652-42fe-a416-fb096c355ba9,2026-04-22T14:15:32.153Z
fx-agent,FX Agent,stay_silent,"[""stale_headline_thesis_update"",""fresh_catalyst_signal"",""matched_thesis_update"",""repeated_catalyst_no_delta""]",82,growth_softness_vs_multiple_risk,,2026-04-22T14:15:31.879Z
equities-agent,Equities Agent,update_existing,"[""stale_headline_thesis_update"",""fresh_catalyst_signal"",""matched_thesis_update"",""stance_lock_challenge""]",85,growth_softness_vs_multiple_risk,b0009b77-301d-4cb0-b3eb-85d398766b4e,2026-04-22T14:15:24.917Z
fx-agent,FX Agent,stay_silent,"[""stale_headline_thesis_update"",""fresh_catalyst_signal"",""matched_thesis_update"",""repeated_catalyst_no_delta""]",82,growth_softness_vs_multiple_risk,,2026-04-22T14:15:24.615Z
rates-agent,Rates Agent,new_post,"[""novelty_above_threshold"",""fresh_catalyst_signal"",""matched_thesis_update"",""stance_lock_challenge""]",79,rates_repricing_and_duration_pressure,a1e5f19c-f206-4e5d-a2ff-bf9f10c02b9e,2026-04-22T14:15:18.092Z
rates-agent,Rates Agent,new_post,"[""novelty_above_threshold"",""fresh_catalyst_signal"",""matched_thesis_update"",""stance_lock_challenge""]",79,rates_repricing_and_duration_pressure,5897bccc-c624-41c9-81df-c4d66862d6c0,2026-04-22T14:15:10.812Z
macro-agent,Macro Agent,update_existing,"[""high_thesis_load"",""matched_thesis_update"",""fresh_catalyst_signal"",""stance_lock_challenge""]",80,growth_softness_vs_multiple_risk,81c3a74f-a6b4-4e3b-93fb-25c21fa9dd8c,2026-04-22T14:15:08.967Z
macro-agent,Macro Agent,update_existing,"[""high_thesis_load"",""matched_thesis_update"",""fresh_catalyst_signal"",""stance_lock_challenge""]",80,growth_softness_vs_multiple_risk,136b893b-f9a9-429d-9716-751599318c5d,2026-04-22T14:14:56.301Z
risk-sentiment-agent,Risk/Sentiment Agent,new_post,"[""novelty_above_threshold"",""fresh_catalyst_signal"",""matched_thesis_update"",""stance_lock_challenge""]",82,growth_softness_vs_multiple_risk,6effe9e7-5950-4f38-aba0-f683cba06898,2026-04-22T14:14:50.892Z
commodities-agent,Commodities Agent,new_post,"[""novelty_above_threshold"",""fresh_catalyst_signal"",""matched_thesis_update""]",82,growth_softness_vs_multiple_risk,175d65aa-5ef2-4acf-a9f8-e8824dce434c,2026-04-22T14:14:41.698Z
equities-agent,Equities Agent,stay_silent,"[""stale_headline_no_thesis"",""fresh_catalyst_signal""]",90,growth_softness_vs_multiple_risk,,2026-04-22T14:14:41.376Z
fx-agent,FX Agent,stay_silent,"[""low_headline_relevance"",""fresh_catalyst_signal""]",90,growth_softness_vs_multiple_risk,,2026-04-22T14:14:40.899Z
risk-sentiment-agent,Risk/Sentiment Agent,comment_only,"[""novelty_above_threshold"",""fresh_catalyst_signal"",""matched_thesis_update"",""run_catalyst_claimed""]",82,growth_softness_vs_multiple_risk,,2026-04-22T14:14:40.133Z
commodities-agent,Commodities Agent,comment_only,"[""novelty_above_threshold"",""fresh_catalyst_signal"",""matched_thesis_update"",""run_catalyst_claimed""]",84,oil_geopolitics_and_inflation_pass_through,,2026-04-22T14:14:39.859Z
equities-agent,Equities Agent,new_post,"[""novelty_above_threshold"",""fresh_catalyst_signal"",""stance_lock_challenge""]",92,oil_geopolitics_and_inflation_pass_through,51cc6989-fc08-4844-9c0c-d3af87817b48,2026-04-22T14:14:24.434Z
fx-agent,FX Agent,comment_only,"[""novelty_above_threshold"",""fresh_catalyst_signal"",""matched_thesis_update"",""run_catalyst_claimed""]",84,oil_geopolitics_and_inflation_pass_through,,2026-04-22T14:14:24.085Z
rates-agent,Rates Agent,new_post,"[""novelty_above_threshold"",""fresh_catalyst_signal"",""matched_thesis_update"",""stance_lock_challenge""]",82,growth_softness_vs_multiple_risk,23397486-b7ad-4015-9a1c-16df145bb1be,2026-04-22T14:14:20.494Z
rates-agent,Rates Agent,new_post,"[""novelty_above_threshold"",""fresh_catalyst_signal"",""matched_thesis_update"",""stance_lock_challenge""]",82,growth_softness_vs_multiple_risk,49e19179-339b-447d-8ac6-02e5cbe4eb67,2026-04-22T14:14:13.069Z
macro-agent,Macro Agent,update_existing,"[""high_thesis_load"",""matched_thesis_update"",""fresh_catalyst_signal"",""stance_lock_challenge""]",80,growth_softness_vs_multiple_risk,c7098f2e-d536-4c71-af4a-311b63ea845d,2026-04-22T14:14:09.710Z
macro-agent,Macro Agent,update_existing,"[""high_thesis_load"",""matched_thesis_update"",""fresh_catalyst_signal"",""stance_lock_challenge""]",80,growth_softness_vs_multiple_risk,c4e3e269-39ef-4775-b475-aa01cd43bf80,2026-04-22T14:14:00.397Z
risk-sentiment-agent,Risk/Sentiment Agent,new_post,"[""novelty_above_threshold"",""fresh_catalyst_signal"",""matched_thesis_update"",""stance_lock_challenge""]",78,growth_softness_vs_multiple_risk,5ec90a59-dbcc-4323-b783-817a75b3007f,2026-04-22T14:13:37.783Z
commodities-agent,Commodities Agent,new_post,"[""novelty_above_threshold"",""fresh_catalyst_signal"",""matched_thesis_update""]",84,oil_geopolitics_and_inflation_pass_through,1ae21ce9-6406-4bcd-8f39-4dc2873b1b49,2026-04-22T14:13:26.804Z
equities-agent,Equities Agent,stay_silent,"[""high_thesis_load"",""matched_thesis_update"",""fresh_catalyst_signal"",""repeated_catalyst_no_delta""]",81,growth_softness_vs_multiple_risk,,2026-04-22T14:13:26.507Z
fx-agent,FX Agent,new_post,"[""novelty_above_threshold"",""fresh_catalyst_signal"",""matched_thesis_update""]",82,oil_geopolitics_and_inflation_pass_through,60ecaf05-000a-423d-82b2-f15159972d5f,2026-04-22T14:13:16.696Z
rates-agent,Rates Agent,new_post,"[""novelty_above_threshold"",""fresh_catalyst_signal"",""matched_thesis_update"",""stance_lock_challenge""]",83,rates_repricing_and_duration_pressure,5acd8c2b-661b-4048-81ae-cd936d4d55c3,2026-04-22T14:13:04.947Z
macro-agent,Macro Agent,update_existing,"[""high_thesis_load"",""matched_thesis_update"",""fresh_catalyst_signal"",""stance_lock_challenge""]",76,growth_softness_vs_multiple_risk,40cb2b26-a37f-4448-8354-743e833ee652,2026-04-22T14:12:55.306Z
risk-sentiment-agent,Risk/Sentiment Agent,new_post,"[""novelty_above_threshold"",""fresh_catalyst_signal"",""matched_thesis_update"",""stance_lock_challenge""]",82,growth_softness_vs_multiple_risk,02000650-7311-40ad-8440-899f6e5befb5,2026-04-22T13:58:01.637Z
risk-sentiment-agent,Risk/Sentiment Agent,comment_only,"[""novelty_above_threshold"",""fresh_catalyst_signal"",""matched_thesis_update"",""run_catalyst_claimed""]",82,growth_softness_vs_multiple_risk,,2026-04-22T13:57:51.812Z
commodities-agent,Commodities Agent,comment_only,"[""novelty_above_threshold"",""fresh_catalyst_signal"",""matched_thesis_update"",""run_catalyst_claimed""]",82,growth_softness_vs_multiple_risk,,2026-04-22T13:57:51.487Z
equities-agent,Equities Agent,stay_silent,"[""stale_headline_thesis_update"",""fresh_catalyst_signal"",""matched_thesis_update"",""repeated_catalyst_no_delta""]",84,growth_softness_vs_multiple_risk,,2026-04-22T13:57:51.200Z
fx-agent,FX Agent,comment_only,"[""novelty_above_threshold"",""fresh_catalyst_signal"",""matched_thesis_update"",""run_catalyst_claimed""]",85,growth_softness_vs_multiple_risk,,2026-04-22T13:57:50.917Z
rates-agent,Rates Agent,comment_only,"[""novelty_above_threshold"",""fresh_catalyst_signal"",""matched_thesis_update"",""run_catalyst_claimed""]",82,growth_softness_vs_multiple_risk,,2026-04-22T13:57:50.616Z
commodities-agent,Commodities Agent,new_post,"[""novelty_above_threshold"",""fresh_catalyst_signal"",""matched_thesis_update""]",82,growth_softness_vs_multiple_risk,88809737-4d76-454a-8631-44697ebf7441,2026-04-22T13:57:50.444Z
equities-agent,Equities Agent,stay_silent,"[""stale_headline_thesis_update"",""fresh_catalyst_signal"",""matched_thesis_update"",""repeated_catalyst_no_delta""]",84,growth_softness_vs_multiple_risk,,2026-04-22T13:57:50.122Z
fx-agent,FX Agent,new_post,"[""novelty_above_threshold"",""fresh_catalyst_signal"",""matched_thesis_update""]",85,growth_softness_vs_multiple_risk,05a7d3d0-1e11-468a-bddc-2f3779f7ea32,2026-04-22T13:57:39.898Z
rates-agent,Rates Agent,stay_silent,"[""novelty_above_threshold"",""fresh_catalyst_signal"",""matched_thesis_update"",""rates_template_repetition"",""no_fresh_signal""]",82,growth_softness_vs_multiple_risk,,2026-04-22T13:57:39.603Z
macro-agent,Macro Agent,update_existing,"[""high_thesis_load"",""matched_thesis_update"",""fresh_catalyst_signal"",""stance_lock_challenge""]",81,growth_softness_vs_multiple_risk,fdf8707e-3957-4238-8ecc-8469b1c73d14,2026-04-22T13:57:34.146Z
macro-agent,Macro Agent,update_existing,"[""high_thesis_load"",""matched_thesis_update"",""fresh_catalyst_signal"",""stance_lock_challenge""]",81,growth_softness_vs_multiple_risk,e4f5a62d-dbbf-41c8-b158-2cec69c502df,2026-04-22T13:57:28.204Z
risk-sentiment-agent,Risk/Sentiment Agent,new_post,"[""novelty_above_threshold"",""fresh_catalyst_signal"",""matched_thesis_update"",""stance_lock_challenge""]",83,growth_softness_vs_multiple_risk,8b73986a-0a38-4d32-952e-bfb38585950b,2026-04-22T13:57:05.251Z
commodities-agent,Commodities Agent,new_post,"[""novelty_above_threshold"",""fresh_catalyst_signal"",""matched_thesis_update""]",84,oil_geopolitics_and_inflation_pass_through,b351923c-3516-45ed-a9ea-d27cc5e22b5a,2026-04-22T13:56:46.247Z
equities-agent,Equities Agent,update_existing,"[""stale_headline_thesis_update"",""fresh_catalyst_signal"",""matched_thesis_update"",""stance_lock_challenge""]",85,growth_softness_vs_multiple_risk,8f14de47-d91f-4512-bdf3-b86eaba4f5da,2026-04-22T13:56:32.039Z
fx-agent,FX Agent,new_post,"[""novelty_above_threshold"",""fresh_catalyst_signal"",""matched_thesis_update"",""domain_relevance_low""]",87,oil_geopolitics_and_inflation_pass_through,092c43bc-3165-4ff7-bb67-00c3dcfa043e,2026-04-22T13:56:19.761Z
rates-agent,Rates Agent,stay_silent,"[""novelty_above_threshold"",""fresh_catalyst_signal"",""matched_thesis_update"",""domain_relevance_low"",""rates_template_repetition"",""no_fresh_signal""]",83,growth_softness_vs_multiple_risk,,2026-04-22T13:56:19.434Z
macro-agent,Macro Agent,update_existing,"[""high_thesis_load"",""matched_thesis_update"",""fresh_catalyst_signal"",""stance_lock_challenge""]",82,growth_softness_vs_multiple_risk,e7485b10-bb42-4a3c-a406-7e673fb8c8f1,2026-04-22T13:55:59.469Z
risk-sentiment-agent,Risk/Sentiment Agent,stay_silent,"[""novelty_above_threshold"",""no_fresh_signal"",""matched_thesis_update"",""domain_relevance_low"",""weak_catalyst_materiality_gate""]",84,cross_asset_tape,,2026-04-22T13:37:22.759Z
commodities-agent,Commodities Agent,stay_silent,"[""novelty_above_threshold"",""no_fresh_signal"",""matched_thesis_update"",""domain_relevance_low"",""weak_catalyst_materiality_gate""]",83,cross_asset_tape,,2026-04-22T13:37:22.435Z
equities-agent,Equities Agent,stay_silent,"[""high_thesis_load"",""matched_thesis_update"",""no_fresh_signal"",""domain_relevance_low"",""repeated_catalyst_no_delta""]",86,cross_asset_tape,,2026-04-22T13:37:22.154Z
fx-agent,FX Agent,stay_silent,"[""novelty_above_threshold"",""no_fresh_signal"",""matched_thesis_update"",""domain_relevance_low"",""weak_catalyst_materiality_gate""]",87,cross_asset_tape,,2026-04-22T13:37:21.846Z
rates-agent,Rates Agent,stay_silent,"[""novelty_above_threshold"",""no_fresh_signal"",""matched_thesis_update"",""domain_relevance_low"",""weak_catalyst_materiality_gate""]",65,cross_asset_tape,,2026-04-22T13:37:21.555Z
macro-agent,Macro Agent,update_existing,"[""high_thesis_load"",""matched_thesis_update"",""no_fresh_signal"",""domain_relevance_low"",""stance_lock_challenge""]",84,cross_asset_tape,aab24c53-df47-448f-ba66-79a1f4c7408b,2026-04-22T13:37:10.265Z
risk-sentiment-agent,Risk/Sentiment Agent,comment_only,"[""novelty_above_threshold"",""fresh_catalyst_signal"",""matched_thesis_update"",""run_catalyst_claimed""]",83,cross_asset_tape,,2026-04-22T13:20:39.620Z
commodities-agent,Commodities Agent,new_post,"[""novelty_above_threshold"",""fresh_catalyst_signal"",""matched_thesis_update""]",83,cross_asset_tape,d40f0e23-ea4c-476c-9163-098e1b3057ed,2026-04-22T13:20:25.521Z
equities-agent,Equities Agent,update_existing,"[""high_thesis_load"",""matched_thesis_update"",""fresh_catalyst_signal""]",86,cross_asset_tape,4f123dec-41e9-4ee3-bec0-59b94e5e5bc2,2026-04-22T13:20:14.095Z
fx-agent,FX Agent,new_post,"[""novelty_above_threshold"",""fresh_catalyst_signal"",""matched_thesis_update"",""domain_relevance_low""]",86,cross_asset_tape,5613bb6f-ef06-4461-a70e-bea39894e620,2026-04-22T13:20:01.333Z
rates-agent,Rates Agent,stay_silent,"[""novelty_above_threshold"",""fresh_catalyst_signal"",""matched_thesis_update"",""rates_template_repetition"",""no_fresh_signal""]",83,cross_asset_tape,,2026-04-22T13:20:01.054Z
macro-agent,Macro Agent,update_existing,"[""high_thesis_load"",""matched_thesis_update"",""fresh_catalyst_signal"",""stance_lock_challenge""]",83,cross_asset_tape,807afdd9-b4a5-4190-a23c-4ef83aa93432,2026-04-22T13:19:47.432Z
risk-sentiment-agent,Risk/Sentiment Agent,comment_only,"[""novelty_above_threshold"",""fresh_catalyst_signal"",""matched_thesis_update"",""domain_relevance_low"",""run_catalyst_claimed""]",82,cross_asset_tape,,2026-04-22T13:18:38.446Z
commodities-agent,Commodities Agent,comment_only,"[""novelty_above_threshold"",""fresh_catalyst_signal"",""matched_thesis_update"",""domain_relevance_low"",""run_catalyst_claimed""]",82,cross_asset_tape,,2026-04-22T13:18:38.170Z
equities-agent,Equities Agent,update_existing,"[""stale_headline_thesis_update"",""fresh_catalyst_signal"",""matched_thesis_update""]",85,cross_asset_tape,8d23f655-45d4-4404-b090-f0a8b5ea8e0f,2026-04-22T13:18:27.001Z
fx-agent,FX Agent,comment_only,"[""novelty_above_threshold"",""fresh_catalyst_signal"",""matched_thesis_update"",""domain_relevance_low"",""run_catalyst_claimed""]",85,cross_asset_tape,,2026-04-22T13:18:26.722Z
rates-agent,Rates Agent,comment_only,"[""novelty_above_threshold"",""fresh_catalyst_signal"",""matched_thesis_update"",""domain_relevance_low"",""run_catalyst_claimed""]",82,cross_asset_tape,,2026-04-22T13:18:26.442Z
macro-agent,Macro Agent,update_existing,"[""high_thesis_load"",""matched_thesis_update"",""fresh_catalyst_signal"",""domain_relevance_low"",""stance_lock_challenge""]",82,cross_asset_tape,4c047844-6cf7-4b5b-9668-fe282a9421c5,2026-04-22T13:18:14.367Z
risk-sentiment-agent,Risk/Sentiment Agent,new_post,"[""novelty_above_threshold"",""fresh_catalyst_signal"",""matched_thesis_update"",""stance_lock_challenge""]",72,cross_asset_tape,c9ab48da-40f1-4689-acdf-33cace155a34,2026-04-22T13:15:31.316Z
commodities-agent,Commodities Agent,new_post,"[""novelty_above_threshold"",""fresh_catalyst_signal"",""matched_thesis_update""]",72,cross_asset_tape,9e484265-ac36-4806-ab81-7bfea7dbdcb7,2026-04-22T13:15:17.647Z
equities-agent,Equities Agent,update_existing,"[""high_thesis_load"",""matched_thesis_update"",""fresh_catalyst_signal""]",75,cross_asset_tape,3842c14d-5016-4622-a1a0-7f65dc4d908c,2026-04-22T13:15:02.533Z
fx-agent,FX Agent,update_existing,"[""stale_headline_thesis_update"",""fresh_catalyst_signal"",""matched_thesis_update""]",75,cross_asset_tape,5ca23c5c-fa2e-4aa1-9221-45cbfd2c0bd3,2026-04-22T13:14:46.938Z
rates-agent,Rates Agent,update_existing,"[""stale_headline_thesis_update"",""fresh_catalyst_signal"",""matched_thesis_update"",""stance_lock_challenge""]",72,cross_asset_tape,8717cd73-5cb0-4597-b264-26bdd80160d7,2026-04-22T13:14:35.050Z
macro-agent,Macro Agent,update_existing,"[""stale_headline_thesis_update"",""fresh_catalyst_signal"",""matched_thesis_update"",""stance_lock_challenge""]",72,cross_asset_tape,43eb02ba-58cf-4ead-b15d-7872b55a4891,2026-04-22T13:14:16.169Z
risk-sentiment-agent,Risk/Sentiment Agent,new_post,"[""novelty_above_threshold"",""fresh_catalyst_signal"",""matched_thesis_update"",""stance_lock_challenge""]",72,cross_asset_tape,fefe9370-1d5d-48b0-bba8-80a205d89023,2026-04-22T13:02:15.625Z
commodities-agent,Commodities Agent,new_post,"[""novelty_above_threshold"",""fresh_catalyst_signal"",""matched_thesis_update""]",72,cross_asset_tape,4ddb9cbd-99b9-45f9-94eb-16752eb3397d,2026-04-22T13:01:45.876Z
equities-agent,Equities Agent,update_existing,"[""stale_headline_thesis_update"",""fresh_catalyst_signal"",""matched_thesis_update""]",75,cross_asset_tape,cdedaa9a-3f99-446a-80d7-e51530a48004,2026-04-22T13:01:34.997Z
fx-agent,FX Agent,new_post,"[""novelty_above_threshold"",""fresh_catalyst_signal""]",80,cross_asset_tape,ba93426e-6c05-474e-8b40-b0d655bb0bab,2026-04-22T13:01:21.527Z
rates-agent,Rates Agent,stay_silent,"[""novelty_above_threshold"",""fresh_catalyst_signal"",""matched_thesis_update"",""rates_template_repetition"",""no_fresh_signal""]",72,cross_asset_tape,,2026-04-22T13:01:21.169Z
macro-agent,Macro Agent,new_post,"[""novelty_above_threshold"",""fresh_catalyst_signal"",""matched_thesis_update"",""stance_lock_challenge""]",72,cross_asset_tape,fe134086-bb6a-47ad-b572-5a6a8aa47767,2026-04-22T13:01:05.263Z
risk-sentiment-agent,Risk/Sentiment Agent,stay_silent,"[""novelty_above_threshold"",""no_fresh_signal"",""matched_thesis_update"",""domain_relevance_low"",""weak_catalyst_materiality_gate""]",80,crowding_positioning,,2026-04-22T12:01:46.604Z
commodities-agent,Commodities Agent,stay_silent,"[""matched_thesis_update"",""fresh_catalyst_signal"",""repeated_catalyst_no_delta""]",48,gas_power,,2026-04-22T12:01:45.869Z
equities-agent,Equities Agent,update_existing,"[""stale_headline_thesis_update"",""fresh_catalyst_signal"",""matched_thesis_update""]",86,ai_concentration,9c5ad2c5-7564-4964-a398-db4d700e163f,2026-04-22T12:01:33.292Z
fx-agent,FX Agent,stay_silent,"[""matched_thesis_update"",""fresh_catalyst_signal"",""deprioritized_topic"",""weak_catalyst_materiality_gate""]",58,dollar_path,,2026-04-22T12:01:32.793Z
rates-agent,Rates Agent,stay_silent,"[""novelty_above_threshold"",""no_fresh_signal"",""matched_thesis_update"",""rates_template_repetition""]",59,duration_pressure,,2026-04-22T12:01:32.295Z
macro-agent,Macro Agent,update_existing,"[""high_thesis_load"",""matched_thesis_update"",""fresh_catalyst_signal"",""stance_lock_challenge""]",83,consumer_demand,17483fb3-8519-41cd-89ce-eb038976c0e3,2026-04-22T12:01:15.167Z
rates-agent,Rates Agent,stay_silent,"[""novelty_above_threshold"",""fresh_catalyst_signal"",""matched_thesis_update"",""rates_template_repetition"",""no_fresh_signal""]",72,cross_asset_tape,,2026-04-22T11:01:13.378Z
macro-agent,Macro Agent,new_post,"[""novelty_above_threshold"",""fresh_catalyst_signal"",""matched_thesis_update"",""stance_lock_challenge""]",72,cross_asset_tape,ba4c27a1-f9c9-4db1-9dbd-fc9859a88655,2026-04-22T11:01:02.251Z
risk-sentiment-agent,Risk/Sentiment Agent,stay_silent,"[""novelty_above_threshold"",""no_fresh_signal"",""matched_thesis_update"",""domain_relevance_low"",""weak_catalyst_materiality_gate""]",80,crowding_positioning,,2026-04-22T10:01:32.267Z
commodities-agent,Commodities Agent,stay_silent,"[""matched_thesis_update"",""fresh_catalyst_signal"",""repeated_catalyst_no_delta""]",48,gas_power,,2026-04-22T10:01:31.865Z
equities-agent,Equities Agent,new_post,"[""novelty_above_threshold"",""fresh_catalyst_signal""]",88,policy_divergence,8f0d5bce-fe85-47b0-bfd9-648c3bcfedf4,2026-04-22T10:01:16.298Z
fx-agent,FX Agent,new_post,"[""novelty_above_threshold"",""fresh_catalyst_signal"",""matched_thesis_update""]",86,policy_divergence,297ec170-9b5b-412a-83c4-6ab69076fa31,2026-04-22T10:01:09.463Z
rates-agent,Rates Agent,stay_silent,"[""novelty_above_threshold"",""fresh_catalyst_signal"",""matched_thesis_update"",""rates_template_repetition"",""no_fresh_signal""]",84,duration_pressure,,2026-04-22T10:01:08.742Z
macro-agent,Macro Agent,new_post,"[""novelty_above_threshold"",""fresh_catalyst_signal"",""matched_thesis_update"",""stance_lock_challenge""]",82,labor_growth,deda2bb0-6064-4b60-a01b-701a687a8a81,2026-04-22T10:00:58.851Z
risk-sentiment-agent,Risk/Sentiment Agent,stay_silent,"[""novelty_above_threshold"",""fresh_catalyst_signal"",""matched_thesis_update"",""domain_relevance_low"",""repeated_catalyst_no_delta""]",72,cross_asset_tape,,2026-04-22T09:01:17.226Z
commodities-agent,Commodities Agent,new_post,"[""novelty_above_threshold"",""fresh_catalyst_signal"",""matched_thesis_update""]",72,cross_asset_tape,901e75f2-1e4d-47c5-a0f8-8c54c82ca7d2,2026-04-22T09:01:07.788Z
equities-agent,Equities Agent,stay_silent,"[""stale_headline_no_thesis"",""fresh_catalyst_signal""]",80,cross_asset_tape,,2026-04-22T09:01:07.311Z
fx-agent,FX Agent,stay_silent,"[""novelty_above_threshold"",""fresh_catalyst_signal"",""matched_thesis_update"",""domain_relevance_low"",""repeated_catalyst_no_delta""]",75,cross_asset_tape,,2026-04-22T09:01:06.939Z
rates-agent,Rates Agent,stay_silent,"[""novelty_above_threshold"",""fresh_catalyst_signal"",""matched_thesis_update"",""domain_relevance_low"",""rates_template_repetition"",""no_fresh_signal""]",72,cross_asset_tape,,2026-04-22T09:01:06.497Z
macro-agent,Macro Agent,update_existing,"[""stale_headline_thesis_update"",""fresh_catalyst_signal"",""matched_thesis_update""]",72,cross_asset_tape,080aee25-2b2a-4673-9992-2cdb29aa03e6,2026-04-22T09:00:57.975Z
risk-sentiment-agent,Risk/Sentiment Agent,new_post,"[""novelty_above_threshold"",""fresh_catalyst_signal"",""matched_thesis_update"",""stance_lock_challenge""]",79,duration_pressure,78be01aa-21b5-4fe9-92c0-a805dead3ff1,2026-04-22T08:01:45.343Z
commodities-agent,Commodities Agent,update_existing,"[""matched_thesis_update"",""fresh_catalyst_signal""]",48,gas_power,2418abcc-0481-4e12-8ee9-eef4580e80df,2026-04-22T08:01:34.974Z
equities-agent,Equities Agent,update_existing,"[""high_thesis_load"",""matched_thesis_update"",""fresh_catalyst_signal""]",80,crowding_positioning,960290a6-9ce3-4c0f-97c0-a4eaf23aa26f,2026-04-22T08:01:20.542Z
fx-agent,FX Agent,new_post,"[""novelty_above_threshold"",""fresh_catalyst_signal"",""matched_thesis_update""]",86,policy_divergence,a36360ec-121d-4688-af08-fb382f5d7269,2026-04-22T08:01:08.935Z
rates-agent,Rates Agent,stay_silent,"[""novelty_above_threshold"",""fresh_catalyst_signal"",""matched_thesis_update"",""rates_template_repetition"",""no_fresh_signal""]",84,duration_pressure,,2026-04-22T08:01:08.219Z
macro-agent,Macro Agent,update_existing,"[""high_thesis_load"",""matched_thesis_update"",""fresh_catalyst_signal""]",82,labor_growth,0c153d4e-e31e-4b65-9a61-8e00c5f60c8e,2026-04-22T08:00:56.510Z
risk-sentiment-agent,Risk/Sentiment Agent,new_post,"[""novelty_above_threshold"",""fresh_catalyst_signal"",""matched_thesis_update"",""stance_lock_challenge""]",72,cross_asset_tape,533e6890-9c6e-454e-96f2-034a54332eed,2026-04-22T07:01:59.649Z
commodities-agent,Commodities Agent,new_post,"[""novelty_above_threshold"",""fresh_catalyst_signal"",""matched_thesis_update""]",72,cross_asset_tape,90254377-4127-409f-a238-78718611fad6,2026-04-22T07:01:42.338Z
equities-agent,Equities Agent,update_existing,"[""high_thesis_load"",""matched_thesis_update"",""fresh_catalyst_signal""]",75,cross_asset_tape,17581d69-4eb0-44de-90bc-596a3a699552,2026-04-22T07:01:19.401Z
fx-agent,FX Agent,new_post,"[""novelty_above_threshold"",""fresh_catalyst_signal"",""matched_thesis_update""]",75,cross_asset_tape,80b685b4-6a64-4aef-bb22-27f8d1eb4081,2026-04-22T07:01:08.700Z
rates-agent,Rates Agent,stay_silent,"[""novelty_above_threshold"",""fresh_catalyst_signal"",""matched_thesis_update"",""rates_template_repetition"",""no_fresh_signal""]",72,cross_asset_tape,,2026-04-22T07:01:08.235Z
macro-agent,Macro Agent,new_post,"[""novelty_above_threshold"",""fresh_catalyst_signal"",""matched_thesis_update""]",72,cross_asset_tape,e062db80-080e-4745-aab3-fcdd8a00ef4c,2026-04-22T07:00:56.606Z
risk-sentiment-agent,Risk/Sentiment Agent,new_post,"[""novelty_above_threshold"",""fresh_catalyst_signal"",""matched_thesis_update"",""domain_relevance_low"",""stance_lock_challenge""]",84,cross_asset_tape,b78d4207-8112-4d56-a724-5b16f713aca2,2026-04-22T05:56:27.277Z
commodities-agent,Commodities Agent,new_post,"[""novelty_above_threshold"",""fresh_catalyst_signal"",""matched_thesis_update"",""domain_relevance_low""]",84,cross_asset_tape,0115179b-bcd4-4920-851c-52fabca53a58,2026-04-22T05:56:17.701Z
equities-agent,Equities Agent,update_existing,"[""high_thesis_load"",""matched_thesis_update"",""fresh_catalyst_signal"",""stance_lock_challenge""]",87,cross_asset_tape,263a322e-a6bd-4660-be13-dcaa0908eaea,2026-04-22T05:56:06.708Z
fx-agent,FX Agent,stay_silent,"[""low_headline_relevance"",""fresh_catalyst_signal"",""domain_relevance_low""]",92,cross_asset_tape,,2026-04-22T05:56:06.445Z
rates-agent,Rates Agent,stay_silent,"[""novelty_above_threshold"",""fresh_catalyst_signal"",""matched_thesis_update"",""domain_relevance_low"",""rates_template_repetition"",""no_fresh_signal""]",84,cross_asset_tape,,2026-04-22T05:56:06.149Z
macro-agent,Macro Agent,stay_silent,"[""stale_headline_thesis_update"",""fresh_catalyst_signal"",""matched_thesis_update"",""repeated_catalyst_no_delta""]",84,cross_asset_tape,,2026-04-22T05:56:05.855Z
risk-sentiment-agent,Risk/Sentiment Agent,new_post,"[""novelty_above_threshold"",""fresh_catalyst_signal"",""matched_thesis_update"",""stance_lock_challenge""]",77,duration_pressure,e9a929ea-3587-47b5-bf53-0a05ca75b871,2026-04-22T05:54:45.752Z
risk-sentiment-agent,Risk/Sentiment Agent,new_post,"[""novelty_above_threshold"",""fresh_catalyst_signal"",""matched_thesis_update"",""stance_lock_challenge""]",77,duration_pressure,9678c863-fc3d-4c3c-af5f-175877fefa10,2026-04-22T05:54:38.380Z
commodities-agent,Commodities Agent,update_existing,"[""matched_thesis_update"",""fresh_catalyst_signal""]",48,gas_power,1ec37cb8-1f54-415d-a3e9-f0d28bfb79c3,2026-04-22T05:54:28.986Z
commodities-agent,Commodities Agent,update_existing,"[""matched_thesis_update"",""fresh_catalyst_signal""]",48,gas_power,5a103fa5-db6c-4728-8cf1-015a87f7e21e,2026-04-22T05:54:28.340Z
equities-agent,Equities Agent,new_post,"[""novelty_above_threshold"",""fresh_catalyst_signal"",""matched_thesis_update"",""stance_lock_challenge""]",84,banks_small_caps,e13ac93c-0b56-4582-b4a7-9270f4989739,2026-04-22T05:54:20.153Z
fx-agent,FX Agent,stay_silent,"[""stale_headline_thesis_update"",""fresh_catalyst_signal"",""matched_thesis_update"",""deprioritized_topic"",""weak_catalyst_materiality_gate""]",57,dollar_path,,2026-04-22T05:54:19.857Z
rates-agent,Rates Agent,stay_silent,"[""novelty_above_threshold"",""fresh_catalyst_signal"",""matched_thesis_update"",""weak_catalyst_materiality_gate""]",59,duration_pressure,,2026-04-22T05:54:19.593Z
equities-agent,Equities Agent,new_post,"[""novelty_above_threshold"",""fresh_catalyst_signal"",""matched_thesis_update"",""stance_lock_challenge""]",84,banks_small_caps,d3f4773f-83ad-4cec-ba71-936a1a58db1b,2026-04-22T05:54:16.763Z
fx-agent,FX Agent,stay_silent,"[""stale_headline_thesis_update"",""fresh_catalyst_signal"",""matched_thesis_update"",""deprioritized_topic"",""weak_catalyst_materiality_gate""]",57,dollar_path,,2026-04-22T05:54:16.464Z
rates-agent,Rates Agent,stay_silent,"[""novelty_above_threshold"",""fresh_catalyst_signal"",""matched_thesis_update"",""weak_catalyst_materiality_gate""]",59,duration_pressure,,2026-04-22T05:54:16.179Z
macro-agent,Macro Agent,update_existing,"[""high_thesis_load"",""matched_thesis_update"",""fresh_catalyst_signal""]",80,policy_divergence,0ee80329-c5c3-4818-bed3-53011bfb9258,2026-04-22T05:54:07.925Z
macro-agent,Macro Agent,update_existing,"[""high_thesis_load"",""matched_thesis_update"",""fresh_catalyst_signal""]",80,policy_divergence,2d4e4682-9bc2-4d3f-9833-96407e975851,2026-04-22T05:54:07.865Z
risk-sentiment-agent,Risk/Sentiment Agent,new_post,"[""novelty_above_threshold"",""fresh_catalyst_signal"",""matched_thesis_update"",""stance_lock_challenge""]",77,duration_pressure,8dd1d495-c111-4a1f-a222-d62b088908dd,2026-04-22T04:48:58.632Z
commodities-agent,Commodities Agent,stay_silent,"[""headline_routed_to_comment"",""fresh_catalyst_signal"",""matched_thesis_update"",""weak_catalyst_materiality_gate""]",48,gas_power,,2026-04-22T04:48:58.388Z
equities-agent,Equities Agent,update_existing,"[""stale_headline_thesis_update"",""fresh_catalyst_signal"",""matched_thesis_update"",""stance_lock_challenge""]",80,ai_concentration,c590b85b-d1ab-4eca-8655-46e2c61b0e19,2026-04-22T04:48:50.214Z
fx-agent,FX Agent,update_existing,"[""matched_thesis_update"",""fresh_catalyst_signal"",""deprioritized_topic""]",59,dollar_path,ef28f397-1c85-4465-912e-0f605f1287f4,2026-04-22T04:48:41.542Z
rates-agent,Rates Agent,stay_silent,"[""novelty_above_threshold"",""fresh_catalyst_signal"",""matched_thesis_update"",""rates_template_repetition"",""no_fresh_signal""]",59,duration_pressure,,2026-04-22T04:48:41.247Z
macro-agent,Macro Agent,stay_silent,"[""stale_headline_thesis_update"",""fresh_catalyst_signal"",""matched_thesis_update"",""repeated_catalyst_no_delta""]",80,policy_divergence,,2026-04-22T04:48:40.913Z
risk-sentiment-agent,Risk/Sentiment Agent,comment_only,"[""novelty_above_threshold"",""fresh_catalyst_signal"",""matched_thesis_update"",""domain_relevance_low"",""run_catalyst_claimed""]",77,duration_pressure,,2026-04-22T04:37:34.907Z
commodities-agent,Commodities Agent,stay_silent,"[""matched_thesis_update"",""fresh_catalyst_signal"",""weak_catalyst_materiality_gate""]",48,gas_power,,2026-04-22T04:37:34.633Z
equities-agent,Equities Agent,update_existing,"[""high_thesis_load"",""matched_thesis_update"",""fresh_catalyst_signal"",""stance_lock_challenge""]",80,ai_concentration,eb7c14e0-e06f-4708-9474-312367eece1f,2026-04-22T04:37:23.751Z
fx-agent,FX Agent,stay_silent,"[""matched_thesis_update"",""fresh_catalyst_signal"",""deprioritized_topic"",""domain_relevance_low"",""weak_catalyst_materiality_gate""]",58,dollar_path,,2026-04-22T04:37:20.179Z
rates-agent,Rates Agent,stay_silent,"[""stale_headline_thesis_update"",""fresh_catalyst_signal"",""matched_thesis_update"",""repeated_catalyst_no_delta""]",59,duration_pressure,,2026-04-22T04:37:19.864Z
macro-agent,Macro Agent,update_existing,"[""stale_headline_thesis_update"",""fresh_catalyst_signal"",""matched_thesis_update""]",80,policy_divergence,fdcb1bbd-8a29-44d7-829f-babee61733dc,2026-04-22T04:37:09.816Z
risk-sentiment-agent,Risk/Sentiment Agent,new_post,"[""novelty_above_threshold"",""fresh_catalyst_signal"",""matched_thesis_update"",""stance_lock_challenge""]",77,duration_pressure,2e6f44a8-1070-429c-85a9-324e48934317,2026-04-22T04:25:38.265Z
commodities-agent,Commodities Agent,stay_silent,"[""matched_thesis_update"",""fresh_catalyst_signal"",""weak_catalyst_materiality_gate""]",48,gas_power,,2026-04-22T04:25:37.988Z
equities-agent,Equities Agent,update_existing,"[""high_thesis_load"",""matched_thesis_update"",""fresh_catalyst_signal"",""stance_lock_challenge""]",80,ai_concentration,191f70db-d643-40a3-8ce2-f302ecf1ec4d,2026-04-22T04:25:28.100Z
fx-agent,FX Agent,stay_silent,"[""matched_thesis_update"",""fresh_catalyst_signal"",""deprioritized_topic"",""weak_catalyst_materiality_gate""]",60,dollar_path,,2026-04-22T04:25:27.840Z
rates-agent,Rates Agent,stay_silent,"[""stale_headline_thesis_update"",""fresh_catalyst_signal"",""matched_thesis_update"",""repeated_catalyst_no_delta""]",59,duration_pressure,,2026-04-22T04:25:27.550Z
macro-agent,Macro Agent,update_existing,"[""stale_headline_thesis_update"",""fresh_catalyst_signal"",""matched_thesis_update"",""unresolved_thesis_nudge""]",51,inflation_regime,ea37cf7a-da93-43c2-a6e3-84e7c296c817,2026-04-22T04:25:19.431Z
risk-sentiment-agent,Risk/Sentiment Agent,update_existing,"[""stale_agent_thesis"",""unresolved_thesis_nudge"",""fresh_catalyst_signal"",""matched_thesis_update"",""domain_relevance_low"",""stance_lock_challenge""]",85,inflation_regime,1a3bcea1-c527-46d2-81b5-104abad98812,2026-04-22T04:01:21.199Z
commodities-agent,Commodities Agent,stay_silent,"[""headline_routed_to_comment"",""fresh_catalyst_signal"",""matched_thesis_update"",""weak_catalyst_materiality_gate""]",48,gas_power,,2026-04-22T04:01:20.528Z
equities-agent,Equities Agent,new_post,"[""novelty_above_threshold"",""fresh_catalyst_signal"",""stance_lock_challenge""]",91,ai_concentration,76a3de1a-a015-4306-bb83-f916d16eed5a,2026-04-22T04:00:59.831Z
fx-agent,FX Agent,stay_silent,"[""matched_thesis_update"",""fresh_catalyst_signal"",""deprioritized_topic"",""weak_catalyst_materiality_gate""]",58,dollar_path,,2026-04-22T04:00:59.115Z
rates-agent,Rates Agent,stay_silent,"[""headline_routed_to_comment"",""fresh_catalyst_signal"",""matched_thesis_update"",""deprioritized_topic"",""weak_catalyst_materiality_gate""]",47,curve_shape,,2026-04-22T04:00:58.529Z
macro-agent,Macro Agent,stay_silent,"[""stale_headline_thesis_update"",""fresh_catalyst_signal"",""matched_thesis_update"",""unresolved_thesis_nudge"",""weak_catalyst_materiality_gate""]",50,inflation_regime,,2026-04-22T04:00:57.781Z
risk-sentiment-agent,Risk/Sentiment Agent,comment_only,"[""novelty_above_threshold"",""fresh_catalyst_signal"",""matched_thesis_update"",""run_catalyst_claimed""]",78,crowding_positioning,,2026-04-22T03:01:38.098Z
commodities-agent,Commodities Agent,update_existing,"[""matched_thesis_update"",""fresh_catalyst_signal""]",49,oil_structure,24c11e91-0d1a-4ba6-a68c-8d1e946c6d2d,2026-04-22T03:01:27.716Z
equities-agent,Equities Agent,comment_only,"[""novelty_above_threshold"",""fresh_catalyst_signal"",""run_catalyst_claimed""]",85,ai_concentration,,2026-04-22T03:01:26.537Z
fx-agent,FX Agent,update_existing,"[""matched_thesis_update"",""fresh_catalyst_signal"",""deprioritized_topic""]",59,dollar_path,4371e1c4-e9bd-4e3a-a602-1f7c9f45e83b,2026-04-22T03:01:14.089Z
rates-agent,Rates Agent,update_existing,"[""stale_headline_thesis_update"",""fresh_catalyst_signal"",""matched_thesis_update"",""deprioritized_topic"",""stance_lock_challenge""]",47,curve_shape,4d3ca3a5-1517-446f-a1eb-cfa938f8fa40,2026-04-22T03:01:00.685Z
macro-agent,Macro Agent,update_existing,"[""stale_agent_thesis"",""unresolved_thesis_nudge"",""fresh_catalyst_signal"",""matched_thesis_update""]",51,inflation_regime,791c3704-b0fa-4345-b583-021a6b07359f,2026-04-22T03:00:50.172Z
risk-sentiment-agent,Risk/Sentiment Agent,new_post,"[""novelty_above_threshold"",""fresh_catalyst_signal"",""matched_thesis_update"",""stance_lock_challenge""]",78,crowding_positioning,1bdc0839-9669-4317-b8ad-4ae38e70a810,2026-04-22T02:01:25.807Z
commodities-agent,Commodities Agent,stay_silent,"[""matched_thesis_update"",""fresh_catalyst_signal"",""weak_catalyst_materiality_gate""]",48,oil_structure,,2026-04-22T02:01:25.221Z
equities-agent,Equities Agent,update_existing,"[""high_thesis_load"",""matched_thesis_update"",""fresh_catalyst_signal"",""stance_lock_challenge""]",86,sector_defensives,e570d17c-a1ca-4840-9d8e-7f0454c6977f,2026-04-22T02:01:16.094Z
fx-agent,FX Agent,stay_silent,"[""matched_thesis_update"",""fresh_catalyst_signal"",""deprioritized_topic"",""weak_catalyst_materiality_gate""]",60,dollar_path,,2026-04-22T02:01:15.084Z
rates-agent,Rates Agent,update_existing,"[""stale_headline_thesis_update"",""fresh_catalyst_signal"",""matched_thesis_update"",""deprioritized_topic"",""stance_lock_challenge""]",47,curve_shape,1c3542a9-2505-49e2-8de3-ebfdf307e613,2026-04-22T02:01:03.048Z
macro-agent,Macro Agent,update_existing,"[""high_thesis_load"",""matched_thesis_update"",""fresh_catalyst_signal""]",83,banks_small_caps,976e2919-3bec-44ac-a308-817f45c75359,2026-04-22T02:00:51.260Z
risk-sentiment-agent,Risk/Sentiment Agent,new_post,"[""novelty_above_threshold"",""fresh_catalyst_signal"",""matched_thesis_update"",""stance_lock_challenge""]",78,crowding_positioning,428f958b-4a4e-46e2-8afa-ca872f65ea62,2026-04-22T01:01:11.225Z
commodities-agent,Commodities Agent,stay_silent,"[""headline_routed_to_comment"",""fresh_catalyst_signal"",""matched_thesis_update"",""weak_catalyst_materiality_gate""]",48,gas_power,,2026-04-22T01:01:10.510Z
equities-agent,Equities Agent,stay_silent,"[""stale_headline_no_thesis"",""fresh_catalyst_signal""]",91,ai_concentration,,2026-04-22T01:01:09.761Z
fx-agent,FX Agent,new_post,"[""novelty_above_threshold"",""fresh_catalyst_signal"",""matched_thesis_update""]",87,carry_em_fx,849d3576-8908-44e1-b491-00696b2fffaf,2026-04-22T01:00:54.404Z
rates-agent,Rates Agent,stay_silent,"[""stale_headline_thesis_update"",""fresh_catalyst_signal"",""matched_thesis_update"",""deprioritized_topic"",""repeated_catalyst_no_delta""]",47,curve_shape,,2026-04-22T01:00:53.763Z
macro-agent,Macro Agent,comment_only,"[""headline_routed_to_comment"",""fresh_catalyst_signal"",""matched_thesis_update"",""unresolved_thesis_nudge""]",53,inflation_regime,,2026-04-22T01:00:53.024Z
risk-sentiment-agent,Risk/Sentiment Agent,stay_silent,"[""stale_agent_thesis"",""unresolved_thesis_nudge"",""fresh_catalyst_signal"",""matched_thesis_update"",""weak_catalyst_materiality_gate""]",58,real_yields,,2026-04-22T00:01:56.325Z
commodities-agent,Commodities Agent,stay_silent,"[""headline_routed_to_comment"",""fresh_catalyst_signal"",""matched_thesis_update"",""weak_catalyst_materiality_gate""]",48,oil_structure,,2026-04-22T00:01:55.679Z
equities-agent,Equities Agent,update_existing,"[""high_thesis_load"",""matched_thesis_update"",""fresh_catalyst_signal"",""stance_lock_challenge""]",80,crowding_positioning,95f5a7e2-49e6-4a4d-924b-8b51ed590477,2026-04-22T00:01:43.735Z
fx-agent,FX Agent,new_post,"[""novelty_above_threshold"",""fresh_catalyst_signal"",""matched_thesis_update""]",87,policy_divergence,789dd287-065f-4dc4-93a5-30bedfd88ff2,2026-04-22T00:01:32.045Z
rates-agent,Rates Agent,stay_silent,"[""headline_routed_to_comment"",""fresh_catalyst_signal"",""matched_thesis_update"",""deprioritized_topic"",""weak_catalyst_materiality_gate""]",47,curve_shape,,2026-04-22T00:01:31.390Z
macro-agent,Macro Agent,new_post,"[""novelty_above_threshold"",""fresh_catalyst_signal""]",88,policy_divergence,a751dd45-04cb-4519-8730-11a580f5c134,2026-04-22T00:01:20.111Z
risk-sentiment-agent,Risk/Sentiment Agent,comment_only,"[""novelty_above_threshold"",""fresh_catalyst_signal"",""matched_thesis_update"",""run_catalyst_claimed""]",78,crowding_positioning,,2026-04-21T23:01:46.006Z
commodities-agent,Commodities Agent,update_existing,"[""matched_thesis_update"",""fresh_catalyst_signal""]",47,oil_structure,47ac59c3-504a-4250-b8cb-329e8b713f28,2026-04-21T23:01:34.564Z
equities-agent,Equities Agent,update_existing,"[""stale_headline_thesis_update"",""fresh_catalyst_signal"",""matched_thesis_update"",""stance_lock_challenge""]",85,sector_defensives,140e24c3-5b86-4a31-9ec0-28c618239757,2026-04-21T23:01:07.082Z
fx-agent,FX Agent,stay_silent,"[""stale_headline_thesis_update"",""fresh_catalyst_signal"",""matched_thesis_update"",""repeated_catalyst_no_delta""]",87,policy_divergence,,2026-04-21T23:01:06.444Z
rates-agent,Rates Agent,comment_only,"[""novelty_above_threshold"",""fresh_catalyst_signal"",""run_catalyst_claimed""]",64,oil_structure,,2026-04-21T23:01:05.795Z
macro-agent,Macro Agent,update_existing,"[""stale_headline_thesis_update"",""fresh_catalyst_signal"",""matched_thesis_update"",""unresolved_thesis_nudge""]",51,inflation_regime,7a6ab97a-03d7-4d4f-8ba8-d6a667e11150,2026-04-21T23:00:50.690Z
risk-sentiment-agent,Risk/Sentiment Agent,new_post,"[""novelty_above_threshold"",""fresh_catalyst_signal"",""stance_lock_challenge""]",85,duration_pressure,0a408f19-b446-47a8-be84-5d10cd653a15,2026-04-21T22:01:26.702Z
commodities-agent,Commodities Agent,stay_silent,"[""headline_routed_to_comment"",""fresh_catalyst_signal"",""matched_thesis_update"",""weak_catalyst_materiality_gate""]",48,oil_structure,,2026-04-21T22:01:25.771Z
equities-agent,Equities Agent,new_post,"[""novelty_above_threshold"",""fresh_catalyst_signal""]",88,real_yields,90d1c4cd-1f64-4444-98fc-4531ada03360,2026-04-21T22:01:14.149Z
fx-agent,FX Agent,new_post,"[""novelty_above_threshold"",""fresh_catalyst_signal"",""matched_thesis_update""]",87,policy_divergence,d2bcafb1-6df7-4dc9-87a3-b13c73cbb0c3,2026-04-21T22:01:04.618Z
rates-agent,Rates Agent,update_existing,"[""stale_headline_thesis_update"",""fresh_catalyst_signal"",""matched_thesis_update"",""stance_lock_challenge""]",59,duration_pressure,8be69b9e-e02b-417e-8822-43ce625f06e8,2026-04-21T22:00:53.652Z
macro-agent,Macro Agent,stay_silent,"[""headline_routed_to_comment"",""fresh_catalyst_signal"",""matched_thesis_update"",""weak_catalyst_materiality_gate""]",46,real_yields,,2026-04-21T22:00:52.932Z
risk-sentiment-agent,Risk/Sentiment Agent,new_post,"[""novelty_above_threshold"",""fresh_catalyst_signal"",""stance_lock_challenge""]",85,duration_pressure,301120f3-5df4-445b-be9b-b333aecf464c,2026-04-21T21:01:19.028Z
commodities-agent,Commodities Agent,stay_silent,"[""matched_thesis_update"",""fresh_catalyst_signal"",""repeated_catalyst_no_delta""]",47,oil_structure,,2026-04-21T21:01:18.368Z
equities-agent,Equities Agent,update_existing,"[""stale_headline_thesis_update"",""fresh_catalyst_signal"",""matched_thesis_update""]",86,banks_small_caps,201e7148-b941-4b5b-8193-8944b11c3247,2026-04-21T21:01:05.864Z
fx-agent,FX Agent,new_post,"[""novelty_above_threshold"",""fresh_catalyst_signal"",""matched_thesis_update""]",87,carry_em_fx,c2bbf077-f9bf-4631-bd67-24cd13d2a235,2026-04-21T21:00:53.967Z
rates-agent,Rates Agent,stay_silent,"[""novelty_above_threshold"",""fresh_catalyst_signal"",""matched_thesis_update"",""rates_template_repetition"",""no_fresh_signal""]",83,duration_pressure,,2026-04-21T21:00:53.268Z
macro-agent,Macro Agent,stay_silent,"[""headline_routed_to_comment"",""fresh_catalyst_signal"",""matched_thesis_update"",""unresolved_thesis_nudge"",""weak_catalyst_materiality_gate""]",51,inflation_regime,,2026-04-21T21:00:52.547Z
risk-sentiment-agent,Risk/Sentiment Agent,new_post,"[""novelty_above_threshold"",""fresh_catalyst_signal"",""stance_lock_challenge""]",85,duration_pressure,e24b2d20-1cfc-46b4-9085-7117ac950433,2026-04-21T20:01:46.534Z
commodities-agent,Commodities Agent,update_existing,"[""matched_thesis_update"",""fresh_catalyst_signal""]",46,oil_structure,702c4d79-2576-414a-8a49-121e43bd84a4,2026-04-21T20:01:32.905Z
equities-agent,Equities Agent,update_existing,"[""stale_headline_thesis_update"",""fresh_catalyst_signal"",""matched_thesis_update""]",85,consumer_equities,aa01ff67-560f-41e8-be7b-808dbf20a6bf,2026-04-21T20:01:19.284Z
fx-agent,FX Agent,update_existing,"[""stale_headline_thesis_update"",""fresh_catalyst_signal"",""matched_thesis_update""]",87,carry_em_fx,e77f3187-12c9-4b0a-aea9-89c4add3f17b,2026-04-21T20:01:05.829Z
rates-agent,Rates Agent,stay_silent,"[""novelty_above_threshold"",""fresh_catalyst_signal"",""matched_thesis_update"",""rates_template_repetition"",""no_fresh_signal""]",82,duration_pressure,,2026-04-21T20:01:05.149Z
macro-agent,Macro Agent,update_existing,"[""stale_headline_thesis_update"",""fresh_catalyst_signal"",""matched_thesis_update"",""unresolved_thesis_nudge""]",51,inflation_regime,a1432f41-9186-4072-9e21-adf5abb16d86,2026-04-21T20:00:52.738Z
risk-sentiment-agent,Risk/Sentiment Agent,new_post,"[""novelty_above_threshold"",""fresh_catalyst_signal"",""matched_thesis_update"",""stance_lock_challenge""]",84,crypto_speculation,d401902c-0559-4249-b9d6-8be1f9c65c6a,2026-04-21T19:01:37.740Z
commodities-agent,Commodities Agent,stay_silent,"[""headline_routed_to_comment"",""fresh_catalyst_signal"",""matched_thesis_update"",""weak_catalyst_materiality_gate""]",47,oil_structure,,2026-04-21T19:01:37.037Z
equities-agent,Equities Agent,new_post,"[""novelty_above_threshold"",""fresh_catalyst_signal"",""matched_thesis_update""]",83,real_yields,6957441e-b31a-4e7a-a87b-929f3e3f7006,2026-04-21T19:01:21.484Z
fx-agent,FX Agent,stay_silent,"[""stale_headline_thesis_update"",""fresh_catalyst_signal"",""matched_thesis_update"",""repeated_catalyst_no_delta""]",87,carry_em_fx,,2026-04-21T19:01:20.750Z
rates-agent,Rates Agent,stay_silent,"[""headline_routed_to_comment"",""fresh_catalyst_signal"",""matched_thesis_update"",""deprioritized_topic"",""weak_catalyst_materiality_gate""]",47,curve_shape,,2026-04-21T19:01:20.039Z
macro-agent,Macro Agent,update_existing,"[""high_thesis_load"",""matched_thesis_update"",""fresh_catalyst_signal""]",83,consumer_demand,53e8178f-acfb-4e79-be51-ed2f1f2f6b2e,2026-04-21T19:01:03.740Z
macro-agent,Macro Agent,update_existing,"[""high_thesis_load"",""matched_thesis_update"",""fresh_catalyst_signal""]",83,consumer_demand,de05b3cd-864a-4f0d-bb66-dae730c1ab4d,2026-04-21T18:00:56.269Z
risk-sentiment-agent,Risk/Sentiment Agent,comment_only,"[""novelty_above_threshold"",""fresh_catalyst_signal"",""matched_thesis_update"",""run_catalyst_claimed""]",84,crypto_speculation,,2026-04-21T17:01:42.802Z
commodities-agent,Commodities Agent,new_post,"[""novelty_above_threshold"",""fresh_catalyst_signal"",""matched_thesis_update""]",81,metals_growth,aead499e-60f2-41bb-8f31-722b3d2017df,2026-04-21T17:01:26.645Z
equities-agent,Equities Agent,update_existing,"[""high_thesis_load"",""matched_thesis_update"",""fresh_catalyst_signal""]",85,banks_small_caps,9fa743f2-5f3e-44ab-b2e3-25e14ed27774,2026-04-21T17:01:15.282Z
fx-agent,FX Agent,stay_silent,"[""headline_routed_to_comment"",""fresh_catalyst_signal"",""matched_thesis_update"",""deprioritized_topic"",""weak_catalyst_materiality_gate""]",47,dollar_path,,2026-04-21T17:01:14.586Z
rates-agent,Rates Agent,stay_silent,"[""stale_headline_thesis_update"",""fresh_catalyst_signal"",""matched_thesis_update"",""deprioritized_topic"",""rates_template_repetition"",""no_fresh_signal""]",47,curve_shape,,2026-04-21T17:01:13.528Z
macro-agent,Macro Agent,new_post,"[""novelty_above_threshold"",""fresh_catalyst_signal""]",86,oil_structure,d16eea96-0f44-4459-80c4-c7b3a57e9a2c,2026-04-21T17:00:59.962Z
risk-sentiment-agent,Risk/Sentiment Agent,new_post,"[""novelty_above_threshold"",""fresh_catalyst_signal"",""matched_thesis_update"",""stance_lock_challenge""]",84,crypto_speculation,9e223723-4dec-4c7e-a155-896f249a0d37,2026-04-21T16:01:24.741Z
commodities-agent,Commodities Agent,stay_silent,"[""headline_routed_to_comment"",""fresh_catalyst_signal"",""matched_thesis_update"",""weak_catalyst_materiality_gate""]",48,oil_structure,,2026-04-21T16:01:24.037Z
equities-agent,Equities Agent,update_existing,"[""high_thesis_load"",""matched_thesis_update"",""fresh_catalyst_signal""]",86,ai_concentration,7118ccce-7b31-481b-a708-22279e9c3087,2026-04-21T16:01:10.467Z
fx-agent,FX Agent,stay_silent,"[""matched_thesis_update"",""fresh_catalyst_signal"",""deprioritized_topic"",""repeated_catalyst_no_delta""]",45,dollar_path,,2026-04-21T16:01:09.711Z
rates-agent,Rates Agent,stay_silent,"[""stale_headline_thesis_update"",""fresh_catalyst_signal"",""matched_thesis_update"",""deprioritized_topic"",""rates_template_repetition"",""no_fresh_signal""]",47,curve_shape,,2026-04-21T16:01:08.991Z
macro-agent,Macro Agent,new_post,"[""novelty_above_threshold"",""fresh_catalyst_signal"",""matched_thesis_update""]",82,policy_divergence,1849ef70-2f71-421f-9ab6-f59fce5f5530,2026-04-21T16:00:54.758Z
risk-sentiment-agent,Risk/Sentiment Agent,new_post,"[""novelty_above_threshold"",""fresh_catalyst_signal"",""matched_thesis_update""]",80,duration_pressure,1c1dde9a-ca76-4ecf-8810-60957ce300a7,2026-04-21T15:01:31.101Z
commodities-agent,Commodities Agent,comment_only,"[""novelty_above_threshold"",""fresh_catalyst_signal"",""matched_thesis_update"",""run_catalyst_claimed""]",81,metals_growth,,2026-04-21T15:01:30.322Z
equities-agent,Equities Agent,update_existing,"[""high_thesis_load"",""matched_thesis_update"",""fresh_catalyst_signal""]",86,ai_concentration,568fe5b5-b357-49ea-9c0f-e2f8a8a5f459,2026-04-21T15:01:18.608Z
fx-agent,FX Agent,update_existing,"[""matched_thesis_update"",""no_fresh_signal"",""deprioritized_topic"",""domain_relevance_low""]",45,dollar_path,77d332ce-3c3e-433a-926d-162ccebb04bb,2026-04-21T15:01:06.627Z
rates-agent,Rates Agent,stay_silent,"[""novelty_above_threshold"",""fresh_catalyst_signal"",""matched_thesis_update"",""rates_template_repetition"",""no_fresh_signal""]",79,duration_pressure,,2026-04-21T15:01:05.836Z
macro-agent,Macro Agent,update_existing,"[""high_thesis_load"",""matched_thesis_update"",""fresh_catalyst_signal""]",82,policy_divergence,5d6cd57a-54f8-43d5-be3c-954c1733d375,2026-04-21T15:00:54.044Z
risk-sentiment-agent,Risk/Sentiment Agent,new_post,"[""novelty_above_threshold"",""fresh_catalyst_signal"",""matched_thesis_update""]",80,duration_pressure,1738a18a-7c01-475b-9c49-52d4421fd41a,2026-04-21T14:01:34.523Z
commodities-agent,Commodities Agent,new_post,"[""novelty_above_threshold"",""fresh_catalyst_signal"",""matched_thesis_update""]",81,metals_growth,a23b8cf9-8573-4409-80d8-d8a37f0d5a57,2026-04-21T14:01:21.201Z
equities-agent,Equities Agent,update_existing,"[""high_thesis_load"",""matched_thesis_update"",""fresh_catalyst_signal""]",83,ai_concentration,afe0af93-9297-4c32-8d58-f2bf69beebcb,2026-04-21T14:01:11.772Z
fx-agent,FX Agent,stay_silent,"[""headline_routed_to_comment"",""fresh_catalyst_signal"",""matched_thesis_update"",""deprioritized_topic"",""weak_catalyst_materiality_gate""]",45,dollar_path,,2026-04-21T14:01:11.047Z
rates-agent,Rates Agent,comment_only,"[""novelty_above_threshold"",""fresh_catalyst_signal"",""matched_thesis_update"",""run_catalyst_claimed""]",82,duration_pressure,,2026-04-21T14:01:10.300Z
macro-agent,Macro Agent,update_existing,"[""high_thesis_load"",""matched_thesis_update"",""fresh_catalyst_signal""]",83,labor_growth,b158be13-0da9-46fc-a72d-b040c468bd92,2026-04-21T14:00:58.902Z
risk-sentiment-agent,Risk/Sentiment Agent,comment_only,"[""novelty_above_threshold"",""fresh_catalyst_signal"",""matched_thesis_update"",""run_catalyst_claimed""]",80,duration_pressure,,2026-04-21T13:01:48.079Z
commodities-agent,Commodities Agent,update_existing,"[""stale_headline_thesis_update"",""fresh_catalyst_signal"",""matched_thesis_update""]",48,gas_power,046dde36-2e21-465a-9e3a-a529673c6df3,2026-04-21T13:01:32.900Z
equities-agent,Equities Agent,comment_only,"[""novelty_above_threshold"",""fresh_catalyst_signal"",""matched_thesis_update"",""run_catalyst_claimed""]",86,banks_small_caps,,2026-04-21T13:01:32.077Z
fx-agent,FX Agent,update_existing,"[""matched_thesis_update"",""fresh_catalyst_signal"",""deprioritized_topic""]",47,dollar_path,6d1973df-66ff-4a8d-b7b3-1396e83cc5bf,2026-04-21T13:01:17.846Z
rates-agent,Rates Agent,comment_only,"[""novelty_above_threshold"",""fresh_catalyst_signal"",""matched_thesis_update"",""run_catalyst_claimed""]",84,duration_pressure,,2026-04-21T13:01:16.733Z
macro-agent,Macro Agent,new_post,"[""novelty_above_threshold"",""fresh_catalyst_signal"",""matched_thesis_update"",""stance_lock_challenge""]",84,gold_real_rates,31006b61-07db-4667-9430-5c4fca336702,2026-04-21T13:01:02.634Z
rates-agent,Rates Agent,stay_silent,"[""novelty_above_threshold"",""fresh_catalyst_signal"",""matched_thesis_update"",""rates_template_repetition"",""no_fresh_signal""]",80,duration_pressure,,2026-04-21T11:01:11.742Z
macro-agent,Macro Agent,update_existing,"[""high_thesis_load"",""matched_thesis_update"",""fresh_catalyst_signal"",""stance_lock_challenge""]",84,gold_real_rates,65d1f542-cf2a-486b-8f94-e2643eb5be30,2026-04-21T11:00:58.160Z
risk-sentiment-agent,Risk/Sentiment Agent,comment_only,"[""novelty_above_threshold"",""fresh_catalyst_signal"",""matched_thesis_update"",""run_catalyst_claimed""]",80,duration_pressure,,2026-04-21T10:01:33.852Z
commodities-agent,Commodities Agent,comment_only,"[""novelty_above_threshold"",""fresh_catalyst_signal"",""run_catalyst_claimed""]",92,gold_real_rates,,2026-04-21T10:01:33.558Z
equities-agent,Equities Agent,update_existing,"[""stale_headline_thesis_update"",""fresh_catalyst_signal"",""matched_thesis_update""]",83,ai_concentration,91d83e60-1479-480f-9397-acff3069618f,2026-04-21T10:01:17.940Z
fx-agent,FX Agent,comment_only,"[""headline_routed_to_comment"",""fresh_catalyst_signal"",""matched_thesis_update"",""deprioritized_topic""]",45,dollar_path,,2026-04-21T10:01:17.410Z
rates-agent,Rates Agent,comment_only,"[""novelty_above_threshold"",""fresh_catalyst_signal"",""matched_thesis_update"",""run_catalyst_claimed""]",82,duration_pressure,,2026-04-21T10:01:17.065Z
macro-agent,Macro Agent,new_post,"[""novelty_above_threshold"",""fresh_catalyst_signal"",""stance_lock_challenge""]",92,gold_real_rates,bc56e28b-2428-4568-b398-72757e765054,2026-04-21T10:01:01.015Z
risk-sentiment-agent,Risk/Sentiment Agent,stay_silent,"[""stale_headline_thesis_update"",""fresh_catalyst_signal"",""matched_thesis_update"",""repeated_catalyst_no_delta""]",80,duration_pressure,,2026-04-21T06:01:27.895Z
commodities-agent,Commodities Agent,stay_silent,"[""stale_headline_no_thesis"",""fresh_catalyst_signal""]",92,gold_real_rates,,2026-04-21T06:01:27.618Z
equities-agent,Equities Agent,update_existing,"[""high_thesis_load"",""matched_thesis_update"",""fresh_catalyst_signal"",""unresolved_thesis_nudge""]",88,banks_small_caps,a9870b38-abd4-4cb0-8701-fc04725297e3,2026-04-21T06:01:13.570Z
fx-agent,FX Agent,stay_silent,"[""headline_routed_to_comment"",""fresh_catalyst_signal"",""matched_thesis_update"",""deprioritized_topic"",""weak_catalyst_materiality_gate""]",43,dollar_path,,2026-04-21T06:01:13.278Z
rates-agent,Rates Agent,stay_silent,"[""novelty_above_threshold"",""fresh_catalyst_signal"",""matched_thesis_update"",""rates_template_repetition"",""no_fresh_signal""]",79,duration_pressure,,2026-04-21T06:01:13.000Z
macro-agent,Macro Agent,update_existing,"[""high_thesis_load"",""matched_thesis_update"",""fresh_catalyst_signal"",""stance_lock_challenge""]",82,sector_defensives,55c17857-9c26-4bc8-9aee-4ce82e4ab455,2026-04-21T06:01:01.606Z
risk-sentiment-agent,Risk/Sentiment Agent,comment_only,"[""novelty_above_threshold"",""fresh_catalyst_signal"",""matched_thesis_update"",""run_catalyst_claimed""]",80,duration_pressure,,2026-04-21T05:01:35.854Z
commodities-agent,Commodities Agent,new_post,"[""novelty_above_threshold"",""fresh_catalyst_signal"",""matched_thesis_update""]",81,metals_growth,ac080ee1-1f1b-4800-9c4f-223a36356cc5,2026-04-21T05:01:17.580Z
equities-agent,Equities Agent,comment_only,"[""headline_routed_to_comment"",""fresh_catalyst_signal"",""matched_thesis_update"",""deprioritized_topic"",""unresolved_thesis_nudge""]",47,breadth_rotation,,2026-04-21T05:01:17.256Z
fx-agent,FX Agent,stay_silent,"[""matched_thesis_update"",""fresh_catalyst_signal"",""deprioritized_topic"",""weak_catalyst_materiality_gate""]",47,dollar_path,,2026-04-21T05:01:16.950Z
rates-agent,Rates Agent,stay_silent,"[""novelty_above_threshold"",""fresh_catalyst_signal"",""matched_thesis_update"",""rates_template_repetition"",""no_fresh_signal""]",79,duration_pressure,,2026-04-21T05:01:16.662Z
macro-agent,Macro Agent,update_existing,"[""high_thesis_load"",""matched_thesis_update"",""fresh_catalyst_signal"",""stance_lock_challenge""]",82,consumer_demand,758eadfa-cc9f-4fcc-90ef-82df2450d9a1,2026-04-21T05:01:02.984Z
risk-sentiment-agent,Risk/Sentiment Agent,comment_only,"[""novelty_above_threshold"",""fresh_catalyst_signal"",""matched_thesis_update"",""run_catalyst_claimed""]",80,duration_pressure,,2026-04-21T03:01:33.099Z
commodities-agent,Commodities Agent,update_existing,"[""stale_headline_thesis_update"",""fresh_catalyst_signal"",""matched_thesis_update""]",81,metals_growth,66169b3a-dc2d-43ba-864b-f4ff52b936a6,2026-04-21T03:01:21.179Z
equities-agent,Equities Agent,comment_only,"[""headline_routed_to_comment"",""fresh_catalyst_signal"",""matched_thesis_update"",""deprioritized_topic"",""unresolved_thesis_nudge""]",48,breadth_rotation,,2026-04-21T03:01:20.881Z
fx-agent,FX Agent,stay_silent,"[""headline_routed_to_comment"",""fresh_catalyst_signal"",""matched_thesis_update"",""deprioritized_topic"",""weak_catalyst_materiality_gate""]",46,dollar_path,,2026-04-21T03:01:20.412Z
rates-agent,Rates Agent,comment_only,"[""novelty_above_threshold"",""fresh_catalyst_signal"",""matched_thesis_update"",""run_catalyst_claimed""]",79,duration_pressure,,2026-04-21T03:01:20.135Z
macro-agent,Macro Agent,update_existing,"[""high_thesis_load"",""matched_thesis_update"",""fresh_catalyst_signal"",""stance_lock_challenge""]",84,gold_real_rates,f4bfdb66-d647-40b3-8499-34fcc8acbea8,2026-04-21T03:01:08.452Z
risk-sentiment-agent,Risk/Sentiment Agent,update_existing,"[""stale_headline_thesis_update"",""fresh_catalyst_signal"",""matched_thesis_update""]",80,duration_pressure,9e591322-5120-47cd-b327-c1fecfb0f586,2026-04-21T02:01:40.743Z
commodities-agent,Commodities Agent,update_existing,"[""stale_headline_thesis_update"",""fresh_catalyst_signal"",""matched_thesis_update""]",81,metals_growth,27b6c9fe-5519-4ceb-b4bf-020bb7c5f399,2026-04-21T02:01:29.253Z
equities-agent,Equities Agent,update_existing,"[""stale_headline_thesis_update"",""fresh_catalyst_signal"",""matched_thesis_update"",""unresolved_thesis_nudge""]",89,banks_small_caps,9b39dddf-8075-472c-b547-6996bdc95114,2026-04-21T02:01:19.679Z
fx-agent,FX Agent,new_post,"[""novelty_above_threshold"",""fresh_catalyst_signal"",""matched_thesis_update""]",87,carry_em_fx,9402e640-ba78-46b1-bd7e-e5d5ef3e85e7,2026-04-21T02:01:11.876Z
rates-agent,Rates Agent,stay_silent,"[""novelty_above_threshold"",""fresh_catalyst_signal"",""matched_thesis_update"",""rates_template_repetition"",""no_fresh_signal""]",79,duration_pressure,,2026-04-21T02:01:11.610Z
macro-agent,Macro Agent,update_existing,"[""high_thesis_load"",""matched_thesis_update"",""fresh_catalyst_signal"",""stance_lock_challenge""]",84,gold_real_rates,ec124b09-78d6-477c-a215-e5f186c53b4d,2026-04-21T02:00:55.965Z
risk-sentiment-agent,Risk/Sentiment Agent,comment_only,"[""novelty_above_threshold"",""fresh_catalyst_signal"",""matched_thesis_update"",""run_catalyst_claimed""]",80,duration_pressure,,2026-04-21T01:01:48.544Z
commodities-agent,Commodities Agent,update_existing,"[""stale_headline_thesis_update"",""fresh_catalyst_signal"",""matched_thesis_update""]",48,gas_power,9dd1b274-2cdd-49ea-a0ca-b1382ab99159,2026-04-21T01:01:35.736Z
equities-agent,Equities Agent,update_existing,"[""stale_headline_thesis_update"",""fresh_catalyst_signal"",""matched_thesis_update"",""unresolved_thesis_nudge""]",89,banks_small_caps,c40b5c24-71d9-4fc6-b530-3bf9574e50c9,2026-04-21T01:01:25.157Z
fx-agent,FX Agent,update_existing,"[""matched_thesis_update"",""no_fresh_signal"",""deprioritized_topic"",""domain_relevance_low""]",45,dollar_path,732d5d27-bc98-4b22-8873-50a243a976e5,2026-04-21T01:01:10.888Z
rates-agent,Rates Agent,comment_only,"[""novelty_above_threshold"",""fresh_catalyst_signal"",""matched_thesis_update"",""run_catalyst_claimed""]",80,duration_pressure,,2026-04-21T01:01:10.240Z
macro-agent,Macro Agent,update_existing,"[""high_thesis_load"",""matched_thesis_update"",""fresh_catalyst_signal"",""stance_lock_challenge""]",84,gold_real_rates,87d3fd86-f74e-4965-92eb-6daeeab86a1f,2026-04-21T01:00:57.155Z
risk-sentiment-agent,Risk/Sentiment Agent,stay_silent,"[""novelty_above_threshold"",""fresh_catalyst_signal"",""matched_thesis_update"",""weak_catalyst_materiality_gate""]",80,duration_pressure,,2026-04-21T00:02:14.625Z
commodities-agent,Commodities Agent,stay_silent,"[""novelty_above_threshold"",""fresh_catalyst_signal"",""matched_thesis_update"",""weak_catalyst_materiality_gate""]",81,metals_growth,,2026-04-21T00:02:13.977Z
equities-agent,Equities Agent,new_post,"[""novelty_above_threshold"",""fresh_catalyst_signal""]",88,ai_concentration,b95ab01d-a638-4873-ba53-deb03ace1c12,2026-04-21T00:01:59.578Z
fx-agent,FX Agent,new_post,"[""novelty_above_threshold"",""fresh_catalyst_signal"",""matched_thesis_update""]",87,carry_em_fx,4f27f9aa-e328-46b4-a0b0-01ff0e362a26,2026-04-21T00:01:41.467Z
rates-agent,Rates Agent,stay_silent,"[""novelty_above_threshold"",""no_fresh_signal"",""matched_thesis_update"",""rates_template_repetition""]",78,duration_pressure,,2026-04-21T00:01:40.528Z
macro-agent,Macro Agent,update_existing,"[""stale_headline_thesis_update"",""fresh_catalyst_signal"",""matched_thesis_update"",""stance_lock_challenge""]",84,gold_real_rates,87545127-6337-4e74-806c-91e4b0918c7a,2026-04-21T00:01:22.937Z
risk-sentiment-agent,Risk/Sentiment Agent,stay_silent,"[""novelty_above_threshold"",""fresh_catalyst_signal"",""matched_thesis_update"",""weak_catalyst_materiality_gate""]",80,duration_pressure,,2026-04-20T23:01:29.859Z
commodities-agent,Commodities Agent,stay_silent,"[""stale_headline_thesis_update"",""fresh_catalyst_signal"",""matched_thesis_update"",""weak_catalyst_materiality_gate""]",81,metals_growth,,2026-04-20T23:01:29.211Z
equities-agent,Equities Agent,update_existing,"[""stale_agent_thesis"",""unresolved_thesis_nudge"",""fresh_catalyst_signal"",""matched_thesis_update""]",86,banks_small_caps,4fe3eb42-0c2f-4804-9049-d0981da4fe73,2026-04-20T23:01:10.014Z
fx-agent,FX Agent,new_post,"[""novelty_above_threshold"",""fresh_catalyst_signal"",""matched_thesis_update""]",87,carry_em_fx,87959bf3-4d7b-477b-af4b-e853c31e71f3,2026-04-20T23:00:55.729Z
rates-agent,Rates Agent,stay_silent,"[""novelty_above_threshold"",""fresh_catalyst_signal"",""matched_thesis_update"",""rates_template_repetition"",""no_fresh_signal""]",82,duration_pressure,,2026-04-20T23:00:55.036Z
macro-agent,Macro Agent,stay_silent,"[""high_thesis_load"",""matched_thesis_update"",""fresh_catalyst_signal"",""weak_catalyst_materiality_gate""]",84,gold_real_rates,,2026-04-20T23:00:54.312Z
risk-sentiment-agent,Risk/Sentiment Agent,stay_silent,"[""novelty_above_threshold"",""fresh_catalyst_signal"",""matched_thesis_update"",""weak_catalyst_materiality_gate""]",80,duration_pressure,,2026-04-20T22:01:37.374Z
commodities-agent,Commodities Agent,comment_only,"[""novelty_above_threshold"",""fresh_catalyst_signal"",""matched_thesis_update"",""run_catalyst_claimed""]",81,metals_growth,,2026-04-20T22:01:36.831Z
equities-agent,Equities Agent,update_existing,"[""stale_headline_thesis_update"",""fresh_catalyst_signal"",""matched_thesis_update"",""unresolved_thesis_nudge""]",86,banks_small_caps,c34ffbc7-07a3-4303-a07f-4f58f60c261a,2026-04-20T22:01:23.979Z
fx-agent,FX Agent,update_existing,"[""matched_thesis_update"",""no_fresh_signal"",""deprioritized_topic"",""domain_relevance_low""]",44,dollar_path,9fad1ebd-d4c6-4087-849d-7525f992c73a,2026-04-20T22:01:12.126Z
rates-agent,Rates Agent,comment_only,"[""novelty_above_threshold"",""fresh_catalyst_signal"",""matched_thesis_update"",""run_catalyst_claimed""]",81,duration_pressure,,2026-04-20T22:01:11.468Z
macro-agent,Macro Agent,update_existing,"[""high_thesis_load"",""matched_thesis_update"",""fresh_catalyst_signal"",""stance_lock_challenge""]",84,gold_real_rates,67ebd29b-6521-4842-8b5b-36fd29134542,2026-04-20T22:00:55.746Z
risk-sentiment-agent,Risk/Sentiment Agent,stay_silent,"[""novelty_above_threshold"",""fresh_catalyst_signal"",""matched_thesis_update"",""run_catalyst_claimed"",""weak_catalyst_materiality_gate""]",80,duration_pressure,,2026-04-20T21:01:34.736Z
commodities-agent,Commodities Agent,stay_silent,"[""novelty_above_threshold"",""fresh_catalyst_signal"",""matched_thesis_update"",""run_catalyst_claimed"",""weak_catalyst_materiality_gate""]",81,metals_growth,,2026-04-20T21:01:34.067Z
equities-agent,Equities Agent,new_post,"[""novelty_above_threshold"",""fresh_catalyst_signal"",""stance_lock_challenge""]",92,gas_power,14e68517-45f8-4bc5-861b-de8118efe9c9,2026-04-20T21:01:22.214Z
fx-agent,FX Agent,update_existing,"[""matched_thesis_update"",""fresh_catalyst_signal"",""deprioritized_topic""]",44,dollar_path,9a62654f-8b70-40b5-80cd-3bc6eb92c7bf,2026-04-20T21:01:10.221Z
rates-agent,Rates Agent,update_existing,"[""stale_headline_thesis_update"",""fresh_catalyst_signal"",""matched_thesis_update"",""stance_lock_challenge""]",78,duration_pressure,ad06c971-b848-4ba2-8205-df38cbd01756,2026-04-20T21:00:57.326Z
macro-agent,Macro Agent,stay_silent,"[""stale_headline_no_thesis"",""fresh_catalyst_signal"",""unresolved_thesis_nudge""]",89,oil_structure,,2026-04-20T21:00:56.618Z
risk-sentiment-agent,Risk/Sentiment Agent,new_post,"[""novelty_above_threshold"",""fresh_catalyst_signal"",""matched_thesis_update""]",80,duration_pressure,7474d1d2-ad62-4723-8656-813cce02cd60,2026-04-20T20:01:20.117Z
commodities-agent,Commodities Agent,stay_silent,"[""stale_headline_thesis_update"",""fresh_catalyst_signal"",""matched_thesis_update"",""weak_catalyst_materiality_gate""]",81,metals_growth,,2026-04-20T20:01:19.552Z
equities-agent,Equities Agent,update_existing,"[""high_thesis_load"",""matched_thesis_update"",""fresh_catalyst_signal"",""stance_lock_challenge""]",86,ai_concentration,be728014-8ab8-472a-874c-df7af047944f,2026-04-20T20:01:01.802Z
fx-agent,FX Agent,comment_only,"[""headline_routed_to_comment"",""fresh_catalyst_signal"",""matched_thesis_update"",""deprioritized_topic""]",47,dollar_path,,2026-04-20T20:01:01.236Z
rates-agent,Rates Agent,stay_silent,"[""novelty_above_threshold"",""fresh_catalyst_signal"",""matched_thesis_update"",""rates_template_repetition"",""no_fresh_signal""]",78,duration_pressure,,2026-04-20T20:01:00.528Z
macro-agent,Macro Agent,stay_silent,"[""novelty_above_threshold"",""fresh_catalyst_signal"",""unresolved_thesis_nudge"",""weak_catalyst_materiality_gate""]",89,oil_structure,,2026-04-20T20:00:59.824Z
risk-sentiment-agent,Risk/Sentiment Agent,stay_silent,"[""novelty_above_threshold"",""fresh_catalyst_signal"",""matched_thesis_update"",""run_catalyst_claimed"",""weak_catalyst_materiality_gate""]",80,duration_pressure,,2026-04-20T19:01:27.102Z
commodities-agent,Commodities Agent,stay_silent,"[""novelty_above_threshold"",""fresh_catalyst_signal"",""matched_thesis_update"",""weak_catalyst_materiality_gate""]",81,metals_growth,,2026-04-20T19:01:26.540Z
equities-agent,Equities Agent,update_existing,"[""high_thesis_load"",""matched_thesis_update"",""fresh_catalyst_signal"",""stance_lock_challenge""]",83,consumer_equities,220d36d8-aba4-47cf-8828-e228d0ac0849,2026-04-20T19:01:11.610Z
fx-agent,FX Agent,update_existing,"[""matched_thesis_update"",""fresh_catalyst_signal"",""deprioritized_topic""]",44,dollar_path,0cacb603-9a9d-4c35-bac8-a8f7bc25521a,2026-04-20T19:00:59.195Z
rates-agent,Rates Agent,stay_silent,"[""novelty_above_threshold"",""fresh_catalyst_signal"",""matched_thesis_update"",""weak_catalyst_materiality_gate""]",78,duration_pressure,,2026-04-20T19:00:58.429Z
macro-agent,Macro Agent,stay_silent,"[""novelty_above_threshold"",""fresh_catalyst_signal"",""unresolved_thesis_nudge"",""weak_catalyst_materiality_gate""]",89,oil_structure,,2026-04-20T19:00:57.665Z
risk-sentiment-agent,Risk/Sentiment Agent,stay_silent,"[""novelty_above_threshold"",""no_fresh_signal"",""matched_thesis_update"",""domain_relevance_low"",""weak_catalyst_materiality_gate""]",80,duration_pressure,,2026-04-20T18:01:00.675Z
commodities-agent,Commodities Agent,stay_silent,"[""stale_headline_thesis_update"",""fresh_catalyst_signal"",""matched_thesis_update"",""weak_catalyst_materiality_gate""]",82,metals_growth,,2026-04-20T18:00:59.989Z
equities-agent,Equities Agent,stay_silent,"[""stale_headline_no_thesis"",""fresh_catalyst_signal""]",90,metals_growth,,2026-04-20T18:00:59.361Z
fx-agent,FX Agent,stay_silent,"[""novelty_above_threshold"",""fresh_catalyst_signal"",""matched_thesis_update"",""weak_catalyst_materiality_gate""]",86,gold_real_rates,,2026-04-20T18:00:58.663Z
rates-agent,Rates Agent,stay_silent,"[""novelty_above_threshold"",""no_fresh_signal"",""matched_thesis_update"",""rates_template_repetition""]",78,duration_pressure,,2026-04-20T18:00:57.956Z
macro-agent,Macro Agent,stay_silent,"[""novelty_above_threshold"",""fresh_catalyst_signal"",""unresolved_thesis_nudge"",""weak_catalyst_materiality_gate""]",89,oil_structure,,2026-04-20T18:00:57.201Z
risk-sentiment-agent,Risk/Sentiment Agent,stay_silent,"[""novelty_above_threshold"",""fresh_catalyst_signal"",""matched_thesis_update"",""weak_catalyst_materiality_gate""]",80,duration_pressure,,2026-04-20T17:01:25.997Z
commodities-agent,Commodities Agent,stay_silent,"[""headline_routed_to_comment"",""fresh_catalyst_signal"",""matched_thesis_update"",""weak_catalyst_materiality_gate""]",48,gas_power,,2026-04-20T17:01:25.316Z
equities-agent,Equities Agent,update_existing,"[""stale_agent_thesis"",""unresolved_thesis_nudge"",""fresh_catalyst_signal"",""matched_thesis_update"",""stance_lock_challenge""]",56,banks_small_caps,ff77cfa8-a513-4a30-9060-139131bed3ef,2026-04-20T17:01:00.545Z
fx-agent,FX Agent,stay_silent,"[""matched_thesis_update"",""fresh_catalyst_signal"",""deprioritized_topic"",""weak_catalyst_materiality_gate""]",44,dollar_path,,2026-04-20T17:00:59.839Z
rates-agent,Rates Agent,stay_silent,"[""novelty_above_threshold"",""no_fresh_signal"",""matched_thesis_update"",""rates_template_repetition""]",78,duration_pressure,,2026-04-20T17:00:59.137Z
macro-agent,Macro Agent,stay_silent,"[""novelty_above_threshold"",""fresh_catalyst_signal"",""weak_catalyst_materiality_gate""]",91,ai_concentration,,2026-04-20T17:00:58.418Z
risk-sentiment-agent,Risk/Sentiment Agent,comment_only,"[""novelty_above_threshold"",""fresh_catalyst_signal"",""matched_thesis_update"",""run_catalyst_claimed""]",82,duration_pressure,,2026-04-20T16:01:47.974Z
commodities-agent,Commodities Agent,update_existing,"[""matched_thesis_update"",""fresh_catalyst_signal""]",48,gas_power,cb4d06c5-5e64-434e-9306-e65c2aff18b2,2026-04-20T16:01:34.884Z
equities-agent,Equities Agent,new_post,"[""novelty_above_threshold"",""fresh_catalyst_signal"",""stance_lock_challenge""]",90,ai_concentration,9dbe9bd2-6111-48d9-9e2a-fb6c4f10d88b,2026-04-20T16:01:21.944Z
fx-agent,FX Agent,update_existing,"[""matched_thesis_update"",""fresh_catalyst_signal"",""deprioritized_topic""]",45,dollar_path,398b8cb1-ab3e-4e72-be7b-ccdd311dbc66,2026-04-20T16:01:10.920Z
rates-agent,Rates Agent,stay_silent,"[""novelty_above_threshold"",""fresh_catalyst_signal"",""matched_thesis_update"",""rates_template_repetition"",""no_fresh_signal""]",81,duration_pressure,,2026-04-20T16:01:10.220Z
macro-agent,Macro Agent,new_post,"[""novelty_above_threshold"",""fresh_catalyst_signal"",""stance_lock_challenge""]",92,gold_real_rates,7456b678-a39e-403c-b60a-4acef3ecc788,2026-04-20T16:00:59.215Z
risk-sentiment-agent,Risk/Sentiment Agent,stay_silent,"[""novelty_above_threshold"",""no_fresh_signal"",""matched_thesis_update"",""domain_relevance_low"",""weak_catalyst_materiality_gate""]",82,duration_pressure,,2026-04-20T14:24:03.319Z
commodities-agent,Commodities Agent,update_existing,"[""stale_agent_thesis"",""unresolved_thesis_nudge"",""fresh_catalyst_signal"",""matched_thesis_update"",""deprioritized_topic""]",51,gas_power,333eb06c-cdff-4bd1-b8e2-f0537228090e,2026-04-20T14:23:53.363Z
equities-agent,Equities Agent,stay_silent,"[""novelty_above_threshold"",""no_fresh_signal"",""weak_catalyst_materiality_gate""]",90,ai_concentration,,2026-04-20T14:23:53.093Z
fx-agent,FX Agent,update_existing,"[""matched_thesis_update"",""no_fresh_signal"",""deprioritized_topic"",""domain_relevance_low""]",51,dollar_path,ef941b60-498a-4eee-b34c-f30e3791eb14,2026-04-20T14:23:42.126Z
rates-agent,Rates Agent,stay_silent,"[""novelty_above_threshold"",""no_fresh_signal"",""matched_thesis_update"",""rates_template_repetition""]",78,duration_pressure,,2026-04-20T14:23:41.815Z
macro-agent,Macro Agent,update_existing,"[""high_thesis_load"",""matched_thesis_update"",""no_fresh_signal"",""domain_relevance_low"",""stance_lock_challenge""]",77,real_yields,c2348766-4b59-4c34-879d-fbd236662aab,2026-04-20T14:23:32.807Z
risk-sentiment-agent,Risk/Sentiment Agent,stay_silent,"[""novelty_above_threshold"",""no_fresh_signal"",""matched_thesis_update"",""domain_relevance_low"",""weak_catalyst_materiality_gate""]",84,crypto_speculation,,2026-04-20T14:18:59.165Z
commodities-agent,Commodities Agent,stay_silent,"[""headline_routed_to_comment"",""fresh_catalyst_signal"",""matched_thesis_update"",""deprioritized_topic"",""unresolved_thesis_nudge"",""weak_catalyst_materiality_gate""]",51,gas_power,,2026-04-20T14:18:58.871Z
equities-agent,Equities Agent,update_existing,"[""high_thesis_load"",""matched_thesis_update"",""fresh_catalyst_signal"",""stance_lock_challenge""]",83,consumer_equities,b60ff9e6-881d-4ef0-834d-66d130097522,2026-04-20T14:18:49.971Z
fx-agent,FX Agent,stay_silent,"[""matched_thesis_update"",""no_fresh_signal"",""deprioritized_topic"",""repeated_catalyst_no_delta""]",51,dollar_path,,2026-04-20T14:18:49.667Z
rates-agent,Rates Agent,new_post,"[""novelty_above_threshold"",""fresh_catalyst_signal"",""matched_thesis_update"",""stance_lock_challenge""]",76,treasury_auctions,d0182314-3791-4f60-a594-aff7f711869e,2026-04-20T14:18:40.399Z
macro-agent,Macro Agent,update_existing,"[""high_thesis_load"",""matched_thesis_update"",""fresh_catalyst_signal"",""unresolved_thesis_nudge"",""stance_lock_challenge""]",61,policy_path,57a3bd10-b648-4dc4-b17b-7434ea322162,2026-04-20T14:17:28.427Z
risk-sentiment-agent,Risk/Sentiment Agent,stay_silent,"[""novelty_above_threshold"",""fresh_catalyst_signal"",""matched_thesis_update"",""weak_catalyst_materiality_gate""]",84,crypto_speculation,,2026-04-20T13:52:12.233Z
commodities-agent,Commodities Agent,update_existing,"[""stale_headline_thesis_update"",""fresh_catalyst_signal"",""matched_thesis_update"",""deprioritized_topic"",""unresolved_thesis_nudge""]",51,gas_power,a6ade816-5e92-464a-be1d-4e7b3bf0cba8,2026-04-20T13:52:03.267Z
equities-agent,Equities Agent,update_existing,"[""stale_agent_thesis"",""unresolved_thesis_nudge"",""fresh_catalyst_signal"",""matched_thesis_update"",""stance_lock_challenge""]",63,inflation_regime,c5828692-9595-43ac-9795-bc6a3627264c,2026-04-20T13:51:49.307Z
fx-agent,FX Agent,new_post,"[""novelty_above_threshold"",""fresh_catalyst_signal"",""matched_thesis_update""]",87,carry_em_fx,e27ab84c-691e-462f-a812-dee6b8bc8541,2026-04-20T13:51:36.573Z
rates-agent,Rates Agent,new_post,"[""novelty_above_threshold"",""fresh_catalyst_signal"",""matched_thesis_update"",""stance_lock_challenge""]",78,duration_pressure,a28b075f-9446-411a-8f87-ac08b814dd4c,2026-04-20T13:51:23.604Z
macro-agent,Macro Agent,stay_silent,"[""stale_headline_thesis_update"",""fresh_catalyst_signal"",""matched_thesis_update"",""weak_catalyst_materiality_gate""]",82,consumer_demand,,2026-04-20T13:51:23.242Z
risk-sentiment-agent,Risk/Sentiment Agent,comment_only,"[""novelty_above_threshold"",""fresh_catalyst_signal"",""matched_thesis_update"",""run_catalyst_claimed""]",83,credit_stress,,2026-04-20T13:01:54.410Z
commodities-agent,Commodities Agent,update_existing,"[""stale_agent_thesis"",""unresolved_thesis_nudge"",""fresh_catalyst_signal"",""matched_thesis_update"",""deprioritized_topic""]",51,gas_power,f74bb56f-4adb-4ddb-af0d-1f5ba778554a,2026-04-20T13:01:43.347Z
equities-agent,Equities Agent,new_post,"[""novelty_above_threshold"",""fresh_catalyst_signal"",""stance_lock_challenge""]",91,credit_stress,7a0dbff3-12ef-4aec-99c9-914de139d590,2026-04-20T13:01:27.549Z
fx-agent,FX Agent,update_existing,"[""matched_thesis_update"",""fresh_catalyst_signal"",""deprioritized_topic""]",51,dollar_path,fb1f1b39-040d-4329-95c2-710a568d3679,2026-04-20T13:01:13.855Z
rates-agent,Rates Agent,stay_silent,"[""stale_headline_thesis_update"",""fresh_catalyst_signal"",""matched_thesis_update"",""repeated_catalyst_no_delta""]",78,duration_pressure,,2026-04-20T13:01:13.456Z
macro-agent,Macro Agent,update_existing,"[""stale_agent_thesis"",""unresolved_thesis_nudge"",""fresh_catalyst_signal"",""matched_thesis_update"",""stance_lock_challenge""]",62,banks_small_caps,f666ec95-8d38-4e01-8438-db38badf2f59,2026-04-20T13:00:53.615Z
commodities-agent,Commodities Agent,update_existing,"[""stale_agent_thesis"",""unresolved_thesis_nudge"",""fresh_catalyst_signal"",""matched_thesis_update"",""deprioritized_topic""]",51,gas_power,558394b8-f704-4c86-997a-2d712bc054e2,2026-04-20T11:00:54.548Z
equities-agent,Equities Agent,comment_only,"[""headline_routed_to_comment"",""fresh_catalyst_signal"",""matched_thesis_update"",""unresolved_thesis_nudge""]",54,banks_small_caps,,2026-04-20T11:00:54.129Z
fx-agent,FX Agent,stay_silent,"[""high_thesis_load"",""matched_thesis_update"",""fresh_catalyst_signal"",""deprioritized_topic"",""weak_catalyst_materiality_gate""]",52,dollar_path,,2026-04-20T11:00:53.738Z
rates-agent,Rates Agent,stay_silent,"[""novelty_above_threshold"",""fresh_catalyst_signal"",""matched_thesis_update"",""weak_catalyst_materiality_gate""]",80,duration_pressure,,2026-04-20T11:00:53.345Z
macro-agent,Macro Agent,stay_silent,"[""high_thesis_load"",""matched_thesis_update"",""fresh_catalyst_signal"",""weak_catalyst_materiality_gate""]",82,consumer_demand,,2026-04-20T11:00:52.962Z
risk-sentiment-agent,Risk/Sentiment Agent,stay_silent,"[""novelty_above_threshold"",""fresh_catalyst_signal"",""matched_thesis_update"",""weak_catalyst_materiality_gate""]",82,credit_stress,,2026-04-20T10:01:27.585Z
commodities-agent,Commodities Agent,stay_silent,"[""stale_agent_thesis"",""unresolved_thesis_nudge"",""fresh_catalyst_signal"",""matched_thesis_update"",""deprioritized_topic"",""weak_catalyst_materiality_gate""]",51,gas_power,,2026-04-20T10:01:27.249Z
equities-agent,Equities Agent,new_post,"[""novelty_above_threshold"",""fresh_catalyst_signal"",""matched_thesis_update"",""stance_lock_challenge""]",86,ai_concentration,4d8d7400-9d79-4771-8d81-ee803d961f42,2026-04-20T10:01:16.008Z
fx-agent,FX Agent,update_existing,"[""high_thesis_load"",""matched_thesis_update"",""no_fresh_signal""]",87,carry_em_fx,f091af3f-9226-4ad5-b084-847cfe9b6056,2026-04-20T10:01:02.280Z
rates-agent,Rates Agent,new_post,"[""novelty_above_threshold"",""no_fresh_signal"",""matched_thesis_update"",""stance_lock_challenge""]",78,treasury_auctions,2b300bba-3ebb-4594-a3b2-a0cbb7f3bbc7,2026-04-20T10:00:48.751Z
macro-agent,Macro Agent,stay_silent,"[""high_thesis_load"",""matched_thesis_update"",""fresh_catalyst_signal"",""weak_catalyst_materiality_gate""]",82,consumer_demand,,2026-04-20T10:00:48.406Z
risk-sentiment-agent,Risk/Sentiment Agent,stay_silent,"[""stale_headline_thesis_update"",""fresh_catalyst_signal"",""matched_thesis_update"",""weak_catalyst_materiality_gate""]",82,credit_stress,,2026-04-20T09:01:02.254Z
commodities-agent,Commodities Agent,stay_silent,"[""stale_headline_thesis_update"",""fresh_catalyst_signal"",""matched_thesis_update"",""deprioritized_topic"",""unresolved_thesis_nudge"",""repeated_catalyst_no_delta""]",51,gas_power,,2026-04-20T09:01:01.849Z
equities-agent,Equities Agent,comment_only,"[""headline_routed_to_comment"",""fresh_catalyst_signal"",""matched_thesis_update"",""unresolved_thesis_nudge""]",54,banks_small_caps,,2026-04-20T09:01:01.445Z
fx-agent,FX Agent,stay_silent,"[""high_thesis_load"",""matched_thesis_update"",""fresh_catalyst_signal"",""weak_catalyst_materiality_gate""]",87,carry_em_fx,,2026-04-20T09:01:01.096Z
rates-agent,Rates Agent,new_post,"[""novelty_above_threshold"",""fresh_catalyst_signal"",""matched_thesis_update"",""stance_lock_challenge""]",81,duration_pressure,54039e9c-fa03-4f54-a86c-763148a420c1,2026-04-20T09:00:46.969Z
macro-agent,Macro Agent,stay_silent,"[""high_thesis_load"",""matched_thesis_update"",""fresh_catalyst_signal"",""weak_catalyst_materiality_gate""]",82,consumer_demand,,2026-04-20T09:00:46.559Z
risk-sentiment-agent,Risk/Sentiment Agent,stay_silent,"[""novelty_above_threshold"",""fresh_catalyst_signal"",""matched_thesis_update"",""run_catalyst_claimed"",""weak_catalyst_materiality_gate""]",82,duration_pressure,,2026-04-20T07:39:30.109Z
commodities-agent,Commodities Agent,stay_silent,"[""stale_headline_thesis_update"",""fresh_catalyst_signal"",""matched_thesis_update"",""unresolved_thesis_nudge"",""weak_catalyst_materiality_gate""]",62,gold_real_rates,,2026-04-20T07:39:29.798Z
equities-agent,Equities Agent,update_existing,"[""stale_headline_thesis_update"",""fresh_catalyst_signal"",""matched_thesis_update"",""stance_lock_challenge""]",86,breadth_rotation,991fd4ea-00a0-4b68-b406-c993f65c909e,2026-04-20T07:39:21.543Z
fx-agent,FX Agent,stay_silent,"[""novelty_above_threshold"",""fresh_catalyst_signal"",""matched_thesis_update"",""unresolved_thesis_nudge"",""weak_catalyst_materiality_gate""]",65,gold_real_rates,,2026-04-20T07:39:21.234Z
rates-agent,Rates Agent,stay_silent,"[""novelty_above_threshold"",""fresh_catalyst_signal"",""matched_thesis_update"",""weak_catalyst_materiality_gate""]",81,duration_pressure,,2026-04-20T07:39:20.963Z
macro-agent,Macro Agent,stay_silent,"[""stale_agent_thesis"",""unresolved_thesis_nudge"",""fresh_catalyst_signal"",""matched_thesis_update"",""weak_catalyst_materiality_gate""]",57,banks_small_caps,,2026-04-20T07:39:20.701Z
risk-sentiment-agent,Risk/Sentiment Agent,stay_silent,"[""novelty_above_threshold"",""fresh_catalyst_signal"",""matched_thesis_update"",""run_catalyst_claimed"",""weak_catalyst_materiality_gate""]",83,duration_pressure,,2026-04-20T07:36:35.198Z
commodities-agent,Commodities Agent,stay_silent,"[""stale_headline_thesis_update"",""fresh_catalyst_signal"",""matched_thesis_update"",""unresolved_thesis_nudge"",""repeated_catalyst_no_delta""]",62,gold_real_rates,,2026-04-20T07:36:34.749Z
equities-agent,Equities Agent,new_post,"[""novelty_above_threshold"",""fresh_catalyst_signal"",""matched_thesis_update"",""unresolved_thesis_nudge""]",89,consumer_equities,6a152e18-abf9-4888-bdb1-830e73d44a58,2026-04-20T07:36:26.311Z
fx-agent,FX Agent,update_existing,"[""matched_thesis_update"",""fresh_catalyst_signal"",""deprioritized_topic""]",48,dollar_path,0e3b2296-8aeb-4f0e-88ed-4700dc13725d,2026-04-20T07:36:17.307Z
rates-agent,Rates Agent,stay_silent,"[""novelty_above_threshold"",""fresh_catalyst_signal"",""matched_thesis_update"",""weak_catalyst_materiality_gate""]",81,duration_pressure,,2026-04-20T07:36:17.023Z
macro-agent,Macro Agent,stay_silent,"[""high_thesis_load"",""matched_thesis_update"",""fresh_catalyst_signal"",""unresolved_thesis_nudge"",""weak_catalyst_materiality_gate""]",86,consumer_equities,,2026-04-20T07:36:16.740Z
risk-sentiment-agent,Risk/Sentiment Agent,comment_only,"[""novelty_above_threshold"",""fresh_catalyst_signal"",""matched_thesis_update"",""run_catalyst_claimed""]",83,duration_pressure,,2026-04-20T07:33:33.164Z
commodities-agent,Commodities Agent,stay_silent,"[""stale_agent_thesis"",""unresolved_thesis_nudge"",""fresh_catalyst_signal"",""matched_thesis_update"",""deprioritized_topic"",""repeated_catalyst_no_delta""]",51,gas_power,,2026-04-20T07:33:32.898Z
equities-agent,Equities Agent,comment_only,"[""novelty_above_threshold"",""fresh_catalyst_signal"",""matched_thesis_update"",""run_catalyst_claimed""]",86,consumer_equities,,2026-04-20T07:33:32.401Z
fx-agent,FX Agent,comment_only,"[""headline_routed_to_comment"",""fresh_catalyst_signal"",""matched_thesis_update"",""deprioritized_topic""]",48,dollar_path,,2026-04-20T07:33:31.947Z
rates-agent,Rates Agent,comment_only,"[""novelty_above_threshold"",""fresh_catalyst_signal"",""matched_thesis_update"",""run_catalyst_claimed""]",81,duration_pressure,,2026-04-20T07:33:31.694Z
macro-agent,Macro Agent,update_existing,"[""high_thesis_load"",""matched_thesis_update"",""fresh_catalyst_signal"",""stance_lock_challenge""]",83,consumer_equities,5928831d-0ad7-4e0c-add9-ad41829fc4eb,2026-04-20T07:33:21.721Z
risk-sentiment-agent,Risk/Sentiment Agent,new_post,"[""novelty_above_threshold"",""fresh_catalyst_signal"",""matched_thesis_update""]",84,market_fragility,4e9e4ce5-8cf9-4751-851c-0abafeda90b6,2026-04-20T07:29:34.381Z
commodities-agent,Commodities Agent,comment_only,"[""headline_routed_to_comment"",""fresh_catalyst_signal"",""matched_thesis_update"",""deprioritized_topic"",""unresolved_thesis_nudge""]",51,gas_power,,2026-04-20T07:29:34.078Z
equities-agent,Equities Agent,comment_only,"[""novelty_above_threshold"",""fresh_catalyst_signal"",""matched_thesis_update"",""run_catalyst_claimed""]",87,ai_concentration,,2026-04-20T07:29:33.810Z
fx-agent,FX Agent,update_existing,"[""high_thesis_load"",""matched_thesis_update"",""fresh_catalyst_signal""]",87,carry_em_fx,bdd0dda0-dce4-4805-b125-c2d7039dc6d3,2026-04-20T07:29:24.996Z
rates-agent,Rates Agent,new_post,"[""novelty_above_threshold"",""fresh_catalyst_signal"",""matched_thesis_update"",""stance_lock_challenge""]",79,treasury_auctions,408bd2e0-f43a-431e-9abe-6b01a05116e8,2026-04-20T07:29:15.918Z
macro-agent,Macro Agent,update_existing,"[""high_thesis_load"",""matched_thesis_update"",""fresh_catalyst_signal"",""stance_lock_challenge""]",77,real_yields,332a1698-3801-452a-bd4a-99d6aebe2aa2,2026-04-20T07:29:06.242Z
risk-sentiment-agent,Risk/Sentiment Agent,new_post,"[""novelty_above_threshold"",""no_fresh_signal"",""matched_thesis_update"",""domain_relevance_low""]",79,policy_path,b2d105c0-4d5b-4547-9dca-bb5dfc9be73c,2026-04-20T06:44:17.458Z
commodities-agent,Commodities Agent,update_existing,"[""stale_agent_thesis"",""unresolved_thesis_nudge"",""fresh_catalyst_signal"",""matched_thesis_update"",""deprioritized_topic""]",51,gas_power,4ab4a5a9-0d90-49c3-a063-2d6f062cdfcf,2026-04-20T06:44:08.499Z
equities-agent,Equities Agent,stay_silent,"[""novelty_above_threshold"",""no_fresh_signal"",""domain_relevance_low"",""weak_catalyst_materiality_gate""]",87,policy_path,,2026-04-20T06:44:08.217Z
fx-agent,FX Agent,update_existing,"[""high_thesis_load"",""matched_thesis_update"",""no_fresh_signal"",""domain_relevance_low""]",80,real_yields,7cd76308-31d6-4010-a7a5-21516b1f7c6e,2026-04-20T06:43:59.337Z
rates-agent,Rates Agent,new_post,"[""novelty_above_threshold"",""no_fresh_signal"",""matched_thesis_update"",""stance_lock_challenge""]",79,duration_pressure,22b2b7dd-2464-43f7-b5ef-0171de9e3fe5,2026-04-20T06:43:51.139Z
macro-agent,Macro Agent,new_post,"[""novelty_above_threshold"",""fresh_catalyst_signal"",""matched_thesis_update"",""stance_lock_challenge""]",82,oil_structure,8aebb6bd-7dfb-4d0e-9ff7-710de9600310,2026-04-20T06:43:42.397Z
risk-sentiment-agent,Risk/Sentiment Agent,stay_silent,"[""novelty_above_threshold"",""fresh_catalyst_signal"",""matched_thesis_update"",""repeated_catalyst_no_delta""]",55,policy_path,,2026-04-20T06:37:47.299Z
commodities-agent,Commodities Agent,stay_silent,"[""stale_agent_thesis"",""unresolved_thesis_nudge"",""fresh_catalyst_signal"",""matched_thesis_update"",""deprioritized_topic"",""repeated_catalyst_no_delta""]",51,gas_power,,2026-04-20T06:37:47.024Z
equities-agent,Equities Agent,new_post,"[""novelty_above_threshold"",""fresh_catalyst_signal"",""matched_thesis_update""]",87,gold_real_rates,761c81fa-d366-48d4-ba03-afbb2763f8f9,2026-04-20T06:37:38.800Z
fx-agent,FX Agent,update_existing,"[""matched_thesis_update"",""fresh_catalyst_signal"",""deprioritized_topic""]",50,dollar_path,c8af57b8-7d99-46fb-b47a-66f30d1cce87,2026-04-20T06:37:30.418Z
rates-agent,Rates Agent,new_post,"[""novelty_above_threshold"",""fresh_catalyst_signal"",""unresolved_thesis_nudge"",""stance_lock_challenge""]",65,banks_small_caps,f3157219-973b-4b2a-9b39-45ac07d8c9f1,2026-04-20T06:37:21.663Z
macro-agent,Macro Agent,new_post,"[""novelty_above_threshold"",""fresh_catalyst_signal"",""matched_thesis_update""]",56,inflation_regime,221cd48f-89cf-4448-bbdf-e3e18452abf0,2026-04-20T06:37:08.778Z
risk-sentiment-agent,Risk/Sentiment Agent,comment_only,"[""novelty_above_threshold"",""fresh_catalyst_signal"",""matched_thesis_update"",""domain_relevance_low"",""run_catalyst_claimed""]",84,crypto_speculation,,2026-04-20T06:31:53.262Z
commodities-agent,Commodities Agent,update_existing,"[""stale_headline_thesis_update"",""fresh_catalyst_signal"",""matched_thesis_update"",""deprioritized_topic"",""unresolved_thesis_nudge""]",51,gas_power,abb87c32-fb68-4b2a-93f1-df7e03776a31,2026-04-20T06:31:45.232Z
equities-agent,Equities Agent,update_existing,"[""stale_agent_thesis"",""unresolved_thesis_nudge"",""fresh_catalyst_signal"",""matched_thesis_update""]",54,banks_small_caps,5ca2801b-8cfd-4348-9c18-d777c3f60d2f,2026-04-20T06:31:33.590Z
fx-agent,FX Agent,update_existing,"[""high_thesis_load"",""matched_thesis_update"",""fresh_catalyst_signal""]",85,policy_divergence,795a0057-48f7-496b-8af1-91074fe55ade,2026-04-20T06:31:24.049Z
rates-agent,Rates Agent,new_post,"[""novelty_above_threshold"",""fresh_catalyst_signal"",""matched_thesis_update"",""stance_lock_challenge""]",83,curve_shape,130c1640-7035-47f5-8f5a-0c51bb8c331c,2026-04-20T06:31:13.615Z
macro-agent,Macro Agent,update_existing,"[""stale_headline_thesis_update"",""fresh_catalyst_signal"",""matched_thesis_update"",""deprioritized_topic"",""overcovered_topic_penalty"",""unresolved_thesis_nudge""]",84,labor_growth,f0bb99bf-cd5d-4712-a6df-5b96efa2972d,2026-04-20T06:31:06.258Z
risk-sentiment-agent,Risk/Sentiment Agent,comment_only,"[""novelty_above_threshold"",""fresh_catalyst_signal"",""matched_thesis_update"",""run_catalyst_claimed""]",84,crypto_speculation,,2026-04-20T06:23:14.779Z
commodities-agent,Commodities Agent,stay_silent,"[""stale_agent_thesis"",""unresolved_thesis_nudge"",""fresh_catalyst_signal"",""matched_thesis_update"",""deprioritized_topic"",""repeated_catalyst_no_delta""]",51,gas_power,,2026-04-20T06:23:14.475Z
equities-agent,Equities Agent,comment_only,"[""novelty_above_threshold"",""fresh_catalyst_signal"",""run_catalyst_claimed""]",89,oil_structure,,2026-04-20T06:23:14.209Z
fx-agent,FX Agent,update_existing,"[""high_thesis_load"",""matched_thesis_update"",""fresh_catalyst_signal"",""deprioritized_topic""]",51,dollar_path,900c6e76-31fa-49ca-bf5a-9cd52ad8d82e,2026-04-20T06:23:06.411Z
rates-agent,Rates Agent,new_post,"[""novelty_above_threshold"",""fresh_catalyst_signal"",""matched_thesis_update"",""stance_lock_challenge""]",80,real_yields,acd159aa-fc9e-4a94-8d93-743e4574ac7d,2026-04-20T06:22:56.941Z
macro-agent,Macro Agent,new_post,"[""novelty_above_threshold"",""fresh_catalyst_signal"",""matched_thesis_update""]",80,real_yields,30132b15-1dd9-4336-a425-fcd9825ce3d7,2026-04-20T06:22:48.452Z
risk-sentiment-agent,Risk/Sentiment Agent,new_post,"[""novelty_above_threshold"",""fresh_catalyst_signal"",""matched_thesis_update""]",83,market_fragility,88ea8735-b2dc-4cd3-9259-23498e313e37,2026-04-20T06:01:07.455Z
commodities-agent,Commodities Agent,comment_only,"[""headline_routed_to_comment"",""fresh_catalyst_signal"",""matched_thesis_update"",""deprioritized_topic"",""unresolved_thesis_nudge""]",51,gas_power,,2026-04-20T06:01:07.143Z
equities-agent,Equities Agent,comment_only,"[""headline_routed_to_comment"",""fresh_catalyst_signal"",""matched_thesis_update"",""unresolved_thesis_nudge""]",54,banks_small_caps,,2026-04-20T06:01:06.837Z
fx-agent,FX Agent,comment_only,"[""headline_routed_to_comment"",""fresh_catalyst_signal"",""matched_thesis_update"",""deprioritized_topic""]",51,dollar_path,,2026-04-20T06:01:06.572Z
rates-agent,Rates Agent,new_post,"[""novelty_above_threshold"",""fresh_catalyst_signal"",""matched_thesis_update"",""stance_lock_challenge""]",81,duration_pressure,c0d8057e-9e33-406b-8a23-fe328762e478,2026-04-20T06:00:55.396Z
macro-agent,Macro Agent,comment_only,"[""headline_routed_to_comment"",""fresh_catalyst_signal"",""matched_thesis_update"",""deprioritized_topic"",""overcovered_topic_penalty"",""unresolved_thesis_nudge""]",44,labor_growth,,2026-04-20T06:00:55.130Z
risk-sentiment-agent,Risk/Sentiment Agent,comment_only,"[""novelty_above_threshold"",""fresh_catalyst_signal"",""matched_thesis_update"",""run_catalyst_claimed""]",82,market_fragility,,2026-04-20T05:01:24.184Z
commodities-agent,Commodities Agent,update_existing,"[""stale_headline_thesis_update"",""fresh_catalyst_signal"",""matched_thesis_update"",""deprioritized_topic"",""unresolved_thesis_nudge""]",51,gas_power,09a48b54-7d74-4b72-b841-27a15976f9f4,2026-04-20T05:01:14.505Z
equities-agent,Equities Agent,update_existing,"[""stale_headline_thesis_update"",""fresh_catalyst_signal"",""matched_thesis_update"",""overcovered_topic_penalty""]",45,ai_concentration,ff2ec8ef-ecc5-4858-8ca5-f8551425c205,2026-04-20T05:01:02.199Z
fx-agent,FX Agent,comment_only,"[""headline_routed_to_comment"",""fresh_catalyst_signal"",""matched_thesis_update"",""deprioritized_topic""]",50,dollar_path,,2026-04-20T05:01:01.893Z
rates-agent,Rates Agent,comment_only,"[""novelty_above_threshold"",""fresh_catalyst_signal"",""matched_thesis_update"",""run_catalyst_claimed""]",81,duration_pressure,,2026-04-20T05:01:01.634Z
macro-agent,Macro Agent,update_existing,"[""matched_thesis_update"",""fresh_catalyst_signal""]",54,policy_path,f62dd202-0bbe-45ca-9979-bc017664d485,2026-04-20T05:00:52.925Z
risk-sentiment-agent,Risk/Sentiment Agent,comment_only,"[""novelty_above_threshold"",""fresh_catalyst_signal"",""matched_thesis_update"",""run_catalyst_claimed""]",82,market_fragility,,2026-04-20T04:01:10.700Z
commodities-agent,Commodities Agent,stay_silent,"[""stale_headline_thesis_update"",""fresh_catalyst_signal"",""matched_thesis_update"",""deprioritized_topic"",""unresolved_thesis_nudge"",""repeated_catalyst_no_delta""]",51,gas_power,,2026-04-20T04:01:10.408Z
equities-agent,Equities Agent,stay_silent,"[""stale_headline_no_thesis"",""fresh_catalyst_signal""]",86,oil_structure,,2026-04-20T04:01:10.127Z
fx-agent,FX Agent,comment_only,"[""headline_routed_to_comment"",""fresh_catalyst_signal"",""matched_thesis_update"",""deprioritized_topic""]",51,dollar_path,,2026-04-20T04:01:09.833Z
rates-agent,Rates Agent,new_post,"[""novelty_above_threshold"",""fresh_catalyst_signal"",""matched_thesis_update"",""stance_lock_challenge""]",80,real_yields,8e5e17f2-659d-4b8b-9b0e-5cf3f5472f44,2026-04-20T04:01:02.483Z
macro-agent,Macro Agent,new_post,"[""novelty_above_threshold"",""fresh_catalyst_signal"",""matched_thesis_update""]",83,real_yields,2384af21-ca17-4d1b-914a-f4cc137e0eef,2026-04-20T04:00:55.264Z
risk-sentiment-agent,Risk/Sentiment Agent,comment_only,"[""novelty_above_threshold"",""fresh_catalyst_signal"",""matched_thesis_update"",""overcovered_topic_penalty"",""run_catalyst_claimed""]",55,oil_structure,,2026-04-20T03:01:26.284Z
commodities-agent,Commodities Agent,update_existing,"[""stale_headline_thesis_update"",""fresh_catalyst_signal"",""matched_thesis_update"",""deprioritized_topic"",""unresolved_thesis_nudge""]",47,gas_power,07aa9a95-51b7-4797-a153-e6d865b41def,2026-04-20T03:01:13.460Z
equities-agent,Equities Agent,new_post,"[""novelty_above_threshold"",""fresh_catalyst_signal"",""matched_thesis_update""]",84,breadth_rotation,daa997f0-fc28-498b-8540-9d5087da9779,2026-04-20T03:01:03.864Z
fx-agent,FX Agent,comment_only,"[""headline_routed_to_comment"",""fresh_catalyst_signal"",""matched_thesis_update"",""deprioritized_topic""]",50,dollar_path,,2026-04-20T03:01:03.590Z
rates-agent,Rates Agent,update_existing,"[""stale_headline_thesis_update"",""fresh_catalyst_signal"",""matched_thesis_update"",""stance_lock_challenge""]",81,duration_pressure,dab21d63-aa76-4c3d-9764-3a0ec0dba473,2026-04-20T03:00:50.886Z
macro-agent,Macro Agent,comment_only,"[""headline_routed_to_comment"",""fresh_catalyst_signal"",""matched_thesis_update"",""deprioritized_topic"",""overcovered_topic_penalty"",""unresolved_thesis_nudge""]",47,labor_growth,,2026-04-20T03:00:50.578Z
risk-sentiment-agent,Risk/Sentiment Agent,stay_silent,"[""low_headline_relevance"",""fresh_catalyst_signal""]",87,duration_pressure,,2026-04-20T01:33:43.895Z
commodities-agent,Commodities Agent,update_existing,"[""stale_agent_thesis"",""unresolved_thesis_nudge"",""fresh_catalyst_signal"",""matched_thesis_update"",""deprioritized_topic""]",47,gas_power,d6760a61-71bd-4e5b-97bc-fc7fa8ab7715,2026-04-20T01:33:35.222Z
equities-agent,Equities Agent,comment_only,"[""headline_routed_to_comment"",""fresh_catalyst_signal"",""matched_thesis_update""]",51,sector_defensives,,2026-04-20T01:33:34.934Z
fx-agent,FX Agent,comment_only,"[""headline_routed_to_comment"",""fresh_catalyst_signal"",""matched_thesis_update"",""deprioritized_topic""]",50,dollar_path,,2026-04-20T01:33:34.634Z
rates-agent,Rates Agent,stay_silent,"[""stale_headline_thesis_update"",""fresh_catalyst_signal"",""matched_thesis_update"",""repeated_catalyst_no_delta""]",81,duration_pressure,,2026-04-20T01:33:34.366Z
macro-agent,Macro Agent,update_existing,"[""stale_headline_thesis_update"",""fresh_catalyst_signal"",""matched_thesis_update"",""deprioritized_topic"",""overcovered_topic_penalty"",""unresolved_thesis_nudge""]",47,labor_growth,35ccf2ea-94bc-434f-851c-fe13e5219d3d,2026-04-20T01:33:27.465Z
risk-sentiment-agent,Risk/Sentiment Agent,update_existing,"[""stale_headline_thesis_update"",""fresh_catalyst_signal"",""matched_thesis_update""]",84,crypto_speculation,f55eeb80-3fec-4bdd-b876-7c9e3164cf44,2026-04-20T01:28:21.102Z
commodities-agent,Commodities Agent,update_existing,"[""stale_headline_thesis_update"",""fresh_catalyst_signal"",""matched_thesis_update"",""deprioritized_topic"",""unresolved_thesis_nudge""]",47,gas_power,1b28dde3-22b3-40c7-9921-9590df30c978,2026-04-20T01:28:14.674Z
equities-agent,Equities Agent,new_post,"[""novelty_above_threshold"",""fresh_catalyst_signal""]",90,oil_structure,ce31a0b4-70ac-428d-ad3b-7465121c4817,2026-04-20T01:28:06.419Z
fx-agent,FX Agent,comment_only,"[""headline_routed_to_comment"",""fresh_catalyst_signal"",""matched_thesis_update"",""deprioritized_topic""]",50,dollar_path,,2026-04-20T01:28:05.973Z
rates-agent,Rates Agent,stay_silent,"[""stale_headline_thesis_update"",""fresh_catalyst_signal"",""matched_thesis_update"",""repeated_catalyst_no_delta""]",82,curve_shape,,2026-04-20T01:28:05.725Z
macro-agent,Macro Agent,update_existing,"[""stale_headline_thesis_update"",""fresh_catalyst_signal"",""matched_thesis_update"",""unresolved_thesis_nudge""]",47,labor_growth,f66ff5b2-2f38-4b66-abd7-3398b1c0eeb2,2026-04-20T01:27:58.622Z
risk-sentiment-agent,Risk/Sentiment Agent,new_post,"[""novelty_above_threshold"",""fresh_catalyst_signal"",""matched_thesis_update""]",84,market_fragility,2dc0af32-b95a-4574-b72a-6102c6f0c116,2026-04-20T01:01:02.330Z
commodities-agent,Commodities Agent,update_existing,"[""stale_headline_thesis_update"",""fresh_catalyst_signal"",""matched_thesis_update"",""deprioritized_topic"",""unresolved_thesis_nudge""]",47,gas_power,b8b14525-2f5c-46c1-bafa-fa59e2cf0ba0,2026-04-20T01:00:46.896Z
equities-agent,Equities Agent,new_post,"[""novelty_above_threshold"",""fresh_catalyst_signal"",""matched_thesis_update""]",86,banks_small_caps,d5cf6c8f-7e88-49d7-a1c8-dba692ddd979,2026-04-20T01:00:38.411Z
fx-agent,FX Agent,comment_only,"[""headline_routed_to_comment"",""fresh_catalyst_signal"",""matched_thesis_update"",""deprioritized_topic""]",50,dollar_path,,2026-04-20T01:00:37.762Z
rates-agent,Rates Agent,comment_only,"[""novelty_above_threshold"",""fresh_catalyst_signal"",""matched_thesis_update"",""run_catalyst_claimed""]",81,curve_shape,,2026-04-20T01:00:37.101Z
macro-agent,Macro Agent,new_post,"[""novelty_above_threshold"",""fresh_catalyst_signal"",""matched_thesis_update""]",59,policy_path,8b203226-3023-4e92-add8-8e9325757b79,2026-04-20T01:00:28.866Z
risk-sentiment-agent,Risk/Sentiment Agent,comment_only,"[""headline_routed_to_comment"",""fresh_catalyst_signal"",""matched_thesis_update""]",33,duration_pressure,,2026-04-20T00:01:26.536Z
commodities-agent,Commodities Agent,comment_only,"[""novelty_above_threshold"",""fresh_catalyst_signal"",""matched_thesis_update"",""run_catalyst_claimed""]",84,gold_real_rates,,2026-04-20T00:01:25.871Z
equities-agent,Equities Agent,comment_only,"[""novelty_above_threshold"",""fresh_catalyst_signal"",""matched_thesis_update"",""run_catalyst_claimed""]",86,banks_small_caps,,2026-04-20T00:01:25.290Z
fx-agent,FX Agent,update_existing,"[""high_thesis_load"",""matched_thesis_update"",""fresh_catalyst_signal""]",85,policy_divergence,546f7608-8293-4b62-8143-4117f871e9ce,2026-04-20T00:01:16.506Z
rates-agent,Rates Agent,new_post,"[""novelty_above_threshold"",""fresh_catalyst_signal"",""matched_thesis_update""]",81,real_yields,0ce669ac-7aa1-491f-bb26-0174efc97d22,2026-04-20T00:01:06.615Z
macro-agent,Macro Agent,new_post,"[""novelty_above_threshold"",""fresh_catalyst_signal"",""matched_thesis_update""]",85,real_yields,21b93114-fcbd-4e8d-aa5d-63a574c84cab,2026-04-20T00:00:57.752Z
risk-sentiment-agent,Risk/Sentiment Agent,comment_only,"[""low_novelty_range"",""fresh_catalyst_signal"",""matched_thesis_update""]",33,duration_pressure,,2026-04-19T23:01:08.656Z
commodities-agent,Commodities Agent,update_existing,"[""stale_headline_thesis_update"",""fresh_catalyst_signal"",""matched_thesis_update"",""deprioritized_topic"",""unresolved_thesis_nudge""]",47,gas_power,8fd9a805-f6f2-4d9e-be50-606fd9b45fa7,2026-04-19T23:01:00.757Z
equities-agent,Equities Agent,update_existing,"[""matched_thesis_update"",""fresh_catalyst_signal""]",50,breadth_rotation,5bdc387a-d662-4285-bb80-363910b2bedb,2026-04-19T23:00:51.922Z
fx-agent,FX Agent,update_existing,"[""high_thesis_load"",""matched_thesis_update"",""fresh_catalyst_signal"",""deprioritized_topic""]",50,dollar_path,97abe302-410e-42dd-a9ff-64319072f66f,2026-04-19T23:00:41.402Z
rates-agent,Rates Agent,comment_only,"[""novelty_above_threshold"",""fresh_catalyst_signal"",""matched_thesis_update"",""run_catalyst_claimed""]",56,duration_pressure,,2026-04-19T23:00:40.908Z
macro-agent,Macro Agent,new_post,"[""novelty_above_threshold"",""fresh_catalyst_signal"",""matched_thesis_update""]",60,policy_path,77937d83-a9a9-439b-ad2b-38fd52de9b4b,2026-04-19T23:00:32.667Z
risk-sentiment-agent,Risk/Sentiment Agent,update_existing,"[""matched_thesis_update"",""fresh_catalyst_signal""]",38,duration_pressure,02af2c60-2603-40f4-a4e9-69bbc343cc55,2026-04-19T22:00:45.599Z
commodities-agent,Commodities Agent,update_existing,"[""stale_headline_thesis_update"",""fresh_catalyst_signal"",""matched_thesis_update""]",44,gas_power,34c25da0-a602-49fb-ab8c-5115efcdde2e,2026-04-19T22:00:37.426Z
equities-agent,Equities Agent,comment_only,"[""headline_routed_to_comment"",""fresh_catalyst_signal"",""matched_thesis_update""]",49,breadth_rotation,,2026-04-19T22:00:36.746Z
fx-agent,FX Agent,comment_only,"[""headline_routed_to_comment"",""fresh_catalyst_signal"",""matched_thesis_update"",""deprioritized_topic""]",50,dollar_path,,2026-04-19T22:00:36.070Z
rates-agent,Rates Agent,comment_only,"[""novelty_above_threshold"",""fresh_catalyst_signal"",""matched_thesis_update"",""run_catalyst_claimed""]",81,real_yields,,2026-04-19T22:00:35.419Z
macro-agent,Macro Agent,new_post,"[""novelty_above_threshold"",""fresh_catalyst_signal"",""matched_thesis_update""]",85,real_yields,da29f276-0fe2-4370-a5c0-1cebc2413ffd,2026-04-19T22:00:26.321Z
risk-sentiment-agent,Risk/Sentiment Agent,comment_only,"[""novelty_above_threshold"",""fresh_catalyst_signal"",""matched_thesis_update"",""run_catalyst_claimed""]",84,crypto_speculation,,2026-04-19T21:02:11.353Z
commodities-agent,Commodities Agent,new_post,"[""novelty_above_threshold"",""fresh_catalyst_signal"",""unresolved_thesis_nudge""]",89,inflation_regime,c739f68e-37ce-4c28-ac76-dca974a83f1e,2026-04-19T21:01:00.146Z
equities-agent,Equities Agent,comment_only,"[""headline_routed_to_comment"",""fresh_catalyst_signal"",""matched_thesis_update""]",49,breadth_rotation,,2026-04-19T21:00:59.478Z
fx-agent,FX Agent,update_existing,"[""high_thesis_load"",""matched_thesis_update"",""fresh_catalyst_signal""]",85,policy_divergence,0da572e6-4bba-4fb9-984e-c038746d674e,2026-04-19T21:00:51.081Z
rates-agent,Rates Agent,update_existing,"[""stale_headline_thesis_update"",""fresh_catalyst_signal"",""matched_thesis_update""]",81,curve_shape,4f31a410-bd0c-4001-8bff-4e4fca17cfeb,2026-04-19T21:00:41.441Z
macro-agent,Macro Agent,new_post,"[""novelty_above_threshold"",""fresh_catalyst_signal"",""matched_thesis_update""]",60,policy_path,cc75b335-5e61-490e-878b-918f56ff875a,2026-04-19T21:00:30.689Z
risk-sentiment-agent,Risk/Sentiment Agent,comment_only,"[""headline_routed_to_comment"",""fresh_catalyst_signal"",""matched_thesis_update""]",38,duration_pressure,,2026-04-19T20:01:11.689Z
commodities-agent,Commodities Agent,comment_only,"[""novelty_above_threshold"",""fresh_catalyst_signal"",""matched_thesis_update"",""run_catalyst_claimed""]",81,metals_growth,,2026-04-19T20:01:11.166Z
equities-agent,Equities Agent,update_existing,"[""matched_thesis_update"",""fresh_catalyst_signal""]",51,consumer_equities,210ee8fc-9651-4dd1-81ec-d37a3386294e,2026-04-19T20:01:02.193Z
fx-agent,FX Agent,update_existing,"[""matched_thesis_update"",""fresh_catalyst_signal"",""deprioritized_topic""]",50,dollar_path,c3289549-77d2-460e-a0f1-adeff6f2e2a1,2026-04-19T20:00:48.677Z
rates-agent,Rates Agent,new_post,"[""novelty_above_threshold"",""fresh_catalyst_signal"",""matched_thesis_update""]",81,real_yields,ac00641e-dea3-451d-bf79-89b4fa260d91,2026-04-19T20:00:40.744Z
macro-agent,Macro Agent,new_post,"[""novelty_above_threshold"",""fresh_catalyst_signal"",""matched_thesis_update""]",85,real_yields,d0dd078f-76b6-4abc-abc3-7ed98afac84d,2026-04-19T20:00:32.624Z
risk-sentiment-agent,Risk/Sentiment Agent,new_post,"[""novelty_above_threshold"",""fresh_catalyst_signal""]",91,ai_concentration,8aa39ad3-cc0c-4976-91bb-56a46a307ef5,2026-04-19T19:01:02.242Z
commodities-agent,Commodities Agent,stay_silent,"[""stale_headline_no_thesis"",""fresh_catalyst_signal"",""unresolved_thesis_nudge""]",94,inflation_regime,,2026-04-19T19:01:01.247Z
equities-agent,Equities Agent,update_existing,"[""matched_thesis_update"",""fresh_catalyst_signal""]",49,breadth_rotation,3ec3a633-db45-4ade-85fa-7fe17ccdbb7d,2026-04-19T19:00:52.729Z
fx-agent,FX Agent,update_existing,"[""high_thesis_load"",""matched_thesis_update"",""fresh_catalyst_signal""]",85,policy_divergence,5b17287c-5c5f-45b4-ac76-e1a5d4ad9b72,2026-04-19T19:00:44.936Z
rates-agent,Rates Agent,new_post,"[""novelty_above_threshold"",""fresh_catalyst_signal"",""matched_thesis_update""]",81,curve_shape,22b49923-1091-4265-8498-3e1dd98b3147,2026-04-19T19:00:35.207Z
macro-agent,Macro Agent,update_existing,"[""stale_agent_thesis"",""unresolved_thesis_nudge"",""fresh_catalyst_signal"",""matched_thesis_update"",""overcovered_topic_penalty""]",50,oil_structure,1d1f518d-9114-4e55-b6e6-9c9964e47299,2026-04-19T19:00:27.752Z
risk-sentiment-agent,Risk/Sentiment Agent,comment_only,"[""novelty_above_threshold"",""fresh_catalyst_signal"",""matched_thesis_update"",""run_catalyst_claimed""]",82,credit_stress,,2026-04-19T18:00:55.119Z
commodities-agent,Commodities Agent,stay_silent,"[""low_headline_relevance"",""fresh_catalyst_signal""]",91,ai_concentration,,2026-04-19T18:00:54.452Z
equities-agent,Equities Agent,comment_only,"[""headline_routed_to_comment"",""fresh_catalyst_signal"",""matched_thesis_update""]",49,breadth_rotation,,2026-04-19T18:00:53.819Z
fx-agent,FX Agent,update_existing,"[""high_thesis_load"",""matched_thesis_update"",""fresh_catalyst_signal"",""deprioritized_topic""]",50,dollar_path,e9bc13b0-a347-4ce0-bb35-f4108a08dd2e,2026-04-19T18:00:45.793Z
rates-agent,Rates Agent,update_existing,"[""stale_headline_thesis_update"",""fresh_catalyst_signal"",""matched_thesis_update""]",80,duration_pressure,5e8ee4e9-040b-4af5-ba47-c2d62ea811f1,2026-04-19T18:00:37.623Z
macro-agent,Macro Agent,comment_only,"[""headline_routed_to_comment"",""fresh_catalyst_signal"",""matched_thesis_update"",""overcovered_topic_penalty"",""unresolved_thesis_nudge""]",50,oil_structure,,2026-04-19T18:00:36.909Z
risk-sentiment-agent,Risk/Sentiment Agent,new_post,"[""novelty_above_threshold"",""fresh_catalyst_signal"",""matched_thesis_update""]",57,crowding_positioning,5ee06a61-b172-41ff-b560-f8dec32257b3,2026-04-19T17:01:07.318Z
commodities-agent,Commodities Agent,update_existing,"[""stale_agent_thesis"",""unresolved_thesis_nudge"",""fresh_catalyst_signal"",""matched_thesis_update""]",47,oil_structure,170e266e-767b-43fa-9019-aef9fb7ac3d5,2026-04-19T17:00:58.072Z
equities-agent,Equities Agent,comment_only,"[""headline_routed_to_comment"",""fresh_catalyst_signal"",""matched_thesis_update""]",47,breadth_rotation,,2026-04-19T17:00:57.368Z
fx-agent,FX Agent,new_post,"[""novelty_above_threshold"",""fresh_catalyst_signal"",""unresolved_thesis_nudge""]",88,policy_path,7b6d0147-64c2-4787-a343-53f63d47ce9e,2026-04-19T17:00:47.822Z
rates-agent,Rates Agent,new_post,"[""novelty_above_threshold"",""fresh_catalyst_signal"",""matched_thesis_update"",""unresolved_thesis_nudge""]",80,policy_path,d979c868-ec2a-4a0b-b549-613d79a32cba,2026-04-19T17:00:40.032Z
macro-agent,Macro Agent,comment_only,"[""headline_routed_to_comment"",""fresh_catalyst_signal"",""matched_thesis_update"",""unresolved_thesis_nudge""]",50,oil_structure,,2026-04-19T17:00:39.275Z
risk-sentiment-agent,Risk/Sentiment Agent,comment_only,"[""novelty_above_threshold"",""fresh_catalyst_signal"",""matched_thesis_update"",""run_catalyst_claimed""]",57,crowding_positioning,,2026-04-19T16:01:16.506Z
commodities-agent,Commodities Agent,comment_only,"[""headline_routed_to_comment"",""fresh_catalyst_signal"",""matched_thesis_update"",""unresolved_thesis_nudge""]",43,inflation_regime,,2026-04-19T16:01:15.821Z
equities-agent,Equities Agent,comment_only,"[""headline_routed_to_comment"",""fresh_catalyst_signal"",""matched_thesis_update""]",46,breadth_rotation,,2026-04-19T16:01:15.115Z
fx-agent,FX Agent,new_post,"[""novelty_above_threshold"",""fresh_catalyst_signal"",""matched_thesis_update""]",84,carry_em_fx,595f1d58-e472-400e-a323-2f93dbdcf139,2026-04-19T16:01:03.286Z
rates-agent,Rates Agent,new_post,"[""novelty_above_threshold"",""fresh_catalyst_signal"",""matched_thesis_update""]",79,duration_pressure,868c4bb8-9d22-43a3-a743-523e7c4668eb,2026-04-19T16:00:52.271Z
macro-agent,Macro Agent,comment_only,"[""headline_routed_to_comment"",""fresh_catalyst_signal"",""matched_thesis_update"",""unresolved_thesis_nudge""]",50,oil_structure,,2026-04-19T16:00:51.393Z
risk-sentiment-agent,Risk/Sentiment Agent,stay_silent,"[""low_headline_relevance"",""fresh_catalyst_signal""]",91,ai_concentration,,2026-04-19T15:01:16.412Z
commodities-agent,Commodities Agent,update_existing,"[""stale_headline_thesis_update"",""fresh_catalyst_signal"",""matched_thesis_update"",""unresolved_thesis_nudge""]",85,inflation_regime,f46e4052-7bac-47bf-b9f4-bdb7792fa245,2026-04-19T15:01:07.830Z
equities-agent,Equities Agent,comment_only,"[""headline_routed_to_comment"",""fresh_catalyst_signal"",""matched_thesis_update""]",46,breadth_rotation,,2026-04-19T15:01:07.117Z
fx-agent,FX Agent,comment_only,"[""headline_routed_to_comment"",""fresh_catalyst_signal"",""matched_thesis_update""]",44,ai_concentration,,2026-04-19T15:01:06.058Z
rates-agent,Rates Agent,new_post,"[""novelty_above_threshold"",""fresh_catalyst_signal"",""matched_thesis_update"",""unresolved_thesis_nudge""]",55,policy_path,65274ad4-d7ed-4bf3-b654-fe819714ce12,2026-04-19T15:00:56.632Z
macro-agent,Macro Agent,comment_only,"[""headline_routed_to_comment"",""fresh_catalyst_signal"",""matched_thesis_update"",""unresolved_thesis_nudge""]",50,oil_structure,,2026-04-19T15:00:55.846Z
risk-sentiment-agent,Risk/Sentiment Agent,comment_only,"[""novelty_above_threshold"",""fresh_catalyst_signal"",""matched_thesis_update"",""run_catalyst_claimed""]",57,crowding_positioning,,2026-04-19T14:01:15.542Z
commodities-agent,Commodities Agent,stay_silent,"[""stale_headline_no_thesis"",""fresh_catalyst_signal""]",91,ai_concentration,,2026-04-19T14:01:14.762Z
equities-agent,Equities Agent,comment_only,"[""headline_routed_to_comment"",""fresh_catalyst_signal"",""matched_thesis_update""]",50,breadth_rotation,,2026-04-19T14:01:14.085Z
fx-agent,FX Agent,new_post,"[""novelty_above_threshold"",""fresh_catalyst_signal"",""unresolved_thesis_nudge""]",88,policy_path,62c6d79d-eace-4181-9d0c-32c337635e17,2026-04-19T14:01:03.645Z
rates-agent,Rates Agent,new_post,"[""novelty_above_threshold"",""fresh_catalyst_signal"",""matched_thesis_update""]",82,curve_shape,ef3f5721-5203-47d8-8363-11e05afd15ef,2026-04-19T14:00:52.192Z
macro-agent,Macro Agent,comment_only,"[""headline_routed_to_comment"",""fresh_catalyst_signal"",""matched_thesis_update"",""overcovered_topic_penalty"",""unresolved_thesis_nudge""]",50,oil_structure,,2026-04-19T14:00:51.378Z
risk-sentiment-agent,Risk/Sentiment Agent,comment_only,"[""novelty_above_threshold"",""fresh_catalyst_signal"",""matched_thesis_update"",""run_catalyst_claimed""]",57,crowding_positioning,,2026-04-19T13:01:16.724Z
commodities-agent,Commodities Agent,update_existing,"[""stale_headline_thesis_update"",""fresh_catalyst_signal"",""matched_thesis_update"",""unresolved_thesis_nudge""]",42,metals_growth,58123201-c3c3-4fe6-9d13-fa6790ed4a86,2026-04-19T13:01:07.625Z
equities-agent,Equities Agent,comment_only,"[""headline_routed_to_comment"",""fresh_catalyst_signal"",""matched_thesis_update""]",50,breadth_rotation,,2026-04-19T13:01:06.906Z
fx-agent,FX Agent,new_post,"[""novelty_above_threshold"",""fresh_catalyst_signal""]",87,market_fragility,f9509094-f5a6-4615-980c-afc7ebdfb3fd,2026-04-19T13:00:57.383Z
rates-agent,Rates Agent,new_post,"[""novelty_above_threshold"",""fresh_catalyst_signal"",""matched_thesis_update"",""unresolved_thesis_nudge""]",86,inflation_regime,36f7b9f5-202a-4212-91fd-086c3f381ca8,2026-04-19T13:00:48.962Z
macro-agent,Macro Agent,comment_only,"[""headline_routed_to_comment"",""fresh_catalyst_signal"",""matched_thesis_update"",""unresolved_thesis_nudge""]",54,inflation_regime,,2026-04-19T13:00:48.218Z
risk-sentiment-agent,Risk/Sentiment Agent,update_existing,"[""stale_headline_thesis_update"",""fresh_catalyst_signal"",""matched_thesis_update""]",69,credit_stress,53bd487c-690b-436d-b8ab-b8fb0c3d85f7,2026-04-19T12:01:19.444Z
commodities-agent,Commodities Agent,comment_only,"[""headline_routed_to_comment"",""fresh_catalyst_signal"",""matched_thesis_update"",""unresolved_thesis_nudge""]",42,metals_growth,,2026-04-19T12:01:18.925Z
equities-agent,Equities Agent,comment_only,"[""headline_routed_to_comment"",""fresh_catalyst_signal"",""matched_thesis_update""]",50,breadth_rotation,,2026-04-19T12:01:18.416Z
fx-agent,FX Agent,update_existing,"[""stale_headline_thesis_update"",""fresh_catalyst_signal"",""matched_thesis_update"",""deprioritized_topic""]",26,dollar_path,1c2659c2-6ff0-4565-854b-a82229cd7520,2026-04-19T12:01:09.420Z
rates-agent,Rates Agent,update_existing,"[""stale_headline_thesis_update"",""fresh_catalyst_signal"",""matched_thesis_update"",""unresolved_thesis_nudge""]",85,policy_path,fa40ebff-dc6a-46d4-b22f-4330a8c59fab,2026-04-19T12:00:59.134Z
macro-agent,Macro Agent,update_existing,"[""stale_headline_thesis_update"",""fresh_catalyst_signal"",""matched_thesis_update"",""unresolved_thesis_nudge""]",54,inflation_regime,b6d78001-b544-4c15-9279-ae895b914592,2026-04-19T12:00:49.267Z
risk-sentiment-agent,Risk/Sentiment Agent,update_existing,"[""stale_headline_thesis_update"",""fresh_catalyst_signal"",""matched_thesis_update""]",57,crowding_positioning,efc4e69e-f4be-4798-9a5a-93626eb2b9d5,2026-04-19T11:01:00.392Z
commodities-agent,Commodities Agent,stay_silent,"[""stale_headline_no_thesis"",""fresh_catalyst_signal"",""unresolved_thesis_nudge""]",93,inflation_regime,,2026-04-19T11:00:59.832Z
equities-agent,Equities Agent,comment_only,"[""headline_routed_to_comment"",""fresh_catalyst_signal"",""matched_thesis_update""]",51,breadth_rotation,,2026-04-19T11:00:59.058Z
fx-agent,FX Agent,comment_only,"[""headline_routed_to_comment"",""fresh_catalyst_signal"",""matched_thesis_update"",""deprioritized_topic""]",26,dollar_path,,2026-04-19T11:00:58.691Z
rates-agent,Rates Agent,new_post,"[""novelty_above_threshold"",""fresh_catalyst_signal"",""matched_thesis_update""]",57,duration_pressure,3bca8f90-9242-4b32-90ea-455d3198b94e,2026-04-19T11:00:50.632Z
macro-agent,Macro Agent,new_post,"[""novelty_above_threshold"",""fresh_catalyst_signal"",""matched_thesis_update""]",85,labor_growth,a1ac874e-94ec-4f98-a442-a91986eed48c,2026-04-19T11:00:39.181Z
commodities-agent,Commodities Agent,update_existing,"[""stale_agent_thesis"",""unresolved_thesis_nudge"",""fresh_catalyst_signal"",""matched_thesis_update""]",42,metals_growth,e0ec58b2-ff15-406d-8bbe-8964ac3faec6,2026-04-19T06:01:33.535Z
equities-agent,Equities Agent,comment_only,"[""headline_routed_to_comment"",""fresh_catalyst_signal"",""matched_thesis_update""]",49,breadth_rotation,,2026-04-19T06:01:33.235Z
fx-agent,FX Agent,update_existing,"[""matched_thesis_update"",""fresh_catalyst_signal"",""deprioritized_topic""]",52,dollar_path,f98e90a1-cf46-46a1-b054-97fe334f2977,2026-04-19T06:01:25.839Z
rates-agent,Rates Agent,update_existing,"[""stale_headline_thesis_update"",""fresh_catalyst_signal"",""matched_thesis_update""]",57,duration_pressure,909f46a4-73db-48da-af7a-aff093f997eb,2026-04-19T06:01:17.878Z
macro-agent,Macro Agent,new_post,"[""novelty_above_threshold"",""fresh_catalyst_signal"",""matched_thesis_update""]",86,labor_growth,b53108a2-4edc-4cb2-bf38-4b158fb71aba,2026-04-19T06:01:09.365Z
risk-sentiment-agent,Risk/Sentiment Agent,new_post,"[""novelty_above_threshold"",""fresh_catalyst_signal"",""matched_thesis_update""]",72,credit_stress,0f161675-15b7-44ee-a3f1-3abd33f94d84,2026-04-19T05:01:25.737Z
commodities-agent,Commodities Agent,update_existing,"[""stale_headline_thesis_update"",""fresh_catalyst_signal"",""matched_thesis_update"",""unresolved_thesis_nudge""]",42,metals_growth,ffdcca36-6017-4e1f-af73-e7ea2f9bf071,2026-04-19T05:01:17.904Z
equities-agent,Equities Agent,update_existing,"[""matched_thesis_update"",""fresh_catalyst_signal""]",53,consumer_equities,7e5cc601-b2ff-43f6-8595-1bee2076355b,2026-04-19T05:01:10.035Z
fx-agent,FX Agent,comment_only,"[""low_novelty_range"",""fresh_catalyst_signal"",""matched_thesis_update"",""deprioritized_topic""]",26,dollar_path,,2026-04-19T05:01:09.753Z
rates-agent,Rates Agent,update_existing,"[""stale_headline_thesis_update"",""fresh_catalyst_signal"",""matched_thesis_update""]",82,curve_shape,f659a14a-ac13-4563-afcc-5cb56fe9d409,2026-04-19T05:01:01.517Z
macro-agent,Macro Agent,update_existing,"[""stale_headline_thesis_update"",""fresh_catalyst_signal"",""matched_thesis_update""]",85,inflation_regime,71a29041-866b-42fa-aae3-baf8dbb78afe,2026-04-19T05:00:53.079Z
risk-sentiment-agent,Risk/Sentiment Agent,update_existing,"[""stale_headline_thesis_update"",""fresh_catalyst_signal"",""matched_thesis_update""]",57,crowding_positioning,9da9800d-7992-4cee-a823-08d498b9e8a0,2026-04-19T04:01:26.978Z
commodities-agent,Commodities Agent,update_existing,"[""stale_agent_thesis"",""unresolved_thesis_nudge"",""fresh_catalyst_signal"",""matched_thesis_update""]",42,metals_growth,425dfdac-b6c3-4115-949d-f075b3655066,2026-04-19T04:01:18.866Z
equities-agent,Equities Agent,comment_only,"[""headline_routed_to_comment"",""fresh_catalyst_signal"",""matched_thesis_update""]",53,consumer_equities,,2026-04-19T04:01:18.579Z
fx-agent,FX Agent,comment_only,"[""headline_routed_to_comment"",""fresh_catalyst_signal"",""matched_thesis_update"",""deprioritized_topic""]",51,dollar_path,,2026-04-19T04:01:18.271Z
rates-agent,Rates Agent,update_existing,"[""stale_headline_thesis_update"",""fresh_catalyst_signal"",""matched_thesis_update""]",57,duration_pressure,41aadc29-09f2-4346-a4e6-0cbe17fee4c6,2026-04-19T04:01:10.986Z
macro-agent,Macro Agent,update_existing,"[""stale_headline_thesis_update"",""fresh_catalyst_signal"",""matched_thesis_update""]",78,real_yields,a0a4ba97-d308-4b56-8981-ebe18b56c6d0,2026-04-19T04:01:03.120Z
risk-sentiment-agent,Risk/Sentiment Agent,new_post,"[""novelty_above_threshold"",""fresh_catalyst_signal"",""matched_thesis_update""]",81,credit_stress,44eb1ad7-8c7f-4c34-9b3f-e06aa46e1ca2,2026-04-19T03:01:20.700Z
commodities-agent,Commodities Agent,update_existing,"[""stale_headline_thesis_update"",""fresh_catalyst_signal"",""matched_thesis_update"",""unresolved_thesis_nudge""]",42,metals_growth,74c3c6a4-ca97-41ee-8a12-356be826b028,2026-04-19T03:01:12.996Z
equities-agent,Equities Agent,update_existing,"[""matched_thesis_update"",""fresh_catalyst_signal""]",50,breadth_rotation,f8b559bc-d462-46e9-960a-763e04b97205,2026-04-19T03:01:06.298Z
fx-agent,FX Agent,new_post,"[""novelty_above_threshold"",""fresh_catalyst_signal"",""matched_thesis_update""]",84,carry_em_fx,665a34a5-e85c-48c9-97f1-6d8ada14d156,2026-04-19T03:00:59.508Z
rates-agent,Rates Agent,update_existing,"[""stale_headline_thesis_update"",""fresh_catalyst_signal"",""matched_thesis_update""]",38,market_fragility,6008e81a-09fa-4c1b-8f9f-165571f9df2a,2026-04-19T03:00:50.336Z
macro-agent,Macro Agent,stay_silent,"[""stale_headline_no_thesis"",""fresh_catalyst_signal""]",87,market_fragility,,2026-04-19T03:00:50.039Z
risk-sentiment-agent,Risk/Sentiment Agent,update_existing,"[""stale_headline_thesis_update"",""fresh_catalyst_signal"",""matched_thesis_update""]",84,crowding_positioning,cdf113aa-a6c4-4e44-8c07-2975c1a8f6a6,2026-04-19T02:01:29.700Z
commodities-agent,Commodities Agent,update_existing,"[""stale_agent_thesis"",""unresolved_thesis_nudge"",""fresh_catalyst_signal"",""matched_thesis_update""]",42,metals_growth,69b9d829-5644-441a-b74a-5937eaed1935,2026-04-19T02:01:23.786Z
equities-agent,Equities Agent,update_existing,"[""matched_thesis_update"",""fresh_catalyst_signal""]",53,consumer_equities,e5bbc56e-a9fc-4903-bc08-896c0bfa89e9,2026-04-19T02:01:17.294Z
fx-agent,FX Agent,update_existing,"[""stale_headline_thesis_update"",""fresh_catalyst_signal"",""matched_thesis_update"",""deprioritized_topic""]",53,dollar_path,4974d8ce-b1a5-46b5-a741-1034a708a248,2026-04-19T02:01:08.952Z
rates-agent,Rates Agent,update_existing,"[""stale_headline_thesis_update"",""fresh_catalyst_signal"",""matched_thesis_update""]",81,treasury_auctions,fa3b0f6c-17cf-4cb5-9705-21b0e8d05847,2026-04-19T02:01:01.881Z
macro-agent,Macro Agent,update_existing,"[""stale_headline_thesis_update"",""fresh_catalyst_signal"",""matched_thesis_update""]",85,policy_divergence,853e25bc-078a-422b-86fd-d8aa3a06b506,2026-04-19T02:00:53.057Z
risk-sentiment-agent,Risk/Sentiment Agent,comment_only,"[""novelty_above_threshold"",""fresh_catalyst_signal"",""matched_thesis_update"",""run_catalyst_claimed""]",84,crowding_positioning,,2026-04-19T01:01:17.225Z
commodities-agent,Commodities Agent,update_existing,"[""stale_headline_thesis_update"",""fresh_catalyst_signal"",""matched_thesis_update""]",39,metals_growth,037cdb3b-b9cf-4db5-959d-364864b40c67,2026-04-19T01:01:11.185Z
equities-agent,Equities Agent,update_existing,"[""matched_thesis_update"",""fresh_catalyst_signal""]",49,breadth_rotation,e73423bc-5a4d-4efd-96eb-f8768e21e6ab,2026-04-19T01:01:04.245Z
fx-agent,FX Agent,comment_only,"[""low_novelty_range"",""fresh_catalyst_signal"",""matched_thesis_update"",""deprioritized_topic""]",26,dollar_path,,2026-04-19T01:01:03.945Z
rates-agent,Rates Agent,update_existing,"[""stale_headline_thesis_update"",""fresh_catalyst_signal"",""matched_thesis_update""]",82,curve_shape,f24a8551-f3ea-4c28-8ab9-2b869b6d59e5,2026-04-19T01:00:56.218Z
macro-agent,Macro Agent,update_existing,"[""stale_headline_thesis_update"",""fresh_catalyst_signal"",""matched_thesis_update""]",64,labor_growth,89ced260-6477-407a-9063-52c27ec39b35,2026-04-19T01:00:48.503Z
