agent_id,agent_name,action_type,reason_codes_json,novelty_score,candidate_theme_key,headline_analysis_json,decided_at
macro-agent,Macro Agent,update_existing,"[""high_thesis_load"",""matched_thesis_update"",""fresh_catalyst_signal"",""domain_relevance_low""]",84,oil_geopolitics_and_inflation_pass_through,"{""headline_id"":""91674bf1"",""agent_id"":""macro-agent"",""headline_title"":""Debt Management Research"",""headline_type"":""other"",""direct_relevance_score"":0,""indirect_relevance_score"":2,""market_signal_strength"":""low"",""is_new_information"":true,""is_cross_asset_relevant"":false,""primary_mechanism"":"""",""affected_assets"":[],""what_changed"":""Debt Management Research"",""linked_existing_thesis_id"":null,""recommended_action"":""stay_silent"",""comment_purpose"":null,""historical_analog_candidate"":null}",2026-04-26T03:00:43.137Z
risk-sentiment-agent,Risk/Sentiment Agent,stay_silent,"[""novelty_above_threshold"",""no_fresh_signal"",""domain_relevance_low"",""weak_catalyst_materiality_gate""]",92,crowding_positioning,,2026-04-26T02:01:12.970Z
commodities-agent,Commodities Agent,new_post,"[""novelty_above_threshold"",""no_fresh_signal"",""matched_thesis_update""]",77,metals_growth,,2026-04-26T02:01:05.471Z
equities-agent,Equities Agent,comment_only,"[""low_novelty_range"",""no_fresh_signal"",""matched_thesis_update""]",33,ai_concentration,,2026-04-26T02:01:05.206Z
fx-agent,FX Agent,new_post,"[""novelty_above_threshold"",""no_fresh_signal"",""matched_thesis_update""]",84,carry_em_fx,,2026-04-26T02:00:55.725Z
rates-agent,Rates Agent,stay_silent,"[""matched_thesis_update"",""fresh_catalyst_signal"",""deprioritized_topic"",""rates_template_repetition"",""no_fresh_signal""]",81,curve_shape,"{""headline_id"":""91674bf1"",""agent_id"":""rates-agent"",""headline_title"":""Debt Management Research"",""headline_type"":""other"",""direct_relevance_score"":0,""indirect_relevance_score"":2,""market_signal_strength"":""low"",""is_new_information"":true,""is_cross_asset_relevant"":false,""primary_mechanism"":"""",""affected_assets"":[],""what_changed"":""Debt Management Research"",""linked_existing_thesis_id"":null,""recommended_action"":""stay_silent"",""comment_purpose"":null,""historical_analog_candidate"":null}",2026-04-26T02:00:55.448Z
macro-agent,Macro Agent,update_existing,"[""high_thesis_load"",""matched_thesis_update"",""fresh_catalyst_signal"",""deprioritized_topic"",""overcovered_topic_penalty"",""domain_relevance_low""]",84,policy_path,"{""headline_id"":""91674bf1"",""agent_id"":""macro-agent"",""headline_title"":""Debt Management Research"",""headline_type"":""other"",""direct_relevance_score"":0,""indirect_relevance_score"":2,""market_signal_strength"":""low"",""is_new_information"":true,""is_cross_asset_relevant"":false,""primary_mechanism"":"""",""affected_assets"":[],""what_changed"":""Debt Management Research"",""linked_existing_thesis_id"":null,""recommended_action"":""stay_silent"",""comment_purpose"":null,""historical_analog_candidate"":null}",2026-04-26T02:00:43.180Z
risk-sentiment-agent,Risk/Sentiment Agent,stay_silent,"[""low_headline_relevance"",""fresh_catalyst_signal""]",91,oil_geopolitics_and_inflation_pass_through,"{""headline_id"":""4716f12f"",""agent_id"":""risk-sentiment-agent"",""headline_title"":""Strait Of Hormuz May Stay Shut Until Second Half Of 2026 Amid Middle East, Baker Hughes CFO Says"",""headline_type"":""other"",""direct_relevance_score"":0,""indirect_relevance_score"":6,""market_signal_strength"":""low"",""is_new_information"":true,""is_cross_asset_relevant"":true,""primary_mechanism"":""Natural gas print → storage/supply dynamics → utility margin → energy sector earnings"",""affected_assets"":[],""what_changed"":""Strait Of Hormuz May Stay Shut Until Second Half Of 2026 Amid Middle East, Baker Hughes CFO Says"",""linked_existing_thesis_id"":null,""recommended_action"":""stay_silent"",""comment_purpose"":null,""historical_analog_candidate"":null}",2026-04-26T01:01:58.595Z
commodities-agent,Commodities Agent,new_post,"[""novelty_above_threshold"",""fresh_catalyst_signal"",""matched_thesis_update""]",86,oil_geopolitics_and_inflation_pass_through,"{""headline_id"":""4716f12f"",""agent_id"":""commodities-agent"",""headline_title"":""Strait Of Hormuz May Stay Shut Until Second Half Of 2026 Amid Middle East, Baker Hughes CFO Says"",""headline_type"":""other"",""direct_relevance_score"":3,""indirect_relevance_score"":6,""market_signal_strength"":""low"",""is_new_information"":true,""is_cross_asset_relevant"":true,""primary_mechanism"":""Natural gas print → storage/supply dynamics → utility margin → energy sector earnings"",""affected_assets"":[],""what_changed"":""Strait Of Hormuz May Stay Shut Until Second Half Of 2026 Amid Middle East, Baker Hughes CFO Says"",""linked_existing_thesis_id"":null,""recommended_action"":""comment_on_other"",""comment_purpose"":""add_cross_asset_spillover"",""historical_analog_candidate"":null}",2026-04-26T01:01:47.506Z
equities-agent,Equities Agent,new_post,"[""novelty_above_threshold"",""fresh_catalyst_signal"",""matched_thesis_update""]",82,growth_softness_vs_multiple_risk,"{""headline_id"":""7e79841e"",""agent_id"":""equities-agent"",""headline_title"":""IRON Investor News: If You Have Suffered Losses in Disc Medicine, Inc. (NASDAQ: IRON), You Are Encouraged to Contact The Rosen Law Firm About Your Rights"",""headline_type"":""other"",""direct_relevance_score"":5,""indirect_relevance_score"":2,""market_signal_strength"":""low"",""is_new_information"":true,""is_cross_asset_relevant"":false,""primary_mechanism"":"""",""affected_assets"":[""sp500"",""nasdaq""],""what_changed"":""IRON Investor News: If You Have Suffered Losses in Disc Medicine, Inc. (NASDAQ: IRON), You Are Encouraged to Contact The Rosen Law Firm About Your Rights"",""linked_existing_thesis_id"":""5b1fd474-b2c8-40c7-b438-c20b90bf10c6"",""recommended_action"":""update_existing"",""comment_purpose"":null,""historical_analog_candidate"":null}",2026-04-26T01:01:36.813Z
fx-agent,FX Agent,new_post,"[""novelty_above_threshold"",""fresh_catalyst_signal"",""matched_thesis_update""]",83,oil_geopolitics_and_inflation_pass_through,"{""headline_id"":""01101cdd"",""agent_id"":""fx-agent"",""headline_title"":""Trump cancels Pakistan trip for Kushner and Witkoff"",""headline_type"":""other"",""direct_relevance_score"":3,""indirect_relevance_score"":6,""market_signal_strength"":""low"",""is_new_information"":true,""is_cross_asset_relevant"":true,""primary_mechanism"":"""",""affected_assets"":[],""what_changed"":""Trump cancels Pakistan trip for Kushner and Witkoff"",""linked_existing_thesis_id"":null,""recommended_action"":""comment_on_other"",""comment_purpose"":""add_cross_asset_spillover"",""historical_analog_candidate"":null}",2026-04-26T01:01:25.437Z
rates-agent,Rates Agent,update_existing,"[""stale_headline_thesis_update"",""fresh_catalyst_signal"",""matched_thesis_update"",""rates_template_repetition"",""no_fresh_signal""]",83,oil_geopolitics_and_inflation_pass_through,"{""headline_id"":""120ee7cd"",""agent_id"":""rates-agent"",""headline_title"":""Did the Fed Wait Too Long to Act?"",""headline_type"":""policy"",""direct_relevance_score"":3,""indirect_relevance_score"":6,""market_signal_strength"":""medium"",""is_new_information"":false,""is_cross_asset_relevant"":true,""primary_mechanism"":""Policy signal → forward guidance repricing → asset allocation shift"",""affected_assets"":[],""what_changed"":""Did the Fed Wait Too Long to Act?"",""linked_existing_thesis_id"":null,""recommended_action"":""stay_silent"",""comment_purpose"":null,""historical_analog_candidate"":null}",2026-04-26T01:01:13.920Z
macro-agent,Macro Agent,new_post,"[""novelty_above_threshold"",""fresh_catalyst_signal"",""matched_thesis_update""]",85,oil_geopolitics_and_inflation_pass_through,"{""headline_id"":""120ee7cd"",""agent_id"":""macro-agent"",""headline_title"":""Did the Fed Wait Too Long to Act?"",""headline_type"":""policy"",""direct_relevance_score"":5,""indirect_relevance_score"":6,""market_signal_strength"":""medium"",""is_new_information"":true,""is_cross_asset_relevant"":true,""primary_mechanism"":""Policy signal → forward guidance repricing → asset allocation shift"",""affected_assets"":[],""what_changed"":""Did the Fed Wait Too Long to Act?"",""linked_existing_thesis_id"":null,""recommended_action"":""new_post"",""comment_purpose"":null,""historical_analog_candidate"":null}",2026-04-26T01:01:00.346Z
risk-sentiment-agent,Risk/Sentiment Agent,stay_silent,"[""low_headline_relevance"",""fresh_catalyst_signal""]",92,crowding_positioning,"{""headline_id"":""608cb4d1"",""agent_id"":""risk-sentiment-agent"",""headline_title"":""Bullish Marvel Gold Insiders Loaded Up On AU$950.0k Of Stock"",""headline_type"":""commodity_specific"",""direct_relevance_score"":0,""indirect_relevance_score"":4,""market_signal_strength"":""high"",""is_new_information"":true,""is_cross_asset_relevant"":true,""primary_mechanism"":""Gold move → real rate signal (inverse of TIPS yield) → dollar direction → safe-haven demand"",""affected_assets"":[""gold"",""sp500"",""nasdaq""],""what_changed"":""Bullish Marvel Gold Insiders Loaded Up On AU$950.0k Of Stock"",""linked_existing_thesis_id"":null,""recommended_action"":""stay_silent"",""comment_purpose"":null,""historical_analog_candidate"":null}",2026-04-26T00:01:47.242Z
commodities-agent,Commodities Agent,stay_silent,"[""stale_headline_no_thesis"",""fresh_catalyst_signal""]",90,gold_real_rates,"{""headline_id"":""608cb4d1"",""agent_id"":""commodities-agent"",""headline_title"":""Bullish Marvel Gold Insiders Loaded Up On AU$950.0k Of Stock"",""headline_type"":""commodity_specific"",""direct_relevance_score"":3,""indirect_relevance_score"":4,""market_signal_strength"":""high"",""is_new_information"":false,""is_cross_asset_relevant"":true,""primary_mechanism"":""Gold move → real rate signal (inverse of TIPS yield) → dollar direction → safe-haven demand"",""affected_assets"":[""gold"",""sp500"",""nasdaq""],""what_changed"":""Bullish Marvel Gold Insiders Loaded Up On AU$950.0k Of Stock"",""linked_existing_thesis_id"":null,""recommended_action"":""stay_silent"",""comment_purpose"":null,""historical_analog_candidate"":null}",2026-04-26T00:01:46.614Z
equities-agent,Equities Agent,new_post,"[""novelty_above_threshold"",""fresh_catalyst_signal"",""matched_thesis_update""]",82,gold_real_rates,"{""headline_id"":""51176d7d"",""agent_id"":""equities-agent"",""headline_title"":""3 Nuclear Energy Stocks That Are Quietly Becoming the Trades of the Year"",""headline_type"":""other"",""direct_relevance_score"":5,""indirect_relevance_score"":2,""market_signal_strength"":""high"",""is_new_information"":true,""is_cross_asset_relevant"":false,""primary_mechanism"":"""",""affected_assets"":[],""what_changed"":""3 Nuclear Energy Stocks That Are Quietly Becoming the Trades of the Year"",""linked_existing_thesis_id"":null,""recommended_action"":""stay_silent"",""comment_purpose"":null,""historical_analog_candidate"":null}",2026-04-26T00:01:36.638Z
fx-agent,FX Agent,stay_silent,"[""stale_headline_thesis_update"",""fresh_catalyst_signal"",""matched_thesis_update"",""repeated_catalyst_no_delta""]",82,gold_real_rates,"{""headline_id"":""608cb4d1"",""agent_id"":""fx-agent"",""headline_title"":""Bullish Marvel Gold Insiders Loaded Up On AU$950.0k Of Stock"",""headline_type"":""commodity_specific"",""direct_relevance_score"":0,""indirect_relevance_score"":4,""market_signal_strength"":""high"",""is_new_information"":false,""is_cross_asset_relevant"":true,""primary_mechanism"":""Gold move → real rate signal (inverse of TIPS yield) → dollar direction → safe-haven demand"",""affected_assets"":[""gold"",""sp500"",""nasdaq""],""what_changed"":""Bullish Marvel Gold Insiders Loaded Up On AU$950.0k Of Stock"",""linked_existing_thesis_id"":null,""recommended_action"":""stay_silent"",""comment_purpose"":null,""historical_analog_candidate"":null}",2026-04-26T00:01:35.900Z
rates-agent,Rates Agent,stay_silent,"[""matched_thesis_update"",""fresh_catalyst_signal"",""deprioritized_topic"",""rates_template_repetition"",""no_fresh_signal""]",81,curve_shape,"{""headline_id"":""91674bf1"",""agent_id"":""rates-agent"",""headline_title"":""Debt Management Research"",""headline_type"":""other"",""direct_relevance_score"":0,""indirect_relevance_score"":2,""market_signal_strength"":""low"",""is_new_information"":true,""is_cross_asset_relevant"":false,""primary_mechanism"":"""",""affected_assets"":[],""what_changed"":""Debt Management Research"",""linked_existing_thesis_id"":null,""recommended_action"":""stay_silent"",""comment_purpose"":null,""historical_analog_candidate"":null}",2026-04-26T00:01:35.128Z
macro-agent,Macro Agent,update_existing,"[""high_thesis_load"",""matched_thesis_update"",""fresh_catalyst_signal"",""deprioritized_topic"",""overcovered_topic_penalty""]",84,policy_path,"{""headline_id"":""608cb4d1"",""agent_id"":""macro-agent"",""headline_title"":""Bullish Marvel Gold Insiders Loaded Up On AU$950.0k Of Stock"",""headline_type"":""commodity_specific"",""direct_relevance_score"":0,""indirect_relevance_score"":4,""market_signal_strength"":""high"",""is_new_information"":true,""is_cross_asset_relevant"":true,""primary_mechanism"":""Gold move → real rate signal (inverse of TIPS yield) → dollar direction → safe-haven demand"",""affected_assets"":[""gold"",""sp500"",""nasdaq""],""what_changed"":""Bullish Marvel Gold Insiders Loaded Up On AU$950.0k Of Stock"",""linked_existing_thesis_id"":null,""recommended_action"":""stay_silent"",""comment_purpose"":null,""historical_analog_candidate"":null}",2026-04-26T00:01:23.861Z
risk-sentiment-agent,Risk/Sentiment Agent,new_post,"[""novelty_above_threshold"",""fresh_catalyst_signal""]",89,growth_softness_vs_multiple_risk,"{""headline_id"":""cb169e7c"",""agent_id"":""risk-sentiment-agent"",""headline_title"":""Bitcoin Price Eyes $80,000 as HashKey’s Japan Treasury Deal Lands, But Can Pepeto’s 100x Presale Steal the Run Before Binance Listing?"",""headline_type"":""other"",""direct_relevance_score"":3,""indirect_relevance_score"":4,""market_signal_strength"":""high"",""is_new_information"":true,""is_cross_asset_relevant"":true,""primary_mechanism"":"""",""affected_assets"":[""us10y""],""what_changed"":""Bitcoin Price Eyes $80,000 as HashKey’s Japan Treasury Deal Lands, But Can Pepeto’s 100x Presale Steal the Run Before Binance Listing?"",""linked_existing_thesis_id"":null,""recommended_action"":""comment_on_other"",""comment_purpose"":""add_cross_asset_spillover"",""historical_analog_candidate"":null}",2026-04-25T23:01:50.963Z
commodities-agent,Commodities Agent,new_post,"[""novelty_above_threshold"",""fresh_catalyst_signal"",""matched_thesis_update""]",86,oil_geopolitics_and_inflation_pass_through,"{""headline_id"":""4716f12f"",""agent_id"":""commodities-agent"",""headline_title"":""Strait Of Hormuz May Stay Shut Until Second Half Of 2026 Amid Middle East, Baker Hughes CFO Says"",""headline_type"":""other"",""direct_relevance_score"":3,""indirect_relevance_score"":6,""market_signal_strength"":""low"",""is_new_information"":true,""is_cross_asset_relevant"":true,""primary_mechanism"":""Natural gas print → storage/supply dynamics → utility margin → energy sector earnings"",""affected_assets"":[],""what_changed"":""Strait Of Hormuz May Stay Shut Until Second Half Of 2026 Amid Middle East, Baker Hughes CFO Says"",""linked_existing_thesis_id"":null,""recommended_action"":""comment_on_other"",""comment_purpose"":""add_cross_asset_spillover"",""historical_analog_candidate"":null}",2026-04-25T23:01:40.950Z
equities-agent,Equities Agent,new_post,"[""novelty_above_threshold"",""fresh_catalyst_signal"",""matched_thesis_update""]",81,growth_softness_vs_multiple_risk,"{""headline_id"":""7e79841e"",""agent_id"":""equities-agent"",""headline_title"":""IRON Investor News: If You Have Suffered Losses in Disc Medicine, Inc. (NASDAQ: IRON), You Are Encouraged to Contact The Rosen Law Firm About Your Rights"",""headline_type"":""other"",""direct_relevance_score"":5,""indirect_relevance_score"":2,""market_signal_strength"":""low"",""is_new_information"":true,""is_cross_asset_relevant"":false,""primary_mechanism"":"""",""affected_assets"":[""sp500"",""nasdaq""],""what_changed"":""IRON Investor News: If You Have Suffered Losses in Disc Medicine, Inc. (NASDAQ: IRON), You Are Encouraged to Contact The Rosen Law Firm About Your Rights"",""linked_existing_thesis_id"":""5b1fd474-b2c8-40c7-b438-c20b90bf10c6"",""recommended_action"":""update_existing"",""comment_purpose"":null,""historical_analog_candidate"":null}",2026-04-25T23:01:32.039Z
fx-agent,FX Agent,new_post,"[""novelty_above_threshold"",""fresh_catalyst_signal"",""matched_thesis_update""]",83,oil_geopolitics_and_inflation_pass_through,"{""headline_id"":""01101cdd"",""agent_id"":""fx-agent"",""headline_title"":""Trump cancels Pakistan trip for Kushner and Witkoff"",""headline_type"":""other"",""direct_relevance_score"":3,""indirect_relevance_score"":6,""market_signal_strength"":""low"",""is_new_information"":true,""is_cross_asset_relevant"":true,""primary_mechanism"":"""",""affected_assets"":[],""what_changed"":""Trump cancels Pakistan trip for Kushner and Witkoff"",""linked_existing_thesis_id"":null,""recommended_action"":""comment_on_other"",""comment_purpose"":""add_cross_asset_spillover"",""historical_analog_candidate"":null}",2026-04-25T23:01:21.052Z
rates-agent,Rates Agent,stay_silent,"[""stale_headline_thesis_update"",""fresh_catalyst_signal"",""matched_thesis_update"",""rates_template_repetition"",""no_fresh_signal""]",83,rates_repricing_and_duration_pressure,"{""headline_id"":""cb169e7c"",""agent_id"":""rates-agent"",""headline_title"":""Bitcoin Price Eyes $80,000 as HashKey’s Japan Treasury Deal Lands, But Can Pepeto’s 100x Presale Steal the Run Before Binance Listing?"",""headline_type"":""other"",""direct_relevance_score"":3,""indirect_relevance_score"":4,""market_signal_strength"":""high"",""is_new_information"":false,""is_cross_asset_relevant"":true,""primary_mechanism"":"""",""affected_assets"":[""us10y""],""what_changed"":""Bitcoin Price Eyes $80,000 as HashKey’s Japan Treasury Deal Lands, But Can Pepeto’s 100x Presale Steal the Run Before Binance Listing?"",""linked_existing_thesis_id"":""6edcf66f-76a1-49f0-a418-11897287d4b2"",""recommended_action"":""update_existing"",""comment_purpose"":null,""historical_analog_candidate"":null}",2026-04-25T23:01:20.297Z
macro-agent,Macro Agent,update_existing,"[""high_thesis_load"",""matched_thesis_update"",""fresh_catalyst_signal""]",83,growth_softness_vs_multiple_risk,"{""headline_id"":""f65e95cd"",""agent_id"":""macro-agent"",""headline_title"":""Could Amazon Be the 1 Consumer‑Tech Stock That Helps Turn $50,000 Into $1 Million by 2036?"",""headline_type"":""other"",""direct_relevance_score"":3,""indirect_relevance_score"":4,""market_signal_strength"":""low"",""is_new_information"":true,""is_cross_asset_relevant"":true,""primary_mechanism"":"""",""affected_assets"":[""sp500"",""nasdaq""],""what_changed"":""Could Amazon Be the 1 Consumer‑Tech Stock That Helps Turn $50,000 Into $1 Million by 2036?"",""linked_existing_thesis_id"":null,""recommended_action"":""comment_on_other"",""comment_purpose"":""add_cross_asset_spillover"",""historical_analog_candidate"":null}",2026-04-25T23:00:56.463Z
risk-sentiment-agent,Risk/Sentiment Agent,stay_silent,"[""novelty_above_threshold"",""no_fresh_signal"",""domain_relevance_low"",""weak_catalyst_materiality_gate""]",92,crowding_positioning,,2026-04-25T22:01:16.691Z
commodities-agent,Commodities Agent,new_post,"[""novelty_above_threshold"",""no_fresh_signal""]",86,metals_growth,,2026-04-25T22:01:07.216Z
equities-agent,Equities Agent,comment_only,"[""novelty_above_threshold"",""fresh_catalyst_signal"",""matched_thesis_update"",""run_catalyst_claimed""]",81,consumer_equities,"{""headline_id"":""37054e17"",""agent_id"":""equities-agent"",""headline_title"":""The Best Artificial Intelligence (AI) Growth Stock on the Nasdaq That Morningstar Says Is Still Undervalued"",""headline_type"":""other"",""direct_relevance_score"":8,""indirect_relevance_score"":4,""market_signal_strength"":""low"",""is_new_information"":true,""is_cross_asset_relevant"":true,""primary_mechanism"":"""",""affected_assets"":[""sp500"",""nasdaq""],""what_changed"":""The Best Artificial Intelligence (AI) Growth Stock on the Nasdaq That Morningstar Says Is Still Undervalued"",""linked_existing_thesis_id"":""5b1fd474-b2c8-40c7-b438-c20b90bf10c6"",""recommended_action"":""update_existing"",""comment_purpose"":null,""historical_analog_candidate"":null}",2026-04-25T22:01:05.974Z
fx-agent,FX Agent,stay_silent,"[""novelty_above_threshold"",""no_fresh_signal"",""matched_thesis_update"",""domain_relevance_low"",""weak_catalyst_materiality_gate""]",81,consumer_equities,,2026-04-25T22:01:05.242Z
rates-agent,Rates Agent,stay_silent,"[""matched_thesis_update"",""fresh_catalyst_signal"",""deprioritized_topic"",""rates_template_repetition"",""no_fresh_signal""]",81,curve_shape,"{""headline_id"":""91674bf1"",""agent_id"":""rates-agent"",""headline_title"":""Debt Management Research"",""headline_type"":""other"",""direct_relevance_score"":0,""indirect_relevance_score"":2,""market_signal_strength"":""low"",""is_new_information"":true,""is_cross_asset_relevant"":false,""primary_mechanism"":"""",""affected_assets"":[],""what_changed"":""Debt Management Research"",""linked_existing_thesis_id"":null,""recommended_action"":""stay_silent"",""comment_purpose"":null,""historical_analog_candidate"":null}",2026-04-25T22:01:04.259Z
macro-agent,Macro Agent,update_existing,"[""high_thesis_load"",""matched_thesis_update"",""fresh_catalyst_signal""]",83,market_fragility,"{""headline_id"":""37054e17"",""agent_id"":""macro-agent"",""headline_title"":""The Best Artificial Intelligence (AI) Growth Stock on the Nasdaq That Morningstar Says Is Still Undervalued"",""headline_type"":""other"",""direct_relevance_score"":3,""indirect_relevance_score"":4,""market_signal_strength"":""low"",""is_new_information"":true,""is_cross_asset_relevant"":true,""primary_mechanism"":"""",""affected_assets"":[""sp500"",""nasdaq""],""what_changed"":""The Best Artificial Intelligence (AI) Growth Stock on the Nasdaq That Morningstar Says Is Still Undervalued"",""linked_existing_thesis_id"":null,""recommended_action"":""comment_on_other"",""comment_purpose"":""add_cross_asset_spillover"",""historical_analog_candidate"":null}",2026-04-25T22:00:54.032Z
risk-sentiment-agent,Risk/Sentiment Agent,stay_silent,"[""novelty_above_threshold"",""fresh_catalyst_signal"",""domain_relevance_low"",""repeated_catalyst_no_delta""]",88,growth_softness_vs_multiple_risk,,2026-04-25T21:01:27.127Z
commodities-agent,Commodities Agent,comment_only,"[""novelty_above_threshold"",""fresh_catalyst_signal"",""run_catalyst_claimed""]",89,oil_geopolitics_and_inflation_pass_through,"{""headline_id"":""dfb06abc"",""agent_id"":""commodities-agent"",""headline_title"":""Weekend Market Report-Record Highs, $97 Oil, and the Biggest Earnings Week of the Year Ahead"",""headline_type"":""company_news"",""direct_relevance_score"":3,""indirect_relevance_score"":4,""market_signal_strength"":""high"",""is_new_information"":true,""is_cross_asset_relevant"":true,""primary_mechanism"":"""",""affected_assets"":[""wti"",""brent""],""what_changed"":""Weekend Market Report-Record Highs, $97 Oil, and the Biggest Earnings Week of the Year Ahead"",""linked_existing_thesis_id"":null,""recommended_action"":""comment_on_other"",""comment_purpose"":""add_cross_asset_spillover"",""historical_analog_candidate"":null}",2026-04-25T21:01:26.382Z
equities-agent,Equities Agent,comment_only,"[""novelty_above_threshold"",""fresh_catalyst_signal"",""matched_thesis_update"",""run_catalyst_claimed""]",82,growth_softness_vs_multiple_risk,"{""headline_id"":""dfb06abc"",""agent_id"":""equities-agent"",""headline_title"":""Weekend Market Report-Record Highs, $97 Oil, and the Biggest Earnings Week of the Year Ahead"",""headline_type"":""company_news"",""direct_relevance_score"":5,""indirect_relevance_score"":4,""market_signal_strength"":""high"",""is_new_information"":true,""is_cross_asset_relevant"":true,""primary_mechanism"":"""",""affected_assets"":[""wti"",""brent""],""what_changed"":""Weekend Market Report-Record Highs, $97 Oil, and the Biggest Earnings Week of the Year Ahead"",""linked_existing_thesis_id"":""58891dc8-af86-483e-8dc3-5268d8c5ce82"",""recommended_action"":""update_existing"",""comment_purpose"":null,""historical_analog_candidate"":null}",2026-04-25T21:01:25.216Z
fx-agent,FX Agent,new_post,"[""novelty_above_threshold"",""fresh_catalyst_signal"",""matched_thesis_update"",""domain_relevance_low""]",81,oil_geopolitics_and_inflation_pass_through,,2026-04-25T21:01:12.929Z
rates-agent,Rates Agent,stay_silent,"[""novelty_above_threshold"",""fresh_catalyst_signal"",""matched_thesis_update"",""rates_template_repetition"",""no_fresh_signal""]",82,rates_repricing_and_duration_pressure,"{""headline_id"":""91674bf1"",""agent_id"":""rates-agent"",""headline_title"":""Debt Management Research"",""headline_type"":""other"",""direct_relevance_score"":0,""indirect_relevance_score"":2,""market_signal_strength"":""low"",""is_new_information"":true,""is_cross_asset_relevant"":false,""primary_mechanism"":"""",""affected_assets"":[],""what_changed"":""Debt Management Research"",""linked_existing_thesis_id"":null,""recommended_action"":""stay_silent"",""comment_purpose"":null,""historical_analog_candidate"":null}",2026-04-25T21:01:12.188Z
macro-agent,Macro Agent,update_existing,"[""high_thesis_load"",""matched_thesis_update"",""fresh_catalyst_signal""]",81,growth_softness_vs_multiple_risk,"{""headline_id"":""dec2cf3b"",""agent_id"":""macro-agent"",""headline_title"":""ServiceNow CEO Says AI Fear Is Missing Real Story: Customers Are Spending More - ServiceNow (NYSE:NOW)"",""headline_type"":""other"",""direct_relevance_score"":3,""indirect_relevance_score"":8,""market_signal_strength"":""low"",""is_new_information"":true,""is_cross_asset_relevant"":true,""primary_mechanism"":""Policy rate signal → front-end Treasury repricing → FX carry shifts → equity discount rate"",""affected_assets"":[],""what_changed"":""ServiceNow CEO Says AI Fear Is Missing Real Story: Customers Are Spending More - ServiceNow"",""linked_existing_thesis_id"":null,""recommended_action"":""comment_on_other"",""comment_purpose"":""add_cross_asset_spillover"",""historical_analog_candidate"":null}",2026-04-25T21:01:00.515Z
risk-sentiment-agent,Risk/Sentiment Agent,stay_silent,"[""low_headline_relevance"",""fresh_catalyst_signal""]",92,crowding_positioning,"{""headline_id"":""4716f12f"",""agent_id"":""risk-sentiment-agent"",""headline_title"":""Strait Of Hormuz May Stay Shut Until Second Half Of 2026 Amid Middle East, Baker Hughes CFO Says"",""headline_type"":""other"",""direct_relevance_score"":0,""indirect_relevance_score"":6,""market_signal_strength"":""low"",""is_new_information"":true,""is_cross_asset_relevant"":true,""primary_mechanism"":""Natural gas print → storage/supply dynamics → utility margin → energy sector earnings"",""affected_assets"":[],""what_changed"":""Strait Of Hormuz May Stay Shut Until Second Half Of 2026 Amid Middle East, Baker Hughes CFO Says"",""linked_existing_thesis_id"":null,""recommended_action"":""stay_silent"",""comment_purpose"":null,""historical_analog_candidate"":null}",2026-04-25T20:01:20.723Z
commodities-agent,Commodities Agent,comment_only,"[""novelty_above_threshold"",""fresh_catalyst_signal"",""headline_routed_to_comment""]",86,metals_growth,"{""headline_id"":""578d6fac"",""agent_id"":""commodities-agent"",""headline_title"":""3 Dangerous Dividend ETFs to Sell Before May and Go Away"",""headline_type"":""company_news"",""direct_relevance_score"":3,""indirect_relevance_score"":10,""market_signal_strength"":""low"",""is_new_information"":true,""is_cross_asset_relevant"":true,""primary_mechanism"":""Gold move → real rate signal (inverse of TIPS yield) → dollar direction → safe-haven demand"",""affected_assets"":[],""what_changed"":""3 Dangerous Dividend ETFs to Sell Before May and Go Away"",""linked_existing_thesis_id"":null,""recommended_action"":""comment_on_other"",""comment_purpose"":""add_cross_asset_spillover"",""historical_analog_candidate"":null}",2026-04-25T20:01:19.569Z
equities-agent,Equities Agent,comment_only,"[""low_novelty_range"",""fresh_catalyst_signal"",""matched_thesis_update"",""unresolved_thesis_nudge""]",21,ai_concentration,"{""headline_id"":""7e79841e"",""agent_id"":""equities-agent"",""headline_title"":""IRON Investor News: If You Have Suffered Losses in Disc Medicine, Inc. (NASDAQ: IRON), You Are Encouraged to Contact The Rosen Law Firm About Your Rights"",""headline_type"":""other"",""direct_relevance_score"":5,""indirect_relevance_score"":2,""market_signal_strength"":""low"",""is_new_information"":true,""is_cross_asset_relevant"":false,""primary_mechanism"":"""",""affected_assets"":[""sp500"",""nasdaq""],""what_changed"":""IRON Investor News: If You Have Suffered Losses in Disc Medicine, Inc. (NASDAQ: IRON), You Are Encouraged to Contact The Rosen Law Firm About Your Rights"",""linked_existing_thesis_id"":""5b1fd474-b2c8-40c7-b438-c20b90bf10c6"",""recommended_action"":""update_existing"",""comment_purpose"":null,""historical_analog_candidate"":null}",2026-04-25T20:01:18.661Z
fx-agent,FX Agent,new_post,"[""novelty_above_threshold"",""fresh_catalyst_signal""]",89,market_fragility,"{""headline_id"":""01101cdd"",""agent_id"":""fx-agent"",""headline_title"":""Trump cancels Pakistan trip for Kushner and Witkoff"",""headline_type"":""other"",""direct_relevance_score"":3,""indirect_relevance_score"":6,""market_signal_strength"":""low"",""is_new_information"":true,""is_cross_asset_relevant"":true,""primary_mechanism"":"""",""affected_assets"":[],""what_changed"":""Trump cancels Pakistan trip for Kushner and Witkoff"",""linked_existing_thesis_id"":null,""recommended_action"":""comment_on_other"",""comment_purpose"":""add_cross_asset_spillover"",""historical_analog_candidate"":null}",2026-04-25T20:01:01.664Z
rates-agent,Rates Agent,comment_only,"[""matched_thesis_update"",""fresh_catalyst_signal"",""deprioritized_topic"",""headline_routed_to_comment""]",81,curve_shape,"{""headline_id"":""578d6fac"",""agent_id"":""rates-agent"",""headline_title"":""3 Dangerous Dividend ETFs to Sell Before May and Go Away"",""headline_type"":""company_news"",""direct_relevance_score"":3,""indirect_relevance_score"":10,""market_signal_strength"":""low"",""is_new_information"":true,""is_cross_asset_relevant"":true,""primary_mechanism"":""Gold move → real rate signal (inverse of TIPS yield) → dollar direction → safe-haven demand"",""affected_assets"":[],""what_changed"":""3 Dangerous Dividend ETFs to Sell Before May and Go Away"",""linked_existing_thesis_id"":null,""recommended_action"":""comment_on_other"",""comment_purpose"":""add_cross_asset_spillover"",""historical_analog_candidate"":null}",2026-04-25T20:01:00.875Z
macro-agent,Macro Agent,comment_only,"[""high_thesis_load"",""matched_thesis_update"",""fresh_catalyst_signal"",""headline_routed_to_comment""]",82,consumer_demand,"{""headline_id"":""578d6fac"",""agent_id"":""macro-agent"",""headline_title"":""3 Dangerous Dividend ETFs to Sell Before May and Go Away"",""headline_type"":""company_news"",""direct_relevance_score"":3,""indirect_relevance_score"":10,""market_signal_strength"":""low"",""is_new_information"":true,""is_cross_asset_relevant"":true,""primary_mechanism"":""Gold move → real rate signal (inverse of TIPS yield) → dollar direction → safe-haven demand"",""affected_assets"":[],""what_changed"":""3 Dangerous Dividend ETFs to Sell Before May and Go Away"",""linked_existing_thesis_id"":null,""recommended_action"":""comment_on_other"",""comment_purpose"":""add_cross_asset_spillover"",""historical_analog_candidate"":null}",2026-04-25T20:01:00.065Z
risk-sentiment-agent,Risk/Sentiment Agent,stay_silent,"[""novelty_above_threshold"",""fresh_catalyst_signal"",""domain_relevance_low"",""repeated_catalyst_no_delta""]",90,growth_softness_vs_multiple_risk,,2026-04-25T19:01:36.363Z
commodities-agent,Commodities Agent,stay_silent,"[""novelty_above_threshold"",""fresh_catalyst_signal"",""domain_relevance_low"",""repeated_catalyst_no_delta""]",90,growth_softness_vs_multiple_risk,,2026-04-25T19:01:35.664Z
equities-agent,Equities Agent,comment_only,"[""novelty_above_threshold"",""fresh_catalyst_signal"",""matched_thesis_update"",""run_catalyst_claimed""]",82,growth_softness_vs_multiple_risk,"{""headline_id"":""a86dfadd"",""agent_id"":""equities-agent"",""headline_title"":""1 Reason I'm Never Selling Netflix Stock"",""headline_type"":""other"",""direct_relevance_score"":5,""indirect_relevance_score"":2,""market_signal_strength"":""high"",""is_new_information"":true,""is_cross_asset_relevant"":false,""primary_mechanism"":"""",""affected_assets"":[""sp500"",""nasdaq""],""what_changed"":""1 Reason I'm Never Selling Netflix Stock"",""linked_existing_thesis_id"":""5b1fd474-b2c8-40c7-b438-c20b90bf10c6"",""recommended_action"":""update_existing"",""comment_purpose"":null,""historical_analog_candidate"":null}",2026-04-25T19:01:34.853Z
fx-agent,FX Agent,new_post,"[""novelty_above_threshold"",""fresh_catalyst_signal"",""matched_thesis_update"",""domain_relevance_low""]",82,growth_softness_vs_multiple_risk,,2026-04-25T19:01:20.813Z
rates-agent,Rates Agent,update_existing,"[""novelty_above_threshold"",""fresh_catalyst_signal"",""matched_thesis_update"",""domain_relevance_low"",""rates_template_repetition"",""no_fresh_signal""]",82,growth_softness_vs_multiple_risk,"{""headline_id"":""91674bf1"",""agent_id"":""rates-agent"",""headline_title"":""Debt Management Research"",""headline_type"":""other"",""direct_relevance_score"":0,""indirect_relevance_score"":2,""market_signal_strength"":""low"",""is_new_information"":true,""is_cross_asset_relevant"":false,""primary_mechanism"":"""",""affected_assets"":[],""what_changed"":""Debt Management Research"",""linked_existing_thesis_id"":null,""recommended_action"":""stay_silent"",""comment_purpose"":null,""historical_analog_candidate"":null}",2026-04-25T19:01:11.196Z
macro-agent,Macro Agent,update_existing,"[""high_thesis_load"",""matched_thesis_update"",""fresh_catalyst_signal"",""domain_relevance_low""]",81,growth_softness_vs_multiple_risk,"{""headline_id"":""91674bf1"",""agent_id"":""macro-agent"",""headline_title"":""Debt Management Research"",""headline_type"":""other"",""direct_relevance_score"":0,""indirect_relevance_score"":2,""market_signal_strength"":""low"",""is_new_information"":true,""is_cross_asset_relevant"":false,""primary_mechanism"":"""",""affected_assets"":[],""what_changed"":""Debt Management Research"",""linked_existing_thesis_id"":null,""recommended_action"":""stay_silent"",""comment_purpose"":null,""historical_analog_candidate"":null}",2026-04-25T19:00:58.312Z
risk-sentiment-agent,Risk/Sentiment Agent,stay_silent,"[""low_headline_relevance"",""fresh_catalyst_signal""]",92,crowding_positioning,"{""headline_id"":""4716f12f"",""agent_id"":""risk-sentiment-agent"",""headline_title"":""Strait Of Hormuz May Stay Shut Until Second Half Of 2026 Amid Middle East, Baker Hughes CFO Says"",""headline_type"":""other"",""direct_relevance_score"":0,""indirect_relevance_score"":6,""market_signal_strength"":""low"",""is_new_information"":true,""is_cross_asset_relevant"":true,""primary_mechanism"":""Natural gas print → storage/supply dynamics → utility margin → energy sector earnings"",""affected_assets"":[],""what_changed"":""Strait Of Hormuz May Stay Shut Until Second Half Of 2026 Amid Middle East, Baker Hughes CFO Says"",""linked_existing_thesis_id"":null,""recommended_action"":""stay_silent"",""comment_purpose"":null,""historical_analog_candidate"":null}",2026-04-25T18:01:15.252Z
commodities-agent,Commodities Agent,comment_only,"[""novelty_above_threshold"",""fresh_catalyst_signal"",""run_catalyst_claimed""]",86,metals_growth,"{""headline_id"":""4716f12f"",""agent_id"":""commodities-agent"",""headline_title"":""Strait Of Hormuz May Stay Shut Until Second Half Of 2026 Amid Middle East, Baker Hughes CFO Says"",""headline_type"":""other"",""direct_relevance_score"":3,""indirect_relevance_score"":6,""market_signal_strength"":""low"",""is_new_information"":true,""is_cross_asset_relevant"":true,""primary_mechanism"":""Natural gas print → storage/supply dynamics → utility margin → energy sector earnings"",""affected_assets"":[],""what_changed"":""Strait Of Hormuz May Stay Shut Until Second Half Of 2026 Amid Middle East, Baker Hughes CFO Says"",""linked_existing_thesis_id"":null,""recommended_action"":""comment_on_other"",""comment_purpose"":""add_cross_asset_spillover"",""historical_analog_candidate"":null}",2026-04-25T18:01:14.461Z
equities-agent,Equities Agent,comment_only,"[""low_novelty_range"",""fresh_catalyst_signal"",""matched_thesis_update"",""unresolved_thesis_nudge""]",21,ai_concentration,"{""headline_id"":""7e79841e"",""agent_id"":""equities-agent"",""headline_title"":""IRON Investor News: If You Have Suffered Losses in Disc Medicine, Inc. (NASDAQ: IRON), You Are Encouraged to Contact The Rosen Law Firm About Your Rights"",""headline_type"":""other"",""direct_relevance_score"":5,""indirect_relevance_score"":2,""market_signal_strength"":""low"",""is_new_information"":true,""is_cross_asset_relevant"":false,""primary_mechanism"":"""",""affected_assets"":[""sp500"",""nasdaq""],""what_changed"":""IRON Investor News: If You Have Suffered Losses in Disc Medicine, Inc. (NASDAQ: IRON), You Are Encouraged to Contact The Rosen Law Firm About Your Rights"",""linked_existing_thesis_id"":""5b1fd474-b2c8-40c7-b438-c20b90bf10c6"",""recommended_action"":""update_existing"",""comment_purpose"":null,""historical_analog_candidate"":null}",2026-04-25T18:01:13.657Z
fx-agent,FX Agent,stay_silent,"[""headline_routed_to_comment"",""fresh_catalyst_signal"",""matched_thesis_update"",""deprioritized_topic"",""weak_catalyst_materiality_gate""]",44,dollar_path,"{""headline_id"":""01101cdd"",""agent_id"":""fx-agent"",""headline_title"":""Trump cancels Pakistan trip for Kushner and Witkoff"",""headline_type"":""other"",""direct_relevance_score"":3,""indirect_relevance_score"":6,""market_signal_strength"":""low"",""is_new_information"":true,""is_cross_asset_relevant"":true,""primary_mechanism"":"""",""affected_assets"":[],""what_changed"":""Trump cancels Pakistan trip for Kushner and Witkoff"",""linked_existing_thesis_id"":null,""recommended_action"":""comment_on_other"",""comment_purpose"":""add_cross_asset_spillover"",""historical_analog_candidate"":null}",2026-04-25T18:01:12.828Z
rates-agent,Rates Agent,stay_silent,"[""stale_headline_thesis_update"",""fresh_catalyst_signal"",""matched_thesis_update"",""deprioritized_topic"",""rates_template_repetition"",""no_fresh_signal""]",81,curve_shape,"{""headline_id"":""c4894e89"",""agent_id"":""rates-agent"",""headline_title"":""US issues fresh Iran-related sanctions, Treasury says - Reuters"",""headline_type"":""geopolitical"",""direct_relevance_score"":3,""indirect_relevance_score"":2,""market_signal_strength"":""medium"",""is_new_information"":false,""is_cross_asset_relevant"":false,""primary_mechanism"":""Sanctions → energy/commodity supply disruption → price spike → inflationary second-round effects"",""affected_assets"":[""us10y""],""what_changed"":""US issues fresh Iran-related sanctions, Treasury says - Reuters"",""linked_existing_thesis_id"":""6edcf66f-76a1-49f0-a418-11897287d4b2"",""recommended_action"":""update_existing"",""comment_purpose"":null,""historical_analog_candidate"":null}",2026-04-25T18:01:12.041Z
macro-agent,Macro Agent,update_existing,"[""high_thesis_load"",""matched_thesis_update"",""fresh_catalyst_signal""]",81,labor_growth,"{""headline_id"":""d83f97be"",""agent_id"":""macro-agent"",""headline_title"":""SLB, Baker Hughes see oil exploration spending rising as Iran war disrupts supply - Reuters"",""headline_type"":""geopolitical"",""direct_relevance_score"":0,""indirect_relevance_score"":4,""market_signal_strength"":""low"",""is_new_information"":true,""is_cross_asset_relevant"":true,""primary_mechanism"":""Geopolitical shock → risk premium expansion → commodity/currency safe-haven flows"",""affected_assets"":[""wti"",""brent""],""what_changed"":""SLB, Baker Hughes see oil exploration spending rising as Iran war disrupts supply - Reuters"",""linked_existing_thesis_id"":""f561f675-290a-4572-b954-a04f8b1b5427"",""recommended_action"":""update_existing"",""comment_purpose"":null,""historical_analog_candidate"":null}",2026-04-25T18:00:57.143Z
equities-agent,Equities Agent,comment_only,"[""headline_routed_to_comment"",""fresh_catalyst_signal"",""matched_thesis_update"",""unresolved_thesis_nudge""]",42,ai_concentration,"{""headline_id"":""a08860cb"",""agent_id"":""equities-agent"",""headline_title"":""F&O Talk: Nifty slips below 20 & 50EMA. Sudeep Shah's tips to ride monthly expiry, trade 6 big weekly movers"",""headline_type"":""other"",""direct_relevance_score"":7,""indirect_relevance_score"":4,""market_signal_strength"":""high"",""is_new_information"":true,""is_cross_asset_relevant"":true,""primary_mechanism"":"""",""affected_assets"":[],""what_changed"":""F&O Talk: Nifty slips below 20 & 50EMA. Sudeep Shah's tips to ride monthly expiry, trade 6 big weekly movers"",""linked_existing_thesis_id"":null,""recommended_action"":""comment_on_other"",""comment_purpose"":""add_cross_asset_spillover"",""historical_analog_candidate"":null}",2026-04-25T16:01:00.230Z
fx-agent,FX Agent,update_existing,"[""matched_thesis_update"",""fresh_catalyst_signal"",""deprioritized_topic""]",42,dollar_path,"{""headline_id"":""955ddfb9"",""agent_id"":""fx-agent"",""headline_title"":""Chicago Capital Slashes Its Alkami Technology Position by 1.6 Million Shares"",""headline_type"":""other"",""direct_relevance_score"":0,""indirect_relevance_score"":4,""market_signal_strength"":""high"",""is_new_information"":true,""is_cross_asset_relevant"":true,""primary_mechanism"":"""",""affected_assets"":[],""what_changed"":""Chicago Capital Slashes Its Alkami Technology Position by 1.6 Million Shares"",""linked_existing_thesis_id"":null,""recommended_action"":""stay_silent"",""comment_purpose"":null,""historical_analog_candidate"":null}",2026-04-25T16:00:49.759Z
rates-agent,Rates Agent,stay_silent,"[""stale_headline_thesis_update"",""fresh_catalyst_signal"",""matched_thesis_update"",""deprioritized_topic"",""rates_template_repetition"",""no_fresh_signal""]",81,curve_shape,"{""headline_id"":""e02b4217"",""agent_id"":""rates-agent"",""headline_title"":""US Government Sold $524 Billion of Treasury Securities this Week. Inflation to Surpass T-Bill Yields. Brutal Bond Math"",""headline_type"":""macro_release"",""direct_relevance_score"":7,""indirect_relevance_score"":4,""market_signal_strength"":""high"",""is_new_information"":false,""is_cross_asset_relevant"":true,""primary_mechanism"":""Data release → market expectations update → rate path repricing"",""affected_assets"":[""us10y""],""what_changed"":""US Government Sold $524 Billion of Treasury Securities this Week. Inflation to Surpass T-Bill Yields. Brutal Bond Math"",""linked_existing_thesis_id"":""6edcf66f-76a1-49f0-a418-11897287d4b2"",""recommended_action"":""update_existing"",""comment_purpose"":null,""historical_analog_candidate"":null}",2026-04-25T16:00:49.462Z
macro-agent,Macro Agent,new_post,"[""novelty_above_threshold"",""fresh_catalyst_signal"",""matched_thesis_update""]",81,labor_growth,"{""headline_id"":""e02b4217"",""agent_id"":""macro-agent"",""headline_title"":""US Government Sold $524 Billion of Treasury Securities this Week. Inflation to Surpass T-Bill Yields. Brutal Bond Math"",""headline_type"":""macro_release"",""direct_relevance_score"":5,""indirect_relevance_score"":4,""market_signal_strength"":""high"",""is_new_information"":true,""is_cross_asset_relevant"":true,""primary_mechanism"":""Data release → market expectations update → rate path repricing"",""affected_assets"":[""us10y""],""what_changed"":""US Government Sold $524 Billion of Treasury Securities this Week. Inflation to Surpass T-Bill Yields. Brutal Bond Math"",""linked_existing_thesis_id"":null,""recommended_action"":""new_post"",""comment_purpose"":null,""historical_analog_candidate"":null}",2026-04-25T16:00:33.261Z
risk-sentiment-agent,Risk/Sentiment Agent,new_post,"[""novelty_above_threshold"",""fresh_catalyst_signal""]",90,credit_and_risk_sensitivity,"{""headline_id"":""b6682a61"",""agent_id"":""risk-sentiment-agent"",""headline_title"":""Selling The Furniture To Pay The Rent: The Unsustainable Reality Of Strategy Preferred"",""headline_type"":""other"",""direct_relevance_score"":5,""indirect_relevance_score"":4,""market_signal_strength"":""low"",""is_new_information"":true,""is_cross_asset_relevant"":true,""primary_mechanism"":"""",""affected_assets"":[],""what_changed"":""Selling The Furniture To Pay The Rent: The Unsustainable Reality Of Strategy Preferred"",""linked_existing_thesis_id"":null,""recommended_action"":""comment_on_other"",""comment_purpose"":""add_cross_asset_spillover"",""historical_analog_candidate"":null}",2026-04-25T15:01:37.337Z
commodities-agent,Commodities Agent,update_existing,"[""novelty_above_threshold"",""fresh_catalyst_signal"",""matched_thesis_update"",""weak_catalyst_materiality_gate""]",85,growth_softness_vs_multiple_risk,"{""headline_id"":""81bc1a0d"",""agent_id"":""commodities-agent"",""headline_title"":""Kinder Morgan: A Top Income Pick For 2026 (NYSE:KMI)"",""headline_type"":""other"",""direct_relevance_score"":3,""indirect_relevance_score"":6,""market_signal_strength"":""high"",""is_new_information"":true,""is_cross_asset_relevant"":true,""primary_mechanism"":""Natural gas print → storage/supply dynamics → utility margin → energy sector earnings"",""affected_assets"":[],""what_changed"":""Kinder Morgan: A Top Income Pick For 2026"",""linked_existing_thesis_id"":null,""recommended_action"":""new_post"",""comment_purpose"":null,""historical_analog_candidate"":null}",2026-04-25T15:01:24.887Z
equities-agent,Equities Agent,new_post,"[""novelty_above_threshold"",""fresh_catalyst_signal"",""matched_thesis_update""]",81,growth_softness_vs_multiple_risk,"{""headline_id"":""81bc1a0d"",""agent_id"":""equities-agent"",""headline_title"":""Kinder Morgan: A Top Income Pick For 2026 (NYSE:KMI)"",""headline_type"":""other"",""direct_relevance_score"":7,""indirect_relevance_score"":6,""market_signal_strength"":""high"",""is_new_information"":true,""is_cross_asset_relevant"":true,""primary_mechanism"":""Natural gas print → storage/supply dynamics → utility margin → energy sector earnings"",""affected_assets"":[],""what_changed"":""Kinder Morgan: A Top Income Pick For 2026"",""linked_existing_thesis_id"":null,""recommended_action"":""new_post"",""comment_purpose"":null,""historical_analog_candidate"":null}",2026-04-25T15:01:04.469Z
fx-agent,FX Agent,update_existing,"[""novelty_above_threshold"",""fresh_catalyst_signal"",""matched_thesis_update"",""domain_relevance_low"",""weak_catalyst_materiality_gate""]",82,growth_softness_vs_multiple_risk,,2026-04-25T15:00:52.392Z
rates-agent,Rates Agent,update_existing,"[""novelty_above_threshold"",""fresh_catalyst_signal"",""matched_thesis_update"",""domain_relevance_low"",""weak_catalyst_materiality_gate""]",82,growth_softness_vs_multiple_risk,"{""headline_id"":""91674bf1"",""agent_id"":""rates-agent"",""headline_title"":""Debt Management Research"",""headline_type"":""other"",""direct_relevance_score"":0,""indirect_relevance_score"":2,""market_signal_strength"":""low"",""is_new_information"":true,""is_cross_asset_relevant"":false,""primary_mechanism"":"""",""affected_assets"":[],""what_changed"":""Debt Management Research"",""linked_existing_thesis_id"":null,""recommended_action"":""stay_silent"",""comment_purpose"":null,""historical_analog_candidate"":null}",2026-04-25T15:00:40.174Z
macro-agent,Macro Agent,update_existing,"[""high_thesis_load"",""matched_thesis_update"",""fresh_catalyst_signal"",""weak_catalyst_materiality_gate""]",81,growth_softness_vs_multiple_risk,"{""headline_id"":""d4fc828e"",""agent_id"":""macro-agent"",""headline_title"":""The Trade Desk: Potential Value Trap, Pending FQ1'26 & Competitive Clarity (NASDAQ:TTD)"",""headline_type"":""other"",""direct_relevance_score"":3,""indirect_relevance_score"":6,""market_signal_strength"":""high"",""is_new_information"":true,""is_cross_asset_relevant"":true,""primary_mechanism"":"""",""affected_assets"":[""sp500"",""nasdaq""],""what_changed"":""The Trade Desk: Potential Value Trap, Pending FQ1'26 & Competitive Clarity"",""linked_existing_thesis_id"":null,""recommended_action"":""comment_on_other"",""comment_purpose"":""add_cross_asset_spillover"",""historical_analog_candidate"":null}",2026-04-25T15:00:29.452Z
risk-sentiment-agent,Risk/Sentiment Agent,comment_only,"[""novelty_above_threshold"",""fresh_catalyst_signal"",""run_catalyst_claimed""]",92,crowding_positioning,"{""headline_id"":""a18d2b91"",""agent_id"":""risk-sentiment-agent"",""headline_title"":""Strait of Hormuz is choking Bitcoin, not just oil. But there's a catch"",""headline_type"":""other"",""direct_relevance_score"":3,""indirect_relevance_score"":6,""market_signal_strength"":""low"",""is_new_information"":true,""is_cross_asset_relevant"":true,""primary_mechanism"":"""",""affected_assets"":[""wti"",""brent""],""what_changed"":""Strait of Hormuz is choking Bitcoin, not just oil. But there's a catch"",""linked_existing_thesis_id"":null,""recommended_action"":""comment_on_other"",""comment_purpose"":""add_cross_asset_spillover"",""historical_analog_candidate"":null}",2026-04-25T14:00:55.268Z
commodities-agent,Commodities Agent,comment_only,"[""novelty_above_threshold"",""fresh_catalyst_signal"",""matched_thesis_update"",""run_catalyst_claimed""]",72,gas_power,"{""headline_id"":""4716f12f"",""agent_id"":""commodities-agent"",""headline_title"":""Strait Of Hormuz May Stay Shut Until Second Half Of 2026 Amid Middle East, Baker Hughes CFO Says"",""headline_type"":""other"",""direct_relevance_score"":3,""indirect_relevance_score"":6,""market_signal_strength"":""low"",""is_new_information"":true,""is_cross_asset_relevant"":true,""primary_mechanism"":""Natural gas print → storage/supply dynamics → utility margin → energy sector earnings"",""affected_assets"":[],""what_changed"":""Strait Of Hormuz May Stay Shut Until Second Half Of 2026 Amid Middle East, Baker Hughes CFO Says"",""linked_existing_thesis_id"":null,""recommended_action"":""comment_on_other"",""comment_purpose"":""add_cross_asset_spillover"",""historical_analog_candidate"":null}",2026-04-25T14:00:54.865Z
equities-agent,Equities Agent,new_post,"[""novelty_above_threshold"",""fresh_catalyst_signal"",""matched_thesis_update""]",84,sector_defensives,"{""headline_id"":""2ecba426"",""agent_id"":""equities-agent"",""headline_title"":""Is Micron Technology Stock About to Join the Exclusive $1 Trillion Club?"",""headline_type"":""other"",""direct_relevance_score"":5,""indirect_relevance_score"":2,""market_signal_strength"":""high"",""is_new_information"":true,""is_cross_asset_relevant"":false,""primary_mechanism"":"""",""affected_assets"":[""sp500"",""nasdaq""],""what_changed"":""Is Micron Technology Stock About to Join the Exclusive $1 Trillion Club?"",""linked_existing_thesis_id"":""5b1fd474-b2c8-40c7-b438-c20b90bf10c6"",""recommended_action"":""update_existing"",""comment_purpose"":null,""historical_analog_candidate"":null}",2026-04-25T14:00:43.748Z
fx-agent,FX Agent,comment_only,"[""headline_routed_to_comment"",""fresh_catalyst_signal"",""matched_thesis_update"",""deprioritized_topic""]",43,dollar_path,"{""headline_id"":""dc9e5691"",""agent_id"":""fx-agent"",""headline_title"":""Blue Moon Closes Follow on Investment of C$4.8M from Hartree"",""headline_type"":""other"",""direct_relevance_score"":3,""indirect_relevance_score"":6,""market_signal_strength"":""high"",""is_new_information"":true,""is_cross_asset_relevant"":true,""primary_mechanism"":"""",""affected_assets"":[],""what_changed"":""Blue Moon Closes Follow on Investment of C$4.8M from Hartree"",""linked_existing_thesis_id"":null,""recommended_action"":""comment_on_other"",""comment_purpose"":""add_cross_asset_spillover"",""historical_analog_candidate"":null}",2026-04-25T14:00:43.326Z
rates-agent,Rates Agent,stay_silent,"[""matched_thesis_update"",""fresh_catalyst_signal"",""deprioritized_topic"",""rates_template_repetition"",""no_fresh_signal""]",81,curve_shape,"{""headline_id"":""bb0b91a2"",""agent_id"":""rates-agent"",""headline_title"":""Paul Mueller Company Announces Its First Quarter Earnings of 2026"",""headline_type"":""company_news"",""direct_relevance_score"":0,""indirect_relevance_score"":4,""market_signal_strength"":""high"",""is_new_information"":true,""is_cross_asset_relevant"":true,""primary_mechanism"":"""",""affected_assets"":[],""what_changed"":""Paul Mueller Company Announces Its First Quarter Earnings of 2026"",""linked_existing_thesis_id"":null,""recommended_action"":""stay_silent"",""comment_purpose"":null,""historical_analog_candidate"":null}",2026-04-25T14:00:42.653Z
macro-agent,Macro Agent,update_existing,"[""high_thesis_load"",""matched_thesis_update"",""fresh_catalyst_signal""]",82,consumer_demand,"{""headline_id"":""a18d2b91"",""agent_id"":""macro-agent"",""headline_title"":""Strait of Hormuz is choking Bitcoin, not just oil. But there's a catch"",""headline_type"":""other"",""direct_relevance_score"":0,""indirect_relevance_score"":6,""market_signal_strength"":""low"",""is_new_information"":true,""is_cross_asset_relevant"":true,""primary_mechanism"":"""",""affected_assets"":[""wti"",""brent""],""what_changed"":""Strait of Hormuz is choking Bitcoin, not just oil. But there's a catch"",""linked_existing_thesis_id"":""f561f675-290a-4572-b954-a04f8b1b5427"",""recommended_action"":""update_existing"",""comment_purpose"":null,""historical_analog_candidate"":null}",2026-04-25T14:00:29.569Z
risk-sentiment-agent,Risk/Sentiment Agent,stay_silent,"[""stale_headline_no_thesis"",""fresh_catalyst_signal""]",65,oil_geopolitics_and_inflation_pass_through,"{""headline_id"":""fef25084"",""agent_id"":""risk-sentiment-agent"",""headline_title"":""investingLive Americas FX news wrap 24 Apr:Risk-on mood lifts stocks to records/USD lower"",""headline_type"":""other"",""direct_relevance_score"":9,""indirect_relevance_score"":10,""market_signal_strength"":""high"",""is_new_information"":false,""is_cross_asset_relevant"":true,""primary_mechanism"":""Dollar move → EM debt burden → commodity price translation → US export competitiveness → FX carry unwind risk"",""affected_assets"":[""dxy""],""what_changed"":""investingLive Americas FX news wrap 24 Apr:Risk-on mood lifts stocks to records/USD lower"",""linked_existing_thesis_id"":null,""recommended_action"":""comment_on_other"",""comment_purpose"":""confirm_existing_thesis"",""historical_analog_candidate"":null}",2026-04-25T13:01:18.548Z
commodities-agent,Commodities Agent,new_post,"[""novelty_above_threshold"",""fresh_catalyst_signal""]",65,oil_geopolitics_and_inflation_pass_through,"{""headline_id"":""9e3dcce9"",""agent_id"":""commodities-agent"",""headline_title"":""Will Kevin Warsh cut rates as Fed chair? Should consumers anticipate immediate relief for mortgages, auto loans?"",""headline_type"":""policy"",""direct_relevance_score"":3,""indirect_relevance_score"":8,""market_signal_strength"":""high"",""is_new_information"":true,""is_cross_asset_relevant"":true,""primary_mechanism"":""Policy rate signal → front-end Treasury repricing → FX carry shifts → equity discount rate"",""affected_assets"":[],""what_changed"":""Will Kevin Warsh cut rates as Fed chair? Should consumers anticipate immediate relief for mortgages, auto loans?"",""linked_existing_thesis_id"":null,""recommended_action"":""new_post"",""comment_purpose"":null,""historical_analog_candidate"":null}",2026-04-25T13:01:04.515Z
equities-agent,Equities Agent,stay_silent,"[""stale_headline_no_thesis"",""fresh_catalyst_signal""]",65,oil_geopolitics_and_inflation_pass_through,"{""headline_id"":""fef25084"",""agent_id"":""equities-agent"",""headline_title"":""investingLive Americas FX news wrap 24 Apr:Risk-on mood lifts stocks to records/USD lower"",""headline_type"":""other"",""direct_relevance_score"":10,""indirect_relevance_score"":10,""market_signal_strength"":""high"",""is_new_information"":false,""is_cross_asset_relevant"":true,""primary_mechanism"":""Dollar move → EM debt burden → commodity price translation → US export competitiveness → FX carry unwind risk"",""affected_assets"":[""dxy""],""what_changed"":""investingLive Americas FX news wrap 24 Apr:Risk-on mood lifts stocks to records/USD lower"",""linked_existing_thesis_id"":null,""recommended_action"":""comment_on_other"",""comment_purpose"":""confirm_existing_thesis"",""historical_analog_candidate"":null}",2026-04-25T13:01:03.846Z
fx-agent,FX Agent,update_existing,"[""stale_headline_thesis_update"",""fresh_catalyst_signal"",""matched_thesis_update""]",57,oil_geopolitics_and_inflation_pass_through,"{""headline_id"":""fef25084"",""agent_id"":""fx-agent"",""headline_title"":""investingLive Americas FX news wrap 24 Apr:Risk-on mood lifts stocks to records/USD lower"",""headline_type"":""other"",""direct_relevance_score"":9,""indirect_relevance_score"":10,""market_signal_strength"":""high"",""is_new_information"":false,""is_cross_asset_relevant"":true,""primary_mechanism"":""Dollar move → EM debt burden → commodity price translation → US export competitiveness → FX carry unwind risk"",""affected_assets"":[""dxy""],""what_changed"":""investingLive Americas FX news wrap 24 Apr:Risk-on mood lifts stocks to records/USD lower"",""linked_existing_thesis_id"":""eb5ae8d9-1074-4b93-b075-f40d07e58cbf"",""recommended_action"":""update_existing"",""comment_purpose"":null,""historical_analog_candidate"":null}",2026-04-25T13:00:50.521Z
rates-agent,Rates Agent,stay_silent,"[""stale_headline_no_thesis"",""fresh_catalyst_signal""]",90,rates_repricing_and_duration_pressure,"{""headline_id"":""fef25084"",""agent_id"":""rates-agent"",""headline_title"":""investingLive Americas FX news wrap 24 Apr:Risk-on mood lifts stocks to records/USD lower"",""headline_type"":""other"",""direct_relevance_score"":5,""indirect_relevance_score"":10,""market_signal_strength"":""high"",""is_new_information"":false,""is_cross_asset_relevant"":true,""primary_mechanism"":""Dollar move → EM debt burden → commodity price translation → US export competitiveness → FX carry unwind risk"",""affected_assets"":[""dxy""],""what_changed"":""investingLive Americas FX news wrap 24 Apr:Risk-on mood lifts stocks to records/USD lower"",""linked_existing_thesis_id"":null,""recommended_action"":""comment_on_other"",""comment_purpose"":""confirm_existing_thesis"",""historical_analog_candidate"":null}",2026-04-25T13:00:49.827Z
macro-agent,Macro Agent,update_existing,"[""stale_headline_thesis_update"",""fresh_catalyst_signal"",""matched_thesis_update"",""repeated_catalyst_no_delta""]",56,oil_geopolitics_and_inflation_pass_through,"{""headline_id"":""fef25084"",""agent_id"":""macro-agent"",""headline_title"":""investingLive Americas FX news wrap 24 Apr:Risk-on mood lifts stocks to records/USD lower"",""headline_type"":""other"",""direct_relevance_score"":10,""indirect_relevance_score"":10,""market_signal_strength"":""high"",""is_new_information"":false,""is_cross_asset_relevant"":true,""primary_mechanism"":""Dollar move → EM debt burden → commodity price translation → US export competitiveness → FX carry unwind risk"",""affected_assets"":[""dxy""],""what_changed"":""investingLive Americas FX news wrap 24 Apr:Risk-on mood lifts stocks to records/USD lower"",""linked_existing_thesis_id"":null,""recommended_action"":""comment_on_other"",""comment_purpose"":""confirm_existing_thesis"",""historical_analog_candidate"":null}",2026-04-25T13:00:36.184Z
risk-sentiment-agent,Risk/Sentiment Agent,new_post,"[""novelty_above_threshold"",""fresh_catalyst_signal""]",92,crowding_positioning,"{""headline_id"":""c166dd52"",""agent_id"":""risk-sentiment-agent"",""headline_title"":""8 Best Low Volatility Stocks to Invest In Right Now"",""headline_type"":""other"",""direct_relevance_score"":3,""indirect_relevance_score"":4,""market_signal_strength"":""high"",""is_new_information"":true,""is_cross_asset_relevant"":true,""primary_mechanism"":"""",""affected_assets"":[],""what_changed"":""8 Best Low Volatility Stocks to Invest In Right Now"",""linked_existing_thesis_id"":null,""recommended_action"":""comment_on_other"",""comment_purpose"":""add_cross_asset_spillover"",""historical_analog_candidate"":null}",2026-04-25T12:00:58.111Z
commodities-agent,Commodities Agent,stay_silent,"[""stale_headline_thesis_update"",""fresh_catalyst_signal"",""matched_thesis_update"",""repeated_catalyst_no_delta""]",81,metals_growth,"{""headline_id"":""b48ad71e"",""agent_id"":""commodities-agent"",""headline_title"":""Nomi Prins Just Predicted Gold Price Will Hit $7,000-$9,000"",""headline_type"":""commodity_specific"",""direct_relevance_score"":3,""indirect_relevance_score"":8,""market_signal_strength"":""high"",""is_new_information"":false,""is_cross_asset_relevant"":true,""primary_mechanism"":""Gold move → real rate signal (inverse of TIPS yield) → dollar direction → safe-haven demand"",""affected_assets"":[""gold""],""what_changed"":""Nomi Prins Just Predicted Gold Price Will Hit $7,000-$9,000"",""linked_existing_thesis_id"":null,""recommended_action"":""stay_silent"",""comment_purpose"":null,""historical_analog_candidate"":null}",2026-04-25T12:00:57.153Z
equities-agent,Equities Agent,new_post,"[""novelty_above_threshold"",""fresh_catalyst_signal"",""matched_thesis_update""]",84,sector_defensives,"{""headline_id"":""b48ad71e"",""agent_id"":""equities-agent"",""headline_title"":""Nomi Prins Just Predicted Gold Price Will Hit $7,000-$9,000"",""headline_type"":""commodity_specific"",""direct_relevance_score"":3,""indirect_relevance_score"":8,""market_signal_strength"":""high"",""is_new_information"":true,""is_cross_asset_relevant"":true,""primary_mechanism"":""Gold move → real rate signal (inverse of TIPS yield) → dollar direction → safe-haven demand"",""affected_assets"":[""gold""],""what_changed"":""Nomi Prins Just Predicted Gold Price Will Hit $7,000-$9,000"",""linked_existing_thesis_id"":null,""recommended_action"":""new_post"",""comment_purpose"":null,""historical_analog_candidate"":null}",2026-04-25T12:00:46.417Z
fx-agent,FX Agent,comment_only,"[""low_novelty_range"",""no_fresh_signal"",""matched_thesis_update"",""deprioritized_topic"",""domain_relevance_low""]",24,dollar_path,,2026-04-25T12:00:46.011Z
rates-agent,Rates Agent,stay_silent,"[""matched_thesis_update"",""fresh_catalyst_signal"",""deprioritized_topic"",""rates_template_repetition"",""no_fresh_signal""]",81,curve_shape,"{""headline_id"":""91674bf1"",""agent_id"":""rates-agent"",""headline_title"":""Debt Management Research"",""headline_type"":""other"",""direct_relevance_score"":0,""indirect_relevance_score"":2,""market_signal_strength"":""low"",""is_new_information"":true,""is_cross_asset_relevant"":false,""primary_mechanism"":"""",""affected_assets"":[],""what_changed"":""Debt Management Research"",""linked_existing_thesis_id"":null,""recommended_action"":""stay_silent"",""comment_purpose"":null,""historical_analog_candidate"":null}",2026-04-25T12:00:45.715Z
macro-agent,Macro Agent,update_existing,"[""high_thesis_load"",""matched_thesis_update"",""fresh_catalyst_signal"",""domain_relevance_low""]",81,policy_divergence,"{""headline_id"":""f7e4780f"",""agent_id"":""macro-agent"",""headline_title"":""Why Lockheed Martin (LMT) Shares Are Falling Today"",""headline_type"":""other"",""direct_relevance_score"":0,""indirect_relevance_score"":0,""market_signal_strength"":""low"",""is_new_information"":true,""is_cross_asset_relevant"":false,""primary_mechanism"":"""",""affected_assets"":[],""what_changed"":""Why Lockheed Martin (LMT) Shares Are Falling Today"",""linked_existing_thesis_id"":null,""recommended_action"":""stay_silent"",""comment_purpose"":null,""historical_analog_candidate"":null}",2026-04-25T12:00:32.852Z
risk-sentiment-agent,Risk/Sentiment Agent,stay_silent,"[""stale_headline_no_thesis"",""fresh_catalyst_signal""]",92,credit_and_risk_sensitivity,"{""headline_id"":""fef25084"",""agent_id"":""risk-sentiment-agent"",""headline_title"":""investingLive Americas FX news wrap 24 Apr:Risk-on mood lifts stocks to records/USD lower"",""headline_type"":""other"",""direct_relevance_score"":9,""indirect_relevance_score"":10,""market_signal_strength"":""high"",""is_new_information"":false,""is_cross_asset_relevant"":true,""primary_mechanism"":""Dollar move → EM debt burden → commodity price translation → US export competitiveness → FX carry unwind risk"",""affected_assets"":[""dxy""],""what_changed"":""investingLive Americas FX news wrap 24 Apr:Risk-on mood lifts stocks to records/USD lower"",""linked_existing_thesis_id"":null,""recommended_action"":""comment_on_other"",""comment_purpose"":""confirm_existing_thesis"",""historical_analog_candidate"":null}",2026-04-25T11:00:51.846Z
commodities-agent,Commodities Agent,stay_silent,"[""stale_headline_no_thesis"",""fresh_catalyst_signal""]",65,oil_geopolitics_and_inflation_pass_through,"{""headline_id"":""fef25084"",""agent_id"":""commodities-agent"",""headline_title"":""investingLive Americas FX news wrap 24 Apr:Risk-on mood lifts stocks to records/USD lower"",""headline_type"":""other"",""direct_relevance_score"":7,""indirect_relevance_score"":10,""market_signal_strength"":""high"",""is_new_information"":false,""is_cross_asset_relevant"":true,""primary_mechanism"":""Dollar move → EM debt burden → commodity price translation → US export competitiveness → FX carry unwind risk"",""affected_assets"":[""dxy""],""what_changed"":""investingLive Americas FX news wrap 24 Apr:Risk-on mood lifts stocks to records/USD lower"",""linked_existing_thesis_id"":null,""recommended_action"":""comment_on_other"",""comment_purpose"":""confirm_existing_thesis"",""historical_analog_candidate"":null}",2026-04-25T11:00:51.446Z
equities-agent,Equities Agent,comment_only,"[""novelty_above_threshold"",""fresh_catalyst_signal"",""run_catalyst_claimed""]",65,growth_softness_vs_multiple_risk,"{""headline_id"":""0c1b1cdd"",""agent_id"":""equities-agent"",""headline_title"":""A research firm says 4 signs show the AI trade could spark a 30% stock rally that echoes the dot-com era"",""headline_type"":""other"",""direct_relevance_score"":5,""indirect_relevance_score"":2,""market_signal_strength"":""low"",""is_new_information"":true,""is_cross_asset_relevant"":false,""primary_mechanism"":"""",""affected_assets"":[""sp500"",""nasdaq""],""what_changed"":""A research firm says 4 signs show the AI trade could spark a 30% stock rally that echoes the dot-com era"",""linked_existing_thesis_id"":""5b1fd474-b2c8-40c7-b438-c20b90bf10c6"",""recommended_action"":""update_existing"",""comment_purpose"":null,""historical_analog_candidate"":null}",2026-04-25T11:00:51.047Z
fx-agent,FX Agent,update_existing,"[""stale_headline_thesis_update"",""fresh_catalyst_signal"",""matched_thesis_update""]",57,oil_geopolitics_and_inflation_pass_through,"{""headline_id"":""fef25084"",""agent_id"":""fx-agent"",""headline_title"":""investingLive Americas FX news wrap 24 Apr:Risk-on mood lifts stocks to records/USD lower"",""headline_type"":""other"",""direct_relevance_score"":9,""indirect_relevance_score"":10,""market_signal_strength"":""high"",""is_new_information"":false,""is_cross_asset_relevant"":true,""primary_mechanism"":""Dollar move → EM debt burden → commodity price translation → US export competitiveness → FX carry unwind risk"",""affected_assets"":[""dxy""],""what_changed"":""investingLive Americas FX news wrap 24 Apr:Risk-on mood lifts stocks to records/USD lower"",""linked_existing_thesis_id"":""eb5ae8d9-1074-4b93-b075-f40d07e58cbf"",""recommended_action"":""update_existing"",""comment_purpose"":null,""historical_analog_candidate"":null}",2026-04-25T11:00:41.681Z
rates-agent,Rates Agent,stay_silent,"[""stale_headline_no_thesis"",""fresh_catalyst_signal""]",90,rates_repricing_and_duration_pressure,"{""headline_id"":""fef25084"",""agent_id"":""rates-agent"",""headline_title"":""investingLive Americas FX news wrap 24 Apr:Risk-on mood lifts stocks to records/USD lower"",""headline_type"":""other"",""direct_relevance_score"":5,""indirect_relevance_score"":10,""market_signal_strength"":""high"",""is_new_information"":false,""is_cross_asset_relevant"":true,""primary_mechanism"":""Dollar move → EM debt burden → commodity price translation → US export competitiveness → FX carry unwind risk"",""affected_assets"":[""dxy""],""what_changed"":""investingLive Americas FX news wrap 24 Apr:Risk-on mood lifts stocks to records/USD lower"",""linked_existing_thesis_id"":null,""recommended_action"":""comment_on_other"",""comment_purpose"":""confirm_existing_thesis"",""historical_analog_candidate"":null}",2026-04-25T11:00:41.401Z
macro-agent,Macro Agent,new_post,"[""novelty_above_threshold"",""fresh_catalyst_signal""]",65,growth_softness_vs_multiple_risk,"{""headline_id"":""5fab717f"",""agent_id"":""macro-agent"",""headline_title"":""Analysis: The threat to the Fed's independence isn't over"",""headline_type"":""policy"",""direct_relevance_score"":3,""indirect_relevance_score"":6,""market_signal_strength"":""medium"",""is_new_information"":true,""is_cross_asset_relevant"":true,""primary_mechanism"":""Policy rate signal → front-end Treasury repricing → FX carry shifts → equity discount rate"",""affected_assets"":[],""what_changed"":""Analysis: The threat to the Fed's independence isn't over"",""linked_existing_thesis_id"":null,""recommended_action"":""new_post"",""comment_purpose"":null,""historical_analog_candidate"":null}",2026-04-25T11:00:30.693Z
risk-sentiment-agent,Risk/Sentiment Agent,stay_silent,"[""headline_routed_to_comment"",""fresh_catalyst_signal"",""weak_catalyst_materiality_gate""]",49,market_fragility,"{""headline_id"":""fa669c51"",""agent_id"":""risk-sentiment-agent"",""headline_title"":""Geopolitical Volatility Rattles Global Markets: Strait of Hormuz Traffic Collapses as Mali Unrest and German Auto Struggles Intensify"",""headline_type"":""other"",""direct_relevance_score"":3,""indirect_relevance_score"":4,""market_signal_strength"":""low"",""is_new_information"":true,""is_cross_asset_relevant"":true,""primary_mechanism"":"""",""affected_assets"":[],""what_changed"":""Geopolitical Volatility Rattles Global Markets: Strait of Hormuz Traffic Collapses as Mali Unrest and German Auto Struggles Intensify"",""linked_existing_thesis_id"":null,""recommended_action"":""comment_on_other"",""comment_purpose"":""add_cross_asset_spillover"",""historical_analog_candidate"":null}",2026-04-25T10:01:00.677Z
commodities-agent,Commodities Agent,stay_silent,"[""novelty_above_threshold"",""fresh_catalyst_signal"",""matched_thesis_update"",""run_catalyst_claimed"",""weak_catalyst_materiality_gate""]",81,metals_growth,"{""headline_id"":""7c2520da"",""agent_id"":""commodities-agent"",""headline_title"":""Why I Prefer Comstock Over CNX Resources Stock (NYSE:CNX)"",""headline_type"":""other"",""direct_relevance_score"":0,""indirect_relevance_score"":2,""market_signal_strength"":""low"",""is_new_information"":true,""is_cross_asset_relevant"":false,""primary_mechanism"":"""",""affected_assets"":[""sp500"",""nasdaq""],""what_changed"":""Why I Prefer Comstock Over CNX Resources Stock"",""linked_existing_thesis_id"":null,""recommended_action"":""stay_silent"",""comment_purpose"":null,""historical_analog_candidate"":null}",2026-04-25T10:01:00.273Z
equities-agent,Equities Agent,new_post,"[""novelty_above_threshold"",""fresh_catalyst_signal"",""matched_thesis_update""]",84,consumer_equities,"{""headline_id"":""7c2520da"",""agent_id"":""equities-agent"",""headline_title"":""Why I Prefer Comstock Over CNX Resources Stock (NYSE:CNX)"",""headline_type"":""other"",""direct_relevance_score"":8,""indirect_relevance_score"":2,""market_signal_strength"":""low"",""is_new_information"":true,""is_cross_asset_relevant"":false,""primary_mechanism"":"""",""affected_assets"":[""sp500"",""nasdaq""],""what_changed"":""Why I Prefer Comstock Over CNX Resources Stock"",""linked_existing_thesis_id"":""5b1fd474-b2c8-40c7-b438-c20b90bf10c6"",""recommended_action"":""update_existing"",""comment_purpose"":null,""historical_analog_candidate"":null}",2026-04-25T10:00:51.191Z
fx-agent,FX Agent,new_post,"[""novelty_above_threshold"",""fresh_catalyst_signal"",""matched_thesis_update""]",84,carry_em_fx,"{""headline_id"":""1113086c"",""agent_id"":""fx-agent"",""headline_title"":""Treasury Quarterly Refunding"",""headline_type"":""other"",""direct_relevance_score"":3,""indirect_relevance_score"":4,""market_signal_strength"":""medium"",""is_new_information"":true,""is_cross_asset_relevant"":true,""primary_mechanism"":"""",""affected_assets"":[""us10y""],""what_changed"":""Treasury Quarterly Refunding"",""linked_existing_thesis_id"":""0a4c8a99-6391-4a62-bd0e-5fb4c4309bc1"",""recommended_action"":""update_existing"",""comment_purpose"":null,""historical_analog_candidate"":null}",2026-04-25T10:00:40.383Z
rates-agent,Rates Agent,stay_silent,"[""stale_headline_thesis_update"",""fresh_catalyst_signal"",""matched_thesis_update"",""deprioritized_topic"",""rates_template_repetition"",""no_fresh_signal""]",81,curve_shape,"{""headline_id"":""4276e98e"",""agent_id"":""rates-agent"",""headline_title"":""Best high-yield savings interest rates today, April 25, 2026 (Earn up to 4.1% APY)"",""headline_type"":""other"",""direct_relevance_score"":3,""indirect_relevance_score"":4,""market_signal_strength"":""high"",""is_new_information"":false,""is_cross_asset_relevant"":true,""primary_mechanism"":"""",""affected_assets"":[""us10y""],""what_changed"":""Best high-yield savings interest rates today, April 25, 2026"",""linked_existing_thesis_id"":""6edcf66f-76a1-49f0-a418-11897287d4b2"",""recommended_action"":""update_existing"",""comment_purpose"":null,""historical_analog_candidate"":null}",2026-04-25T10:00:39.984Z
macro-agent,Macro Agent,new_post,"[""novelty_above_threshold"",""fresh_catalyst_signal"",""matched_thesis_update""]",83,labor_growth,"{""headline_id"":""253ffef7"",""agent_id"":""macro-agent"",""headline_title"":""2 Breakout Growth Stocks You Can Buy and Hold for the Next Decade"",""headline_type"":""other"",""direct_relevance_score"":3,""indirect_relevance_score"":4,""market_signal_strength"":""high"",""is_new_information"":true,""is_cross_asset_relevant"":true,""primary_mechanism"":"""",""affected_assets"":[],""what_changed"":""2 Breakout Growth Stocks You Can Buy and Hold for the Next Decade"",""linked_existing_thesis_id"":null,""recommended_action"":""comment_on_other"",""comment_purpose"":""add_cross_asset_spillover"",""historical_analog_candidate"":null}",2026-04-25T10:00:29.207Z
risk-sentiment-agent,Risk/Sentiment Agent,comment_only,"[""novelty_above_threshold"",""fresh_catalyst_signal"",""run_catalyst_claimed""]",91,credit_and_risk_sensitivity,"{""headline_id"":""fef25084"",""agent_id"":""risk-sentiment-agent"",""headline_title"":""investingLive Americas FX news wrap 24 Apr:Risk-on mood lifts stocks to records/USD lower"",""headline_type"":""other"",""direct_relevance_score"":9,""indirect_relevance_score"":10,""market_signal_strength"":""high"",""is_new_information"":true,""is_cross_asset_relevant"":true,""primary_mechanism"":""Dollar move → EM debt burden → commodity price translation → US export competitiveness → FX carry unwind risk"",""affected_assets"":[""dxy""],""what_changed"":""investingLive Americas FX news wrap 24 Apr:Risk-on mood lifts stocks to records/USD lower"",""linked_existing_thesis_id"":null,""recommended_action"":""new_post"",""comment_purpose"":null,""historical_analog_candidate"":null}",2026-04-25T09:00:58.349Z
commodities-agent,Commodities Agent,comment_only,"[""novelty_above_threshold"",""fresh_catalyst_signal"",""matched_thesis_update"",""run_catalyst_claimed""]",85,oil_geopolitics_and_inflation_pass_through,"{""headline_id"":""fef25084"",""agent_id"":""commodities-agent"",""headline_title"":""investingLive Americas FX news wrap 24 Apr:Risk-on mood lifts stocks to records/USD lower"",""headline_type"":""other"",""direct_relevance_score"":7,""indirect_relevance_score"":10,""market_signal_strength"":""high"",""is_new_information"":true,""is_cross_asset_relevant"":true,""primary_mechanism"":""Dollar move → EM debt burden → commodity price translation → US export competitiveness → FX carry unwind risk"",""affected_assets"":[""dxy""],""what_changed"":""investingLive Americas FX news wrap 24 Apr:Risk-on mood lifts stocks to records/USD lower"",""linked_existing_thesis_id"":null,""recommended_action"":""new_post"",""comment_purpose"":null,""historical_analog_candidate"":null}",2026-04-25T09:00:57.936Z
equities-agent,Equities Agent,comment_only,"[""novelty_above_threshold"",""fresh_catalyst_signal"",""matched_thesis_update"",""run_catalyst_claimed""]",84,growth_softness_vs_multiple_risk,"{""headline_id"":""fef25084"",""agent_id"":""equities-agent"",""headline_title"":""investingLive Americas FX news wrap 24 Apr:Risk-on mood lifts stocks to records/USD lower"",""headline_type"":""other"",""direct_relevance_score"":10,""indirect_relevance_score"":10,""market_signal_strength"":""high"",""is_new_information"":true,""is_cross_asset_relevant"":true,""primary_mechanism"":""Dollar move → EM debt burden → commodity price translation → US export competitiveness → FX carry unwind risk"",""affected_assets"":[""dxy""],""what_changed"":""investingLive Americas FX news wrap 24 Apr:Risk-on mood lifts stocks to records/USD lower"",""linked_existing_thesis_id"":null,""recommended_action"":""new_post"",""comment_purpose"":null,""historical_analog_candidate"":null}",2026-04-25T09:00:57.480Z
fx-agent,FX Agent,new_post,"[""novelty_above_threshold"",""fresh_catalyst_signal"",""matched_thesis_update""]",82,oil_geopolitics_and_inflation_pass_through,"{""headline_id"":""fef25084"",""agent_id"":""fx-agent"",""headline_title"":""investingLive Americas FX news wrap 24 Apr:Risk-on mood lifts stocks to records/USD lower"",""headline_type"":""other"",""direct_relevance_score"":9,""indirect_relevance_score"":10,""market_signal_strength"":""high"",""is_new_information"":true,""is_cross_asset_relevant"":true,""primary_mechanism"":""Dollar move → EM debt burden → commodity price translation → US export competitiveness → FX carry unwind risk"",""affected_assets"":[""dxy""],""what_changed"":""investingLive Americas FX news wrap 24 Apr:Risk-on mood lifts stocks to records/USD lower"",""linked_existing_thesis_id"":""eb5ae8d9-1074-4b93-b075-f40d07e58cbf"",""recommended_action"":""update_existing"",""comment_purpose"":null,""historical_analog_candidate"":null}",2026-04-25T09:00:42.049Z
rates-agent,Rates Agent,stay_silent,"[""novelty_above_threshold"",""fresh_catalyst_signal"",""matched_thesis_update"",""rates_template_repetition"",""no_fresh_signal""]",84,rates_repricing_and_duration_pressure,"{""headline_id"":""fef25084"",""agent_id"":""rates-agent"",""headline_title"":""investingLive Americas FX news wrap 24 Apr:Risk-on mood lifts stocks to records/USD lower"",""headline_type"":""other"",""direct_relevance_score"":5,""indirect_relevance_score"":10,""market_signal_strength"":""high"",""is_new_information"":true,""is_cross_asset_relevant"":true,""primary_mechanism"":""Dollar move → EM debt burden → commodity price translation → US export competitiveness → FX carry unwind risk"",""affected_assets"":[""dxy""],""what_changed"":""investingLive Americas FX news wrap 24 Apr:Risk-on mood lifts stocks to records/USD lower"",""linked_existing_thesis_id"":null,""recommended_action"":""new_post"",""comment_purpose"":null,""historical_analog_candidate"":null}",2026-04-25T09:00:41.642Z
macro-agent,Macro Agent,update_existing,"[""novelty_above_threshold"",""fresh_catalyst_signal"",""matched_thesis_update"",""headline_routed_to_comment""]",84,growth_softness_vs_multiple_risk,"{""headline_id"":""fef25084"",""agent_id"":""macro-agent"",""headline_title"":""investingLive Americas FX news wrap 24 Apr:Risk-on mood lifts stocks to records/USD lower"",""headline_type"":""other"",""direct_relevance_score"":10,""indirect_relevance_score"":10,""market_signal_strength"":""high"",""is_new_information"":true,""is_cross_asset_relevant"":true,""primary_mechanism"":""Dollar move → EM debt burden → commodity price translation → US export competitiveness → FX carry unwind risk"",""affected_assets"":[""dxy""],""what_changed"":""investingLive Americas FX news wrap 24 Apr:Risk-on mood lifts stocks to records/USD lower"",""linked_existing_thesis_id"":null,""recommended_action"":""new_post"",""comment_purpose"":null,""historical_analog_candidate"":null}",2026-04-25T09:00:29.042Z
risk-sentiment-agent,Risk/Sentiment Agent,stay_silent,"[""novelty_above_threshold"",""no_fresh_signal"",""domain_relevance_low"",""weak_catalyst_materiality_gate""]",92,crowding_positioning,,2026-04-25T08:01:00.902Z
commodities-agent,Commodities Agent,update_existing,"[""stale_headline_thesis_update"",""fresh_catalyst_signal"",""matched_thesis_update""]",81,metals_growth,"{""headline_id"":""6475aee6"",""agent_id"":""commodities-agent"",""headline_title"":""US oil executives expect crude output to rise as Iran war continues, survey shows - Reuters"",""headline_type"":""commodity_specific"",""direct_relevance_score"":3,""indirect_relevance_score"":2,""market_signal_strength"":""low"",""is_new_information"":false,""is_cross_asset_relevant"":false,""primary_mechanism"":""Commodity supply/demand shift → price transmission → sector margins"",""affected_assets"":[""wti"",""brent""],""what_changed"":""US oil executives expect crude output to rise as Iran war continues, survey shows - Reuters"",""linked_existing_thesis_id"":null,""recommended_action"":""stay_silent"",""comment_purpose"":null,""historical_analog_candidate"":null}",2026-04-25T08:00:47.887Z
equities-agent,Equities Agent,update_existing,"[""matched_thesis_update"",""fresh_catalyst_signal"",""deprioritized_topic"",""overcovered_topic_penalty""]",84,breadth_rotation,"{""headline_id"":""9733026d"",""agent_id"":""equities-agent"",""headline_title"":""Weak FY27 guidance, AI fears weigh on Infosys"",""headline_type"":""company_news"",""direct_relevance_score"":3,""indirect_relevance_score"":6,""market_signal_strength"":""low"",""is_new_information"":true,""is_cross_asset_relevant"":true,""primary_mechanism"":"""",""affected_assets"":[],""what_changed"":""Weak FY27 guidance, AI fears weigh on Infosys"",""linked_existing_thesis_id"":null,""recommended_action"":""comment_on_other"",""comment_purpose"":""add_cross_asset_spillover"",""historical_analog_candidate"":null}",2026-04-25T08:00:38.479Z
fx-agent,FX Agent,comment_only,"[""novelty_above_threshold"",""fresh_catalyst_signal"",""matched_thesis_update"",""run_catalyst_claimed""]",83,policy_divergence,"{""headline_id"":""1113086c"",""agent_id"":""fx-agent"",""headline_title"":""Treasury Quarterly Refunding"",""headline_type"":""other"",""direct_relevance_score"":3,""indirect_relevance_score"":4,""market_signal_strength"":""medium"",""is_new_information"":true,""is_cross_asset_relevant"":true,""primary_mechanism"":"""",""affected_assets"":[""us10y""],""what_changed"":""Treasury Quarterly Refunding"",""linked_existing_thesis_id"":""0a4c8a99-6391-4a62-bd0e-5fb4c4309bc1"",""recommended_action"":""update_existing"",""comment_purpose"":null,""historical_analog_candidate"":null}",2026-04-25T08:00:38.064Z
rates-agent,Rates Agent,update_existing,"[""stale_headline_thesis_update"",""fresh_catalyst_signal"",""matched_thesis_update"",""stance_lock_challenge""]",80,treasury_auctions,"{""headline_id"":""1113086c"",""agent_id"":""rates-agent"",""headline_title"":""Treasury Quarterly Refunding"",""headline_type"":""other"",""direct_relevance_score"":3,""indirect_relevance_score"":4,""market_signal_strength"":""medium"",""is_new_information"":false,""is_cross_asset_relevant"":true,""primary_mechanism"":"""",""affected_assets"":[""us10y""],""what_changed"":""Treasury Quarterly Refunding"",""linked_existing_thesis_id"":""6edcf66f-76a1-49f0-a418-11897287d4b2"",""recommended_action"":""update_existing"",""comment_purpose"":null,""historical_analog_candidate"":null}",2026-04-25T08:00:29.369Z
macro-agent,Macro Agent,comment_only,"[""novelty_above_threshold"",""fresh_catalyst_signal"",""matched_thesis_update"",""headline_routed_to_comment""]",82,consumer_demand,"{""headline_id"":""9733026d"",""agent_id"":""macro-agent"",""headline_title"":""Weak FY27 guidance, AI fears weigh on Infosys"",""headline_type"":""company_news"",""direct_relevance_score"":3,""indirect_relevance_score"":6,""market_signal_strength"":""low"",""is_new_information"":true,""is_cross_asset_relevant"":true,""primary_mechanism"":"""",""affected_assets"":[],""what_changed"":""Weak FY27 guidance, AI fears weigh on Infosys"",""linked_existing_thesis_id"":null,""recommended_action"":""comment_on_other"",""comment_purpose"":""add_cross_asset_spillover"",""historical_analog_candidate"":null}",2026-04-25T08:00:29.003Z
risk-sentiment-agent,Risk/Sentiment Agent,new_post,"[""novelty_above_threshold"",""fresh_catalyst_signal"",""matched_thesis_update"",""stance_lock_challenge""]",82,credit_and_risk_sensitivity,"{""headline_id"":""622c50d8"",""agent_id"":""risk-sentiment-agent"",""headline_title"":""Why are copper prices near high and will the momentum continue?"",""headline_type"":""commodity_specific"",""direct_relevance_score"":3,""indirect_relevance_score"":8,""market_signal_strength"":""low"",""is_new_information"":true,""is_cross_asset_relevant"":true,""primary_mechanism"":""Copper move → global growth proxy → industrial demand signal → EM capex cycle indicator"",""affected_assets"":[""copper""],""what_changed"":""Why are copper prices near high and will the momentum continue?"",""linked_existing_thesis_id"":null,""recommended_action"":""comment_on_other"",""comment_purpose"":""add_cross_asset_spillover"",""historical_analog_candidate"":null}",2026-04-25T07:01:08.928Z
commodities-agent,Commodities Agent,update_existing,"[""stale_headline_thesis_update"",""fresh_catalyst_signal"",""matched_thesis_update""]",86,rates_repricing_and_duration_pressure,"{""headline_id"":""622c50d8"",""agent_id"":""commodities-agent"",""headline_title"":""Why are copper prices near high and will the momentum continue?"",""headline_type"":""commodity_specific"",""direct_relevance_score"":3,""indirect_relevance_score"":8,""market_signal_strength"":""low"",""is_new_information"":false,""is_cross_asset_relevant"":true,""primary_mechanism"":""Copper move → global growth proxy → industrial demand signal → EM capex cycle indicator"",""affected_assets"":[""copper""],""what_changed"":""Why are copper prices near high and will the momentum continue?"",""linked_existing_thesis_id"":null,""recommended_action"":""stay_silent"",""comment_purpose"":null,""historical_analog_candidate"":null}",2026-04-25T07:00:57.918Z
equities-agent,Equities Agent,stay_silent,"[""novelty_above_threshold"",""fresh_catalyst_signal"",""matched_thesis_update"",""repeated_catalyst_no_delta""]",83,rates_repricing_and_duration_pressure,"{""headline_id"":""338dd464"",""agent_id"":""equities-agent"",""headline_title"":""FII exodus deepens in 2026 at Rs 1.75 lakh crore as April outflows swell to Rs 43,967 crore; FOMC next trigger"",""headline_type"":""policy"",""direct_relevance_score"":5,""indirect_relevance_score"":2,""market_signal_strength"":""high"",""is_new_information"":true,""is_cross_asset_relevant"":false,""primary_mechanism"":""Policy rate signal → front-end Treasury repricing → FX carry shifts → equity discount rate"",""affected_assets"":[],""what_changed"":""FII exodus deepens in 2026 at Rs 1.75 lakh crore as April outflows swell to Rs 43,967 crore; FOMC next trigger"",""linked_existing_thesis_id"":null,""recommended_action"":""new_post"",""comment_purpose"":null,""historical_analog_candidate"":null}",2026-04-25T07:00:57.476Z
fx-agent,FX Agent,stay_silent,"[""novelty_above_threshold"",""fresh_catalyst_signal"",""matched_thesis_update"",""repeated_catalyst_no_delta""]",83,rates_repricing_and_duration_pressure,"{""headline_id"":""1113086c"",""agent_id"":""fx-agent"",""headline_title"":""Treasury Quarterly Refunding"",""headline_type"":""other"",""direct_relevance_score"":3,""indirect_relevance_score"":4,""market_signal_strength"":""medium"",""is_new_information"":true,""is_cross_asset_relevant"":true,""primary_mechanism"":"""",""affected_assets"":[""us10y""],""what_changed"":""Treasury Quarterly Refunding"",""linked_existing_thesis_id"":""0a4c8a99-6391-4a62-bd0e-5fb4c4309bc1"",""recommended_action"":""update_existing"",""comment_purpose"":null,""historical_analog_candidate"":null}",2026-04-25T07:00:57.091Z
rates-agent,Rates Agent,update_existing,"[""stale_headline_thesis_update"",""fresh_catalyst_signal"",""matched_thesis_update"",""stance_lock_challenge""]",83,rates_repricing_and_duration_pressure,"{""headline_id"":""1113086c"",""agent_id"":""rates-agent"",""headline_title"":""Treasury Quarterly Refunding"",""headline_type"":""other"",""direct_relevance_score"":3,""indirect_relevance_score"":4,""market_signal_strength"":""medium"",""is_new_information"":false,""is_cross_asset_relevant"":true,""primary_mechanism"":"""",""affected_assets"":[""us10y""],""what_changed"":""Treasury Quarterly Refunding"",""linked_existing_thesis_id"":""6edcf66f-76a1-49f0-a418-11897287d4b2"",""recommended_action"":""update_existing"",""comment_purpose"":null,""historical_analog_candidate"":null}",2026-04-25T07:00:45.453Z
macro-agent,Macro Agent,update_existing,"[""stale_headline_thesis_update"",""fresh_catalyst_signal"",""matched_thesis_update""]",83,rates_repricing_and_duration_pressure,"{""headline_id"":""338dd464"",""agent_id"":""macro-agent"",""headline_title"":""FII exodus deepens in 2026 at Rs 1.75 lakh crore as April outflows swell to Rs 43,967 crore; FOMC next trigger"",""headline_type"":""policy"",""direct_relevance_score"":0,""indirect_relevance_score"":2,""market_signal_strength"":""high"",""is_new_information"":false,""is_cross_asset_relevant"":false,""primary_mechanism"":""Policy rate signal → front-end Treasury repricing → FX carry shifts → equity discount rate"",""affected_assets"":[],""what_changed"":""FII exodus deepens in 2026 at Rs 1.75 lakh crore as April outflows swell to Rs 43,967 crore; FOMC next trigger"",""linked_existing_thesis_id"":null,""recommended_action"":""stay_silent"",""comment_purpose"":null,""historical_analog_candidate"":null}",2026-04-25T07:00:31.103Z
risk-sentiment-agent,Risk/Sentiment Agent,new_post,"[""novelty_above_threshold"",""fresh_catalyst_signal"",""matched_thesis_update"",""stance_lock_challenge""]",77,duration_pressure,"{""headline_id"":""05b66d30"",""agent_id"":""risk-sentiment-agent"",""headline_title"":""UK stocks end week lower as fragile U.S.-Iran truce weighs; BoE flags risks - Reuters"",""headline_type"":""policy"",""direct_relevance_score"":5,""indirect_relevance_score"":4,""market_signal_strength"":""low"",""is_new_information"":true,""is_cross_asset_relevant"":true,""primary_mechanism"":""Policy signal → forward guidance repricing → asset allocation shift"",""affected_assets"":[],""what_changed"":""UK stocks end week lower as fragile U.S.-Iran truce weighs; BoE flags risks - Reuters"",""linked_existing_thesis_id"":null,""recommended_action"":""comment_on_other"",""comment_purpose"":""add_cross_asset_spillover"",""historical_analog_candidate"":null}",2026-04-25T06:00:58.245Z
commodities-agent,Commodities Agent,comment_only,"[""novelty_above_threshold"",""fresh_catalyst_signal"",""matched_thesis_update"",""run_catalyst_claimed""]",82,metals_growth,"{""headline_id"":""4716f12f"",""agent_id"":""commodities-agent"",""headline_title"":""Strait Of Hormuz May Stay Shut Until Second Half Of 2026 Amid Middle East, Baker Hughes CFO Says"",""headline_type"":""other"",""direct_relevance_score"":3,""indirect_relevance_score"":6,""market_signal_strength"":""low"",""is_new_information"":true,""is_cross_asset_relevant"":true,""primary_mechanism"":""Natural gas print → storage/supply dynamics → utility margin → energy sector earnings"",""affected_assets"":[],""what_changed"":""Strait Of Hormuz May Stay Shut Until Second Half Of 2026 Amid Middle East, Baker Hughes CFO Says"",""linked_existing_thesis_id"":null,""recommended_action"":""comment_on_other"",""comment_purpose"":""add_cross_asset_spillover"",""historical_analog_candidate"":null}",2026-04-25T06:00:57.851Z
equities-agent,Equities Agent,new_post,"[""novelty_above_threshold"",""fresh_catalyst_signal"",""matched_thesis_update""]",82,sector_defensives,"{""headline_id"":""93193e1e"",""agent_id"":""equities-agent"",""headline_title"":""Nvidia Tops $5 Trillion Market Cap As AI Boom Lifts Intel, AMD And Chip Stocks: 'Own It, Don't Trade It,' Says Jim Cramer"",""headline_type"":""other"",""direct_relevance_score"":10,""indirect_relevance_score"":4,""market_signal_strength"":""high"",""is_new_information"":true,""is_cross_asset_relevant"":true,""primary_mechanism"":"""",""affected_assets"":[],""what_changed"":""Nvidia Tops $5 Trillion Market Cap As AI Boom Lifts Intel, AMD And Chip Stocks: 'Own It, Don't Trade It,' Says Jim Cramer"",""linked_existing_thesis_id"":null,""recommended_action"":""comment_on_other"",""comment_purpose"":""add_cross_asset_spillover"",""historical_analog_candidate"":null}",2026-04-25T06:00:46.783Z
fx-agent,FX Agent,stay_silent,"[""novelty_above_threshold"",""fresh_catalyst_signal"",""matched_thesis_update"",""repeated_catalyst_no_delta""]",83,policy_divergence,"{""headline_id"":""1113086c"",""agent_id"":""fx-agent"",""headline_title"":""Treasury Quarterly Refunding"",""headline_type"":""other"",""direct_relevance_score"":3,""indirect_relevance_score"":4,""market_signal_strength"":""medium"",""is_new_information"":true,""is_cross_asset_relevant"":true,""primary_mechanism"":"""",""affected_assets"":[""us10y""],""what_changed"":""Treasury Quarterly Refunding"",""linked_existing_thesis_id"":""0a4c8a99-6391-4a62-bd0e-5fb4c4309bc1"",""recommended_action"":""update_existing"",""comment_purpose"":null,""historical_analog_candidate"":null}",2026-04-25T06:00:46.394Z
rates-agent,Rates Agent,stay_silent,"[""novelty_above_threshold"",""fresh_catalyst_signal"",""matched_thesis_update"",""rates_template_repetition"",""no_fresh_signal""]",80,duration_pressure,"{""headline_id"":""5fab717f"",""agent_id"":""rates-agent"",""headline_title"":""Analysis: The threat to the Fed's independence isn't over"",""headline_type"":""policy"",""direct_relevance_score"":3,""indirect_relevance_score"":6,""market_signal_strength"":""medium"",""is_new_information"":true,""is_cross_asset_relevant"":true,""primary_mechanism"":""Policy rate signal → front-end Treasury repricing → FX carry shifts → equity discount rate"",""affected_assets"":[],""what_changed"":""Analysis: The threat to the Fed's independence isn't over"",""linked_existing_thesis_id"":null,""recommended_action"":""new_post"",""comment_purpose"":null,""historical_analog_candidate"":null}",2026-04-25T06:00:45.932Z
macro-agent,Macro Agent,update_existing,"[""high_thesis_load"",""matched_thesis_update"",""fresh_catalyst_signal""]",80,consumer_demand,"{""headline_id"":""799f1adf"",""agent_id"":""macro-agent"",""headline_title"":""SLB, Baker Hughes see oil exploration spending rising as Iran war disrupts supply - Reuters"",""headline_type"":""geopolitical"",""direct_relevance_score"":0,""indirect_relevance_score"":4,""market_signal_strength"":""low"",""is_new_information"":true,""is_cross_asset_relevant"":true,""primary_mechanism"":""Geopolitical shock → risk premium expansion → commodity/currency safe-haven flows"",""affected_assets"":[""wti"",""brent""],""what_changed"":""SLB, Baker Hughes see oil exploration spending rising as Iran war disrupts supply - Reuters"",""linked_existing_thesis_id"":""f561f675-290a-4572-b954-a04f8b1b5427"",""recommended_action"":""update_existing"",""comment_purpose"":null,""historical_analog_candidate"":null}",2026-04-25T06:00:38.016Z
commodities-agent,Commodities Agent,new_post,"[""novelty_above_threshold"",""no_fresh_signal"",""matched_thesis_update""]",82,metals_growth,,2026-04-25T04:01:08.291Z
equities-agent,Equities Agent,new_post,"[""novelty_above_threshold"",""fresh_catalyst_signal"",""matched_thesis_update""]",83,consumer_equities,"{""headline_id"":""74423891"",""agent_id"":""equities-agent"",""headline_title"":""Vaalco Energy Stock: The Growth Story Is Gaining Momentum (NYSE:EGY)"",""headline_type"":""other"",""direct_relevance_score"":8,""indirect_relevance_score"":4,""market_signal_strength"":""low"",""is_new_information"":true,""is_cross_asset_relevant"":true,""primary_mechanism"":"""",""affected_assets"":[""sp500"",""nasdaq""],""what_changed"":""Vaalco Energy Stock: The Growth Story Is Gaining Momentum"",""linked_existing_thesis_id"":""5b1fd474-b2c8-40c7-b438-c20b90bf10c6"",""recommended_action"":""update_existing"",""comment_purpose"":null,""historical_analog_candidate"":null}",2026-04-25T04:00:57.671Z
fx-agent,FX Agent,comment_only,"[""novelty_above_threshold"",""fresh_catalyst_signal"",""matched_thesis_update"",""run_catalyst_claimed""]",83,policy_divergence,"{""headline_id"":""1113086c"",""agent_id"":""fx-agent"",""headline_title"":""Treasury Quarterly Refunding"",""headline_type"":""other"",""direct_relevance_score"":3,""indirect_relevance_score"":4,""market_signal_strength"":""medium"",""is_new_information"":true,""is_cross_asset_relevant"":true,""primary_mechanism"":"""",""affected_assets"":[""us10y""],""what_changed"":""Treasury Quarterly Refunding"",""linked_existing_thesis_id"":""0a4c8a99-6391-4a62-bd0e-5fb4c4309bc1"",""recommended_action"":""update_existing"",""comment_purpose"":null,""historical_analog_candidate"":null}",2026-04-25T04:00:56.897Z
rates-agent,Rates Agent,update_existing,"[""stale_headline_thesis_update"",""fresh_catalyst_signal"",""matched_thesis_update"",""stance_lock_challenge""]",84,duration_pressure,"{""headline_id"":""1113086c"",""agent_id"":""rates-agent"",""headline_title"":""Treasury Quarterly Refunding"",""headline_type"":""other"",""direct_relevance_score"":3,""indirect_relevance_score"":4,""market_signal_strength"":""medium"",""is_new_information"":false,""is_cross_asset_relevant"":true,""primary_mechanism"":"""",""affected_assets"":[""us10y""],""what_changed"":""Treasury Quarterly Refunding"",""linked_existing_thesis_id"":""6edcf66f-76a1-49f0-a418-11897287d4b2"",""recommended_action"":""update_existing"",""comment_purpose"":null,""historical_analog_candidate"":null}",2026-04-25T04:00:46.654Z
macro-agent,Macro Agent,update_existing,"[""high_thesis_load"",""matched_thesis_update"",""fresh_catalyst_signal""]",80,consumer_demand,"{""headline_id"":""9bb47f9f"",""agent_id"":""macro-agent"",""headline_title"":""Broadcom Stock: Driving Growth In A Competitive Market (NASDAQ:AVGO)"",""headline_type"":""other"",""direct_relevance_score"":3,""indirect_relevance_score"":4,""market_signal_strength"":""low"",""is_new_information"":true,""is_cross_asset_relevant"":true,""primary_mechanism"":"""",""affected_assets"":[""sp500"",""nasdaq""],""what_changed"":""Broadcom Stock: Driving Growth In A Competitive Market"",""linked_existing_thesis_id"":null,""recommended_action"":""comment_on_other"",""comment_purpose"":""add_cross_asset_spillover"",""historical_analog_candidate"":null}",2026-04-25T04:00:35.756Z
risk-sentiment-agent,Risk/Sentiment Agent,comment_only,"[""novelty_above_threshold"",""fresh_catalyst_signal"",""matched_thesis_update"",""run_catalyst_claimed""]",83,credit_and_risk_sensitivity,"{""headline_id"":""73b07d85"",""agent_id"":""risk-sentiment-agent"",""headline_title"":""10 High-Flying Stocks With Double-Digit Returns"",""headline_type"":""other"",""direct_relevance_score"":3,""indirect_relevance_score"":4,""market_signal_strength"":""high"",""is_new_information"":true,""is_cross_asset_relevant"":true,""primary_mechanism"":"""",""affected_assets"":[],""what_changed"":""10 High-Flying Stocks With Double-Digit Returns"",""linked_existing_thesis_id"":null,""recommended_action"":""comment_on_other"",""comment_purpose"":""add_cross_asset_spillover"",""historical_analog_candidate"":null}",2026-04-25T03:01:11.965Z
commodities-agent,Commodities Agent,new_post,"[""novelty_above_threshold"",""fresh_catalyst_signal"",""matched_thesis_update""]",86,oil_geopolitics_and_inflation_pass_through,"{""headline_id"":""c5111fef"",""agent_id"":""commodities-agent"",""headline_title"":""Nasdaq 100 Hits Best 4-Week Rally Since 2020 As Chips Notch Record Streak: The Week On Wall Street"",""headline_type"":""other"",""direct_relevance_score"":3,""indirect_relevance_score"":8,""market_signal_strength"":""high"",""is_new_information"":true,""is_cross_asset_relevant"":true,""primary_mechanism"":"""",""affected_assets"":[""sp500"",""nasdaq""],""what_changed"":""Nasdaq 100 Hits Best 4-Week Rally Since 2020 As Chips Notch Record Streak: The Week On Wall Street"",""linked_existing_thesis_id"":null,""recommended_action"":""comment_on_other"",""comment_purpose"":""add_cross_asset_spillover"",""historical_analog_candidate"":null}",2026-04-25T03:00:54.117Z
equities-agent,Equities Agent,comment_only,"[""novelty_above_threshold"",""fresh_catalyst_signal"",""matched_thesis_update"",""run_catalyst_claimed""]",83,growth_softness_vs_multiple_risk,"{""headline_id"":""5dde54be"",""agent_id"":""equities-agent"",""headline_title"":""Tech boosts US stocks to record close, oil dips on signs of Iran peace progress - Reuters"",""headline_type"":""geopolitical"",""direct_relevance_score"":3,""indirect_relevance_score"":4,""market_signal_strength"":""low"",""is_new_information"":true,""is_cross_asset_relevant"":true,""primary_mechanism"":""Geopolitical shock → risk premium expansion → commodity/currency safe-haven flows"",""affected_assets"":[""wti"",""brent""],""what_changed"":""Tech boosts US stocks to record close, oil dips on signs of Iran peace progress - Reuters"",""linked_existing_thesis_id"":""58891dc8-af86-483e-8dc3-5268d8c5ce82"",""recommended_action"":""update_existing"",""comment_purpose"":null,""historical_analog_candidate"":null}",2026-04-25T03:00:53.317Z
fx-agent,FX Agent,stay_silent,"[""novelty_above_threshold"",""fresh_catalyst_signal"",""repeated_catalyst_no_delta""]",91,oil_geopolitics_and_inflation_pass_through,"{""headline_id"":""1113086c"",""agent_id"":""fx-agent"",""headline_title"":""Treasury Quarterly Refunding"",""headline_type"":""other"",""direct_relevance_score"":3,""indirect_relevance_score"":4,""market_signal_strength"":""medium"",""is_new_information"":true,""is_cross_asset_relevant"":true,""primary_mechanism"":"""",""affected_assets"":[""us10y""],""what_changed"":""Treasury Quarterly Refunding"",""linked_existing_thesis_id"":""0a4c8a99-6391-4a62-bd0e-5fb4c4309bc1"",""recommended_action"":""update_existing"",""comment_purpose"":null,""historical_analog_candidate"":null}",2026-04-25T03:00:52.524Z
rates-agent,Rates Agent,stay_silent,"[""novelty_above_threshold"",""fresh_catalyst_signal"",""matched_thesis_update"",""rates_template_repetition"",""no_fresh_signal""]",79,rates_repricing_and_duration_pressure,"{""headline_id"":""5fab717f"",""agent_id"":""rates-agent"",""headline_title"":""Analysis: The threat to the Fed's independence isn't over"",""headline_type"":""policy"",""direct_relevance_score"":3,""indirect_relevance_score"":6,""market_signal_strength"":""medium"",""is_new_information"":true,""is_cross_asset_relevant"":true,""primary_mechanism"":""Policy rate signal → front-end Treasury repricing → FX carry shifts → equity discount rate"",""affected_assets"":[],""what_changed"":""Analysis: The threat to the Fed's independence isn't over"",""linked_existing_thesis_id"":null,""recommended_action"":""new_post"",""comment_purpose"":null,""historical_analog_candidate"":null}",2026-04-25T03:00:51.740Z
macro-agent,Macro Agent,new_post,"[""novelty_above_threshold"",""fresh_catalyst_signal"",""matched_thesis_update""]",82,growth_softness_vs_multiple_risk,"{""headline_id"":""c5111fef"",""agent_id"":""macro-agent"",""headline_title"":""Nasdaq 100 Hits Best 4-Week Rally Since 2020 As Chips Notch Record Streak: The Week On Wall Street"",""headline_type"":""other"",""direct_relevance_score"":3,""indirect_relevance_score"":8,""market_signal_strength"":""high"",""is_new_information"":true,""is_cross_asset_relevant"":true,""primary_mechanism"":"""",""affected_assets"":[""sp500"",""nasdaq""],""what_changed"":""Nasdaq 100 Hits Best 4-Week Rally Since 2020 As Chips Notch Record Streak: The Week On Wall Street"",""linked_existing_thesis_id"":null,""recommended_action"":""comment_on_other"",""comment_purpose"":""add_cross_asset_spillover"",""historical_analog_candidate"":null}",2026-04-25T03:00:35.333Z
risk-sentiment-agent,Risk/Sentiment Agent,comment_only,"[""novelty_above_threshold"",""fresh_catalyst_signal"",""matched_thesis_update"",""run_catalyst_claimed""]",79,duration_pressure,"{""headline_id"":""13bd0e4a"",""agent_id"":""risk-sentiment-agent"",""headline_title"":""Westamerica Bancorporation Increases Stock Repurchase Plan Authorization"",""headline_type"":""other"",""direct_relevance_score"":3,""indirect_relevance_score"":6,""market_signal_strength"":""low"",""is_new_information"":true,""is_cross_asset_relevant"":true,""primary_mechanism"":"""",""affected_assets"":[""sp500"",""nasdaq""],""what_changed"":""Westamerica Bancorporation Increases Stock Repurchase Plan Authorization"",""linked_existing_thesis_id"":null,""recommended_action"":""comment_on_other"",""comment_purpose"":""add_cross_asset_spillover"",""historical_analog_candidate"":null}",2026-04-25T02:01:12.924Z
commodities-agent,Commodities Agent,new_post,"[""novelty_above_threshold"",""fresh_catalyst_signal""]",87,metals_growth,"{""headline_id"":""dc9e5691"",""agent_id"":""commodities-agent"",""headline_title"":""Blue Moon Closes Follow on Investment of C$4.8M from Hartree"",""headline_type"":""other"",""direct_relevance_score"":3,""indirect_relevance_score"":6,""market_signal_strength"":""high"",""is_new_information"":true,""is_cross_asset_relevant"":true,""primary_mechanism"":"""",""affected_assets"":[],""what_changed"":""Blue Moon Closes Follow on Investment of C$4.8M from Hartree"",""linked_existing_thesis_id"":null,""recommended_action"":""comment_on_other"",""comment_purpose"":""add_cross_asset_spillover"",""historical_analog_candidate"":null}",2026-04-25T02:01:03.816Z
equities-agent,Equities Agent,new_post,"[""novelty_above_threshold"",""fresh_catalyst_signal"",""matched_thesis_update""]",82,banks_small_caps,"{""headline_id"":""74423891"",""agent_id"":""equities-agent"",""headline_title"":""Vaalco Energy Stock: The Growth Story Is Gaining Momentum (NYSE:EGY)"",""headline_type"":""other"",""direct_relevance_score"":8,""indirect_relevance_score"":4,""market_signal_strength"":""low"",""is_new_information"":true,""is_cross_asset_relevant"":true,""primary_mechanism"":"""",""affected_assets"":[""sp500"",""nasdaq""],""what_changed"":""Vaalco Energy Stock: The Growth Story Is Gaining Momentum"",""linked_existing_thesis_id"":""5b1fd474-b2c8-40c7-b438-c20b90bf10c6"",""recommended_action"":""update_existing"",""comment_purpose"":null,""historical_analog_candidate"":null}",2026-04-25T02:00:51.733Z
fx-agent,FX Agent,new_post,"[""novelty_above_threshold"",""fresh_catalyst_signal"",""matched_thesis_update""]",79,real_yields,"{""headline_id"":""db59e2f8"",""agent_id"":""fx-agent"",""headline_title"":""1 Surging  Stock to Keep an Eye On and 2 We Ignore"",""headline_type"":""other"",""direct_relevance_score"":0,""indirect_relevance_score"":2,""market_signal_strength"":""high"",""is_new_information"":true,""is_cross_asset_relevant"":false,""primary_mechanism"":"""",""affected_assets"":[""sp500"",""nasdaq""],""what_changed"":""1 Surging  Stock to Keep an Eye On and 2 We Ignore"",""linked_existing_thesis_id"":""cb81fe2a-924c-4eaa-a979-b87fd26e3dcd"",""recommended_action"":""update_existing"",""comment_purpose"":null,""historical_analog_candidate"":null}",2026-04-25T02:00:39.522Z
rates-agent,Rates Agent,stay_silent,"[""stale_headline_thesis_update"",""fresh_catalyst_signal"",""matched_thesis_update"",""rates_template_repetition"",""no_fresh_signal""]",80,duration_pressure,"{""headline_id"":""c4894e89"",""agent_id"":""rates-agent"",""headline_title"":""US issues fresh Iran-related sanctions, Treasury says - Reuters"",""headline_type"":""geopolitical"",""direct_relevance_score"":3,""indirect_relevance_score"":2,""market_signal_strength"":""medium"",""is_new_information"":false,""is_cross_asset_relevant"":false,""primary_mechanism"":""Sanctions → energy/commodity supply disruption → price spike → inflationary second-round effects"",""affected_assets"":[""us10y""],""what_changed"":""US issues fresh Iran-related sanctions, Treasury says - Reuters"",""linked_existing_thesis_id"":""6edcf66f-76a1-49f0-a418-11897287d4b2"",""recommended_action"":""update_existing"",""comment_purpose"":null,""historical_analog_candidate"":null}",2026-04-25T02:00:38.802Z
macro-agent,Macro Agent,new_post,"[""novelty_above_threshold"",""fresh_catalyst_signal"",""matched_thesis_update""]",82,labor_growth,"{""headline_id"":""9bb47f9f"",""agent_id"":""macro-agent"",""headline_title"":""Broadcom Stock: Driving Growth In A Competitive Market (NASDAQ:AVGO)"",""headline_type"":""other"",""direct_relevance_score"":3,""indirect_relevance_score"":4,""market_signal_strength"":""low"",""is_new_information"":true,""is_cross_asset_relevant"":true,""primary_mechanism"":"""",""affected_assets"":[""sp500"",""nasdaq""],""what_changed"":""Broadcom Stock: Driving Growth In A Competitive Market"",""linked_existing_thesis_id"":null,""recommended_action"":""comment_on_other"",""comment_purpose"":""add_cross_asset_spillover"",""historical_analog_candidate"":null}",2026-04-25T02:00:29.629Z
commodities-agent,Commodities Agent,comment_only,"[""novelty_above_threshold"",""fresh_catalyst_signal"",""run_catalyst_claimed""]",87,metals_growth,"{""headline_id"":""c5111fef"",""agent_id"":""commodities-agent"",""headline_title"":""Nasdaq 100 Hits Best 4-Week Rally Since 2020 As Chips Notch Record Streak: The Week On Wall Street"",""headline_type"":""other"",""direct_relevance_score"":3,""indirect_relevance_score"":8,""market_signal_strength"":""high"",""is_new_information"":true,""is_cross_asset_relevant"":true,""primary_mechanism"":"""",""affected_assets"":[""sp500"",""nasdaq""],""what_changed"":""Nasdaq 100 Hits Best 4-Week Rally Since 2020 As Chips Notch Record Streak: The Week On Wall Street"",""linked_existing_thesis_id"":null,""recommended_action"":""comment_on_other"",""comment_purpose"":""add_cross_asset_spillover"",""historical_analog_candidate"":null}",2026-04-25T00:01:34.855Z
equities-agent,Equities Agent,new_post,"[""novelty_above_threshold"",""fresh_catalyst_signal"",""matched_thesis_update""]",80,banks_small_caps,"{""headline_id"":""e0bfbce3"",""agent_id"":""equities-agent"",""headline_title"":""DarkIris Inc. Announces Closing of $3.8 Million PIPE Financing and $800,000 Content Asset Acquisition, Launching Full-Scale AIGC \""Gaming + Film & Television\"" Ecosystem"",""headline_type"":""company_news"",""direct_relevance_score"":5,""indirect_relevance_score"":4,""market_signal_strength"":""high"",""is_new_information"":true,""is_cross_asset_relevant"":true,""primary_mechanism"":"""",""affected_assets"":[],""what_changed"":""DarkIris Inc. Announces Closing of $3.8 Million PIPE Financing and $800,000 Content Asset Acquisition, Launching Full-Scale AIGC \""Gaming + Film & Television\"" Ecosystem"",""linked_existing_thesis_id"":null,""recommended_action"":""new_post"",""comment_purpose"":null,""historical_analog_candidate"":null}",2026-04-25T00:01:19.309Z
fx-agent,FX Agent,new_post,"[""novelty_above_threshold"",""fresh_catalyst_signal"",""matched_thesis_update""]",79,real_yields,"{""headline_id"":""4ff3dc8c"",""agent_id"":""fx-agent"",""headline_title"":""European stocks poised for negative open as ceasefire optimism fades"",""headline_type"":""other"",""direct_relevance_score"":3,""indirect_relevance_score"":6,""market_signal_strength"":""low"",""is_new_information"":true,""is_cross_asset_relevant"":true,""primary_mechanism"":"""",""affected_assets"":[],""what_changed"":""European stocks poised for negative open as ceasefire optimism fades"",""linked_existing_thesis_id"":null,""recommended_action"":""comment_on_other"",""comment_purpose"":""add_cross_asset_spillover"",""historical_analog_candidate"":null}",2026-04-25T00:01:05.496Z
rates-agent,Rates Agent,stay_silent,"[""novelty_above_threshold"",""fresh_catalyst_signal"",""matched_thesis_update"",""rates_template_repetition"",""no_fresh_signal""]",83,duration_pressure,"{""headline_id"":""5fab717f"",""agent_id"":""rates-agent"",""headline_title"":""Analysis: The threat to the Fed's independence isn't over"",""headline_type"":""policy"",""direct_relevance_score"":3,""indirect_relevance_score"":6,""market_signal_strength"":""medium"",""is_new_information"":true,""is_cross_asset_relevant"":true,""primary_mechanism"":""Policy rate signal → front-end Treasury repricing → FX carry shifts → equity discount rate"",""affected_assets"":[],""what_changed"":""Analysis: The threat to the Fed's independence isn't over"",""linked_existing_thesis_id"":null,""recommended_action"":""new_post"",""comment_purpose"":null,""historical_analog_candidate"":null}",2026-04-25T00:01:04.747Z
macro-agent,Macro Agent,new_post,"[""novelty_above_threshold"",""fresh_catalyst_signal"",""matched_thesis_update""]",82,labor_growth,"{""headline_id"":""c5111fef"",""agent_id"":""macro-agent"",""headline_title"":""Nasdaq 100 Hits Best 4-Week Rally Since 2020 As Chips Notch Record Streak: The Week On Wall Street"",""headline_type"":""other"",""direct_relevance_score"":3,""indirect_relevance_score"":8,""market_signal_strength"":""high"",""is_new_information"":true,""is_cross_asset_relevant"":true,""primary_mechanism"":"""",""affected_assets"":[""sp500"",""nasdaq""],""what_changed"":""Nasdaq 100 Hits Best 4-Week Rally Since 2020 As Chips Notch Record Streak: The Week On Wall Street"",""linked_existing_thesis_id"":null,""recommended_action"":""comment_on_other"",""comment_purpose"":""add_cross_asset_spillover"",""historical_analog_candidate"":null}",2026-04-25T00:00:48.623Z
risk-sentiment-agent,Risk/Sentiment Agent,update_existing,"[""novelty_above_threshold"",""fresh_catalyst_signal"",""matched_thesis_update"",""weak_catalyst_materiality_gate""]",83,growth_softness_vs_multiple_risk,"{""headline_id"":""f838607a"",""agent_id"":""risk-sentiment-agent"",""headline_title"":""The Chip Stock Rally That Broke History: SOXX Notches Record 17-Day Win Streak"",""headline_type"":""other"",""direct_relevance_score"":3,""indirect_relevance_score"":6,""market_signal_strength"":""high"",""is_new_information"":true,""is_cross_asset_relevant"":true,""primary_mechanism"":"""",""affected_assets"":[""sp500"",""nasdaq""],""what_changed"":""The Chip Stock Rally That Broke History: SOXX Notches Record 17-Day Win Streak"",""linked_existing_thesis_id"":null,""recommended_action"":""comment_on_other"",""comment_purpose"":""add_cross_asset_spillover"",""historical_analog_candidate"":null}",2026-04-24T23:01:36.315Z
commodities-agent,Commodities Agent,new_post,"[""novelty_above_threshold"",""fresh_catalyst_signal""]",91,oil_geopolitics_and_inflation_pass_through,"{""headline_id"":""dc9e5691"",""agent_id"":""commodities-agent"",""headline_title"":""Blue Moon Closes Follow on Investment of C$4.8M from Hartree"",""headline_type"":""other"",""direct_relevance_score"":3,""indirect_relevance_score"":6,""market_signal_strength"":""high"",""is_new_information"":true,""is_cross_asset_relevant"":true,""primary_mechanism"":"""",""affected_assets"":[],""what_changed"":""Blue Moon Closes Follow on Investment of C$4.8M from Hartree"",""linked_existing_thesis_id"":null,""recommended_action"":""comment_on_other"",""comment_purpose"":""add_cross_asset_spillover"",""historical_analog_candidate"":null}",2026-04-24T23:01:24.443Z
equities-agent,Equities Agent,new_post,"[""novelty_above_threshold"",""fresh_catalyst_signal"",""matched_thesis_update""]",82,growth_softness_vs_multiple_risk,"{""headline_id"":""4170fe49"",""agent_id"":""equities-agent"",""headline_title"":""ODD Lawsuit Alleges Misleading Disclosures Regarding Advertising Efficiency - ODDITY TECH LTD. Investors Face Losses After Shares Plunge 49% on AI Platform Disruption and Revenue Decline- Hagens Berman"",""headline_type"":""company_news"",""direct_relevance_score"":5,""indirect_relevance_score"":6,""market_signal_strength"":""high"",""is_new_information"":true,""is_cross_asset_relevant"":true,""primary_mechanism"":"""",""affected_assets"":[],""what_changed"":""ODD Lawsuit Alleges Misleading Disclosures Regarding Advertising Efficiency - ODDITY TECH LTD. Investors Face Losses After Shares Plunge 49% on AI Platform Disruption and Revenue Decline- Hagens Berman"",""linked_existing_thesis_id"":null,""recommended_action"":""new_post"",""comment_purpose"":null,""historical_analog_candidate"":null}",2026-04-24T23:01:09.282Z
fx-agent,FX Agent,new_post,"[""novelty_above_threshold"",""fresh_catalyst_signal"",""matched_thesis_update""]",83,oil_geopolitics_and_inflation_pass_through,"{""headline_id"":""dc9e5691"",""agent_id"":""fx-agent"",""headline_title"":""Blue Moon Closes Follow on Investment of C$4.8M from Hartree"",""headline_type"":""other"",""direct_relevance_score"":3,""indirect_relevance_score"":6,""market_signal_strength"":""high"",""is_new_information"":true,""is_cross_asset_relevant"":true,""primary_mechanism"":"""",""affected_assets"":[],""what_changed"":""Blue Moon Closes Follow on Investment of C$4.8M from Hartree"",""linked_existing_thesis_id"":null,""recommended_action"":""comment_on_other"",""comment_purpose"":""add_cross_asset_spillover"",""historical_analog_candidate"":null}",2026-04-24T23:00:55.076Z
rates-agent,Rates Agent,update_existing,"[""novelty_above_threshold"",""fresh_catalyst_signal"",""matched_thesis_update"",""domain_relevance_low"",""rates_template_repetition"",""no_fresh_signal""]",82,rates_repricing_and_duration_pressure,"{""headline_id"":""91674bf1"",""agent_id"":""rates-agent"",""headline_title"":""Debt Management Research"",""headline_type"":""other"",""direct_relevance_score"":0,""indirect_relevance_score"":2,""market_signal_strength"":""low"",""is_new_information"":true,""is_cross_asset_relevant"":false,""primary_mechanism"":"""",""affected_assets"":[],""what_changed"":""Debt Management Research"",""linked_existing_thesis_id"":null,""recommended_action"":""stay_silent"",""comment_purpose"":null,""historical_analog_candidate"":null}",2026-04-24T23:00:41.446Z
macro-agent,Macro Agent,update_existing,"[""stale_headline_thesis_update"",""fresh_catalyst_signal"",""matched_thesis_update"",""domain_relevance_low"",""weak_catalyst_materiality_gate""]",83,growth_softness_vs_multiple_risk,"{""headline_id"":""91674bf1"",""agent_id"":""macro-agent"",""headline_title"":""Debt Management Research"",""headline_type"":""other"",""direct_relevance_score"":0,""indirect_relevance_score"":2,""market_signal_strength"":""low"",""is_new_information"":false,""is_cross_asset_relevant"":false,""primary_mechanism"":"""",""affected_assets"":[],""what_changed"":""Debt Management Research"",""linked_existing_thesis_id"":null,""recommended_action"":""stay_silent"",""comment_purpose"":null,""historical_analog_candidate"":null}",2026-04-24T23:00:27.386Z
risk-sentiment-agent,Risk/Sentiment Agent,comment_only,"[""novelty_above_threshold"",""fresh_catalyst_signal"",""matched_thesis_update"",""run_catalyst_claimed""]",79,duration_pressure,"{""headline_id"":""fef25084"",""agent_id"":""risk-sentiment-agent"",""headline_title"":""investingLive Americas FX news wrap 24 Apr:Risk-on mood lifts stocks to records/USD lower"",""headline_type"":""other"",""direct_relevance_score"":9,""indirect_relevance_score"":10,""market_signal_strength"":""high"",""is_new_information"":true,""is_cross_asset_relevant"":true,""primary_mechanism"":""Dollar move → EM debt burden → commodity price translation → US export competitiveness → FX carry unwind risk"",""affected_assets"":[""dxy""],""what_changed"":""investingLive Americas FX news wrap 24 Apr:Risk-on mood lifts stocks to records/USD lower"",""linked_existing_thesis_id"":null,""recommended_action"":""new_post"",""comment_purpose"":null,""historical_analog_candidate"":null}",2026-04-24T22:01:15.901Z
commodities-agent,Commodities Agent,comment_only,"[""novelty_above_threshold"",""fresh_catalyst_signal"",""run_catalyst_claimed""]",87,metals_growth,"{""headline_id"":""fef25084"",""agent_id"":""commodities-agent"",""headline_title"":""investingLive Americas FX news wrap 24 Apr:Risk-on mood lifts stocks to records/USD lower"",""headline_type"":""other"",""direct_relevance_score"":7,""indirect_relevance_score"":10,""market_signal_strength"":""high"",""is_new_information"":true,""is_cross_asset_relevant"":true,""primary_mechanism"":""Dollar move → EM debt burden → commodity price translation → US export competitiveness → FX carry unwind risk"",""affected_assets"":[""dxy""],""what_changed"":""investingLive Americas FX news wrap 24 Apr:Risk-on mood lifts stocks to records/USD lower"",""linked_existing_thesis_id"":null,""recommended_action"":""new_post"",""comment_purpose"":null,""historical_analog_candidate"":null}",2026-04-24T22:01:14.839Z
equities-agent,Equities Agent,update_existing,"[""matched_thesis_update"",""fresh_catalyst_signal"",""deprioritized_topic"",""overcovered_topic_penalty""]",40,breadth_rotation,"{""headline_id"":""fef25084"",""agent_id"":""equities-agent"",""headline_title"":""investingLive Americas FX news wrap 24 Apr:Risk-on mood lifts stocks to records/USD lower"",""headline_type"":""other"",""direct_relevance_score"":10,""indirect_relevance_score"":10,""market_signal_strength"":""high"",""is_new_information"":true,""is_cross_asset_relevant"":true,""primary_mechanism"":""Dollar move → EM debt burden → commodity price translation → US export competitiveness → FX carry unwind risk"",""affected_assets"":[""dxy""],""what_changed"":""investingLive Americas FX news wrap 24 Apr:Risk-on mood lifts stocks to records/USD lower"",""linked_existing_thesis_id"":null,""recommended_action"":""new_post"",""comment_purpose"":null,""historical_analog_candidate"":null}",2026-04-24T22:00:59.415Z
fx-agent,FX Agent,new_post,"[""novelty_above_threshold"",""fresh_catalyst_signal"",""matched_thesis_update""]",79,real_yields,"{""headline_id"":""fef25084"",""agent_id"":""fx-agent"",""headline_title"":""investingLive Americas FX news wrap 24 Apr:Risk-on mood lifts stocks to records/USD lower"",""headline_type"":""other"",""direct_relevance_score"":9,""indirect_relevance_score"":10,""market_signal_strength"":""high"",""is_new_information"":true,""is_cross_asset_relevant"":true,""primary_mechanism"":""Dollar move → EM debt burden → commodity price translation → US export competitiveness → FX carry unwind risk"",""affected_assets"":[""dxy""],""what_changed"":""investingLive Americas FX news wrap 24 Apr:Risk-on mood lifts stocks to records/USD lower"",""linked_existing_thesis_id"":""eb5ae8d9-1074-4b93-b075-f40d07e58cbf"",""recommended_action"":""update_existing"",""comment_purpose"":null,""historical_analog_candidate"":null}",2026-04-24T22:00:45.907Z
rates-agent,Rates Agent,stay_silent,"[""novelty_above_threshold"",""fresh_catalyst_signal"",""matched_thesis_update"",""rates_template_repetition"",""no_fresh_signal""]",82,duration_pressure,"{""headline_id"":""fef25084"",""agent_id"":""rates-agent"",""headline_title"":""investingLive Americas FX news wrap 24 Apr:Risk-on mood lifts stocks to records/USD lower"",""headline_type"":""other"",""direct_relevance_score"":5,""indirect_relevance_score"":10,""market_signal_strength"":""high"",""is_new_information"":true,""is_cross_asset_relevant"":true,""primary_mechanism"":""Dollar move → EM debt burden → commodity price translation → US export competitiveness → FX carry unwind risk"",""affected_assets"":[""dxy""],""what_changed"":""investingLive Americas FX news wrap 24 Apr:Risk-on mood lifts stocks to records/USD lower"",""linked_existing_thesis_id"":null,""recommended_action"":""new_post"",""comment_purpose"":null,""historical_analog_candidate"":null}",2026-04-24T22:00:44.864Z
macro-agent,Macro Agent,new_post,"[""novelty_above_threshold"",""fresh_catalyst_signal"",""matched_thesis_update""]",82,labor_growth,"{""headline_id"":""fef25084"",""agent_id"":""macro-agent"",""headline_title"":""investingLive Americas FX news wrap 24 Apr:Risk-on mood lifts stocks to records/USD lower"",""headline_type"":""other"",""direct_relevance_score"":10,""indirect_relevance_score"":10,""market_signal_strength"":""high"",""is_new_information"":true,""is_cross_asset_relevant"":true,""primary_mechanism"":""Dollar move → EM debt burden → commodity price translation → US export competitiveness → FX carry unwind risk"",""affected_assets"":[""dxy""],""what_changed"":""investingLive Americas FX news wrap 24 Apr:Risk-on mood lifts stocks to records/USD lower"",""linked_existing_thesis_id"":null,""recommended_action"":""new_post"",""comment_purpose"":null,""historical_analog_candidate"":null}",2026-04-24T22:00:27.929Z
risk-sentiment-agent,Risk/Sentiment Agent,comment_only,"[""novelty_above_threshold"",""fresh_catalyst_signal"",""matched_thesis_update"",""run_catalyst_claimed""]",82,growth_softness_vs_multiple_risk,"{""headline_id"":""a8cc5352"",""agent_id"":""risk-sentiment-agent"",""headline_title"":""STMicroelectronics Q1: Let Your Winners Run (NYSE:STM)"",""headline_type"":""other"",""direct_relevance_score"":3,""indirect_relevance_score"":8,""market_signal_strength"":""low"",""is_new_information"":true,""is_cross_asset_relevant"":true,""primary_mechanism"":"""",""affected_assets"":[],""what_changed"":""STMicroelectronics Q1: Let Your Winners Run"",""linked_existing_thesis_id"":null,""recommended_action"":""comment_on_other"",""comment_purpose"":""add_cross_asset_spillover"",""historical_analog_candidate"":null}",2026-04-24T21:01:24.328Z
commodities-agent,Commodities Agent,new_post,"[""novelty_above_threshold"",""fresh_catalyst_signal""]",90,oil_geopolitics_and_inflation_pass_through,"{""headline_id"":""b55d8af5"",""agent_id"":""commodities-agent"",""headline_title"":""Emerita Forms Special Committee, Engages Canaccord Genuity and Confirms Receipt of a Second Unsolicited Offer Letter From Denarius Metals"",""headline_type"":""other"",""direct_relevance_score"":3,""indirect_relevance_score"":4,""market_signal_strength"":""low"",""is_new_information"":true,""is_cross_asset_relevant"":true,""primary_mechanism"":""Policy rate signal → front-end Treasury repricing → FX carry shifts → equity discount rate"",""affected_assets"":[],""what_changed"":""Emerita Forms Special Committee, Engages Canaccord Genuity and Confirms Receipt of a Second Unsolicited Offer Letter From Denarius Metals"",""linked_existing_thesis_id"":null,""recommended_action"":""comment_on_other"",""comment_purpose"":""add_cross_asset_spillover"",""historical_analog_candidate"":null}",2026-04-24T21:01:03.708Z
equities-agent,Equities Agent,update_existing,"[""stale_headline_thesis_update"",""fresh_catalyst_signal"",""matched_thesis_update""]",82,growth_softness_vs_multiple_risk,"{""headline_id"":""a61fc3c6"",""agent_id"":""equities-agent"",""headline_title"":""X-Energy Stock Opens 31% Above IPO Price As Amazon-Backed Nuclear Play Hits Nasdaq"",""headline_type"":""company_news"",""direct_relevance_score"":8,""indirect_relevance_score"":6,""market_signal_strength"":""high"",""is_new_information"":false,""is_cross_asset_relevant"":true,""primary_mechanism"":"""",""affected_assets"":[""sp500"",""nasdaq""],""what_changed"":""X-Energy Stock Opens 31% Above IPO Price As Amazon-Backed Nuclear Play Hits Nasdaq"",""linked_existing_thesis_id"":""5b1fd474-b2c8-40c7-b438-c20b90bf10c6"",""recommended_action"":""update_existing"",""comment_purpose"":null,""historical_analog_candidate"":null}",2026-04-24T21:00:53.006Z
fx-agent,FX Agent,update_existing,"[""stale_headline_thesis_update"",""fresh_catalyst_signal"",""matched_thesis_update""]",78,fx_policy_divergence,"{""headline_id"":""47e7ff55"",""agent_id"":""fx-agent"",""headline_title"":""Dollar holds weekly gains as war uncertainty keeps markets on edge - Reuters"",""headline_type"":""geopolitical"",""direct_relevance_score"":3,""indirect_relevance_score"":4,""market_signal_strength"":""low"",""is_new_information"":false,""is_cross_asset_relevant"":true,""primary_mechanism"":""Dollar move → EM debt burden → commodity price translation → US export competitiveness → FX carry unwind risk"",""affected_assets"":[""dxy""],""what_changed"":""Dollar holds weekly gains as war uncertainty keeps markets on edge - Reuters"",""linked_existing_thesis_id"":""eb5ae8d9-1074-4b93-b075-f40d07e58cbf"",""recommended_action"":""update_existing"",""comment_purpose"":null,""historical_analog_candidate"":null}",2026-04-24T21:00:43.103Z
rates-agent,Rates Agent,stay_silent,"[""novelty_above_threshold"",""fresh_catalyst_signal"",""matched_thesis_update"",""domain_relevance_low"",""rates_template_repetition"",""no_fresh_signal""]",82,rates_repricing_and_duration_pressure,"{""headline_id"":""91674bf1"",""agent_id"":""rates-agent"",""headline_title"":""Debt Management Research"",""headline_type"":""other"",""direct_relevance_score"":0,""indirect_relevance_score"":2,""market_signal_strength"":""low"",""is_new_information"":true,""is_cross_asset_relevant"":false,""primary_mechanism"":"""",""affected_assets"":[],""what_changed"":""Debt Management Research"",""linked_existing_thesis_id"":null,""recommended_action"":""stay_silent"",""comment_purpose"":null,""historical_analog_candidate"":null}",2026-04-24T21:00:42.070Z
macro-agent,Macro Agent,new_post,"[""novelty_above_threshold"",""fresh_catalyst_signal"",""weak_catalyst_materiality_gate""]",90,growth_softness_vs_multiple_risk,"{""headline_id"":""08cd79cd"",""agent_id"":""macro-agent"",""headline_title"":""CMCSA Q1 Deep Dive: Strategic Pivot Drives Revenue Growth Amid Broadband Headwinds"",""headline_type"":""company_news"",""direct_relevance_score"":3,""indirect_relevance_score"":2,""market_signal_strength"":""low"",""is_new_information"":true,""is_cross_asset_relevant"":false,""primary_mechanism"":"""",""affected_assets"":[],""what_changed"":""CMCSA Q1 Deep Dive: Strategic Pivot Drives Revenue Growth Amid Broadband Headwinds"",""linked_existing_thesis_id"":null,""recommended_action"":""stay_silent"",""comment_purpose"":null,""historical_analog_candidate"":null}",2026-04-24T21:00:26.128Z
risk-sentiment-agent,Risk/Sentiment Agent,comment_only,"[""novelty_above_threshold"",""fresh_catalyst_signal"",""run_catalyst_claimed""]",91,ai_concentration,"{""headline_id"":""1d6c776b"",""agent_id"":""risk-sentiment-agent"",""headline_title"":""Global Central Banks decisions highlight next week's calendar: Market Volatility Ahead"",""headline_type"":""other"",""direct_relevance_score"":5,""indirect_relevance_score"":10,""market_signal_strength"":""low"",""is_new_information"":true,""is_cross_asset_relevant"":true,""primary_mechanism"":""CPI print → real yield repricing → Fed path recalibration → duration positioning"",""affected_assets"":[],""what_changed"":""Global Central Banks decisions highlight next week's calendar: Market Volatility Ahead"",""linked_existing_thesis_id"":null,""recommended_action"":""comment_on_other"",""comment_purpose"":""add_cross_asset_spillover"",""historical_analog_candidate"":null}",2026-04-24T20:01:34.504Z
commodities-agent,Commodities Agent,new_post,"[""novelty_above_threshold"",""fresh_catalyst_signal""]",87,metals_growth,"{""headline_id"":""6ec78176"",""agent_id"":""commodities-agent"",""headline_title"":""Two Markets In One—Chips And Oil Are Fighting"",""headline_type"":""other"",""direct_relevance_score"":5,""indirect_relevance_score"":10,""market_signal_strength"":""low"",""is_new_information"":true,""is_cross_asset_relevant"":true,""primary_mechanism"":"""",""affected_assets"":[""wti"",""brent""],""what_changed"":""Two Markets In One—Chips And Oil Are Fighting"",""linked_existing_thesis_id"":null,""recommended_action"":""comment_on_other"",""comment_purpose"":""add_cross_asset_spillover"",""historical_analog_candidate"":null}",2026-04-24T20:01:24.951Z
equities-agent,Equities Agent,new_post,"[""novelty_above_threshold"",""fresh_catalyst_signal"",""matched_thesis_update""]",55,inflation_regime,"{""headline_id"":""4170fe49"",""agent_id"":""equities-agent"",""headline_title"":""ODD Lawsuit Alleges Misleading Disclosures Regarding Advertising Efficiency - ODDITY TECH LTD. Investors Face Losses After Shares Plunge 49% on AI Platform Disruption and Revenue Decline- Hagens Berman"",""headline_type"":""company_news"",""direct_relevance_score"":5,""indirect_relevance_score"":6,""market_signal_strength"":""high"",""is_new_information"":true,""is_cross_asset_relevant"":true,""primary_mechanism"":"""",""affected_assets"":[],""what_changed"":""ODD Lawsuit Alleges Misleading Disclosures Regarding Advertising Efficiency - ODDITY TECH LTD. Investors Face Losses After Shares Plunge 49% on AI Platform Disruption and Revenue Decline- Hagens Berman"",""linked_existing_thesis_id"":null,""recommended_action"":""new_post"",""comment_purpose"":null,""historical_analog_candidate"":null}",2026-04-24T20:01:14.098Z
fx-agent,FX Agent,new_post,"[""novelty_above_threshold"",""fresh_catalyst_signal"",""matched_thesis_update""]",79,market_fragility,"{""headline_id"":""1d6c776b"",""agent_id"":""fx-agent"",""headline_title"":""Global Central Banks decisions highlight next week's calendar: Market Volatility Ahead"",""headline_type"":""other"",""direct_relevance_score"":5,""indirect_relevance_score"":10,""market_signal_strength"":""low"",""is_new_information"":true,""is_cross_asset_relevant"":true,""primary_mechanism"":""CPI print → real yield repricing → Fed path recalibration → duration positioning"",""affected_assets"":[],""what_changed"":""Global Central Banks decisions highlight next week's calendar: Market Volatility Ahead"",""linked_existing_thesis_id"":null,""recommended_action"":""comment_on_other"",""comment_purpose"":""add_cross_asset_spillover"",""historical_analog_candidate"":null}",2026-04-24T20:00:59.493Z
rates-agent,Rates Agent,new_post,"[""novelty_above_threshold"",""fresh_catalyst_signal"",""matched_thesis_update"",""stance_lock_challenge""]",82,duration_pressure,"{""headline_id"":""1d6c776b"",""agent_id"":""rates-agent"",""headline_title"":""Global Central Banks decisions highlight next week's calendar: Market Volatility Ahead"",""headline_type"":""other"",""direct_relevance_score"":7,""indirect_relevance_score"":10,""market_signal_strength"":""low"",""is_new_information"":true,""is_cross_asset_relevant"":true,""primary_mechanism"":""CPI print → real yield repricing → Fed path recalibration → duration positioning"",""affected_assets"":[],""what_changed"":""Global Central Banks decisions highlight next week's calendar: Market Volatility Ahead"",""linked_existing_thesis_id"":null,""recommended_action"":""comment_on_other"",""comment_purpose"":""add_cross_asset_spillover"",""historical_analog_candidate"":null}",2026-04-24T20:00:42.777Z
macro-agent,Macro Agent,new_post,"[""novelty_above_threshold"",""fresh_catalyst_signal"",""matched_thesis_update""]",82,labor_growth,"{""headline_id"":""6ec78176"",""agent_id"":""macro-agent"",""headline_title"":""Two Markets In One—Chips And Oil Are Fighting"",""headline_type"":""other"",""direct_relevance_score"":7,""indirect_relevance_score"":10,""market_signal_strength"":""low"",""is_new_information"":true,""is_cross_asset_relevant"":true,""primary_mechanism"":"""",""affected_assets"":[""wti"",""brent""],""what_changed"":""Two Markets In One—Chips And Oil Are Fighting"",""linked_existing_thesis_id"":""f561f675-290a-4572-b954-a04f8b1b5427"",""recommended_action"":""update_existing"",""comment_purpose"":null,""historical_analog_candidate"":null}",2026-04-24T20:00:30.128Z
risk-sentiment-agent,Risk/Sentiment Agent,new_post,"[""novelty_above_threshold"",""fresh_catalyst_signal"",""matched_thesis_update"",""stance_lock_challenge""]",82,credit_and_risk_sensitivity,"{""headline_id"":""c7b54305"",""agent_id"":""risk-sentiment-agent"",""headline_title"":""Top Technology Executives Recognized at the 2026 HoustonCIO ORBIE Awards"",""headline_type"":""other"",""direct_relevance_score"":3,""indirect_relevance_score"":6,""market_signal_strength"":""high"",""is_new_information"":true,""is_cross_asset_relevant"":true,""primary_mechanism"":"""",""affected_assets"":[],""what_changed"":""Top Technology Executives Recognized at the 2026 HoustonCIO ORBIE Awards"",""linked_existing_thesis_id"":null,""recommended_action"":""comment_on_other"",""comment_purpose"":""add_cross_asset_spillover"",""historical_analog_candidate"":null}",2026-04-24T19:00:45.083Z
commodities-agent,Commodities Agent,stay_silent,"[""novelty_above_threshold"",""fresh_catalyst_signal"",""domain_relevance_low"",""repeated_catalyst_no_delta""]",90,growth_softness_vs_multiple_risk,,2026-04-24T19:00:44.418Z
equities-agent,Equities Agent,comment_only,"[""novelty_above_threshold"",""fresh_catalyst_signal"",""run_catalyst_claimed""]",90,growth_softness_vs_multiple_risk,"{""headline_id"":""7a3204ed"",""agent_id"":""equities-agent"",""headline_title"":""Adobe: My Industry Experience Vs. Market Panic, Why This Is A Strong Buy (NASDAQ:ADBE)"",""headline_type"":""other"",""direct_relevance_score"":7,""indirect_relevance_score"":2,""market_signal_strength"":""low"",""is_new_information"":true,""is_cross_asset_relevant"":false,""primary_mechanism"":"""",""affected_assets"":[""sp500"",""nasdaq""],""what_changed"":""Adobe: My Industry Experience Vs. Market Panic, Why This Is A Strong Buy"",""linked_existing_thesis_id"":""5b1fd474-b2c8-40c7-b438-c20b90bf10c6"",""recommended_action"":""update_existing"",""comment_purpose"":null,""historical_analog_candidate"":null}",2026-04-24T19:00:43.636Z
fx-agent,FX Agent,stay_silent,"[""novelty_above_threshold"",""fresh_catalyst_signal"",""domain_relevance_low"",""repeated_catalyst_no_delta""]",90,growth_softness_vs_multiple_risk,,2026-04-24T19:00:42.931Z
rates-agent,Rates Agent,stay_silent,"[""novelty_above_threshold"",""fresh_catalyst_signal"",""matched_thesis_update"",""weak_catalyst_materiality_gate""]",84,rates_repricing_and_duration_pressure,"{""headline_id"":""5fab717f"",""agent_id"":""rates-agent"",""headline_title"":""Analysis: The threat to the Fed's independence isn't over"",""headline_type"":""policy"",""direct_relevance_score"":3,""indirect_relevance_score"":6,""market_signal_strength"":""medium"",""is_new_information"":true,""is_cross_asset_relevant"":true,""primary_mechanism"":""Policy rate signal → front-end Treasury repricing → FX carry shifts → equity discount rate"",""affected_assets"":[],""what_changed"":""Analysis: The threat to the Fed's independence isn't over"",""linked_existing_thesis_id"":null,""recommended_action"":""new_post"",""comment_purpose"":null,""historical_analog_candidate"":null}",2026-04-24T19:00:42.269Z
macro-agent,Macro Agent,new_post,"[""novelty_above_threshold"",""fresh_catalyst_signal"",""matched_thesis_update""]",82,growth_softness_vs_multiple_risk,"{""headline_id"":""c64f9ef3"",""agent_id"":""macro-agent"",""headline_title"":""UBS has strong cloud growth expectations ahead of hyperscaler earnings"",""headline_type"":""company_news"",""direct_relevance_score"":3,""indirect_relevance_score"":4,""market_signal_strength"":""low"",""is_new_information"":true,""is_cross_asset_relevant"":true,""primary_mechanism"":"""",""affected_assets"":[],""what_changed"":""UBS has strong cloud growth expectations ahead of hyperscaler earnings"",""linked_existing_thesis_id"":null,""recommended_action"":""comment_on_other"",""comment_purpose"":""add_cross_asset_spillover"",""historical_analog_candidate"":null}",2026-04-24T19:00:30.221Z
risk-sentiment-agent,Risk/Sentiment Agent,new_post,"[""novelty_above_threshold"",""fresh_catalyst_signal"",""matched_thesis_update"",""stance_lock_challenge""]",79,duration_pressure,"{""headline_id"":""4e4a966e"",""agent_id"":""risk-sentiment-agent"",""headline_title"":""Wall Street's 'fear gauge' is doing something unusual. What it means"",""headline_type"":""other"",""direct_relevance_score"":3,""indirect_relevance_score"":6,""market_signal_strength"":""low"",""is_new_information"":true,""is_cross_asset_relevant"":true,""primary_mechanism"":""Vol spike → risk-parity deleveraging → cross-asset correlation breakdown → liquidity hoarding"",""affected_assets"":[],""what_changed"":""Wall Street's 'fear gauge' is doing something unusual. What it means"",""linked_existing_thesis_id"":null,""recommended_action"":""comment_on_other"",""comment_purpose"":""add_cross_asset_spillover"",""historical_analog_candidate"":null}",2026-04-24T18:01:26.193Z
commodities-agent,Commodities Agent,new_post,"[""novelty_above_threshold"",""fresh_catalyst_signal"",""matched_thesis_update""]",70,gas_power,"{""headline_id"":""ede427b6"",""agent_id"":""commodities-agent"",""headline_title"":""Goldman Sachs Says Gulf Oil Output Down 57% Amid Ongoing Iran War"",""headline_type"":""geopolitical"",""direct_relevance_score"":5,""indirect_relevance_score"":2,""market_signal_strength"":""high"",""is_new_information"":true,""is_cross_asset_relevant"":false,""primary_mechanism"":""Gold move → real rate signal (inverse of TIPS yield) → dollar direction → safe-haven demand"",""affected_assets"":[""wti"",""brent""],""what_changed"":""Goldman Sachs Says Gulf Oil Output Down 57% Amid Ongoing Iran War"",""linked_existing_thesis_id"":null,""recommended_action"":""new_post"",""comment_purpose"":null,""historical_analog_candidate"":null}",2026-04-24T18:01:12.433Z
equities-agent,Equities Agent,comment_only,"[""novelty_above_threshold"",""fresh_catalyst_signal"",""run_catalyst_claimed""]",92,ai_concentration,"{""headline_id"":""181984f5"",""agent_id"":""equities-agent"",""headline_title"":""Edwards Lifesciences Stock Surges On Heart Valve Devices Growth"",""headline_type"":""other"",""direct_relevance_score"":7,""indirect_relevance_score"":8,""market_signal_strength"":""high"",""is_new_information"":true,""is_cross_asset_relevant"":true,""primary_mechanism"":"""",""affected_assets"":[""sp500"",""nasdaq""],""what_changed"":""Edwards Lifesciences Stock Surges On Heart Valve Devices Growth"",""linked_existing_thesis_id"":""5b1fd474-b2c8-40c7-b438-c20b90bf10c6"",""recommended_action"":""update_existing"",""comment_purpose"":null,""historical_analog_candidate"":null}",2026-04-24T18:01:11.727Z
fx-agent,FX Agent,new_post,"[""novelty_above_threshold"",""fresh_catalyst_signal"",""matched_thesis_update""]",83,gas_power,"{""headline_id"":""ee15d564"",""agent_id"":""fx-agent"",""headline_title"":""USA Rare Earth’s $2.8B Power Play to Secure the Supply Chain"",""headline_type"":""other"",""direct_relevance_score"":5,""indirect_relevance_score"":6,""market_signal_strength"":""high"",""is_new_information"":true,""is_cross_asset_relevant"":true,""primary_mechanism"":""Policy rate signal → front-end Treasury repricing → FX carry shifts → equity discount rate"",""affected_assets"":[],""what_changed"":""USA Rare Earth’s $2.8B Power Play to Secure the Supply Chain"",""linked_existing_thesis_id"":null,""recommended_action"":""new_post"",""comment_purpose"":null,""historical_analog_candidate"":null}",2026-04-24T18:00:56.439Z
rates-agent,Rates Agent,stay_silent,"[""stale_headline_thesis_update"",""fresh_catalyst_signal"",""matched_thesis_update"",""rates_template_repetition"",""no_fresh_signal""]",82,duration_pressure,"{""headline_id"":""bf246a22"",""agent_id"":""rates-agent"",""headline_title"":""Global Bond Yields Jump As US Two-Year Hits 3.83% Amid Iran Tensions"",""headline_type"":""geopolitical"",""direct_relevance_score"":5,""indirect_relevance_score"":4,""market_signal_strength"":""high"",""is_new_information"":false,""is_cross_asset_relevant"":true,""primary_mechanism"":""Geopolitical shock → risk premium expansion → commodity/currency safe-haven flows"",""affected_assets"":[""us10y""],""what_changed"":""Global Bond Yields Jump As US Two-Year Hits 3.83% Amid Iran Tensions"",""linked_existing_thesis_id"":""6edcf66f-76a1-49f0-a418-11897287d4b2"",""recommended_action"":""update_existing"",""comment_purpose"":null,""historical_analog_candidate"":null}",2026-04-24T18:00:55.874Z
macro-agent,Macro Agent,update_existing,"[""high_thesis_load"",""matched_thesis_update"",""fresh_catalyst_signal""]",83,consumer_equities,"{""headline_id"":""380d3853"",""agent_id"":""macro-agent"",""headline_title"":""From Kleenex to Fish Fingers: A 5-Pack of Staples Stocks Yielding up to 11%"",""headline_type"":""other"",""direct_relevance_score"":7,""indirect_relevance_score"":6,""market_signal_strength"":""high"",""is_new_information"":true,""is_cross_asset_relevant"":true,""primary_mechanism"":"""",""affected_assets"":[],""what_changed"":""From Kleenex to Fish Fingers: A 5-Pack of Staples Stocks Yielding up to 11%"",""linked_existing_thesis_id"":null,""recommended_action"":""comment_on_other"",""comment_purpose"":""add_cross_asset_spillover"",""historical_analog_candidate"":null}",2026-04-24T18:00:35.673Z
risk-sentiment-agent,Risk/Sentiment Agent,new_post,"[""novelty_above_threshold"",""fresh_catalyst_signal"",""matched_thesis_update"",""stance_lock_challenge""]",79,duration_pressure,"{""headline_id"":""78c5656b"",""agent_id"":""risk-sentiment-agent"",""headline_title"":""AMD’s Breakout Isn’t the Story—This Catalyst Is"",""headline_type"":""other"",""direct_relevance_score"":3,""indirect_relevance_score"":8,""market_signal_strength"":""low"",""is_new_information"":true,""is_cross_asset_relevant"":true,""primary_mechanism"":"""",""affected_assets"":[],""what_changed"":""AMD’s Breakout Isn’t the Story—This Catalyst Is"",""linked_existing_thesis_id"":null,""recommended_action"":""comment_on_other"",""comment_purpose"":""add_cross_asset_spillover"",""historical_analog_candidate"":null}",2026-04-24T16:01:19.392Z
commodities-agent,Commodities Agent,comment_only,"[""novelty_above_threshold"",""fresh_catalyst_signal"",""matched_thesis_update"",""headline_routed_to_comment""]",70,gas_power,"{""headline_id"":""c3b22fdb"",""agent_id"":""commodities-agent"",""headline_title"":""Newmont surges on Q1 earnings topper, record free cash flow, $6B buyback (NEM:NYSE)"",""headline_type"":""company_news"",""direct_relevance_score"":3,""indirect_relevance_score"":6,""market_signal_strength"":""high"",""is_new_information"":true,""is_cross_asset_relevant"":true,""primary_mechanism"":""Gold move → real rate signal (inverse of TIPS yield) → dollar direction → safe-haven demand"",""affected_assets"":[],""what_changed"":""Newmont surges on Q1 earnings topper, record free cash flow, $6B buyback"",""linked_existing_thesis_id"":null,""recommended_action"":""new_post"",""comment_purpose"":null,""historical_analog_candidate"":null}",2026-04-24T16:01:18.981Z
equities-agent,Equities Agent,comment_only,"[""novelty_above_threshold"",""fresh_catalyst_signal"",""matched_thesis_update"",""unresolved_thesis_nudge"",""run_catalyst_claimed""]",60,inflation_regime,"{""headline_id"":""ee15d564"",""agent_id"":""equities-agent"",""headline_title"":""USA Rare Earth’s $2.8B Power Play to Secure the Supply Chain"",""headline_type"":""other"",""direct_relevance_score"":5,""indirect_relevance_score"":6,""market_signal_strength"":""high"",""is_new_information"":true,""is_cross_asset_relevant"":true,""primary_mechanism"":""Policy rate signal → front-end Treasury repricing → FX carry shifts → equity discount rate"",""affected_assets"":[],""what_changed"":""USA Rare Earth’s $2.8B Power Play to Secure the Supply Chain"",""linked_existing_thesis_id"":null,""recommended_action"":""new_post"",""comment_purpose"":null,""historical_analog_candidate"":null}",2026-04-24T16:01:18.170Z
fx-agent,FX Agent,new_post,"[""novelty_above_threshold"",""fresh_catalyst_signal""]",91,ai_concentration,"{""headline_id"":""ee15d564"",""agent_id"":""fx-agent"",""headline_title"":""USA Rare Earth’s $2.8B Power Play to Secure the Supply Chain"",""headline_type"":""other"",""direct_relevance_score"":5,""indirect_relevance_score"":6,""market_signal_strength"":""high"",""is_new_information"":true,""is_cross_asset_relevant"":true,""primary_mechanism"":""Policy rate signal → front-end Treasury repricing → FX carry shifts → equity discount rate"",""affected_assets"":[],""what_changed"":""USA Rare Earth’s $2.8B Power Play to Secure the Supply Chain"",""linked_existing_thesis_id"":null,""recommended_action"":""new_post"",""comment_purpose"":null,""historical_analog_candidate"":null}",2026-04-24T16:00:57.172Z
rates-agent,Rates Agent,stay_silent,"[""novelty_above_threshold"",""fresh_catalyst_signal"",""matched_thesis_update"",""rates_template_repetition"",""no_fresh_signal""]",80,duration_pressure,"{""headline_id"":""91674bf1"",""agent_id"":""rates-agent"",""headline_title"":""Debt Management Research"",""headline_type"":""other"",""direct_relevance_score"":0,""indirect_relevance_score"":2,""market_signal_strength"":""low"",""is_new_information"":true,""is_cross_asset_relevant"":false,""primary_mechanism"":"""",""affected_assets"":[],""what_changed"":""Debt Management Research"",""linked_existing_thesis_id"":null,""recommended_action"":""stay_silent"",""comment_purpose"":null,""historical_analog_candidate"":null}",2026-04-24T16:00:56.744Z
macro-agent,Macro Agent,update_existing,"[""high_thesis_load"",""matched_thesis_update"",""fresh_catalyst_signal"",""unresolved_thesis_nudge""]",60,inflation_regime,"{""headline_id"":""ba52663e"",""agent_id"":""macro-agent"",""headline_title"":""Reliance Industries Q4 results key takeaways: O2C drags profit down 12.6% as Jio, retail hold the fort"",""headline_type"":""other"",""direct_relevance_score"":5,""indirect_relevance_score"":8,""market_signal_strength"":""high"",""is_new_information"":true,""is_cross_asset_relevant"":true,""primary_mechanism"":"""",""affected_assets"":[],""what_changed"":""Reliance Industries Q4 results key takeaways: O2C drags profit down 12.6% as Jio, retail hold the fort"",""linked_existing_thesis_id"":null,""recommended_action"":""comment_on_other"",""comment_purpose"":""add_cross_asset_spillover"",""historical_analog_candidate"":null}",2026-04-24T16:00:41.932Z
risk-sentiment-agent,Risk/Sentiment Agent,new_post,"[""novelty_above_threshold"",""fresh_catalyst_signal"",""domain_relevance_low"",""stance_lock_challenge""]",86,growth_softness_vs_multiple_risk,,2026-04-24T15:01:56.238Z
commodities-agent,Commodities Agent,new_post,"[""novelty_above_threshold"",""fresh_catalyst_signal"",""matched_thesis_update""]",86,oil_geopolitics_and_inflation_pass_through,"{""headline_id"":""2f8679cc"",""agent_id"":""commodities-agent"",""headline_title"":""UMich April final consumer sentiment 49.8 vs 48.0 expected"",""headline_type"":""other"",""direct_relevance_score"":3,""indirect_relevance_score"":8,""market_signal_strength"":""high"",""is_new_information"":true,""is_cross_asset_relevant"":true,""primary_mechanism"":""Policy rate signal → front-end Treasury repricing → FX carry shifts → equity discount rate"",""affected_assets"":[],""what_changed"":""UMich April final consumer sentiment 49.8 vs 48.0 expected"",""linked_existing_thesis_id"":null,""recommended_action"":""new_post"",""comment_purpose"":null,""historical_analog_candidate"":null}",2026-04-24T15:01:42.517Z
equities-agent,Equities Agent,new_post,"[""novelty_above_threshold"",""fresh_catalyst_signal""]",85,growth_softness_vs_multiple_risk,"{""headline_id"":""b7a166b0"",""agent_id"":""equities-agent"",""headline_title"":""AMD: You Haven't Seen Anything Yet (Earnings Preview) (NASDAQ:AMD)"",""headline_type"":""company_news"",""direct_relevance_score"":7,""indirect_relevance_score"":2,""market_signal_strength"":""low"",""is_new_information"":true,""is_cross_asset_relevant"":false,""primary_mechanism"":"""",""affected_assets"":[""sp500"",""nasdaq""],""what_changed"":""You Haven't Seen Anything Yet (Earnings Preview)"",""linked_existing_thesis_id"":""5b1fd474-b2c8-40c7-b438-c20b90bf10c6"",""recommended_action"":""update_existing"",""comment_purpose"":null,""historical_analog_candidate"":null}",2026-04-24T15:01:27.893Z
fx-agent,FX Agent,update_existing,"[""stale_headline_thesis_update"",""fresh_catalyst_signal"",""matched_thesis_update""]",83,oil_geopolitics_and_inflation_pass_through,"{""headline_id"":""bcd81d13"",""agent_id"":""fx-agent"",""headline_title"":""Intel Corporation (INTC): Trillion Dollar Barrier Not a Distant Dream"",""headline_type"":""other"",""direct_relevance_score"":3,""indirect_relevance_score"":4,""market_signal_strength"":""low"",""is_new_information"":false,""is_cross_asset_relevant"":true,""primary_mechanism"":""Dollar move → EM debt burden → commodity price translation → US export competitiveness → FX carry unwind risk"",""affected_assets"":[""dxy""],""what_changed"":""Intel Corporation (INTC): Trillion Dollar Barrier Not a Distant Dream"",""linked_existing_thesis_id"":""eb5ae8d9-1074-4b93-b075-f40d07e58cbf"",""recommended_action"":""update_existing"",""comment_purpose"":null,""historical_analog_candidate"":null}",2026-04-24T15:01:09.312Z
rates-agent,Rates Agent,new_post,"[""low_headline_relevance"",""fresh_catalyst_signal"",""domain_relevance_low""]",86,growth_softness_vs_multiple_risk,"{""headline_id"":""91674bf1"",""agent_id"":""rates-agent"",""headline_title"":""Debt Management Research"",""headline_type"":""other"",""direct_relevance_score"":0,""indirect_relevance_score"":2,""market_signal_strength"":""low"",""is_new_information"":true,""is_cross_asset_relevant"":false,""primary_mechanism"":"""",""affected_assets"":[],""what_changed"":""Debt Management Research"",""linked_existing_thesis_id"":null,""recommended_action"":""stay_silent"",""comment_purpose"":null,""historical_analog_candidate"":null}",2026-04-24T15:00:52.086Z
macro-agent,Macro Agent,new_post,"[""novelty_above_threshold"",""fresh_catalyst_signal"",""matched_thesis_update""]",78,growth_softness_vs_multiple_risk,"{""headline_id"":""2f8679cc"",""agent_id"":""macro-agent"",""headline_title"":""UMich April final consumer sentiment 49.8 vs 48.0 expected"",""headline_type"":""other"",""direct_relevance_score"":7,""indirect_relevance_score"":8,""market_signal_strength"":""high"",""is_new_information"":true,""is_cross_asset_relevant"":true,""primary_mechanism"":""Policy rate signal → front-end Treasury repricing → FX carry shifts → equity discount rate"",""affected_assets"":[],""what_changed"":""UMich April final consumer sentiment 49.8 vs 48.0 expected"",""linked_existing_thesis_id"":null,""recommended_action"":""new_post"",""comment_purpose"":null,""historical_analog_candidate"":null}",2026-04-24T15:00:34.840Z
risk-sentiment-agent,Risk/Sentiment Agent,new_post,"[""novelty_above_threshold"",""fresh_catalyst_signal"",""matched_thesis_update"",""stance_lock_challenge""]",83,credit_stress,"{""headline_id"":""56ff275e"",""agent_id"":""risk-sentiment-agent"",""headline_title"":""Oil climbs 2% on fears of fresh hostilities in Middle East"",""headline_type"":""other"",""direct_relevance_score"":0,""indirect_relevance_score"":2,""market_signal_strength"":""high"",""is_new_information"":true,""is_cross_asset_relevant"":false,""primary_mechanism"":"""",""affected_assets"":[""wti"",""brent""],""what_changed"":""Oil climbs 2% on fears of fresh hostilities in Middle East"",""linked_existing_thesis_id"":""126a40de-3256-4cc9-8dcc-c98f8b69797c"",""recommended_action"":""update_existing"",""comment_purpose"":null,""historical_analog_candidate"":null}",2026-04-24T14:01:21.144Z
commodities-agent,Commodities Agent,stay_silent,"[""matched_thesis_update"",""fresh_catalyst_signal"",""deprioritized_topic"",""repeated_catalyst_no_delta""]",44,oil_structure,"{""headline_id"":""628600c5"",""agent_id"":""commodities-agent"",""headline_title"":""Kinetic Named ‘2026 Telecommunications Company of the Year’ by the American Business Awards®"",""headline_type"":""other"",""direct_relevance_score"":5,""indirect_relevance_score"":4,""market_signal_strength"":""high"",""is_new_information"":true,""is_cross_asset_relevant"":true,""primary_mechanism"":""Gold move → real rate signal (inverse of TIPS yield) → dollar direction → safe-haven demand"",""affected_assets"":[],""what_changed"":""Kinetic Named ‘2026 Telecommunications Company of the Year’ by the American Business Awards®"",""linked_existing_thesis_id"":null,""recommended_action"":""new_post"",""comment_purpose"":null,""historical_analog_candidate"":null}",2026-04-24T14:01:20.494Z
equities-agent,Equities Agent,update_existing,"[""high_thesis_load"",""matched_thesis_update"",""fresh_catalyst_signal""]",84,gold_real_rates,"{""headline_id"":""285ba8fa"",""agent_id"":""equities-agent"",""headline_title"":""IT rout and crude surge drag Nifty to third straight loss"",""headline_type"":""commodity_specific"",""direct_relevance_score"":5,""indirect_relevance_score"":4,""market_signal_strength"":""high"",""is_new_information"":true,""is_cross_asset_relevant"":true,""primary_mechanism"":""Commodity supply/demand shift → price transmission → sector margins"",""affected_assets"":[""wti"",""brent""],""what_changed"":""IT rout and crude surge drag Nifty to third straight loss"",""linked_existing_thesis_id"":""58891dc8-af86-483e-8dc3-5268d8c5ce82"",""recommended_action"":""update_existing"",""comment_purpose"":null,""historical_analog_candidate"":null}",2026-04-24T14:01:02.811Z
fx-agent,FX Agent,new_post,"[""novelty_above_threshold"",""fresh_catalyst_signal""]",87,market_fragility,"{""headline_id"":""628600c5"",""agent_id"":""fx-agent"",""headline_title"":""Kinetic Named ‘2026 Telecommunications Company of the Year’ by the American Business Awards®"",""headline_type"":""other"",""direct_relevance_score"":3,""indirect_relevance_score"":4,""market_signal_strength"":""high"",""is_new_information"":true,""is_cross_asset_relevant"":true,""primary_mechanism"":""Gold move → real rate signal (inverse of TIPS yield) → dollar direction → safe-haven demand"",""affected_assets"":[],""what_changed"":""Kinetic Named ‘2026 Telecommunications Company of the Year’ by the American Business Awards®"",""linked_existing_thesis_id"":null,""recommended_action"":""new_post"",""comment_purpose"":null,""historical_analog_candidate"":null}",2026-04-24T14:00:50.548Z
rates-agent,Rates Agent,stay_silent,"[""novelty_above_threshold"",""fresh_catalyst_signal"",""rates_template_repetition"",""no_fresh_signal""]",91,credit_stress,"{""headline_id"":""e785283e"",""agent_id"":""rates-agent"",""headline_title"":""Stock Market Today: Nasdaq, S&P 500 Futures Gain While Dow Slips Amid Israel-Lebanon Ceasefire Extension—Intel, SAP, Lunai Bioworks In Focus (UPDATED)"",""headline_type"":""other"",""direct_relevance_score"":3,""indirect_relevance_score"":8,""market_signal_strength"":""high"",""is_new_information"":true,""is_cross_asset_relevant"":true,""primary_mechanism"":""Policy rate signal → front-end Treasury repricing → FX carry shifts → equity discount rate"",""affected_assets"":[""sp500"",""nasdaq""],""what_changed"":""Stock Market Today: Nasdaq, S&P 500 Futures Gain While Dow Slips Amid Israel-Lebanon Ceasefire Extension—Intel, SAP, Lunai Bioworks In Focus"",""linked_existing_thesis_id"":null,""recommended_action"":""new_post"",""comment_purpose"":null,""historical_analog_candidate"":null}",2026-04-24T14:00:50.185Z
macro-agent,Macro Agent,new_post,"[""novelty_above_threshold"",""fresh_catalyst_signal"",""matched_thesis_update""]",83,credit_stress,"{""headline_id"":""e785283e"",""agent_id"":""macro-agent"",""headline_title"":""Stock Market Today: Nasdaq, S&P 500 Futures Gain While Dow Slips Amid Israel-Lebanon Ceasefire Extension—Intel, SAP, Lunai Bioworks In Focus (UPDATED)"",""headline_type"":""other"",""direct_relevance_score"":3,""indirect_relevance_score"":8,""market_signal_strength"":""high"",""is_new_information"":true,""is_cross_asset_relevant"":true,""primary_mechanism"":""Policy rate signal → front-end Treasury repricing → FX carry shifts → equity discount rate"",""affected_assets"":[""sp500"",""nasdaq""],""what_changed"":""Stock Market Today: Nasdaq, S&P 500 Futures Gain While Dow Slips Amid Israel-Lebanon Ceasefire Extension—Intel, SAP, Lunai Bioworks In Focus"",""linked_existing_thesis_id"":null,""recommended_action"":""new_post"",""comment_purpose"":null,""historical_analog_candidate"":null}",2026-04-24T14:00:36.095Z
equities-agent,Equities Agent,update_existing,"[""high_thesis_load"",""matched_thesis_update"",""fresh_catalyst_signal""]",82,banks_small_caps,"{""headline_id"":""ee50b100"",""agent_id"":""equities-agent"",""headline_title"":""Sensex, Nifty Extend Losses as Surging Oil Prices and IT Sell-off Hit Markets"",""headline_type"":""other"",""direct_relevance_score"":8,""indirect_relevance_score"":4,""market_signal_strength"":""high"",""is_new_information"":true,""is_cross_asset_relevant"":true,""primary_mechanism"":"""",""affected_assets"":[""wti"",""brent""],""what_changed"":""Sensex, Nifty Extend Losses as Surging Oil Prices and IT Sell-off Hit Markets"",""linked_existing_thesis_id"":""58891dc8-af86-483e-8dc3-5268d8c5ce82"",""recommended_action"":""update_existing"",""comment_purpose"":null,""historical_analog_candidate"":null}",2026-04-24T12:00:41.945Z
fx-agent,FX Agent,stay_silent,"[""stale_headline_no_thesis"",""fresh_catalyst_signal""]",89,market_fragility,"{""headline_id"":""de77d8fe"",""agent_id"":""fx-agent"",""headline_title"":""Dollar set for weekly gain on stalled US-Iran talks and Middle East uncertainty - Reuters"",""headline_type"":""geopolitical"",""direct_relevance_score"":3,""indirect_relevance_score"":4,""market_signal_strength"":""low"",""is_new_information"":false,""is_cross_asset_relevant"":true,""primary_mechanism"":""Dollar move → EM debt burden → commodity price translation → US export competitiveness → FX carry unwind risk"",""affected_assets"":[""dxy""],""what_changed"":""Dollar set for weekly gain on stalled US-Iran talks and Middle East uncertainty - Reuters"",""linked_existing_thesis_id"":""eb5ae8d9-1074-4b93-b075-f40d07e58cbf"",""recommended_action"":""update_existing"",""comment_purpose"":null,""historical_analog_candidate"":null}",2026-04-24T12:00:41.508Z
rates-agent,Rates Agent,stay_silent,"[""novelty_above_threshold"",""fresh_catalyst_signal"",""matched_thesis_update"",""rates_template_repetition"",""no_fresh_signal""]",80,duration_pressure,"{""headline_id"":""91674bf1"",""agent_id"":""rates-agent"",""headline_title"":""Debt Management Research"",""headline_type"":""other"",""direct_relevance_score"":0,""indirect_relevance_score"":2,""market_signal_strength"":""low"",""is_new_information"":true,""is_cross_asset_relevant"":false,""primary_mechanism"":"""",""affected_assets"":[],""what_changed"":""Debt Management Research"",""linked_existing_thesis_id"":null,""recommended_action"":""stay_silent"",""comment_purpose"":null,""historical_analog_candidate"":null}",2026-04-24T12:00:41.119Z
macro-agent,Macro Agent,stay_silent,"[""low_headline_relevance"",""fresh_catalyst_signal""]",91,labor_growth,"{""headline_id"":""61b9ff09"",""agent_id"":""macro-agent"",""headline_title"":""Newmont Rides Soaring Gold Prices To Blowout Earnings, Unleashes $6 Billion Buyback"",""headline_type"":""commodity_specific"",""direct_relevance_score"":0,""indirect_relevance_score"":6,""market_signal_strength"":""high"",""is_new_information"":true,""is_cross_asset_relevant"":true,""primary_mechanism"":""Gold move → real rate signal (inverse of TIPS yield) → dollar direction → safe-haven demand"",""affected_assets"":[""gold""],""what_changed"":""Newmont Rides Soaring Gold Prices To Blowout Earnings, Unleashes $6 Billion Buyback"",""linked_existing_thesis_id"":null,""recommended_action"":""stay_silent"",""comment_purpose"":null,""historical_analog_candidate"":null}",2026-04-24T12:00:40.742Z
risk-sentiment-agent,Risk/Sentiment Agent,comment_only,"[""novelty_above_threshold"",""fresh_catalyst_signal"",""matched_thesis_update"",""run_catalyst_claimed""]",82,growth_softness_vs_multiple_risk,"{""headline_id"":""0c60277f"",""agent_id"":""risk-sentiment-agent"",""headline_title"":""Gold and silver prices today, Friday, April 24: Gold and silver slipping as oil prices and dollar gain strength"",""headline_type"":""commodity_specific"",""direct_relevance_score"":0,""indirect_relevance_score"":6,""market_signal_strength"":""high"",""is_new_information"":true,""is_cross_asset_relevant"":true,""primary_mechanism"":""Gold move → real rate signal (inverse of TIPS yield) → dollar direction → safe-haven demand"",""affected_assets"":[""wti"",""brent"",""gold"",""dxy""],""what_changed"":""Gold and silver prices today, Friday, April 24: Gold and silver slipping as oil prices and dollar gain strength"",""linked_existing_thesis_id"":""126a40de-3256-4cc9-8dcc-c98f8b69797c"",""recommended_action"":""update_existing"",""comment_purpose"":null,""historical_analog_candidate"":null}",2026-04-24T11:01:14.747Z
commodities-agent,Commodities Agent,comment_only,"[""novelty_above_threshold"",""fresh_catalyst_signal"",""matched_thesis_update"",""run_catalyst_claimed""]",85,oil_geopolitics_and_inflation_pass_through,"{""headline_id"":""d0cad9fb"",""agent_id"":""commodities-agent"",""headline_title"":""Stock Market Today: Dow Jones, S&P 500 Futures Edge Lower Amid Extension Of Israel-Lebanon Ceasefire—Intel, SAP, Lunai Bioworks In Focus"",""headline_type"":""other"",""direct_relevance_score"":3,""indirect_relevance_score"":8,""market_signal_strength"":""high"",""is_new_information"":true,""is_cross_asset_relevant"":true,""primary_mechanism"":""Policy rate signal → front-end Treasury repricing → FX carry shifts → equity discount rate"",""affected_assets"":[""sp500"",""nasdaq""],""what_changed"":""Stock Market Today: Dow Jones, S&P 500 Futures Edge Lower Amid Extension Of Israel-Lebanon Ceasefire—Intel, SAP, Lunai Bioworks In Focus"",""linked_existing_thesis_id"":null,""recommended_action"":""new_post"",""comment_purpose"":null,""historical_analog_candidate"":null}",2026-04-24T11:01:14.409Z
equities-agent,Equities Agent,stay_silent,"[""high_thesis_load"",""matched_thesis_update"",""fresh_catalyst_signal"",""repeated_catalyst_no_delta""]",82,growth_softness_vs_multiple_risk,"{""headline_id"":""ee80b7b6"",""agent_id"":""equities-agent"",""headline_title"":""Stock Market Today: Dow Jones, S&P 500 Futures Edge Lower Amid Extension Of Israel-Lebanon Ceasefire—Inte"",""headline_type"":""other"",""direct_relevance_score"":5,""indirect_relevance_score"":4,""market_signal_strength"":""high"",""is_new_information"":true,""is_cross_asset_relevant"":true,""primary_mechanism"":"""",""affected_assets"":[""sp500"",""nasdaq""],""what_changed"":""Stock Market Today: Dow Jones, S&P 500 Futures Edge Lower Amid Extension Of Israel-Lebanon Ceasefire—Inte"",""linked_existing_thesis_id"":""5b1fd474-b2c8-40c7-b438-c20b90bf10c6"",""recommended_action"":""update_existing"",""comment_purpose"":null,""historical_analog_candidate"":null}",2026-04-24T11:01:14.020Z
fx-agent,FX Agent,new_post,"[""novelty_above_threshold"",""fresh_catalyst_signal"",""matched_thesis_update""]",82,oil_geopolitics_and_inflation_pass_through,"{""headline_id"":""d2050697"",""agent_id"":""fx-agent"",""headline_title"":""MEXC Lists Eighteenth Batch of Ondo Tokenized Stock Trading Pairs on Spot Market"",""headline_type"":""other"",""direct_relevance_score"":3,""indirect_relevance_score"":4,""market_signal_strength"":""low"",""is_new_information"":true,""is_cross_asset_relevant"":true,""primary_mechanism"":"""",""affected_assets"":[""sp500"",""nasdaq""],""what_changed"":""MEXC Lists Eighteenth Batch of Ondo Tokenized Stock Trading Pairs on Spot Market"",""linked_existing_thesis_id"":""cb81fe2a-924c-4eaa-a979-b87fd26e3dcd"",""recommended_action"":""update_existing"",""comment_purpose"":null,""historical_analog_candidate"":null}",2026-04-24T11:00:58.672Z
rates-agent,Rates Agent,update_existing,"[""novelty_above_threshold"",""fresh_catalyst_signal"",""matched_thesis_update"",""rates_template_repetition"",""no_fresh_signal""]",84,rates_repricing_and_duration_pressure,"{""headline_id"":""d0cad9fb"",""agent_id"":""rates-agent"",""headline_title"":""Stock Market Today: Dow Jones, S&P 500 Futures Edge Lower Amid Extension Of Israel-Lebanon Ceasefire—Intel, SAP, Lunai Bioworks In Focus"",""headline_type"":""other"",""direct_relevance_score"":3,""indirect_relevance_score"":8,""market_signal_strength"":""high"",""is_new_information"":true,""is_cross_asset_relevant"":true,""primary_mechanism"":""Policy rate signal → front-end Treasury repricing → FX carry shifts → equity discount rate"",""affected_assets"":[""sp500"",""nasdaq""],""what_changed"":""Stock Market Today: Dow Jones, S&P 500 Futures Edge Lower Amid Extension Of Israel-Lebanon Ceasefire—Intel, SAP, Lunai Bioworks In Focus"",""linked_existing_thesis_id"":null,""recommended_action"":""new_post"",""comment_purpose"":null,""historical_analog_candidate"":null}",2026-04-24T11:00:46.245Z
macro-agent,Macro Agent,new_post,"[""novelty_above_threshold"",""fresh_catalyst_signal""]",90,growth_softness_vs_multiple_risk,"{""headline_id"":""d0cad9fb"",""agent_id"":""macro-agent"",""headline_title"":""Stock Market Today: Dow Jones, S&P 500 Futures Edge Lower Amid Extension Of Israel-Lebanon Ceasefire—Intel, SAP, Lunai Bioworks In Focus"",""headline_type"":""other"",""direct_relevance_score"":3,""indirect_relevance_score"":8,""market_signal_strength"":""high"",""is_new_information"":true,""is_cross_asset_relevant"":true,""primary_mechanism"":""Policy rate signal → front-end Treasury repricing → FX carry shifts → equity discount rate"",""affected_assets"":[""sp500"",""nasdaq""],""what_changed"":""Stock Market Today: Dow Jones, S&P 500 Futures Edge Lower Amid Extension Of Israel-Lebanon Ceasefire—Intel, SAP, Lunai Bioworks In Focus"",""linked_existing_thesis_id"":null,""recommended_action"":""new_post"",""comment_purpose"":null,""historical_analog_candidate"":null}",2026-04-24T11:00:33.757Z
risk-sentiment-agent,Risk/Sentiment Agent,stay_silent,"[""novelty_above_threshold"",""no_fresh_signal"",""matched_thesis_update"",""domain_relevance_low"",""weak_catalyst_materiality_gate""]",79,duration_pressure,,2026-04-24T10:01:14.173Z
commodities-agent,Commodities Agent,stay_silent,"[""headline_routed_to_comment"",""fresh_catalyst_signal"",""matched_thesis_update"",""deprioritized_topic"",""weak_catalyst_materiality_gate""]",45,oil_structure,"{""headline_id"":""aa1f525e"",""agent_id"":""commodities-agent"",""headline_title"":""ING Bank Śląski completes acquisition of Goldman Sachs TFI"",""headline_type"":""company_news"",""direct_relevance_score"":3,""indirect_relevance_score"":4,""market_signal_strength"":""low"",""is_new_information"":true,""is_cross_asset_relevant"":true,""primary_mechanism"":""Gold move → real rate signal (inverse of TIPS yield) → dollar direction → safe-haven demand"",""affected_assets"":[],""what_changed"":""ING Bank Śląski completes acquisition of Goldman Sachs TFI"",""linked_existing_thesis_id"":null,""recommended_action"":""comment_on_other"",""comment_purpose"":""add_cross_asset_spillover"",""historical_analog_candidate"":null}",2026-04-24T10:01:13.813Z
equities-agent,Equities Agent,update_existing,"[""high_thesis_load"",""matched_thesis_update"",""fresh_catalyst_signal""]",82,ai_concentration,"{""headline_id"":""cde5424f"",""agent_id"":""equities-agent"",""headline_title"":""AppFolio raises 2026 outlook to $1.110B-$1.125B revenue and 26%-28% non-GAAP operating margin as AI adoption scales (NASDAQ:APPF)"",""headline_type"":""company_news"",""direct_relevance_score"":5,""indirect_relevance_score"":4,""market_signal_strength"":""high"",""is_new_information"":true,""is_cross_asset_relevant"":true,""primary_mechanism"":"""",""affected_assets"":[""sp500"",""nasdaq""],""what_changed"":""AppFolio raises 2026 outlook to $1.110B-$1.125B revenue and 26%-28% non-GAAP operating margin as AI adoption scales"",""linked_existing_thesis_id"":""5b1fd474-b2c8-40c7-b438-c20b90bf10c6"",""recommended_action"":""update_existing"",""comment_purpose"":null,""historical_analog_candidate"":null}",2026-04-24T10:00:56.510Z
fx-agent,FX Agent,new_post,"[""novelty_above_threshold"",""fresh_catalyst_signal""]",92,gold_real_rates,"{""headline_id"":""de77d8fe"",""agent_id"":""fx-agent"",""headline_title"":""Dollar set for weekly gain on stalled US-Iran talks and Middle East uncertainty - Reuters"",""headline_type"":""geopolitical"",""direct_relevance_score"":3,""indirect_relevance_score"":4,""market_signal_strength"":""low"",""is_new_information"":true,""is_cross_asset_relevant"":true,""primary_mechanism"":""Dollar move → EM debt burden → commodity price translation → US export competitiveness → FX carry unwind risk"",""affected_assets"":[""dxy""],""what_changed"":""Dollar set for weekly gain on stalled US-Iran talks and Middle East uncertainty - Reuters"",""linked_existing_thesis_id"":null,""recommended_action"":""comment_on_other"",""comment_purpose"":""add_cross_asset_spillover"",""historical_analog_candidate"":null}",2026-04-24T10:00:40.136Z
rates-agent,Rates Agent,stay_silent,"[""novelty_above_threshold"",""fresh_catalyst_signal"",""matched_thesis_update"",""rates_template_repetition"",""no_fresh_signal""]",77,duration_pressure,"{""headline_id"":""218bb33f"",""agent_id"":""rates-agent"",""headline_title"":""Hexcel Stock: Operating Leverage Finally Arrives, Strong Buy (NYSE:HXL)"",""headline_type"":""other"",""direct_relevance_score"":0,""indirect_relevance_score"":4,""market_signal_strength"":""low"",""is_new_information"":true,""is_cross_asset_relevant"":true,""primary_mechanism"":"""",""affected_assets"":[""sp500"",""nasdaq""],""what_changed"":""Hexcel Stock: Operating Leverage Finally Arrives, Strong Buy"",""linked_existing_thesis_id"":null,""recommended_action"":""stay_silent"",""comment_purpose"":null,""historical_analog_candidate"":null}",2026-04-24T10:00:39.839Z
macro-agent,Macro Agent,stay_silent,"[""high_thesis_load"",""matched_thesis_update"",""fresh_catalyst_signal"",""weak_catalyst_materiality_gate""]",84,gold_real_rates,"{""headline_id"":""cde5424f"",""agent_id"":""macro-agent"",""headline_title"":""AppFolio raises 2026 outlook to $1.110B-$1.125B revenue and 26%-28% non-GAAP operating margin as AI adoption scales (NASDAQ:APPF)"",""headline_type"":""company_news"",""direct_relevance_score"":3,""indirect_relevance_score"":4,""market_signal_strength"":""high"",""is_new_information"":true,""is_cross_asset_relevant"":true,""primary_mechanism"":"""",""affected_assets"":[""sp500"",""nasdaq""],""what_changed"":""AppFolio raises 2026 outlook to $1.110B-$1.125B revenue and 26%-28% non-GAAP operating margin as AI adoption scales"",""linked_existing_thesis_id"":null,""recommended_action"":""comment_on_other"",""comment_purpose"":""add_cross_asset_spillover"",""historical_analog_candidate"":null}",2026-04-24T10:00:39.463Z
fx-agent,FX Agent,comment_only,"[""novelty_above_threshold"",""fresh_catalyst_signal"",""run_catalyst_claimed""]",92,labor_growth,"{""headline_id"":""005eff74"",""agent_id"":""fx-agent"",""headline_title"":""France April consumer confidence 84 vs 88 expected"",""headline_type"":""other"",""direct_relevance_score"":3,""indirect_relevance_score"":8,""market_signal_strength"":""high"",""is_new_information"":true,""is_cross_asset_relevant"":true,""primary_mechanism"":""Labor market print → Fed dual-mandate assessment → rate path forward guidance → curve shape"",""affected_assets"":[],""what_changed"":""France April consumer confidence 84 vs 88 expected"",""linked_existing_thesis_id"":null,""recommended_action"":""new_post"",""comment_purpose"":null,""historical_analog_candidate"":null}",2026-04-24T08:00:57.583Z
rates-agent,Rates Agent,comment_only,"[""novelty_above_threshold"",""fresh_catalyst_signal"",""matched_thesis_update"",""run_catalyst_claimed""]",80,duration_pressure,"{""headline_id"":""005eff74"",""agent_id"":""rates-agent"",""headline_title"":""France April consumer confidence 84 vs 88 expected"",""headline_type"":""other"",""direct_relevance_score"":0,""indirect_relevance_score"":8,""market_signal_strength"":""high"",""is_new_information"":true,""is_cross_asset_relevant"":true,""primary_mechanism"":""Labor market print → Fed dual-mandate assessment → rate path forward guidance → curve shape"",""affected_assets"":[],""what_changed"":""France April consumer confidence 84 vs 88 expected"",""linked_existing_thesis_id"":null,""recommended_action"":""stay_silent"",""comment_purpose"":null,""historical_analog_candidate"":null}",2026-04-24T08:00:57.236Z
macro-agent,Macro Agent,new_post,"[""novelty_above_threshold"",""fresh_catalyst_signal""]",92,labor_growth,"{""headline_id"":""005eff74"",""agent_id"":""macro-agent"",""headline_title"":""France April consumer confidence 84 vs 88 expected"",""headline_type"":""other"",""direct_relevance_score"":5,""indirect_relevance_score"":8,""market_signal_strength"":""high"",""is_new_information"":true,""is_cross_asset_relevant"":true,""primary_mechanism"":""Labor market print → Fed dual-mandate assessment → rate path forward guidance → curve shape"",""affected_assets"":[],""what_changed"":""France April consumer confidence 84 vs 88 expected"",""linked_existing_thesis_id"":null,""recommended_action"":""new_post"",""comment_purpose"":null,""historical_analog_candidate"":null}",2026-04-24T08:00:42.869Z
risk-sentiment-agent,Risk/Sentiment Agent,stay_silent,"[""novelty_above_threshold"",""fresh_catalyst_signal"",""matched_thesis_update"",""run_catalyst_claimed"",""weak_catalyst_materiality_gate""]",57,growth_softness_vs_multiple_risk,"{""headline_id"":""261dea8a"",""agent_id"":""risk-sentiment-agent"",""headline_title"":""Stock news for investors: Tech pops, retail drops in uneven earnings week"",""headline_type"":""company_news"",""direct_relevance_score"":3,""indirect_relevance_score"":8,""market_signal_strength"":""low"",""is_new_information"":true,""is_cross_asset_relevant"":true,""primary_mechanism"":"""",""affected_assets"":[""sp500"",""nasdaq""],""what_changed"":""Stock news for investors: Tech pops, retail drops in uneven earnings week"",""linked_existing_thesis_id"":null,""recommended_action"":""comment_on_other"",""comment_purpose"":""add_cross_asset_spillover"",""historical_analog_candidate"":null}",2026-04-24T07:01:45.304Z
commodities-agent,Commodities Agent,stay_silent,"[""novelty_above_threshold"",""fresh_catalyst_signal"",""matched_thesis_update"",""run_catalyst_claimed"",""weak_catalyst_materiality_gate""]",71,oil_geopolitics_and_inflation_pass_through,"{""headline_id"":""0eadcfc8"",""agent_id"":""commodities-agent"",""headline_title"":""NUAI SHAREHOLDER ALERT: Securities Fraud Lawsuit Filed on Behalf of New Era Energy & Digital, Inc. Investors - Contact Kirby McInerney LLP by June 1, 2026"",""headline_type"":""other"",""direct_relevance_score"":5,""indirect_relevance_score"":6,""market_signal_strength"":""high"",""is_new_information"":true,""is_cross_asset_relevant"":true,""primary_mechanism"":""Policy rate signal → front-end Treasury repricing → FX carry shifts → equity discount rate"",""affected_assets"":[],""what_changed"":""Securities Fraud Lawsuit Filed on Behalf of New Era Energy & Digital, Inc. Investors - Contact Kirby McInerney LLP by June 1, 2026"",""linked_existing_thesis_id"":null,""recommended_action"":""new_post"",""comment_purpose"":null,""historical_analog_candidate"":null}",2026-04-24T07:01:44.953Z
equities-agent,Equities Agent,new_post,"[""novelty_above_threshold"",""fresh_catalyst_signal"",""matched_thesis_update""]",57,growth_softness_vs_multiple_risk,"{""headline_id"":""261dea8a"",""agent_id"":""equities-agent"",""headline_title"":""Stock news for investors: Tech pops, retail drops in uneven earnings week"",""headline_type"":""company_news"",""direct_relevance_score"":7,""indirect_relevance_score"":8,""market_signal_strength"":""low"",""is_new_information"":true,""is_cross_asset_relevant"":true,""primary_mechanism"":"""",""affected_assets"":[""sp500"",""nasdaq""],""what_changed"":""Stock news for investors: Tech pops, retail drops in uneven earnings week"",""linked_existing_thesis_id"":""e4779aec-58b4-4d7c-b860-3a826124d396"",""recommended_action"":""update_existing"",""comment_purpose"":null,""historical_analog_candidate"":null}",2026-04-24T07:01:27.166Z
fx-agent,FX Agent,new_post,"[""novelty_above_threshold"",""fresh_catalyst_signal"",""weak_catalyst_materiality_gate""]",76,oil_geopolitics_and_inflation_pass_through,"{""headline_id"":""4ff3dc8c"",""agent_id"":""fx-agent"",""headline_title"":""European stocks poised for negative open as ceasefire optimism fades"",""headline_type"":""other"",""direct_relevance_score"":3,""indirect_relevance_score"":6,""market_signal_strength"":""low"",""is_new_information"":true,""is_cross_asset_relevant"":true,""primary_mechanism"":"""",""affected_assets"":[],""what_changed"":""European stocks poised for negative open as ceasefire optimism fades"",""linked_existing_thesis_id"":null,""recommended_action"":""comment_on_other"",""comment_purpose"":""add_cross_asset_spillover"",""historical_analog_candidate"":null}",2026-04-24T07:01:09.972Z
rates-agent,Rates Agent,update_existing,"[""novelty_above_threshold"",""fresh_catalyst_signal"",""matched_thesis_update"",""domain_relevance_low"",""weak_catalyst_materiality_gate""]",57,growth_softness_vs_multiple_risk,"{""headline_id"":""e3e43e3e"",""agent_id"":""rates-agent"",""headline_title"":""Financial Stability Oversight Council"",""headline_type"":""other"",""direct_relevance_score"":0,""indirect_relevance_score"":0,""market_signal_strength"":""low"",""is_new_information"":true,""is_cross_asset_relevant"":false,""primary_mechanism"":"""",""affected_assets"":[],""what_changed"":""Financial Stability Oversight Council"",""linked_existing_thesis_id"":null,""recommended_action"":""stay_silent"",""comment_purpose"":null,""historical_analog_candidate"":null}",2026-04-24T07:00:50.164Z
macro-agent,Macro Agent,update_existing,"[""high_thesis_load"",""matched_thesis_update"",""fresh_catalyst_signal"",""weak_catalyst_materiality_gate""]",57,growth_softness_vs_multiple_risk,"{""headline_id"":""261dea8a"",""agent_id"":""macro-agent"",""headline_title"":""Stock news for investors: Tech pops, retail drops in uneven earnings week"",""headline_type"":""company_news"",""direct_relevance_score"":3,""indirect_relevance_score"":8,""market_signal_strength"":""low"",""is_new_information"":true,""is_cross_asset_relevant"":true,""primary_mechanism"":"""",""affected_assets"":[""sp500"",""nasdaq""],""what_changed"":""Stock news for investors: Tech pops, retail drops in uneven earnings week"",""linked_existing_thesis_id"":null,""recommended_action"":""comment_on_other"",""comment_purpose"":""add_cross_asset_spillover"",""historical_analog_candidate"":null}",2026-04-24T07:00:33.486Z
risk-sentiment-agent,Risk/Sentiment Agent,stay_silent,"[""novelty_above_threshold"",""no_fresh_signal"",""matched_thesis_update"",""domain_relevance_low"",""weak_catalyst_materiality_gate""]",79,duration_pressure,,2026-04-24T06:01:43.860Z
commodities-agent,Commodities Agent,new_post,"[""novelty_above_threshold"",""fresh_catalyst_signal""]",88,metals_growth,"{""headline_id"":""5ec9ce19"",""agent_id"":""commodities-agent"",""headline_title"":""HotCopper Highlights, Week 17: Cochlear sparks ASX rout; NMG hits deeper gold; PLS spruiks big spodumene production bump"",""headline_type"":""commodity_specific"",""direct_relevance_score"":5,""indirect_relevance_score"":2,""market_signal_strength"":""high"",""is_new_information"":true,""is_cross_asset_relevant"":false,""primary_mechanism"":""Gold move → real rate signal (inverse of TIPS yield) → dollar direction → safe-haven demand"",""affected_assets"":[""gold""],""what_changed"":""HotCopper Highlights, Week 17: Cochlear sparks ASX rout; NMG hits deeper gold; PLS spruiks big spodumene production bump"",""linked_existing_thesis_id"":null,""recommended_action"":""new_post"",""comment_purpose"":null,""historical_analog_candidate"":null}",2026-04-24T06:01:25.689Z
equities-agent,Equities Agent,new_post,"[""novelty_above_threshold"",""fresh_catalyst_signal"",""matched_thesis_update""]",79,real_yields,"{""headline_id"":""7e59ebf5"",""agent_id"":""equities-agent"",""headline_title"":""Quarterly information as at March 31st, 2026"",""headline_type"":""other"",""direct_relevance_score"":5,""indirect_relevance_score"":6,""market_signal_strength"":""high"",""is_new_information"":true,""is_cross_asset_relevant"":true,""primary_mechanism"":"""",""affected_assets"":[],""what_changed"":""Quarterly information as at March 31st, 2026"",""linked_existing_thesis_id"":null,""recommended_action"":""comment_on_other"",""comment_purpose"":""add_cross_asset_spillover"",""historical_analog_candidate"":null}",2026-04-24T06:01:05.545Z
fx-agent,FX Agent,new_post,"[""novelty_above_threshold"",""fresh_catalyst_signal"",""matched_thesis_update""]",70,policy_divergence,"{""headline_id"":""7e59ebf5"",""agent_id"":""fx-agent"",""headline_title"":""Quarterly information as at March 31st, 2026"",""headline_type"":""other"",""direct_relevance_score"":7,""indirect_relevance_score"":6,""market_signal_strength"":""high"",""is_new_information"":true,""is_cross_asset_relevant"":true,""primary_mechanism"":"""",""affected_assets"":[],""what_changed"":""Quarterly information as at March 31st, 2026"",""linked_existing_thesis_id"":null,""recommended_action"":""comment_on_other"",""comment_purpose"":""add_cross_asset_spillover"",""historical_analog_candidate"":null}",2026-04-24T06:00:49.483Z
rates-agent,Rates Agent,comment_only,"[""novelty_above_threshold"",""fresh_catalyst_signal"",""matched_thesis_update"",""run_catalyst_claimed""]",80,duration_pressure,"{""headline_id"":""96f2dc96"",""agent_id"":""rates-agent"",""headline_title"":""RB Global Announces Early Termination of Hart-Scott-Rodino Waiting Period for BigIron Acquisition"",""headline_type"":""company_news"",""direct_relevance_score"":5,""indirect_relevance_score"":8,""market_signal_strength"":""low"",""is_new_information"":true,""is_cross_asset_relevant"":true,""primary_mechanism"":"""",""affected_assets"":[],""what_changed"":""RB Global Announces Early Termination of Hart-Scott-Rodino Waiting Period for BigIron Acquisition"",""linked_existing_thesis_id"":null,""recommended_action"":""new_post"",""comment_purpose"":null,""historical_analog_candidate"":null}",2026-04-24T06:00:49.181Z
macro-agent,Macro Agent,update_existing,"[""high_thesis_load"",""matched_thesis_update"",""fresh_catalyst_signal""]",79,real_yields,"{""headline_id"":""7e59ebf5"",""agent_id"":""macro-agent"",""headline_title"":""Quarterly information as at March 31st, 2026"",""headline_type"":""other"",""direct_relevance_score"":3,""indirect_relevance_score"":6,""market_signal_strength"":""high"",""is_new_information"":true,""is_cross_asset_relevant"":true,""primary_mechanism"":"""",""affected_assets"":[],""what_changed"":""Quarterly information as at March 31st, 2026"",""linked_existing_thesis_id"":null,""recommended_action"":""comment_on_other"",""comment_purpose"":""add_cross_asset_spillover"",""historical_analog_candidate"":null}",2026-04-24T06:00:36.270Z
risk-sentiment-agent,Risk/Sentiment Agent,stay_silent,"[""novelty_above_threshold"",""fresh_catalyst_signal"",""matched_thesis_update"",""weak_catalyst_materiality_gate""]",83,growth_softness_vs_multiple_risk,"{""headline_id"":""9c991c61"",""agent_id"":""risk-sentiment-agent"",""headline_title"":""investingLive Asia-Pacific FX news wrap. Trump: 3-week Israel-Lebanon ceasefire extension"",""headline_type"":""other"",""direct_relevance_score"":7,""indirect_relevance_score"":10,""market_signal_strength"":""high"",""is_new_information"":true,""is_cross_asset_relevant"":true,""primary_mechanism"":""CPI print → real yield repricing → Fed path recalibration → duration positioning"",""affected_assets"":[],""what_changed"":""investingLive Asia-Pacific FX news wrap. Trump: 3-week Israel-Lebanon ceasefire extension"",""linked_existing_thesis_id"":null,""recommended_action"":""new_post"",""comment_purpose"":null,""historical_analog_candidate"":null}",2026-04-24T05:01:47.391Z
commodities-agent,Commodities Agent,stay_silent,"[""novelty_above_threshold"",""fresh_catalyst_signal"",""weak_catalyst_materiality_gate""]",91,oil_geopolitics_and_inflation_pass_through,"{""headline_id"":""9c991c61"",""agent_id"":""commodities-agent"",""headline_title"":""investingLive Asia-Pacific FX news wrap. Trump: 3-week Israel-Lebanon ceasefire extension"",""headline_type"":""other"",""direct_relevance_score"":7,""indirect_relevance_score"":10,""market_signal_strength"":""high"",""is_new_information"":true,""is_cross_asset_relevant"":true,""primary_mechanism"":""CPI print → real yield repricing → Fed path recalibration → duration positioning"",""affected_assets"":[],""what_changed"":""investingLive Asia-Pacific FX news wrap. Trump: 3-week Israel-Lebanon ceasefire extension"",""linked_existing_thesis_id"":null,""recommended_action"":""new_post"",""comment_purpose"":null,""historical_analog_candidate"":null}",2026-04-24T05:01:46.847Z
equities-agent,Equities Agent,new_post,"[""novelty_above_threshold"",""fresh_catalyst_signal"",""matched_thesis_update""]",85,growth_softness_vs_multiple_risk,"{""headline_id"":""9c991c61"",""agent_id"":""equities-agent"",""headline_title"":""investingLive Asia-Pacific FX news wrap. Trump: 3-week Israel-Lebanon ceasefire extension"",""headline_type"":""other"",""direct_relevance_score"":10,""indirect_relevance_score"":10,""market_signal_strength"":""high"",""is_new_information"":true,""is_cross_asset_relevant"":true,""primary_mechanism"":""CPI print → real yield repricing → Fed path recalibration → duration positioning"",""affected_assets"":[],""what_changed"":""investingLive Asia-Pacific FX news wrap. Trump: 3-week Israel-Lebanon ceasefire extension"",""linked_existing_thesis_id"":null,""recommended_action"":""new_post"",""comment_purpose"":null,""historical_analog_candidate"":null}",2026-04-24T05:01:30.956Z
fx-agent,FX Agent,stay_silent,"[""novelty_above_threshold"",""fresh_catalyst_signal"",""matched_thesis_update"",""weak_catalyst_materiality_gate""]",83,oil_geopolitics_and_inflation_pass_through,"{""headline_id"":""9c991c61"",""agent_id"":""fx-agent"",""headline_title"":""investingLive Asia-Pacific FX news wrap. Trump: 3-week Israel-Lebanon ceasefire extension"",""headline_type"":""other"",""direct_relevance_score"":10,""indirect_relevance_score"":10,""market_signal_strength"":""high"",""is_new_information"":true,""is_cross_asset_relevant"":true,""primary_mechanism"":""CPI print → real yield repricing → Fed path recalibration → duration positioning"",""affected_assets"":[],""what_changed"":""investingLive Asia-Pacific FX news wrap. Trump: 3-week Israel-Lebanon ceasefire extension"",""linked_existing_thesis_id"":null,""recommended_action"":""new_post"",""comment_purpose"":null,""historical_analog_candidate"":null}",2026-04-24T05:01:30.285Z
rates-agent,Rates Agent,new_post,"[""novelty_above_threshold"",""fresh_catalyst_signal"",""matched_thesis_update"",""stance_lock_challenge""]",82,rates_repricing_and_duration_pressure,"{""headline_id"":""9c991c61"",""agent_id"":""rates-agent"",""headline_title"":""investingLive Asia-Pacific FX news wrap. Trump: 3-week Israel-Lebanon ceasefire extension"",""headline_type"":""other"",""direct_relevance_score"":3,""indirect_relevance_score"":10,""market_signal_strength"":""high"",""is_new_information"":true,""is_cross_asset_relevant"":true,""primary_mechanism"":""CPI print → real yield repricing → Fed path recalibration → duration positioning"",""affected_assets"":[],""what_changed"":""investingLive Asia-Pacific FX news wrap. Trump: 3-week Israel-Lebanon ceasefire extension"",""linked_existing_thesis_id"":null,""recommended_action"":""new_post"",""comment_purpose"":null,""historical_analog_candidate"":null}",2026-04-24T05:01:05.636Z
macro-agent,Macro Agent,update_existing,"[""novelty_above_threshold"",""fresh_catalyst_signal"",""matched_thesis_update"",""weak_catalyst_materiality_gate""]",83,growth_softness_vs_multiple_risk,"{""headline_id"":""9c991c61"",""agent_id"":""macro-agent"",""headline_title"":""investingLive Asia-Pacific FX news wrap. Trump: 3-week Israel-Lebanon ceasefire extension"",""headline_type"":""other"",""direct_relevance_score"":10,""indirect_relevance_score"":10,""market_signal_strength"":""high"",""is_new_information"":true,""is_cross_asset_relevant"":true,""primary_mechanism"":""CPI print → real yield repricing → Fed path recalibration → duration positioning"",""affected_assets"":[],""what_changed"":""investingLive Asia-Pacific FX news wrap. Trump: 3-week Israel-Lebanon ceasefire extension"",""linked_existing_thesis_id"":null,""recommended_action"":""new_post"",""comment_purpose"":null,""historical_analog_candidate"":null}",2026-04-24T05:00:46.431Z
risk-sentiment-agent,Risk/Sentiment Agent,new_post,"[""novelty_above_threshold"",""no_fresh_signal"",""matched_thesis_update"",""stance_lock_challenge""]",83,credit_stress,,2026-04-24T04:01:36.542Z
commodities-agent,Commodities Agent,new_post,"[""low_novelty_range"",""fresh_catalyst_signal"",""matched_thesis_update"",""deprioritized_topic""]",28,oil_structure,"{""headline_id"":""0eadcfc8"",""agent_id"":""commodities-agent"",""headline_title"":""NUAI SHAREHOLDER ALERT: Securities Fraud Lawsuit Filed on Behalf of New Era Energy & Digital, Inc. Investors - Contact Kirby McInerney LLP by June 1, 2026"",""headline_type"":""other"",""direct_relevance_score"":5,""indirect_relevance_score"":6,""market_signal_strength"":""high"",""is_new_information"":true,""is_cross_asset_relevant"":true,""primary_mechanism"":""Policy rate signal → front-end Treasury repricing → FX carry shifts → equity discount rate"",""affected_assets"":[],""what_changed"":""Securities Fraud Lawsuit Filed on Behalf of New Era Energy & Digital, Inc. Investors - Contact Kirby McInerney LLP by June 1, 2026"",""linked_existing_thesis_id"":null,""recommended_action"":""new_post"",""comment_purpose"":null,""historical_analog_candidate"":null}",2026-04-24T04:01:24.453Z
equities-agent,Equities Agent,comment_only,"[""novelty_above_threshold"",""fresh_catalyst_signal"",""matched_thesis_update"",""run_catalyst_claimed""]",86,banks_small_caps,"{""headline_id"":""0eadcfc8"",""agent_id"":""equities-agent"",""headline_title"":""NUAI SHAREHOLDER ALERT: Securities Fraud Lawsuit Filed on Behalf of New Era Energy & Digital, Inc. Investors - Contact Kirby McInerney LLP by June 1, 2026"",""headline_type"":""other"",""direct_relevance_score"":5,""indirect_relevance_score"":6,""market_signal_strength"":""high"",""is_new_information"":true,""is_cross_asset_relevant"":true,""primary_mechanism"":""Policy rate signal → front-end Treasury repricing → FX carry shifts → equity discount rate"",""affected_assets"":[],""what_changed"":""Securities Fraud Lawsuit Filed on Behalf of New Era Energy & Digital, Inc. Investors - Contact Kirby McInerney LLP by June 1, 2026"",""linked_existing_thesis_id"":null,""recommended_action"":""new_post"",""comment_purpose"":null,""historical_analog_candidate"":null}",2026-04-24T04:01:23.752Z
fx-agent,FX Agent,update_existing,"[""matched_thesis_update"",""fresh_catalyst_signal"",""deprioritized_topic""]",83,dollar_path,"{""headline_id"":""258e55ab"",""agent_id"":""fx-agent"",""headline_title"":""IEX shares in focus after Q4 net profit rises 11% on highest-ever electricity volumes: Should you buy?"",""headline_type"":""other"",""direct_relevance_score"":0,""indirect_relevance_score"":6,""market_signal_strength"":""high"",""is_new_information"":true,""is_cross_asset_relevant"":true,""primary_mechanism"":"""",""affected_assets"":[],""what_changed"":""IEX shares in focus after Q4 net profit rises 11% on highest-ever electricity volumes: Should you buy?"",""linked_existing_thesis_id"":null,""recommended_action"":""stay_silent"",""comment_purpose"":null,""historical_analog_candidate"":null}",2026-04-24T04:01:12.465Z
rates-agent,Rates Agent,stay_silent,"[""matched_thesis_update"",""fresh_catalyst_signal"",""deprioritized_topic"",""rates_template_repetition"",""no_fresh_signal""]",81,curve_shape,"{""headline_id"":""e3e43e3e"",""agent_id"":""rates-agent"",""headline_title"":""Financial Stability Oversight Council"",""headline_type"":""other"",""direct_relevance_score"":0,""indirect_relevance_score"":0,""market_signal_strength"":""low"",""is_new_information"":true,""is_cross_asset_relevant"":false,""primary_mechanism"":"""",""affected_assets"":[],""what_changed"":""Financial Stability Oversight Council"",""linked_existing_thesis_id"":null,""recommended_action"":""stay_silent"",""comment_purpose"":null,""historical_analog_candidate"":null}",2026-04-24T04:01:11.769Z
macro-agent,Macro Agent,update_existing,"[""high_thesis_load"",""matched_thesis_update"",""fresh_catalyst_signal""]",84,labor_growth,"{""headline_id"":""545883a2"",""agent_id"":""macro-agent"",""headline_title"":""Infosys eyes 1.5-3.5% growth in FY27, Q4 headcount down"",""headline_type"":""other"",""direct_relevance_score"":3,""indirect_relevance_score"":4,""market_signal_strength"":""high"",""is_new_information"":true,""is_cross_asset_relevant"":true,""primary_mechanism"":"""",""affected_assets"":[],""what_changed"":""Infosys eyes 1.5-3.5% growth in FY27, Q4 headcount down"",""linked_existing_thesis_id"":null,""recommended_action"":""comment_on_other"",""comment_purpose"":""add_cross_asset_spillover"",""historical_analog_candidate"":null}",2026-04-24T04:00:58.328Z
risk-sentiment-agent,Risk/Sentiment Agent,new_post,"[""novelty_above_threshold"",""fresh_catalyst_signal"",""matched_thesis_update"",""stance_lock_challenge""]",71,growth_softness_vs_multiple_risk,"{""headline_id"":""b277c17b"",""agent_id"":""risk-sentiment-agent"",""headline_title"":""Intel outlines Q2 revenue $13.8B-$14.8B and non-GAAP EPS $0.20 as CPU demand outpaces supply (NASDAQ:INTC)"",""headline_type"":""company_news"",""direct_relevance_score"":3,""indirect_relevance_score"":8,""market_signal_strength"":""high"",""is_new_information"":true,""is_cross_asset_relevant"":true,""primary_mechanism"":"""",""affected_assets"":[""sp500"",""nasdaq""],""what_changed"":""Intel outlines Q2 revenue $13.8B-$14.8B and non-GAAP EPS $0.20 as CPU demand outpaces supply"",""linked_existing_thesis_id"":null,""recommended_action"":""comment_on_other"",""comment_purpose"":""add_cross_asset_spillover"",""historical_analog_candidate"":null}",2026-04-24T03:01:42.891Z
commodities-agent,Commodities Agent,stay_silent,"[""novelty_above_threshold"",""fresh_catalyst_signal"",""weak_catalyst_materiality_gate""]",65,oil_geopolitics_and_inflation_pass_through,"{""headline_id"":""02d78009"",""agent_id"":""commodities-agent"",""headline_title"":""US oil executives expect crude output to rise as Iran war continues, survey shows - Reuters"",""headline_type"":""commodity_specific"",""direct_relevance_score"":3,""indirect_relevance_score"":2,""market_signal_strength"":""low"",""is_new_information"":true,""is_cross_asset_relevant"":false,""primary_mechanism"":""Commodity supply/demand shift → price transmission → sector margins"",""affected_assets"":[""wti"",""brent""],""what_changed"":""US oil executives expect crude output to rise as Iran war continues, survey shows - Reuters"",""linked_existing_thesis_id"":null,""recommended_action"":""stay_silent"",""comment_purpose"":null,""historical_analog_candidate"":null}",2026-04-24T03:01:42.215Z
equities-agent,Equities Agent,new_post,"[""novelty_above_threshold"",""fresh_catalyst_signal"",""matched_thesis_update""]",74,growth_softness_vs_multiple_risk,"{""headline_id"":""1e4c9fbb"",""agent_id"":""equities-agent"",""headline_title"":""Trump Administration's Intel Stake Is Now Up 290% In Less Than A Year"",""headline_type"":""other"",""direct_relevance_score"":7,""indirect_relevance_score"":8,""market_signal_strength"":""high"",""is_new_information"":true,""is_cross_asset_relevant"":true,""primary_mechanism"":"""",""affected_assets"":[],""what_changed"":""Trump Administration's Intel Stake Is Now Up 290% In Less Than A Year"",""linked_existing_thesis_id"":null,""recommended_action"":""comment_on_other"",""comment_purpose"":""add_cross_asset_spillover"",""historical_analog_candidate"":null}",2026-04-24T03:01:25.724Z
fx-agent,FX Agent,stay_silent,"[""novelty_above_threshold"",""fresh_catalyst_signal"",""matched_thesis_update"",""weak_catalyst_materiality_gate""]",57,oil_geopolitics_and_inflation_pass_through,"{""headline_id"":""de77d8fe"",""agent_id"":""fx-agent"",""headline_title"":""Dollar set for weekly gain on stalled US-Iran talks and Middle East uncertainty - Reuters"",""headline_type"":""geopolitical"",""direct_relevance_score"":3,""indirect_relevance_score"":4,""market_signal_strength"":""low"",""is_new_information"":true,""is_cross_asset_relevant"":true,""primary_mechanism"":""Dollar move → EM debt burden → commodity price translation → US export competitiveness → FX carry unwind risk"",""affected_assets"":[""dxy""],""what_changed"":""Dollar set for weekly gain on stalled US-Iran talks and Middle East uncertainty - Reuters"",""linked_existing_thesis_id"":null,""recommended_action"":""comment_on_other"",""comment_purpose"":""add_cross_asset_spillover"",""historical_analog_candidate"":null}",2026-04-24T03:01:24.985Z
rates-agent,Rates Agent,stay_silent,"[""novelty_above_threshold"",""fresh_catalyst_signal"",""rates_template_repetition"",""no_fresh_signal""]",90,rates_repricing_and_duration_pressure,"{""headline_id"":""96f2dc96"",""agent_id"":""rates-agent"",""headline_title"":""RB Global Announces Early Termination of Hart-Scott-Rodino Waiting Period for BigIron Acquisition"",""headline_type"":""company_news"",""direct_relevance_score"":5,""indirect_relevance_score"":8,""market_signal_strength"":""low"",""is_new_information"":true,""is_cross_asset_relevant"":true,""primary_mechanism"":"""",""affected_assets"":[],""what_changed"":""RB Global Announces Early Termination of Hart-Scott-Rodino Waiting Period for BigIron Acquisition"",""linked_existing_thesis_id"":null,""recommended_action"":""new_post"",""comment_purpose"":null,""historical_analog_candidate"":null}",2026-04-24T03:01:24.303Z
macro-agent,Macro Agent,update_existing,"[""high_thesis_load"",""matched_thesis_update"",""fresh_catalyst_signal""]",71,growth_softness_vs_multiple_risk,"{""headline_id"":""7881e3f2"",""agent_id"":""macro-agent"",""headline_title"":""SUMMIT HOTEL PROPERTIES DECLARES FIRST QUARTER 2026 DIVIDENDS"",""headline_type"":""other"",""direct_relevance_score"":3,""indirect_relevance_score"":6,""market_signal_strength"":""high"",""is_new_information"":true,""is_cross_asset_relevant"":true,""primary_mechanism"":"""",""affected_assets"":[],""what_changed"":""SUMMIT HOTEL PROPERTIES DECLARES FIRST QUARTER 2026 DIVIDENDS"",""linked_existing_thesis_id"":null,""recommended_action"":""comment_on_other"",""comment_purpose"":""add_cross_asset_spillover"",""historical_analog_candidate"":null}",2026-04-24T03:00:51.641Z
risk-sentiment-agent,Risk/Sentiment Agent,new_post,"[""novelty_above_threshold"",""fresh_catalyst_signal"",""matched_thesis_update""]",84,crowding_positioning,"{""headline_id"":""fa46d43d"",""agent_id"":""risk-sentiment-agent"",""headline_title"":""Japan core inflation holds at 1.8% but energy shock threatens renewed surge"",""headline_type"":""macro_release"",""direct_relevance_score"":3,""indirect_relevance_score"":10,""market_signal_strength"":""high"",""is_new_information"":true,""is_cross_asset_relevant"":true,""primary_mechanism"":""CPI print → real yield repricing → Fed path recalibration → duration positioning"",""affected_assets"":[],""what_changed"":""Japan core inflation holds at 1.8% but energy shock threatens renewed surge"",""linked_existing_thesis_id"":null,""recommended_action"":""new_post"",""comment_purpose"":null,""historical_analog_candidate"":null}",2026-04-24T02:01:43.299Z
commodities-agent,Commodities Agent,stay_silent,"[""stale_headline_no_thesis"",""fresh_catalyst_signal""]",88,metals_growth,"{""headline_id"":""fa46d43d"",""agent_id"":""commodities-agent"",""headline_title"":""Japan core inflation holds at 1.8% but energy shock threatens renewed surge"",""headline_type"":""macro_release"",""direct_relevance_score"":5,""indirect_relevance_score"":10,""market_signal_strength"":""high"",""is_new_information"":false,""is_cross_asset_relevant"":true,""primary_mechanism"":""CPI print → real yield repricing → Fed path recalibration → duration positioning"",""affected_assets"":[],""what_changed"":""Japan core inflation holds at 1.8% but energy shock threatens renewed surge"",""linked_existing_thesis_id"":null,""recommended_action"":""comment_on_other"",""comment_purpose"":""confirm_existing_thesis"",""historical_analog_candidate"":null}",2026-04-24T02:01:42.617Z
equities-agent,Equities Agent,new_post,"[""novelty_above_threshold"",""fresh_catalyst_signal"",""matched_thesis_update""]",87,ai_concentration,"{""headline_id"":""fa46d43d"",""agent_id"":""equities-agent"",""headline_title"":""Japan core inflation holds at 1.8% but energy shock threatens renewed surge"",""headline_type"":""macro_release"",""direct_relevance_score"":5,""indirect_relevance_score"":10,""market_signal_strength"":""high"",""is_new_information"":true,""is_cross_asset_relevant"":true,""primary_mechanism"":""CPI print → real yield repricing → Fed path recalibration → duration positioning"",""affected_assets"":[],""what_changed"":""Japan core inflation holds at 1.8% but energy shock threatens renewed surge"",""linked_existing_thesis_id"":null,""recommended_action"":""new_post"",""comment_purpose"":null,""historical_analog_candidate"":null}",2026-04-24T02:01:29.590Z
fx-agent,FX Agent,update_existing,"[""stale_headline_thesis_update"",""fresh_catalyst_signal"",""matched_thesis_update""]",84,carry_em_fx,"{""headline_id"":""fa46d43d"",""agent_id"":""fx-agent"",""headline_title"":""Japan core inflation holds at 1.8% but energy shock threatens renewed surge"",""headline_type"":""macro_release"",""direct_relevance_score"":9,""indirect_relevance_score"":10,""market_signal_strength"":""high"",""is_new_information"":false,""is_cross_asset_relevant"":true,""primary_mechanism"":""CPI print → real yield repricing → Fed path recalibration → duration positioning"",""affected_assets"":[],""what_changed"":""Japan core inflation holds at 1.8% but energy shock threatens renewed surge"",""linked_existing_thesis_id"":null,""recommended_action"":""comment_on_other"",""comment_purpose"":""confirm_existing_thesis"",""historical_analog_candidate"":null}",2026-04-24T02:01:17.122Z
rates-agent,Rates Agent,update_existing,"[""matched_thesis_update"",""fresh_catalyst_signal"",""deprioritized_topic"",""stance_lock_challenge""]",81,curve_shape,"{""headline_id"":""fa46d43d"",""agent_id"":""rates-agent"",""headline_title"":""Japan core inflation holds at 1.8% but energy shock threatens renewed surge"",""headline_type"":""macro_release"",""direct_relevance_score"":7,""indirect_relevance_score"":10,""market_signal_strength"":""high"",""is_new_information"":true,""is_cross_asset_relevant"":true,""primary_mechanism"":""CPI print → real yield repricing → Fed path recalibration → duration positioning"",""affected_assets"":[],""what_changed"":""Japan core inflation holds at 1.8% but energy shock threatens renewed surge"",""linked_existing_thesis_id"":null,""recommended_action"":""new_post"",""comment_purpose"":null,""historical_analog_candidate"":null}",2026-04-24T02:01:04.477Z
macro-agent,Macro Agent,new_post,"[""novelty_above_threshold"",""fresh_catalyst_signal"",""matched_thesis_update"",""headline_routed_to_comment""]",81,consumer_demand,"{""headline_id"":""ffbbcc73"",""agent_id"":""macro-agent"",""headline_title"":""General Mills Stock: GLP-1 And Consumer Fears Are Overblown (Upgrade) (NYSE:GIS)"",""headline_type"":""company_news"",""direct_relevance_score"":5,""indirect_relevance_score"":8,""market_signal_strength"":""high"",""is_new_information"":true,""is_cross_asset_relevant"":true,""primary_mechanism"":""Credit spread move → financing cost for leveraged companies → capex cycle signal → default probability repricing"",""affected_assets"":[""sp500"",""nasdaq""],""what_changed"":""General Mills Stock: GLP-1 And Consumer Fears Are Overblown (Upgrade)"",""linked_existing_thesis_id"":null,""recommended_action"":""new_post"",""comment_purpose"":null,""historical_analog_candidate"":null}",2026-04-24T02:00:50.564Z
risk-sentiment-agent,Risk/Sentiment Agent,stay_silent,"[""novelty_above_threshold"",""fresh_catalyst_signal"",""matched_thesis_update"",""weak_catalyst_materiality_gate""]",81,growth_softness_vs_multiple_risk,"{""headline_id"":""3089a08a"",""agent_id"":""risk-sentiment-agent"",""headline_title"":""Heritage Financial projects noninterest expense of $56M-$57M in Q4 as Olympic integration continues (NASDAQ:HFWA)"",""headline_type"":""other"",""direct_relevance_score"":5,""indirect_relevance_score"":6,""market_signal_strength"":""low"",""is_new_information"":true,""is_cross_asset_relevant"":true,""primary_mechanism"":"""",""affected_assets"":[""sp500"",""nasdaq""],""what_changed"":""Heritage Financial projects noninterest expense of $56M-$57M in Q4 as Olympic integration continues"",""linked_existing_thesis_id"":null,""recommended_action"":""comment_on_other"",""comment_purpose"":""add_cross_asset_spillover"",""historical_analog_candidate"":null}",2026-04-24T01:01:54.686Z
commodities-agent,Commodities Agent,comment_only,"[""novelty_above_threshold"",""fresh_catalyst_signal"",""matched_thesis_update"",""run_catalyst_claimed"",""headline_routed_to_comment""]",76,oil_geopolitics_and_inflation_pass_through,"{""headline_id"":""0eadcfc8"",""agent_id"":""commodities-agent"",""headline_title"":""NUAI SHAREHOLDER ALERT: Securities Fraud Lawsuit Filed on Behalf of New Era Energy & Digital, Inc. Investors - Contact Kirby McInerney LLP by June 1, 2026"",""headline_type"":""other"",""direct_relevance_score"":5,""indirect_relevance_score"":6,""market_signal_strength"":""high"",""is_new_information"":true,""is_cross_asset_relevant"":true,""primary_mechanism"":""Policy rate signal → front-end Treasury repricing → FX carry shifts → equity discount rate"",""affected_assets"":[],""what_changed"":""Securities Fraud Lawsuit Filed on Behalf of New Era Energy & Digital, Inc. Investors - Contact Kirby McInerney LLP by June 1, 2026"",""linked_existing_thesis_id"":null,""recommended_action"":""new_post"",""comment_purpose"":null,""historical_analog_candidate"":null}",2026-04-24T01:01:54.003Z
equities-agent,Equities Agent,new_post,"[""novelty_above_threshold"",""fresh_catalyst_signal""]",89,growth_softness_vs_multiple_risk,"{""headline_id"":""0eadcfc8"",""agent_id"":""equities-agent"",""headline_title"":""NUAI SHAREHOLDER ALERT: Securities Fraud Lawsuit Filed on Behalf of New Era Energy & Digital, Inc. Investors - Contact Kirby McInerney LLP by June 1, 2026"",""headline_type"":""other"",""direct_relevance_score"":5,""indirect_relevance_score"":6,""market_signal_strength"":""high"",""is_new_information"":true,""is_cross_asset_relevant"":true,""primary_mechanism"":""Policy rate signal → front-end Treasury repricing → FX carry shifts → equity discount rate"",""affected_assets"":[],""what_changed"":""Securities Fraud Lawsuit Filed on Behalf of New Era Energy & Digital, Inc. Investors - Contact Kirby McInerney LLP by June 1, 2026"",""linked_existing_thesis_id"":null,""recommended_action"":""new_post"",""comment_purpose"":null,""historical_analog_candidate"":null}",2026-04-24T01:01:28.262Z
fx-agent,FX Agent,new_post,"[""novelty_above_threshold"",""fresh_catalyst_signal"",""matched_thesis_update""]",76,oil_geopolitics_and_inflation_pass_through,"{""headline_id"":""e2f581cc"",""agent_id"":""fx-agent"",""headline_title"":""Bank of Japan inflation gauge surges. Services PPI 3.1% (vs. 3% expected, 2.7% prior)"",""headline_type"":""macro_release"",""direct_relevance_score"":5,""indirect_relevance_score"":8,""market_signal_strength"":""high"",""is_new_information"":true,""is_cross_asset_relevant"":true,""primary_mechanism"":""Data release → market expectations update → rate path repricing"",""affected_assets"":[],""what_changed"":""Bank of Japan inflation gauge surges. Services PPI 3.1%"",""linked_existing_thesis_id"":null,""recommended_action"":""new_post"",""comment_purpose"":null,""historical_analog_candidate"":null}",2026-04-24T01:01:16.233Z
rates-agent,Rates Agent,update_existing,"[""stale_headline_thesis_update"",""fresh_catalyst_signal"",""matched_thesis_update"",""weak_catalyst_materiality_gate""]",81,growth_softness_vs_multiple_risk,"{""headline_id"":""4109cf51"",""agent_id"":""rates-agent"",""headline_title"":""SCHE Offers Higher Yield and Lower Fees Than NZAC"",""headline_type"":""other"",""direct_relevance_score"":3,""indirect_relevance_score"":4,""market_signal_strength"":""low"",""is_new_information"":false,""is_cross_asset_relevant"":true,""primary_mechanism"":"""",""affected_assets"":[""us10y""],""what_changed"":""SCHE Offers Higher Yield and Lower Fees Than NZAC"",""linked_existing_thesis_id"":""6edcf66f-76a1-49f0-a418-11897287d4b2"",""recommended_action"":""update_existing"",""comment_purpose"":null,""historical_analog_candidate"":null}",2026-04-24T01:01:02.776Z
macro-agent,Macro Agent,update_existing,"[""high_thesis_load"",""matched_thesis_update"",""fresh_catalyst_signal"",""weak_catalyst_materiality_gate""]",80,growth_softness_vs_multiple_risk,"{""headline_id"":""3089a08a"",""agent_id"":""macro-agent"",""headline_title"":""Heritage Financial projects noninterest expense of $56M-$57M in Q4 as Olympic integration continues (NASDAQ:HFWA)"",""headline_type"":""other"",""direct_relevance_score"":3,""indirect_relevance_score"":6,""market_signal_strength"":""low"",""is_new_information"":true,""is_cross_asset_relevant"":true,""primary_mechanism"":"""",""affected_assets"":[""sp500"",""nasdaq""],""what_changed"":""Heritage Financial projects noninterest expense of $56M-$57M in Q4 as Olympic integration continues"",""linked_existing_thesis_id"":null,""recommended_action"":""comment_on_other"",""comment_purpose"":""add_cross_asset_spillover"",""historical_analog_candidate"":null}",2026-04-24T01:00:49.149Z
risk-sentiment-agent,Risk/Sentiment Agent,new_post,"[""novelty_above_threshold"",""fresh_catalyst_signal"",""matched_thesis_update""]",84,crowding_positioning,"{""headline_id"":""e7587230"",""agent_id"":""risk-sentiment-agent"",""headline_title"":""Brandywine outlines $305M asset sales closings in Q2 while planning $100M 7-year financing at ~5.7% (NYSE:BDN)"",""headline_type"":""other"",""direct_relevance_score"":3,""indirect_relevance_score"":4,""market_signal_strength"":""high"",""is_new_information"":true,""is_cross_asset_relevant"":true,""primary_mechanism"":"""",""affected_assets"":[],""what_changed"":""Brandywine outlines $305M asset sales closings in Q2 while planning $100M 7-year financing at ~5.7%"",""linked_existing_thesis_id"":null,""recommended_action"":""comment_on_other"",""comment_purpose"":""add_cross_asset_spillover"",""historical_analog_candidate"":null}",2026-04-24T00:01:28.081Z
commodities-agent,Commodities Agent,stay_silent,"[""low_headline_relevance"",""fresh_catalyst_signal""]",88,metals_growth,"{""headline_id"":""9e986657"",""agent_id"":""commodities-agent"",""headline_title"":""Dow Jones Futures: Stocks Fall On Iran, ServiceNow, Tesla; Intel Soars Late"",""headline_type"":""geopolitical"",""direct_relevance_score"":0,""indirect_relevance_score"":4,""market_signal_strength"":""low"",""is_new_information"":true,""is_cross_asset_relevant"":true,""primary_mechanism"":""Geopolitical shock → risk premium expansion → commodity/currency safe-haven flows"",""affected_assets"":[],""what_changed"":""Dow Jones Futures: Stocks Fall On Iran, ServiceNow, Tesla; Intel Soars Late"",""linked_existing_thesis_id"":null,""recommended_action"":""stay_silent"",""comment_purpose"":null,""historical_analog_candidate"":null}",2026-04-24T00:01:27.407Z
equities-agent,Equities Agent,new_post,"[""novelty_above_threshold"",""fresh_catalyst_signal"",""matched_thesis_update""]",85,sector_defensives,"{""headline_id"":""100e3e2b"",""agent_id"":""equities-agent"",""headline_title"":""VeriSign targets 3.1%-4.3% 2026 domain base growth following a $0.71 .com price increase notice (NASDAQ:VRSN)"",""headline_type"":""other"",""direct_relevance_score"":5,""indirect_relevance_score"":4,""market_signal_strength"":""high"",""is_new_information"":true,""is_cross_asset_relevant"":true,""primary_mechanism"":"""",""affected_assets"":[""sp500"",""nasdaq""],""what_changed"":""VeriSign targets 3.1%-4.3% 2026 domain base growth following a $0.71 .com price increase notice"",""linked_existing_thesis_id"":""e4779aec-58b4-4d7c-b860-3a826124d396"",""recommended_action"":""update_existing"",""comment_purpose"":null,""historical_analog_candidate"":null}",2026-04-24T00:01:12.352Z
fx-agent,FX Agent,new_post,"[""novelty_above_threshold"",""fresh_catalyst_signal"",""matched_thesis_update""]",84,carry_em_fx,"{""headline_id"":""1113086c"",""agent_id"":""fx-agent"",""headline_title"":""Treasury Quarterly Refunding"",""headline_type"":""other"",""direct_relevance_score"":3,""indirect_relevance_score"":4,""market_signal_strength"":""medium"",""is_new_information"":true,""is_cross_asset_relevant"":true,""primary_mechanism"":"""",""affected_assets"":[""us10y""],""what_changed"":""Treasury Quarterly Refunding"",""linked_existing_thesis_id"":""0a4c8a99-6391-4a62-bd0e-5fb4c4309bc1"",""recommended_action"":""update_existing"",""comment_purpose"":null,""historical_analog_candidate"":null}",2026-04-24T00:00:50.139Z
rates-agent,Rates Agent,stay_silent,"[""matched_thesis_update"",""fresh_catalyst_signal"",""deprioritized_topic"",""rates_template_repetition"",""no_fresh_signal""]",81,curve_shape,"{""headline_id"":""96f2dc96"",""agent_id"":""rates-agent"",""headline_title"":""RB Global Announces Early Termination of Hart-Scott-Rodino Waiting Period for BigIron Acquisition"",""headline_type"":""company_news"",""direct_relevance_score"":5,""indirect_relevance_score"":8,""market_signal_strength"":""low"",""is_new_information"":true,""is_cross_asset_relevant"":true,""primary_mechanism"":"""",""affected_assets"":[],""what_changed"":""RB Global Announces Early Termination of Hart-Scott-Rodino Waiting Period for BigIron Acquisition"",""linked_existing_thesis_id"":null,""recommended_action"":""new_post"",""comment_purpose"":null,""historical_analog_candidate"":null}",2026-04-24T00:00:49.405Z
macro-agent,Macro Agent,stay_silent,"[""high_thesis_load"",""matched_thesis_update"",""fresh_catalyst_signal"",""weak_catalyst_materiality_gate""]",80,consumer_demand,"{""headline_id"":""100e3e2b"",""agent_id"":""macro-agent"",""headline_title"":""VeriSign targets 3.1%-4.3% 2026 domain base growth following a $0.71 .com price increase notice (NASDAQ:VRSN)"",""headline_type"":""other"",""direct_relevance_score"":3,""indirect_relevance_score"":4,""market_signal_strength"":""high"",""is_new_information"":true,""is_cross_asset_relevant"":true,""primary_mechanism"":"""",""affected_assets"":[""sp500"",""nasdaq""],""what_changed"":""VeriSign targets 3.1%-4.3% 2026 domain base growth following a $0.71 .com price increase notice"",""linked_existing_thesis_id"":null,""recommended_action"":""comment_on_other"",""comment_purpose"":""add_cross_asset_spillover"",""historical_analog_candidate"":null}",2026-04-24T00:00:48.735Z
risk-sentiment-agent,Risk/Sentiment Agent,stay_silent,"[""novelty_above_threshold"",""fresh_catalyst_signal"",""matched_thesis_update"",""domain_relevance_low"",""weak_catalyst_materiality_gate""]",81,growth_softness_vs_multiple_risk,,2026-04-23T23:01:52.204Z
commodities-agent,Commodities Agent,new_post,"[""novelty_above_threshold"",""fresh_catalyst_signal""]",90,oil_geopolitics_and_inflation_pass_through,"{""headline_id"":""3dba43b4"",""agent_id"":""commodities-agent"",""headline_title"":""Tech Sector Pullback and Surging Oil Prices Weigh on Wall Street; Intel Earnings Loom"",""headline_type"":""company_news"",""direct_relevance_score"":3,""indirect_relevance_score"":4,""market_signal_strength"":""low"",""is_new_information"":true,""is_cross_asset_relevant"":true,""primary_mechanism"":"""",""affected_assets"":[""wti"",""brent""],""what_changed"":""Tech Sector Pullback and Surging Oil Prices Weigh on Wall Street; Intel Earnings Loom"",""linked_existing_thesis_id"":null,""recommended_action"":""comment_on_other"",""comment_purpose"":""add_cross_asset_spillover"",""historical_analog_candidate"":null}",2026-04-23T23:01:39.948Z
equities-agent,Equities Agent,new_post,"[""novelty_above_threshold"",""fresh_catalyst_signal"",""matched_thesis_update""]",84,growth_softness_vs_multiple_risk,"{""headline_id"":""3dba43b4"",""agent_id"":""equities-agent"",""headline_title"":""Tech Sector Pullback and Surging Oil Prices Weigh on Wall Street; Intel Earnings Loom"",""headline_type"":""company_news"",""direct_relevance_score"":7,""indirect_relevance_score"":4,""market_signal_strength"":""low"",""is_new_information"":true,""is_cross_asset_relevant"":true,""primary_mechanism"":"""",""affected_assets"":[""wti"",""brent""],""what_changed"":""Tech Sector Pullback and Surging Oil Prices Weigh on Wall Street; Intel Earnings Loom"",""linked_existing_thesis_id"":""58891dc8-af86-483e-8dc3-5268d8c5ce82"",""recommended_action"":""update_existing"",""comment_purpose"":null,""historical_analog_candidate"":null}",2026-04-23T23:01:29.305Z
fx-agent,FX Agent,new_post,"[""novelty_above_threshold"",""fresh_catalyst_signal"",""matched_thesis_update""]",82,oil_geopolitics_and_inflation_pass_through,"{""headline_id"":""1113086c"",""agent_id"":""fx-agent"",""headline_title"":""Treasury Quarterly Refunding"",""headline_type"":""other"",""direct_relevance_score"":3,""indirect_relevance_score"":4,""market_signal_strength"":""medium"",""is_new_information"":true,""is_cross_asset_relevant"":true,""primary_mechanism"":"""",""affected_assets"":[""us10y""],""what_changed"":""Treasury Quarterly Refunding"",""linked_existing_thesis_id"":""0a4c8a99-6391-4a62-bd0e-5fb4c4309bc1"",""recommended_action"":""update_existing"",""comment_purpose"":null,""historical_analog_candidate"":null}",2026-04-23T23:01:15.320Z
rates-agent,Rates Agent,update_existing,"[""stale_headline_thesis_update"",""fresh_catalyst_signal"",""matched_thesis_update"",""stance_lock_challenge""]",82,rates_repricing_and_duration_pressure,"{""headline_id"":""1113086c"",""agent_id"":""rates-agent"",""headline_title"":""Treasury Quarterly Refunding"",""headline_type"":""other"",""direct_relevance_score"":3,""indirect_relevance_score"":4,""market_signal_strength"":""medium"",""is_new_information"":false,""is_cross_asset_relevant"":true,""primary_mechanism"":"""",""affected_assets"":[""us10y""],""what_changed"":""Treasury Quarterly Refunding"",""linked_existing_thesis_id"":""6edcf66f-76a1-49f0-a418-11897287d4b2"",""recommended_action"":""update_existing"",""comment_purpose"":null,""historical_analog_candidate"":null}",2026-04-23T23:01:03.007Z
macro-agent,Macro Agent,update_existing,"[""high_thesis_load"",""matched_thesis_update"",""fresh_catalyst_signal"",""weak_catalyst_materiality_gate""]",80,growth_softness_vs_multiple_risk,"{""headline_id"":""f95e9065"",""agent_id"":""macro-agent"",""headline_title"":""Trump warns UK: drop digital services tax or face fresh tariffs"",""headline_type"":""other"",""direct_relevance_score"":0,""indirect_relevance_score"":8,""market_signal_strength"":""low"",""is_new_information"":true,""is_cross_asset_relevant"":true,""primary_mechanism"":""Policy rate signal → front-end Treasury repricing → FX carry shifts → equity discount rate"",""affected_assets"":[],""what_changed"":""Trump warns UK: drop digital services tax or face fresh tariffs"",""linked_existing_thesis_id"":null,""recommended_action"":""stay_silent"",""comment_purpose"":null,""historical_analog_candidate"":""2018–2019 US-China tariff escalation → EM currency stress → commodity demand destruction""}",2026-04-23T23:00:44.933Z
equities-agent,Equities Agent,new_post,"[""novelty_above_threshold"",""fresh_catalyst_signal"",""matched_thesis_update""]",59,banks_small_caps,"{""headline_id"":""240c83e2"",""agent_id"":""equities-agent"",""headline_title"":""SS&C Technologies Holdings, Inc. 2026 Q1 - Results - Earnings Call Presentation (NASDAQ:SSNC) 2026-04-23"",""headline_type"":""company_news"",""direct_relevance_score"":3,""indirect_relevance_score"":2,""market_signal_strength"":""high"",""is_new_information"":true,""is_cross_asset_relevant"":false,""primary_mechanism"":"""",""affected_assets"":[""sp500"",""nasdaq""],""what_changed"":""SS&C Technologies Holdings, Inc. 2026 Q1 - Results - Earnings Call Presentation (NASDAQ:SSNC) 2026-04-23"",""linked_existing_thesis_id"":""e4779aec-58b4-4d7c-b860-3a826124d396"",""recommended_action"":""update_existing"",""comment_purpose"":null,""historical_analog_candidate"":null}",2026-04-23T22:01:04.876Z
fx-agent,FX Agent,stay_silent,"[""novelty_above_threshold"",""fresh_catalyst_signal"",""matched_thesis_update"",""repeated_catalyst_no_delta""]",84,carry_em_fx,"{""headline_id"":""f7b496d5"",""agent_id"":""fx-agent"",""headline_title"":""Economic and event calendar in Asia Friday, April 24, 2026. Japan inflation data"",""headline_type"":""macro_release"",""direct_relevance_score"":5,""indirect_relevance_score"":10,""market_signal_strength"":""high"",""is_new_information"":true,""is_cross_asset_relevant"":true,""primary_mechanism"":""Policy rate signal → front-end Treasury repricing → FX carry shifts → equity discount rate"",""affected_assets"":[],""what_changed"":""Economic and event calendar in Asia Friday, April 24, 2026. Japan inflation data"",""linked_existing_thesis_id"":null,""recommended_action"":""new_post"",""comment_purpose"":null,""historical_analog_candidate"":null}",2026-04-23T22:01:04.189Z
rates-agent,Rates Agent,stay_silent,"[""novelty_above_threshold"",""fresh_catalyst_signal"",""matched_thesis_update"",""rates_template_repetition"",""no_fresh_signal""]",82,duration_pressure,"{""headline_id"":""7881e3f2"",""agent_id"":""rates-agent"",""headline_title"":""SUMMIT HOTEL PROPERTIES DECLARES FIRST QUARTER 2026 DIVIDENDS"",""headline_type"":""other"",""direct_relevance_score"":3,""indirect_relevance_score"":6,""market_signal_strength"":""high"",""is_new_information"":true,""is_cross_asset_relevant"":true,""primary_mechanism"":"""",""affected_assets"":[],""what_changed"":""SUMMIT HOTEL PROPERTIES DECLARES FIRST QUARTER 2026 DIVIDENDS"",""linked_existing_thesis_id"":null,""recommended_action"":""comment_on_other"",""comment_purpose"":""add_cross_asset_spillover"",""historical_analog_candidate"":null}",2026-04-23T22:01:03.542Z
macro-agent,Macro Agent,update_existing,"[""stale_headline_thesis_update"",""fresh_catalyst_signal"",""matched_thesis_update""]",80,consumer_demand,"{""headline_id"":""f7b496d5"",""agent_id"":""macro-agent"",""headline_title"":""Economic and event calendar in Asia Friday, April 24, 2026. Japan inflation data"",""headline_type"":""macro_release"",""direct_relevance_score"":9,""indirect_relevance_score"":10,""market_signal_strength"":""high"",""is_new_information"":false,""is_cross_asset_relevant"":true,""primary_mechanism"":""Policy rate signal → front-end Treasury repricing → FX carry shifts → equity discount rate"",""affected_assets"":[],""what_changed"":""Economic and event calendar in Asia Friday, April 24, 2026. Japan inflation data"",""linked_existing_thesis_id"":null,""recommended_action"":""comment_on_other"",""comment_purpose"":""confirm_existing_thesis"",""historical_analog_candidate"":null}",2026-04-23T22:00:46.566Z
risk-sentiment-agent,Risk/Sentiment Agent,new_post,"[""novelty_above_threshold"",""fresh_catalyst_signal"",""matched_thesis_update""]",79,oil_geopolitics_and_inflation_pass_through,"{""headline_id"":""755caf6d"",""agent_id"":""risk-sentiment-agent"",""headline_title"":""Thermo Fisher Flags 'Modest Inflation' Risk Amid Middle East Tensions"",""headline_type"":""macro_release"",""direct_relevance_score"":3,""indirect_relevance_score"":10,""market_signal_strength"":""low"",""is_new_information"":true,""is_cross_asset_relevant"":true,""primary_mechanism"":""Data release → market expectations update → rate path repricing"",""affected_assets"":[],""what_changed"":""Thermo Fisher Flags 'Modest Inflation' Risk Amid Middle East Tensions"",""linked_existing_thesis_id"":null,""recommended_action"":""comment_on_other"",""comment_purpose"":""add_cross_asset_spillover"",""historical_analog_candidate"":null}",2026-04-23T21:01:12.805Z
commodities-agent,Commodities Agent,comment_only,"[""novelty_above_threshold"",""fresh_catalyst_signal"",""run_catalyst_claimed""]",87,oil_geopolitics_and_inflation_pass_through,"{""headline_id"":""a42eb698"",""agent_id"":""commodities-agent"",""headline_title"":""Freeport-McMoRan Slashes Outlook On Grasberg Delay, Stock Sinks"",""headline_type"":""other"",""direct_relevance_score"":5,""indirect_relevance_score"":4,""market_signal_strength"":""low"",""is_new_information"":true,""is_cross_asset_relevant"":true,""primary_mechanism"":""Gold move → real rate signal (inverse of TIPS yield) → dollar direction → safe-haven demand"",""affected_assets"":[""sp500"",""nasdaq""],""what_changed"":""Freeport-McMoRan Slashes Outlook On Grasberg Delay, Stock Sinks"",""linked_existing_thesis_id"":null,""recommended_action"":""comment_on_other"",""comment_purpose"":""add_cross_asset_spillover"",""historical_analog_candidate"":null}",2026-04-23T21:01:12.080Z
equities-agent,Equities Agent,comment_only,"[""novelty_above_threshold"",""fresh_catalyst_signal"",""matched_thesis_update"",""run_catalyst_claimed""]",82,growth_softness_vs_multiple_risk,"{""headline_id"":""1987b3ae"",""agent_id"":""equities-agent"",""headline_title"":""10 S&P 500 Stocks Showing Strong Upside Despite Market at Record Highs"",""headline_type"":""other"",""direct_relevance_score"":7,""indirect_relevance_score"":4,""market_signal_strength"":""high"",""is_new_information"":true,""is_cross_asset_relevant"":true,""primary_mechanism"":"""",""affected_assets"":[""sp500"",""nasdaq""],""what_changed"":""10 S&P 500 Stocks Showing Strong Upside Despite Market at Record Highs"",""linked_existing_thesis_id"":""e4779aec-58b4-4d7c-b860-3a826124d396"",""recommended_action"":""update_existing"",""comment_purpose"":null,""historical_analog_candidate"":null}",2026-04-23T21:01:11.127Z
fx-agent,FX Agent,new_post,"[""novelty_above_threshold"",""fresh_catalyst_signal""]",87,oil_geopolitics_and_inflation_pass_through,"{""headline_id"":""1113086c"",""agent_id"":""fx-agent"",""headline_title"":""Treasury Quarterly Refunding"",""headline_type"":""other"",""direct_relevance_score"":3,""indirect_relevance_score"":4,""market_signal_strength"":""medium"",""is_new_information"":true,""is_cross_asset_relevant"":true,""primary_mechanism"":"""",""affected_assets"":[""us10y""],""what_changed"":""Treasury Quarterly Refunding"",""linked_existing_thesis_id"":""0a4c8a99-6391-4a62-bd0e-5fb4c4309bc1"",""recommended_action"":""update_existing"",""comment_purpose"":null,""historical_analog_candidate"":null}",2026-04-23T21:00:58.980Z
rates-agent,Rates Agent,stay_silent,"[""novelty_above_threshold"",""fresh_catalyst_signal"",""matched_thesis_update"",""rates_template_repetition"",""no_fresh_signal""]",82,rates_repricing_and_duration_pressure,"{""headline_id"":""96f2dc96"",""agent_id"":""rates-agent"",""headline_title"":""RB Global Announces Early Termination of Hart-Scott-Rodino Waiting Period for BigIron Acquisition"",""headline_type"":""company_news"",""direct_relevance_score"":5,""indirect_relevance_score"":8,""market_signal_strength"":""low"",""is_new_information"":true,""is_cross_asset_relevant"":true,""primary_mechanism"":"""",""affected_assets"":[],""what_changed"":""RB Global Announces Early Termination of Hart-Scott-Rodino Waiting Period for BigIron Acquisition"",""linked_existing_thesis_id"":null,""recommended_action"":""new_post"",""comment_purpose"":null,""historical_analog_candidate"":null}",2026-04-23T21:00:58.306Z
macro-agent,Macro Agent,update_existing,"[""high_thesis_load"",""matched_thesis_update"",""fresh_catalyst_signal""]",78,oil_geopolitics_and_inflation_pass_through,"{""headline_id"":""9326a786"",""agent_id"":""macro-agent"",""headline_title"":""Global Perfusion Systems Market to Register Incremental Growth at a CAGR of ~5% by 2034 | DelveInsight"",""headline_type"":""other"",""direct_relevance_score"":3,""indirect_relevance_score"":6,""market_signal_strength"":""high"",""is_new_information"":true,""is_cross_asset_relevant"":true,""primary_mechanism"":"""",""affected_assets"":[],""what_changed"":""Global Perfusion Systems Market to Register Incremental Growth at a CAGR of ~5% by 2034 | DelveInsight"",""linked_existing_thesis_id"":null,""recommended_action"":""comment_on_other"",""comment_purpose"":""add_cross_asset_spillover"",""historical_analog_candidate"":null}",2026-04-23T21:00:45.140Z
risk-sentiment-agent,Risk/Sentiment Agent,new_post,"[""novelty_above_threshold"",""fresh_catalyst_signal"",""matched_thesis_update""]",84,crowding_positioning,"{""headline_id"":""ee981fbf"",""agent_id"":""risk-sentiment-agent"",""headline_title"":""Warner Bros. Discovery ticks lower as Calif. AG discusses Paramount deal"",""headline_type"":""other"",""direct_relevance_score"":3,""indirect_relevance_score"":2,""market_signal_strength"":""low"",""is_new_information"":true,""is_cross_asset_relevant"":false,""primary_mechanism"":"""",""affected_assets"":[],""what_changed"":""Warner Bros. Discovery ticks lower as Calif. AG discusses Paramount deal"",""linked_existing_thesis_id"":null,""recommended_action"":""stay_silent"",""comment_purpose"":null,""historical_analog_candidate"":null}",2026-04-23T20:01:18.052Z
commodities-agent,Commodities Agent,stay_silent,"[""headline_routed_to_comment"",""fresh_catalyst_signal"",""matched_thesis_update"",""deprioritized_topic"",""weak_catalyst_materiality_gate""]",42,oil_structure,"{""headline_id"":""7ed55228"",""agent_id"":""commodities-agent"",""headline_title"":""Iran supreme leader says enemies have campaign to target national unity"",""headline_type"":""geopolitical"",""direct_relevance_score"":5,""indirect_relevance_score"":6,""market_signal_strength"":""low"",""is_new_information"":true,""is_cross_asset_relevant"":true,""primary_mechanism"":""Geopolitical shock → risk premium expansion → commodity/currency safe-haven flows"",""affected_assets"":[],""what_changed"":""Iran supreme leader says enemies have campaign to target national unity"",""linked_existing_thesis_id"":null,""recommended_action"":""comment_on_other"",""comment_purpose"":""add_cross_asset_spillover"",""historical_analog_candidate"":null}",2026-04-23T20:01:17.211Z
equities-agent,Equities Agent,new_post,"[""novelty_above_threshold"",""fresh_catalyst_signal"",""matched_thesis_update""]",86,consumer_equities,"{""headline_id"":""7ebde15c"",""agent_id"":""equities-agent"",""headline_title"":""S&P 500 Pullback Reflects Valuation Pressure After Record Highs"",""headline_type"":""other"",""direct_relevance_score"":9,""indirect_relevance_score"":6,""market_signal_strength"":""high"",""is_new_information"":true,""is_cross_asset_relevant"":true,""primary_mechanism"":"""",""affected_assets"":[""sp500"",""nasdaq""],""what_changed"":""S&P 500 Pullback Reflects Valuation Pressure After Record Highs"",""linked_existing_thesis_id"":""e4779aec-58b4-4d7c-b860-3a826124d396"",""recommended_action"":""update_existing"",""comment_purpose"":null,""historical_analog_candidate"":null}",2026-04-23T20:01:04.698Z
fx-agent,FX Agent,comment_only,"[""novelty_above_threshold"",""fresh_catalyst_signal"",""matched_thesis_update"",""run_catalyst_claimed""]",84,carry_em_fx,"{""headline_id"":""1113086c"",""agent_id"":""fx-agent"",""headline_title"":""Treasury Quarterly Refunding"",""headline_type"":""other"",""direct_relevance_score"":3,""indirect_relevance_score"":4,""market_signal_strength"":""medium"",""is_new_information"":true,""is_cross_asset_relevant"":true,""primary_mechanism"":"""",""affected_assets"":[""us10y""],""what_changed"":""Treasury Quarterly Refunding"",""linked_existing_thesis_id"":""0a4c8a99-6391-4a62-bd0e-5fb4c4309bc1"",""recommended_action"":""update_existing"",""comment_purpose"":null,""historical_analog_candidate"":null}",2026-04-23T20:01:03.623Z
rates-agent,Rates Agent,update_existing,"[""stale_headline_thesis_update"",""fresh_catalyst_signal"",""matched_thesis_update"",""stance_lock_challenge""]",80,duration_pressure,"{""headline_id"":""1113086c"",""agent_id"":""rates-agent"",""headline_title"":""Treasury Quarterly Refunding"",""headline_type"":""other"",""direct_relevance_score"":3,""indirect_relevance_score"":4,""market_signal_strength"":""medium"",""is_new_information"":false,""is_cross_asset_relevant"":true,""primary_mechanism"":"""",""affected_assets"":[""us10y""],""what_changed"":""Treasury Quarterly Refunding"",""linked_existing_thesis_id"":""6edcf66f-76a1-49f0-a418-11897287d4b2"",""recommended_action"":""update_existing"",""comment_purpose"":null,""historical_analog_candidate"":null}",2026-04-23T20:00:53.504Z
macro-agent,Macro Agent,comment_only,"[""high_thesis_load"",""matched_thesis_update"",""fresh_catalyst_signal"",""headline_routed_to_comment""]",83,oil_structure,"{""headline_id"":""b12956e7"",""agent_id"":""macro-agent"",""headline_title"":""Nokia: Sleeping Giant Boosted By AI (NYSE:NOK)"",""headline_type"":""other"",""direct_relevance_score"":3,""indirect_relevance_score"":6,""market_signal_strength"":""low"",""is_new_information"":true,""is_cross_asset_relevant"":true,""primary_mechanism"":"""",""affected_assets"":[],""what_changed"":""Nokia: Sleeping Giant Boosted By AI"",""linked_existing_thesis_id"":null,""recommended_action"":""comment_on_other"",""comment_purpose"":""add_cross_asset_spillover"",""historical_analog_candidate"":null}",2026-04-23T20:00:52.588Z
equities-agent,Equities Agent,new_post,"[""novelty_above_threshold"",""fresh_catalyst_signal"",""matched_thesis_update""]",85,growth_softness_vs_multiple_risk,"{""headline_id"":""bcfa6865"",""agent_id"":""equities-agent"",""headline_title"":""Volatility Spikes as Tech Drags Nasdaq Lower; Energy Surges Amid Rising Oil Prices"",""headline_type"":""other"",""direct_relevance_score"":3,""indirect_relevance_score"":6,""market_signal_strength"":""high"",""is_new_information"":true,""is_cross_asset_relevant"":true,""primary_mechanism"":""Vol spike → risk-parity deleveraging → cross-asset correlation breakdown → liquidity hoarding"",""affected_assets"":[""wti"",""brent"",""sp500"",""nasdaq""],""what_changed"":""Volatility Spikes as Tech Drags Nasdaq Lower; Energy Surges Amid Rising Oil Prices"",""linked_existing_thesis_id"":""58891dc8-af86-483e-8dc3-5268d8c5ce82"",""recommended_action"":""update_existing"",""comment_purpose"":null,""historical_analog_candidate"":null}",2026-04-23T19:01:16.823Z
fx-agent,FX Agent,stay_silent,"[""novelty_above_threshold"",""fresh_catalyst_signal"",""matched_thesis_update"",""weak_catalyst_materiality_gate""]",83,oil_geopolitics_and_inflation_pass_through,"{""headline_id"":""1113086c"",""agent_id"":""fx-agent"",""headline_title"":""Treasury Quarterly Refunding"",""headline_type"":""other"",""direct_relevance_score"":3,""indirect_relevance_score"":4,""market_signal_strength"":""medium"",""is_new_information"":true,""is_cross_asset_relevant"":true,""primary_mechanism"":"""",""affected_assets"":[""us10y""],""what_changed"":""Treasury Quarterly Refunding"",""linked_existing_thesis_id"":""0a4c8a99-6391-4a62-bd0e-5fb4c4309bc1"",""recommended_action"":""update_existing"",""comment_purpose"":null,""historical_analog_candidate"":null}",2026-04-23T19:01:15.824Z
rates-agent,Rates Agent,update_existing,"[""stale_headline_thesis_update"",""fresh_catalyst_signal"",""matched_thesis_update"",""stance_lock_challenge""]",84,rates_repricing_and_duration_pressure,"{""headline_id"":""1113086c"",""agent_id"":""rates-agent"",""headline_title"":""Treasury Quarterly Refunding"",""headline_type"":""other"",""direct_relevance_score"":3,""indirect_relevance_score"":4,""market_signal_strength"":""medium"",""is_new_information"":false,""is_cross_asset_relevant"":true,""primary_mechanism"":"""",""affected_assets"":[""us10y""],""what_changed"":""Treasury Quarterly Refunding"",""linked_existing_thesis_id"":""6edcf66f-76a1-49f0-a418-11897287d4b2"",""recommended_action"":""update_existing"",""comment_purpose"":null,""historical_analog_candidate"":null}",2026-04-23T19:01:02.487Z
macro-agent,Macro Agent,update_existing,"[""high_thesis_load"",""matched_thesis_update"",""fresh_catalyst_signal"",""headline_routed_to_comment""]",80,growth_softness_vs_multiple_risk,"{""headline_id"":""e0d71750"",""agent_id"":""macro-agent"",""headline_title"":""This 8.5% Dividend Trades for 11% Off on the Back of the Private Credit Panic"",""headline_type"":""company_news"",""direct_relevance_score"":5,""indirect_relevance_score"":8,""market_signal_strength"":""high"",""is_new_information"":true,""is_cross_asset_relevant"":true,""primary_mechanism"":"""",""affected_assets"":[],""what_changed"":""This 8.5% Dividend Trades for 11% Off on the Back of the Private Credit Panic"",""linked_existing_thesis_id"":null,""recommended_action"":""comment_on_other"",""comment_purpose"":""add_cross_asset_spillover"",""historical_analog_candidate"":null}",2026-04-23T19:00:48.851Z
risk-sentiment-agent,Risk/Sentiment Agent,comment_only,"[""novelty_above_threshold"",""fresh_catalyst_signal"",""matched_thesis_update"",""run_catalyst_claimed"",""headline_routed_to_comment""]",84,crowding_positioning,"{""headline_id"":""96176008"",""agent_id"":""risk-sentiment-agent"",""headline_title"":""ServiceNow Got Hammered by Wall Street After Earnings. Is the Selloff a Gift for Patient Buyers?"",""headline_type"":""company_news"",""direct_relevance_score"":3,""indirect_relevance_score"":8,""market_signal_strength"":""low"",""is_new_information"":true,""is_cross_asset_relevant"":true,""primary_mechanism"":"""",""affected_assets"":[],""what_changed"":""ServiceNow Got Hammered by Wall Street After Earnings. Is the Selloff a Gift for Patient Buyers?"",""linked_existing_thesis_id"":null,""recommended_action"":""comment_on_other"",""comment_purpose"":""add_cross_asset_spillover"",""historical_analog_candidate"":null}",2026-04-23T18:01:40.565Z
commodities-agent,Commodities Agent,new_post,"[""novelty_above_threshold"",""fresh_catalyst_signal""]",88,metals_growth,"{""headline_id"":""f63afa8d"",""agent_id"":""commodities-agent"",""headline_title"":""How to Analyze Individual Equity Curves"",""headline_type"":""other"",""direct_relevance_score"":3,""indirect_relevance_score"":8,""market_signal_strength"":""low"",""is_new_information"":true,""is_cross_asset_relevant"":true,""primary_mechanism"":"""",""affected_assets"":[""sp500"",""nasdaq""],""what_changed"":""How to Analyze Individual Equity Curves"",""linked_existing_thesis_id"":null,""recommended_action"":""comment_on_other"",""comment_purpose"":""add_cross_asset_spillover"",""historical_analog_candidate"":null}",2026-04-23T18:01:20.220Z
equities-agent,Equities Agent,new_post,"[""novelty_above_threshold"",""fresh_catalyst_signal"",""matched_thesis_update""]",85,sector_defensives,"{""headline_id"":""304c4923"",""agent_id"":""equities-agent"",""headline_title"":""CNX Resources: Due For A Re-Rating With Earnings Set To Beat (NYSE:CNX)"",""headline_type"":""company_news"",""direct_relevance_score"":10,""indirect_relevance_score"":2,""market_signal_strength"":""high"",""is_new_information"":true,""is_cross_asset_relevant"":false,""primary_mechanism"":"""",""affected_assets"":[],""what_changed"":""CNX Resources: Due For A Re-Rating With Earnings Set To Beat"",""linked_existing_thesis_id"":null,""recommended_action"":""new_post"",""comment_purpose"":null,""historical_analog_candidate"":null}",2026-04-23T18:01:05.430Z
fx-agent,FX Agent,new_post,"[""novelty_above_threshold"",""fresh_catalyst_signal"",""matched_thesis_update""]",70,policy_divergence,"{""headline_id"":""9326a786"",""agent_id"":""fx-agent"",""headline_title"":""Global Perfusion Systems Market to Register Incremental Growth at a CAGR of ~5% by 2034 | DelveInsight"",""headline_type"":""other"",""direct_relevance_score"":3,""indirect_relevance_score"":6,""market_signal_strength"":""high"",""is_new_information"":true,""is_cross_asset_relevant"":true,""primary_mechanism"":"""",""affected_assets"":[],""what_changed"":""Global Perfusion Systems Market to Register Incremental Growth at a CAGR of ~5% by 2034 | DelveInsight"",""linked_existing_thesis_id"":null,""recommended_action"":""comment_on_other"",""comment_purpose"":""add_cross_asset_spillover"",""historical_analog_candidate"":null}",2026-04-23T18:00:54.706Z
rates-agent,Rates Agent,stay_silent,"[""matched_thesis_update"",""fresh_catalyst_signal"",""deprioritized_topic"",""rates_template_repetition"",""no_fresh_signal""]",81,curve_shape,"{""headline_id"":""f63afa8d"",""agent_id"":""rates-agent"",""headline_title"":""How to Analyze Individual Equity Curves"",""headline_type"":""other"",""direct_relevance_score"":3,""indirect_relevance_score"":8,""market_signal_strength"":""low"",""is_new_information"":true,""is_cross_asset_relevant"":true,""primary_mechanism"":"""",""affected_assets"":[""sp500"",""nasdaq""],""what_changed"":""How to Analyze Individual Equity Curves"",""linked_existing_thesis_id"":null,""recommended_action"":""comment_on_other"",""comment_purpose"":""add_cross_asset_spillover"",""historical_analog_candidate"":null}",2026-04-23T18:00:53.985Z
macro-agent,Macro Agent,comment_only,"[""high_thesis_load"",""matched_thesis_update"",""fresh_catalyst_signal"",""headline_routed_to_comment""]",81,market_fragility,"{""headline_id"":""bfd291c8"",""agent_id"":""macro-agent"",""headline_title"":""Kinder Morgan: The Case To $40 Is Here (Upgrade) (NYSE:KMI)"",""headline_type"":""company_news"",""direct_relevance_score"":3,""indirect_relevance_score"":4,""market_signal_strength"":""high"",""is_new_information"":true,""is_cross_asset_relevant"":true,""primary_mechanism"":"""",""affected_assets"":[],""what_changed"":""Kinder Morgan: The Case To $40 Is Here (Upgrade)"",""linked_existing_thesis_id"":null,""recommended_action"":""comment_on_other"",""comment_purpose"":""add_cross_asset_spillover"",""historical_analog_candidate"":null}",2026-04-23T18:00:53.257Z
risk-sentiment-agent,Risk/Sentiment Agent,comment_only,"[""novelty_above_threshold"",""fresh_catalyst_signal"",""matched_thesis_update"",""run_catalyst_claimed""]",79,growth_softness_vs_multiple_risk,"{""headline_id"":""f06bf7c6"",""agent_id"":""risk-sentiment-agent"",""headline_title"":""US April S&P Global services index 51.3 vs 50.3 expected"",""headline_type"":""other"",""direct_relevance_score"":3,""indirect_relevance_score"":10,""market_signal_strength"":""high"",""is_new_information"":true,""is_cross_asset_relevant"":true,""primary_mechanism"":""Labor market print → Fed dual-mandate assessment → rate path forward guidance → curve shape"",""affected_assets"":[""sp500"",""nasdaq""],""what_changed"":""US April S&P Global services index 51.3 vs 50.3 expected"",""linked_existing_thesis_id"":null,""recommended_action"":""new_post"",""comment_purpose"":null,""historical_analog_candidate"":null}",2026-04-23T17:01:32.940Z
commodities-agent,Commodities Agent,comment_only,"[""novelty_above_threshold"",""fresh_catalyst_signal"",""matched_thesis_update"",""run_catalyst_claimed""]",77,oil_geopolitics_and_inflation_pass_through,"{""headline_id"":""fcd9e524"",""agent_id"":""commodities-agent"",""headline_title"":""S&P Global cuts 2026 oil demand forecast by 700,000 bpd due to Iran war - Reuters"",""headline_type"":""commodity_specific"",""direct_relevance_score"":3,""indirect_relevance_score"":6,""market_signal_strength"":""high"",""is_new_information"":true,""is_cross_asset_relevant"":true,""primary_mechanism"":""Commodity supply/demand shift → price transmission → sector margins"",""affected_assets"":[""wti"",""brent"",""sp500"",""nasdaq""],""what_changed"":""S&P Global cuts 2026 oil demand forecast by 700,000 bpd due to Iran war - Reuters"",""linked_existing_thesis_id"":null,""recommended_action"":""new_post"",""comment_purpose"":null,""historical_analog_candidate"":null}",2026-04-23T17:01:32.261Z
equities-agent,Equities Agent,new_post,"[""novelty_above_threshold"",""fresh_catalyst_signal""]",87,growth_softness_vs_multiple_risk,"{""headline_id"":""f6f65c6f"",""agent_id"":""equities-agent"",""headline_title"":""The Hidden Engine Behind Marvell(NASDAQ:MRVL)"",""headline_type"":""other"",""direct_relevance_score"":5,""indirect_relevance_score"":4,""market_signal_strength"":""low"",""is_new_information"":true,""is_cross_asset_relevant"":true,""primary_mechanism"":"""",""affected_assets"":[""sp500"",""nasdaq""],""what_changed"":""The Hidden Engine Behind Marvell"",""linked_existing_thesis_id"":""e4779aec-58b4-4d7c-b860-3a826124d396"",""recommended_action"":""update_existing"",""comment_purpose"":null,""historical_analog_candidate"":null}",2026-04-23T17:01:14.283Z
fx-agent,FX Agent,new_post,"[""novelty_above_threshold"",""fresh_catalyst_signal"",""matched_thesis_update""]",77,oil_geopolitics_and_inflation_pass_through,"{""headline_id"":""f06bf7c6"",""agent_id"":""fx-agent"",""headline_title"":""US April S&P Global services index 51.3 vs 50.3 expected"",""headline_type"":""other"",""direct_relevance_score"":3,""indirect_relevance_score"":10,""market_signal_strength"":""high"",""is_new_information"":true,""is_cross_asset_relevant"":true,""primary_mechanism"":""Labor market print → Fed dual-mandate assessment → rate path forward guidance → curve shape"",""affected_assets"":[""sp500"",""nasdaq""],""what_changed"":""US April S&P Global services index 51.3 vs 50.3 expected"",""linked_existing_thesis_id"":""cb81fe2a-924c-4eaa-a979-b87fd26e3dcd"",""recommended_action"":""update_existing"",""comment_purpose"":null,""historical_analog_candidate"":null}",2026-04-23T17:01:00.192Z
rates-agent,Rates Agent,stay_silent,"[""novelty_above_threshold"",""fresh_catalyst_signal"",""matched_thesis_update"",""rates_template_repetition"",""no_fresh_signal""]",79,growth_softness_vs_multiple_risk,"{""headline_id"":""f06bf7c6"",""agent_id"":""rates-agent"",""headline_title"":""US April S&P Global services index 51.3 vs 50.3 expected"",""headline_type"":""other"",""direct_relevance_score"":3,""indirect_relevance_score"":10,""market_signal_strength"":""high"",""is_new_information"":true,""is_cross_asset_relevant"":true,""primary_mechanism"":""Labor market print → Fed dual-mandate assessment → rate path forward guidance → curve shape"",""affected_assets"":[""sp500"",""nasdaq""],""what_changed"":""US April S&P Global services index 51.3 vs 50.3 expected"",""linked_existing_thesis_id"":null,""recommended_action"":""new_post"",""comment_purpose"":null,""historical_analog_candidate"":null}",2026-04-23T17:00:59.520Z
macro-agent,Macro Agent,new_post,"[""novelty_above_threshold"",""fresh_catalyst_signal"",""headline_routed_to_comment""]",85,growth_softness_vs_multiple_risk,"{""headline_id"":""f06bf7c6"",""agent_id"":""macro-agent"",""headline_title"":""US April S&P Global services index 51.3 vs 50.3 expected"",""headline_type"":""other"",""direct_relevance_score"":9,""indirect_relevance_score"":10,""market_signal_strength"":""high"",""is_new_information"":true,""is_cross_asset_relevant"":true,""primary_mechanism"":""Labor market print → Fed dual-mandate assessment → rate path forward guidance → curve shape"",""affected_assets"":[""sp500"",""nasdaq""],""what_changed"":""US April S&P Global services index 51.3 vs 50.3 expected"",""linked_existing_thesis_id"":null,""recommended_action"":""new_post"",""comment_purpose"":null,""historical_analog_candidate"":null}",2026-04-23T17:00:45.357Z
risk-sentiment-agent,Risk/Sentiment Agent,comment_only,"[""novelty_above_threshold"",""fresh_catalyst_signal"",""matched_thesis_update"",""run_catalyst_claimed""]",84,crowding_positioning,"{""headline_id"":""6d7e5c9a"",""agent_id"":""risk-sentiment-agent"",""headline_title"":""IXN: All You Need To Know About This Global Tech ETF (NYSEARCA:IXN)"",""headline_type"":""other"",""direct_relevance_score"":3,""indirect_relevance_score"":6,""market_signal_strength"":""low"",""is_new_information"":true,""is_cross_asset_relevant"":true,""primary_mechanism"":"""",""affected_assets"":[],""what_changed"":""All You Need To Know About This Global Tech ETF"",""linked_existing_thesis_id"":null,""recommended_action"":""comment_on_other"",""comment_purpose"":""add_cross_asset_spillover"",""historical_analog_candidate"":null}",2026-04-23T16:26:31.450Z
commodities-agent,Commodities Agent,new_post,"[""novelty_above_threshold"",""no_fresh_signal"",""matched_thesis_update""]",70,gas_power,,2026-04-23T16:26:15.163Z
equities-agent,Equities Agent,new_post,"[""novelty_above_threshold"",""fresh_catalyst_signal"",""matched_thesis_update""]",87,consumer_equities,"{""headline_id"":""6d7e5c9a"",""agent_id"":""equities-agent"",""headline_title"":""IXN: All You Need To Know About This Global Tech ETF (NYSEARCA:IXN)"",""headline_type"":""other"",""direct_relevance_score"":5,""indirect_relevance_score"":6,""market_signal_strength"":""low"",""is_new_information"":true,""is_cross_asset_relevant"":true,""primary_mechanism"":"""",""affected_assets"":[],""what_changed"":""All You Need To Know About This Global Tech ETF"",""linked_existing_thesis_id"":null,""recommended_action"":""comment_on_other"",""comment_purpose"":""add_cross_asset_spillover"",""historical_analog_candidate"":null}",2026-04-23T16:26:06.687Z
fx-agent,FX Agent,update_existing,"[""matched_thesis_update"",""no_fresh_signal"",""deprioritized_topic"",""domain_relevance_low""]",80,dollar_path,,2026-04-23T16:25:54.561Z
rates-agent,Rates Agent,stay_silent,"[""matched_thesis_update"",""fresh_catalyst_signal"",""deprioritized_topic"",""rates_template_repetition"",""no_fresh_signal""]",81,curve_shape,"{""headline_id"":""e3e43e3e"",""agent_id"":""rates-agent"",""headline_title"":""Financial Stability Oversight Council"",""headline_type"":""other"",""direct_relevance_score"":0,""indirect_relevance_score"":0,""market_signal_strength"":""low"",""is_new_information"":true,""is_cross_asset_relevant"":false,""primary_mechanism"":"""",""affected_assets"":[],""what_changed"":""Financial Stability Oversight Council"",""linked_existing_thesis_id"":null,""recommended_action"":""stay_silent"",""comment_purpose"":null,""historical_analog_candidate"":null}",2026-04-23T16:25:54.323Z
macro-agent,Macro Agent,update_existing,"[""high_thesis_load"",""matched_thesis_update"",""fresh_catalyst_signal""]",81,labor_growth,"{""headline_id"":""6d7e5c9a"",""agent_id"":""macro-agent"",""headline_title"":""IXN: All You Need To Know About This Global Tech ETF (NYSEARCA:IXN)"",""headline_type"":""other"",""direct_relevance_score"":3,""indirect_relevance_score"":6,""market_signal_strength"":""low"",""is_new_information"":true,""is_cross_asset_relevant"":true,""primary_mechanism"":"""",""affected_assets"":[],""what_changed"":""All You Need To Know About This Global Tech ETF"",""linked_existing_thesis_id"":null,""recommended_action"":""comment_on_other"",""comment_purpose"":""add_cross_asset_spillover"",""historical_analog_candidate"":null}",2026-04-23T16:25:43.494Z
risk-sentiment-agent,Risk/Sentiment Agent,stay_silent,"[""novelty_above_threshold"",""no_fresh_signal"",""matched_thesis_update"",""domain_relevance_low"",""weak_catalyst_materiality_gate""]",84,cross_asset_tape,,2026-04-23T16:19:35.986Z
commodities-agent,Commodities Agent,stay_silent,"[""novelty_above_threshold"",""no_fresh_signal"",""matched_thesis_update"",""domain_relevance_low"",""weak_catalyst_materiality_gate""]",87,cross_asset_tape,,2026-04-23T16:19:35.688Z
equities-agent,Equities Agent,stay_silent,"[""novelty_above_threshold"",""no_fresh_signal"",""matched_thesis_update"",""domain_relevance_low"",""weak_catalyst_materiality_gate""]",86,cross_asset_tape,,2026-04-23T16:19:35.387Z
fx-agent,FX Agent,stay_silent,"[""novelty_above_threshold"",""no_fresh_signal"",""matched_thesis_update"",""domain_relevance_low"",""weak_catalyst_materiality_gate""]",84,cross_asset_tape,,2026-04-23T16:19:35.103Z
rates-agent,Rates Agent,stay_silent,"[""novelty_above_threshold"",""fresh_catalyst_signal"",""matched_thesis_update"",""domain_relevance_low"",""rates_template_repetition"",""no_fresh_signal""]",84,cross_asset_tape,"{""headline_id"":""e3e43e3e"",""agent_id"":""rates-agent"",""headline_title"":""Financial Stability Oversight Council"",""headline_type"":""other"",""direct_relevance_score"":0,""indirect_relevance_score"":0,""market_signal_strength"":""low"",""is_new_information"":true,""is_cross_asset_relevant"":false,""primary_mechanism"":"""",""affected_assets"":[],""what_changed"":""Financial Stability Oversight Council"",""linked_existing_thesis_id"":null,""recommended_action"":""stay_silent"",""comment_purpose"":null,""historical_analog_candidate"":null}",2026-04-23T16:19:34.805Z
macro-agent,Macro Agent,update_existing,"[""high_thesis_load"",""matched_thesis_update"",""fresh_catalyst_signal"",""domain_relevance_low""]",82,cross_asset_tape,"{""headline_id"":""e3e43e3e"",""agent_id"":""macro-agent"",""headline_title"":""Financial Stability Oversight Council"",""headline_type"":""other"",""direct_relevance_score"":0,""indirect_relevance_score"":0,""market_signal_strength"":""low"",""is_new_information"":true,""is_cross_asset_relevant"":false,""primary_mechanism"":"""",""affected_assets"":[],""what_changed"":""Financial Stability Oversight Council"",""linked_existing_thesis_id"":null,""recommended_action"":""stay_silent"",""comment_purpose"":null,""historical_analog_candidate"":null}",2026-04-23T16:19:18.857Z
risk-sentiment-agent,Risk/Sentiment Agent,stay_silent,"[""novelty_above_threshold"",""fresh_catalyst_signal"",""matched_thesis_update"",""weak_catalyst_materiality_gate""]",80,growth_softness_vs_multiple_risk,,2026-04-23T16:17:11.812Z
commodities-agent,Commodities Agent,update_existing,"[""novelty_above_threshold"",""fresh_catalyst_signal"",""matched_thesis_update"",""domain_relevance_low"",""weak_catalyst_materiality_gate""]",83,growth_softness_vs_multiple_risk,,2026-04-23T16:16:58.150Z
equities-agent,Equities Agent,new_post,"[""novelty_above_threshold"",""fresh_catalyst_signal"",""matched_thesis_update""]",83,growth_softness_vs_multiple_risk,"{""headline_id"":""de2e774f"",""agent_id"":""equities-agent"",""headline_title"":""Applied Digital Stock Surges On $7.5B Hyperscaler Lease Deal"",""headline_type"":""other"",""direct_relevance_score"":5,""indirect_relevance_score"":2,""market_signal_strength"":""high"",""is_new_information"":true,""is_cross_asset_relevant"":false,""primary_mechanism"":"""",""affected_assets"":[""sp500"",""nasdaq""],""what_changed"":""Applied Digital Stock Surges On $7.5B Hyperscaler Lease Deal"",""linked_existing_thesis_id"":""e4779aec-58b4-4d7c-b860-3a826124d396"",""recommended_action"":""update_existing"",""comment_purpose"":null,""historical_analog_candidate"":null}",2026-04-23T16:16:26.945Z
fx-agent,FX Agent,update_existing,"[""novelty_above_threshold"",""fresh_catalyst_signal"",""matched_thesis_update"",""domain_relevance_low"",""weak_catalyst_materiality_gate""]",80,growth_softness_vs_multiple_risk,,2026-04-23T16:16:09.328Z
rates-agent,Rates Agent,update_existing,"[""novelty_above_threshold"",""fresh_catalyst_signal"",""matched_thesis_update"",""domain_relevance_low"",""weak_catalyst_materiality_gate""]",80,growth_softness_vs_multiple_risk,"{""headline_id"":""e3e43e3e"",""agent_id"":""rates-agent"",""headline_title"":""Financial Stability Oversight Council"",""headline_type"":""other"",""direct_relevance_score"":0,""indirect_relevance_score"":0,""market_signal_strength"":""low"",""is_new_information"":true,""is_cross_asset_relevant"":false,""primary_mechanism"":"""",""affected_assets"":[],""what_changed"":""Financial Stability Oversight Council"",""linked_existing_thesis_id"":null,""recommended_action"":""stay_silent"",""comment_purpose"":null,""historical_analog_candidate"":null}",2026-04-23T16:15:57.127Z
macro-agent,Macro Agent,update_existing,"[""high_thesis_load"",""matched_thesis_update"",""fresh_catalyst_signal"",""domain_relevance_low"",""weak_catalyst_materiality_gate""]",78,growth_softness_vs_multiple_risk,"{""headline_id"":""e3e43e3e"",""agent_id"":""macro-agent"",""headline_title"":""Financial Stability Oversight Council"",""headline_type"":""other"",""direct_relevance_score"":0,""indirect_relevance_score"":0,""market_signal_strength"":""low"",""is_new_information"":true,""is_cross_asset_relevant"":false,""primary_mechanism"":"""",""affected_assets"":[],""what_changed"":""Financial Stability Oversight Council"",""linked_existing_thesis_id"":null,""recommended_action"":""stay_silent"",""comment_purpose"":null,""historical_analog_candidate"":null}",2026-04-23T16:15:46.432Z
risk-sentiment-agent,Risk/Sentiment Agent,stay_silent,"[""novelty_above_threshold"",""no_fresh_signal"",""matched_thesis_update"",""domain_relevance_low"",""weak_catalyst_materiality_gate""]",84,cross_asset_tape,,2026-04-23T16:02:50.189Z
commodities-agent,Commodities Agent,stay_silent,"[""novelty_above_threshold"",""no_fresh_signal"",""matched_thesis_update"",""domain_relevance_low"",""weak_catalyst_materiality_gate""]",86,cross_asset_tape,,2026-04-23T16:02:49.890Z
equities-agent,Equities Agent,stay_silent,"[""novelty_above_threshold"",""no_fresh_signal"",""matched_thesis_update"",""domain_relevance_low"",""weak_catalyst_materiality_gate""]",87,cross_asset_tape,,2026-04-23T16:02:49.593Z
fx-agent,FX Agent,stay_silent,"[""novelty_above_threshold"",""no_fresh_signal"",""matched_thesis_update"",""domain_relevance_low"",""weak_catalyst_materiality_gate""]",84,cross_asset_tape,,2026-04-23T16:02:49.279Z
rates-agent,Rates Agent,comment_only,"[""novelty_above_threshold"",""fresh_catalyst_signal"",""matched_thesis_update"",""domain_relevance_low"",""run_catalyst_claimed""]",84,cross_asset_tape,"{""headline_id"":""91674bf1"",""agent_id"":""rates-agent"",""headline_title"":""Debt Management Research"",""headline_type"":""other"",""direct_relevance_score"":0,""indirect_relevance_score"":2,""market_signal_strength"":""low"",""is_new_information"":true,""is_cross_asset_relevant"":false,""primary_mechanism"":"""",""affected_assets"":[],""what_changed"":""Debt Management Research"",""linked_existing_thesis_id"":null,""recommended_action"":""stay_silent"",""comment_purpose"":null,""historical_analog_candidate"":null}",2026-04-23T16:02:48.984Z
macro-agent,Macro Agent,update_existing,"[""high_thesis_load"",""matched_thesis_update"",""fresh_catalyst_signal"",""domain_relevance_low""]",83,cross_asset_tape,"{""headline_id"":""91674bf1"",""agent_id"":""macro-agent"",""headline_title"":""Debt Management Research"",""headline_type"":""other"",""direct_relevance_score"":0,""indirect_relevance_score"":2,""market_signal_strength"":""low"",""is_new_information"":true,""is_cross_asset_relevant"":false,""primary_mechanism"":"""",""affected_assets"":[],""what_changed"":""Debt Management Research"",""linked_existing_thesis_id"":null,""recommended_action"":""stay_silent"",""comment_purpose"":null,""historical_analog_candidate"":null}",2026-04-23T16:02:33.759Z
risk-sentiment-agent,Risk/Sentiment Agent,stay_silent,"[""novelty_above_threshold"",""no_fresh_signal"",""matched_thesis_update"",""domain_relevance_low"",""weak_catalyst_materiality_gate""]",84,cross_asset_tape,,2026-04-23T16:02:25.719Z
commodities-agent,Commodities Agent,stay_silent,"[""novelty_above_threshold"",""no_fresh_signal"",""matched_thesis_update"",""domain_relevance_low"",""weak_catalyst_materiality_gate""]",86,cross_asset_tape,,2026-04-23T16:02:25.241Z
equities-agent,Equities Agent,stay_silent,"[""novelty_above_threshold"",""no_fresh_signal"",""matched_thesis_update"",""domain_relevance_low"",""weak_catalyst_materiality_gate""]",87,cross_asset_tape,,2026-04-23T16:02:24.971Z
fx-agent,FX Agent,stay_silent,"[""novelty_above_threshold"",""no_fresh_signal"",""matched_thesis_update"",""domain_relevance_low"",""weak_catalyst_materiality_gate""]",84,cross_asset_tape,,2026-04-23T16:02:24.482Z
rates-agent,Rates Agent,stay_silent,"[""novelty_above_threshold"",""fresh_catalyst_signal"",""matched_thesis_update"",""domain_relevance_low"",""rates_template_repetition"",""no_fresh_signal""]",84,cross_asset_tape,"{""headline_id"":""91674bf1"",""agent_id"":""rates-agent"",""headline_title"":""Debt Management Research"",""headline_type"":""other"",""direct_relevance_score"":0,""indirect_relevance_score"":2,""market_signal_strength"":""low"",""is_new_information"":true,""is_cross_asset_relevant"":false,""primary_mechanism"":"""",""affected_assets"":[],""what_changed"":""Debt Management Research"",""linked_existing_thesis_id"":null,""recommended_action"":""stay_silent"",""comment_purpose"":null,""historical_analog_candidate"":null}",2026-04-23T16:02:24.016Z
macro-agent,Macro Agent,update_existing,"[""high_thesis_load"",""matched_thesis_update"",""fresh_catalyst_signal"",""domain_relevance_low""]",83,cross_asset_tape,"{""headline_id"":""91674bf1"",""agent_id"":""macro-agent"",""headline_title"":""Debt Management Research"",""headline_type"":""other"",""direct_relevance_score"":0,""indirect_relevance_score"":2,""market_signal_strength"":""low"",""is_new_information"":true,""is_cross_asset_relevant"":false,""primary_mechanism"":"""",""affected_assets"":[],""what_changed"":""Debt Management Research"",""linked_existing_thesis_id"":null,""recommended_action"":""stay_silent"",""comment_purpose"":null,""historical_analog_candidate"":null}",2026-04-23T16:02:13.022Z
risk-sentiment-agent,Risk/Sentiment Agent,comment_only,"[""novelty_above_threshold"",""fresh_catalyst_signal"",""matched_thesis_update"",""headline_routed_to_comment""]",84,crowding_positioning,"{""headline_id"":""92460d06"",""agent_id"":""risk-sentiment-agent"",""headline_title"":""Live Oak (LOB) Q1 2026 Earnings Transcript"",""headline_type"":""company_news"",""direct_relevance_score"":3,""indirect_relevance_score"":6,""market_signal_strength"":""high"",""is_new_information"":true,""is_cross_asset_relevant"":true,""primary_mechanism"":"""",""affected_assets"":[],""what_changed"":""Live Oak (LOB) Q1 2026 Earnings Transcript"",""linked_existing_thesis_id"":null,""recommended_action"":""comment_on_other"",""comment_purpose"":""add_cross_asset_spillover"",""historical_analog_candidate"":null}",2026-04-23T16:01:52.885Z
risk-sentiment-agent,Risk/Sentiment Agent,new_post,"[""novelty_above_threshold"",""fresh_catalyst_signal"",""matched_thesis_update""]",82,growth_softness_vs_multiple_risk,"{""headline_id"":""e0d71750"",""agent_id"":""risk-sentiment-agent"",""headline_title"":""This 8.5% Dividend Trades for 11% Off on the Back of the Private Credit Panic"",""headline_type"":""company_news"",""direct_relevance_score"":7,""indirect_relevance_score"":8,""market_signal_strength"":""high"",""is_new_information"":true,""is_cross_asset_relevant"":true,""primary_mechanism"":"""",""affected_assets"":[],""what_changed"":""This 8.5% Dividend Trades for 11% Off on the Back of the Private Credit Panic"",""linked_existing_thesis_id"":null,""recommended_action"":""comment_on_other"",""comment_purpose"":""add_cross_asset_spillover"",""historical_analog_candidate"":null}",2026-04-23T16:01:47.745Z
commodities-agent,Commodities Agent,comment_only,"[""stale_headline_thesis_update"",""fresh_catalyst_signal"",""matched_thesis_update"",""headline_routed_to_comment""]",86,oil_geopolitics_and_inflation_pass_through,"{""headline_id"":""5d9048ba"",""agent_id"":""commodities-agent"",""headline_title"":""Gold Candle conclut l'acquisition de Fokus Mining"",""headline_type"":""commodity_specific"",""direct_relevance_score"":3,""indirect_relevance_score"":6,""market_signal_strength"":""low"",""is_new_information"":false,""is_cross_asset_relevant"":true,""primary_mechanism"":""Gold move → real rate signal (inverse of TIPS yield) → dollar direction → safe-haven demand"",""affected_assets"":[""gold""],""what_changed"":""Gold Candle conclut l'acquisition de Fokus Mining"",""linked_existing_thesis_id"":null,""recommended_action"":""stay_silent"",""comment_purpose"":null,""historical_analog_candidate"":null}",2026-04-23T16:01:47.402Z
equities-agent,Equities Agent,comment_only,"[""novelty_above_threshold"",""fresh_catalyst_signal"",""matched_thesis_update"",""run_catalyst_claimed""]",85,growth_softness_vs_multiple_risk,"{""headline_id"":""83946d40"",""agent_id"":""equities-agent"",""headline_title"":""Astera Labs Stock Surges 9% as AI Infrastructure Demand Grows"",""headline_type"":""other"",""direct_relevance_score"":5,""indirect_relevance_score"":8,""market_signal_strength"":""high"",""is_new_information"":true,""is_cross_asset_relevant"":true,""primary_mechanism"":"""",""affected_assets"":[""sp500"",""nasdaq""],""what_changed"":""Astera Labs Stock Surges 9% as AI Infrastructure Demand Grows"",""linked_existing_thesis_id"":""e4779aec-58b4-4d7c-b860-3a826124d396"",""recommended_action"":""update_existing"",""comment_purpose"":null,""historical_analog_candidate"":null}",2026-04-23T16:01:47.067Z
fx-agent,FX Agent,comment_only,"[""novelty_above_threshold"",""fresh_catalyst_signal"",""headline_routed_to_comment""]",91,oil_geopolitics_and_inflation_pass_through,"{""headline_id"":""5d9048ba"",""agent_id"":""fx-agent"",""headline_title"":""Gold Candle conclut l'acquisition de Fokus Mining"",""headline_type"":""commodity_specific"",""direct_relevance_score"":5,""indirect_relevance_score"":6,""market_signal_strength"":""low"",""is_new_information"":true,""is_cross_asset_relevant"":true,""primary_mechanism"":""Gold move → real rate signal (inverse of TIPS yield) → dollar direction → safe-haven demand"",""affected_assets"":[""gold""],""what_changed"":""Gold Candle conclut l'acquisition de Fokus Mining"",""linked_existing_thesis_id"":null,""recommended_action"":""comment_on_other"",""comment_purpose"":""add_cross_asset_spillover"",""historical_analog_candidate"":null}",2026-04-23T16:01:46.721Z
rates-agent,Rates Agent,stay_silent,"[""novelty_above_threshold"",""fresh_catalyst_signal"",""rates_template_repetition"",""no_fresh_signal""]",91,rates_repricing_and_duration_pressure,"{""headline_id"":""e0d71750"",""agent_id"":""rates-agent"",""headline_title"":""This 8.5% Dividend Trades for 11% Off on the Back of the Private Credit Panic"",""headline_type"":""company_news"",""direct_relevance_score"":3,""indirect_relevance_score"":8,""market_signal_strength"":""high"",""is_new_information"":true,""is_cross_asset_relevant"":true,""primary_mechanism"":"""",""affected_assets"":[],""what_changed"":""This 8.5% Dividend Trades for 11% Off on the Back of the Private Credit Panic"",""linked_existing_thesis_id"":null,""recommended_action"":""comment_on_other"",""comment_purpose"":""add_cross_asset_spillover"",""historical_analog_candidate"":null}",2026-04-23T16:01:46.375Z
commodities-agent,Commodities Agent,new_post,"[""novelty_above_threshold"",""fresh_catalyst_signal"",""matched_thesis_update""]",86,gas_power,"{""headline_id"":""0858d17d"",""agent_id"":""commodities-agent"",""headline_title"":""U.S. Stocks May Give Back Ground After Surging To Record Highs"",""headline_type"":""other"",""direct_relevance_score"":0,""indirect_relevance_score"":4,""market_signal_strength"":""low"",""is_new_information"":true,""is_cross_asset_relevant"":true,""primary_mechanism"":"""",""affected_assets"":[],""what_changed"":""U.S. Stocks May Give Back Ground After Surging To Record Highs"",""linked_existing_thesis_id"":null,""recommended_action"":""stay_silent"",""comment_purpose"":null,""historical_analog_candidate"":null}",2026-04-23T16:01:40.610Z
macro-agent,Macro Agent,update_existing,"[""high_thesis_load"",""matched_thesis_update"",""fresh_catalyst_signal"",""stance_lock_challenge""]",80,growth_softness_vs_multiple_risk,"{""headline_id"":""e0d71750"",""agent_id"":""macro-agent"",""headline_title"":""This 8.5% Dividend Trades for 11% Off on the Back of the Private Credit Panic"",""headline_type"":""company_news"",""direct_relevance_score"":5,""indirect_relevance_score"":8,""market_signal_strength"":""high"",""is_new_information"":true,""is_cross_asset_relevant"":true,""primary_mechanism"":"""",""affected_assets"":[],""what_changed"":""This 8.5% Dividend Trades for 11% Off on the Back of the Private Credit Panic"",""linked_existing_thesis_id"":null,""recommended_action"":""comment_on_other"",""comment_purpose"":""add_cross_asset_spillover"",""historical_analog_candidate"":null}",2026-04-23T16:01:33.629Z
equities-agent,Equities Agent,update_existing,"[""matched_thesis_update"",""fresh_catalyst_signal"",""deprioritized_topic"",""overcovered_topic_penalty""]",86,breadth_rotation,"{""headline_id"":""db83e15a"",""agent_id"":""equities-agent"",""headline_title"":""DigitalBridge Stockholders Approve Acquisition by SoftBank Group Corp."",""headline_type"":""company_news"",""direct_relevance_score"":5,""indirect_relevance_score"":4,""market_signal_strength"":""high"",""is_new_information"":true,""is_cross_asset_relevant"":true,""primary_mechanism"":"""",""affected_assets"":[],""what_changed"":""DigitalBridge Stockholders Approve Acquisition by SoftBank Group Corp."",""linked_existing_thesis_id"":null,""recommended_action"":""new_post"",""comment_purpose"":null,""historical_analog_candidate"":null}",2026-04-23T16:01:25.311Z
fx-agent,FX Agent,new_post,"[""novelty_above_threshold"",""no_fresh_signal"",""matched_thesis_update""]",84,policy_divergence,,2026-04-23T16:01:07.371Z
rates-agent,Rates Agent,comment_only,"[""matched_thesis_update"",""fresh_catalyst_signal"",""deprioritized_topic"",""headline_routed_to_comment""]",81,curve_shape,"{""headline_id"":""92460d06"",""agent_id"":""rates-agent"",""headline_title"":""Live Oak (LOB) Q1 2026 Earnings Transcript"",""headline_type"":""company_news"",""direct_relevance_score"":0,""indirect_relevance_score"":6,""market_signal_strength"":""high"",""is_new_information"":true,""is_cross_asset_relevant"":true,""primary_mechanism"":"""",""affected_assets"":[],""what_changed"":""Live Oak (LOB) Q1 2026 Earnings Transcript"",""linked_existing_thesis_id"":null,""recommended_action"":""stay_silent"",""comment_purpose"":null,""historical_analog_candidate"":null}",2026-04-23T16:01:06.623Z
macro-agent,Macro Agent,update_existing,"[""high_thesis_load"",""matched_thesis_update"",""fresh_catalyst_signal"",""stance_lock_challenge""]",82,consumer_demand,"{""headline_id"":""cc6438f6"",""agent_id"":""macro-agent"",""headline_title"":""Alinma Bank board declares 2.5% cash dividend for Q1 2026"",""headline_type"":""company_news"",""direct_relevance_score"":0,""indirect_relevance_score"":2,""market_signal_strength"":""high"",""is_new_information"":true,""is_cross_asset_relevant"":false,""primary_mechanism"":"""",""affected_assets"":[],""what_changed"":""Alinma Bank board declares 2.5% cash dividend for Q1 2026"",""linked_existing_thesis_id"":null,""recommended_action"":""stay_silent"",""comment_purpose"":null,""historical_analog_candidate"":null}",2026-04-23T16:00:51.256Z
risk-sentiment-agent,Risk/Sentiment Agent,new_post,"[""novelty_above_threshold"",""fresh_catalyst_signal"",""matched_thesis_update""]",80,growth_softness_vs_multiple_risk,"{""headline_id"":""f06bf7c6"",""agent_id"":""risk-sentiment-agent"",""headline_title"":""US April S&P Global services index 51.3 vs 50.3 expected"",""headline_type"":""other"",""direct_relevance_score"":3,""indirect_relevance_score"":10,""market_signal_strength"":""high"",""is_new_information"":true,""is_cross_asset_relevant"":true,""primary_mechanism"":""Labor market print → Fed dual-mandate assessment → rate path forward guidance → curve shape"",""affected_assets"":[""sp500"",""nasdaq""],""what_changed"":""US April S&P Global services index 51.3 vs 50.3 expected"",""linked_existing_thesis_id"":null,""recommended_action"":""new_post"",""comment_purpose"":null,""historical_analog_candidate"":null}",2026-04-23T15:01:43.648Z
commodities-agent,Commodities Agent,comment_only,"[""stale_headline_thesis_update"",""fresh_catalyst_signal"",""matched_thesis_update"",""headline_routed_to_comment""]",85,oil_geopolitics_and_inflation_pass_through,"{""headline_id"":""fedf1c77"",""agent_id"":""commodities-agent"",""headline_title"":""Archrock: A Buy Driven By Higher Growth Projections And Natural Gas Demand Surge"",""headline_type"":""commodity_specific"",""direct_relevance_score"":3,""indirect_relevance_score"":6,""market_signal_strength"":""high"",""is_new_information"":false,""is_cross_asset_relevant"":true,""primary_mechanism"":""Natural gas print → storage/supply dynamics → utility margin → energy sector earnings"",""affected_assets"":[""natural_gas""],""what_changed"":""Archrock: A Buy Driven By Higher Growth Projections And Natural Gas Demand Surge"",""linked_existing_thesis_id"":""93718fcb-25db-4740-9641-b983ffd59029"",""recommended_action"":""update_existing"",""comment_purpose"":null,""historical_analog_candidate"":null}",2026-04-23T15:01:42.918Z
equities-agent,Equities Agent,update_existing,"[""high_thesis_load"",""matched_thesis_update"",""fresh_catalyst_signal""]",83,growth_softness_vs_multiple_risk,"{""headline_id"":""b3131636"",""agent_id"":""equities-agent"",""headline_title"":""This Warren Buffett Stock Is Now a No-Brainer Buy -- Thanks to the Trump Administration"",""headline_type"":""other"",""direct_relevance_score"":8,""indirect_relevance_score"":4,""market_signal_strength"":""low"",""is_new_information"":true,""is_cross_asset_relevant"":true,""primary_mechanism"":"""",""affected_assets"":[""sp500"",""nasdaq""],""what_changed"":""This Warren Buffett Stock Is Now a No-Brainer Buy -- Thanks to the Trump Administration"",""linked_existing_thesis_id"":""e4779aec-58b4-4d7c-b860-3a826124d396"",""recommended_action"":""update_existing"",""comment_purpose"":null,""historical_analog_candidate"":null}",2026-04-23T15:01:23.613Z
fx-agent,FX Agent,new_post,"[""novelty_above_threshold"",""fresh_catalyst_signal"",""matched_thesis_update""]",82,oil_geopolitics_and_inflation_pass_through,"{""headline_id"":""f06bf7c6"",""agent_id"":""fx-agent"",""headline_title"":""US April S&P Global services index 51.3 vs 50.3 expected"",""headline_type"":""other"",""direct_relevance_score"":3,""indirect_relevance_score"":10,""market_signal_strength"":""high"",""is_new_information"":true,""is_cross_asset_relevant"":true,""primary_mechanism"":""Labor market print → Fed dual-mandate assessment → rate path forward guidance → curve shape"",""affected_assets"":[""sp500"",""nasdaq""],""what_changed"":""US April S&P Global services index 51.3 vs 50.3 expected"",""linked_existing_thesis_id"":""cb81fe2a-924c-4eaa-a979-b87fd26e3dcd"",""recommended_action"":""update_existing"",""comment_purpose"":null,""historical_analog_candidate"":null}",2026-04-23T15:00:59.777Z
rates-agent,Rates Agent,stay_silent,"[""novelty_above_threshold"",""fresh_catalyst_signal"",""matched_thesis_update"",""rates_template_repetition"",""no_fresh_signal""]",80,growth_softness_vs_multiple_risk,"{""headline_id"":""f06bf7c6"",""agent_id"":""rates-agent"",""headline_title"":""US April S&P Global services index 51.3 vs 50.3 expected"",""headline_type"":""other"",""direct_relevance_score"":3,""indirect_relevance_score"":10,""market_signal_strength"":""high"",""is_new_information"":true,""is_cross_asset_relevant"":true,""primary_mechanism"":""Labor market print → Fed dual-mandate assessment → rate path forward guidance → curve shape"",""affected_assets"":[""sp500"",""nasdaq""],""what_changed"":""US April S&P Global services index 51.3 vs 50.3 expected"",""linked_existing_thesis_id"":null,""recommended_action"":""new_post"",""comment_purpose"":null,""historical_analog_candidate"":null}",2026-04-23T15:00:59.153Z
macro-agent,Macro Agent,new_post,"[""novelty_above_threshold"",""fresh_catalyst_signal"",""stance_lock_challenge""]",86,growth_softness_vs_multiple_risk,"{""headline_id"":""f06bf7c6"",""agent_id"":""macro-agent"",""headline_title"":""US April S&P Global services index 51.3 vs 50.3 expected"",""headline_type"":""other"",""direct_relevance_score"":9,""indirect_relevance_score"":10,""market_signal_strength"":""high"",""is_new_information"":true,""is_cross_asset_relevant"":true,""primary_mechanism"":""Labor market print → Fed dual-mandate assessment → rate path forward guidance → curve shape"",""affected_assets"":[""sp500"",""nasdaq""],""what_changed"":""US April S&P Global services index 51.3 vs 50.3 expected"",""linked_existing_thesis_id"":null,""recommended_action"":""new_post"",""comment_purpose"":null,""historical_analog_candidate"":null}",2026-04-23T15:00:47.044Z
risk-sentiment-agent,Risk/Sentiment Agent,stay_silent,"[""low_headline_relevance"",""fresh_catalyst_signal""]",90,policy_divergence,"{""headline_id"":""5b69b656"",""agent_id"":""risk-sentiment-agent"",""headline_title"":""Traders Bet $430 Million On Oil Price Drop Moments Before Trump's Latest Iran Ceasefire Extension: Report"",""headline_type"":""commodity_specific"",""direct_relevance_score"":0,""indirect_relevance_score"":4,""market_signal_strength"":""high"",""is_new_information"":true,""is_cross_asset_relevant"":true,""primary_mechanism"":""Commodity supply/demand shift → price transmission → sector margins"",""affected_assets"":[""wti"",""brent""],""what_changed"":""Traders Bet $430 Million On Oil Price Drop Moments Before Trump's Latest Iran Ceasefire Extension: Report"",""linked_existing_thesis_id"":""126a40de-3256-4cc9-8dcc-c98f8b69797c"",""recommended_action"":""update_existing"",""comment_purpose"":null,""historical_analog_candidate"":null}",2026-04-23T14:01:06.487Z
commodities-agent,Commodities Agent,comment_only,"[""stale_headline_thesis_update"",""fresh_catalyst_signal"",""matched_thesis_update"",""headline_routed_to_comment""]",86,gas_power,"{""headline_id"":""5d9048ba"",""agent_id"":""commodities-agent"",""headline_title"":""Gold Candle conclut l'acquisition de Fokus Mining"",""headline_type"":""commodity_specific"",""direct_relevance_score"":3,""indirect_relevance_score"":6,""market_signal_strength"":""low"",""is_new_information"":false,""is_cross_asset_relevant"":true,""primary_mechanism"":""Gold move → real rate signal (inverse of TIPS yield) → dollar direction → safe-haven demand"",""affected_assets"":[""gold""],""what_changed"":""Gold Candle conclut l'acquisition de Fokus Mining"",""linked_existing_thesis_id"":null,""recommended_action"":""stay_silent"",""comment_purpose"":null,""historical_analog_candidate"":null}",2026-04-23T14:01:05.348Z
equities-agent,Equities Agent,update_existing,"[""high_thesis_load"",""matched_thesis_update"",""fresh_catalyst_signal""]",87,sector_defensives,"{""headline_id"":""83946d40"",""agent_id"":""equities-agent"",""headline_title"":""Astera Labs Stock Surges 9% as AI Infrastructure Demand Grows"",""headline_type"":""other"",""direct_relevance_score"":5,""indirect_relevance_score"":8,""market_signal_strength"":""high"",""is_new_information"":true,""is_cross_asset_relevant"":true,""primary_mechanism"":"""",""affected_assets"":[""sp500"",""nasdaq""],""what_changed"":""Astera Labs Stock Surges 9% as AI Infrastructure Demand Grows"",""linked_existing_thesis_id"":""e4779aec-58b4-4d7c-b860-3a826124d396"",""recommended_action"":""update_existing"",""comment_purpose"":null,""historical_analog_candidate"":null}",2026-04-23T14:00:48.227Z
fx-agent,FX Agent,comment_only,"[""novelty_above_threshold"",""fresh_catalyst_signal"",""headline_routed_to_comment""]",91,metals_growth,"{""headline_id"":""5d9048ba"",""agent_id"":""fx-agent"",""headline_title"":""Gold Candle conclut l'acquisition de Fokus Mining"",""headline_type"":""commodity_specific"",""direct_relevance_score"":5,""indirect_relevance_score"":6,""market_signal_strength"":""low"",""is_new_information"":true,""is_cross_asset_relevant"":true,""primary_mechanism"":""Gold move → real rate signal (inverse of TIPS yield) → dollar direction → safe-haven demand"",""affected_assets"":[""gold""],""what_changed"":""Gold Candle conclut l'acquisition de Fokus Mining"",""linked_existing_thesis_id"":null,""recommended_action"":""comment_on_other"",""comment_purpose"":""add_cross_asset_spillover"",""historical_analog_candidate"":null}",2026-04-23T14:00:47.421Z
rates-agent,Rates Agent,comment_only,"[""matched_thesis_update"",""fresh_catalyst_signal"",""deprioritized_topic"",""headline_routed_to_comment""]",81,curve_shape,"{""headline_id"":""62376fe7"",""agent_id"":""rates-agent"",""headline_title"":""VIRGINIA NATIONAL BANKSHARES CORPORATION ANNOUNCES 2026 FIRST QUARTER EARNINGS AND QUARTERLY DIVIDEND"",""headline_type"":""company_news"",""direct_relevance_score"":3,""indirect_relevance_score"":8,""market_signal_strength"":""high"",""is_new_information"":true,""is_cross_asset_relevant"":true,""primary_mechanism"":"""",""affected_assets"":[],""what_changed"":""VIRGINIA NATIONAL BANKSHARES CORPORATION ANNOUNCES 2026 FIRST QUARTER EARNINGS AND QUARTERLY DIVIDEND"",""linked_existing_thesis_id"":null,""recommended_action"":""comment_on_other"",""comment_purpose"":""add_cross_asset_spillover"",""historical_analog_candidate"":null}",2026-04-23T14:00:46.642Z
macro-agent,Macro Agent,comment_only,"[""novelty_above_threshold"",""fresh_catalyst_signal"",""matched_thesis_update"",""headline_routed_to_comment""]",82,consumer_demand,"{""headline_id"":""5dee1b16"",""agent_id"":""macro-agent"",""headline_title"":""Tractor Supply’s 10% Culling: A Bruise, Not a Break"",""headline_type"":""other"",""direct_relevance_score"":3,""indirect_relevance_score"":8,""market_signal_strength"":""high"",""is_new_information"":true,""is_cross_asset_relevant"":true,""primary_mechanism"":""Policy rate signal → front-end Treasury repricing → FX carry shifts → equity discount rate"",""affected_assets"":[],""what_changed"":""Tractor Supply’s 10% Culling: A Bruise, Not a Break"",""linked_existing_thesis_id"":null,""recommended_action"":""new_post"",""comment_purpose"":null,""historical_analog_candidate"":null}",2026-04-23T14:00:45.968Z
risk-sentiment-agent,Risk/Sentiment Agent,new_post,"[""novelty_above_threshold"",""fresh_catalyst_signal""]",89,oil_geopolitics_and_inflation_pass_through,"{""headline_id"":""247d93de"",""agent_id"":""risk-sentiment-agent"",""headline_title"":""Nasdaq 100 Breakout Holds—but Rising Oil Keeps Bulls on Guard"",""headline_type"":""other"",""direct_relevance_score"":3,""indirect_relevance_score"":6,""market_signal_strength"":""high"",""is_new_information"":true,""is_cross_asset_relevant"":true,""primary_mechanism"":"""",""affected_assets"":[""wti"",""brent"",""sp500"",""nasdaq""],""what_changed"":""Nasdaq 100 Breakout Holds—but Rising Oil Keeps Bulls on Guard"",""linked_existing_thesis_id"":""126a40de-3256-4cc9-8dcc-c98f8b69797c"",""recommended_action"":""update_existing"",""comment_purpose"":null,""historical_analog_candidate"":null}",2026-04-23T13:01:25.414Z
commodities-agent,Commodities Agent,new_post,"[""novelty_above_threshold"",""fresh_catalyst_signal"",""matched_thesis_update""]",85,oil_geopolitics_and_inflation_pass_through,"{""headline_id"":""247d93de"",""agent_id"":""commodities-agent"",""headline_title"":""Nasdaq 100 Breakout Holds—but Rising Oil Keeps Bulls on Guard"",""headline_type"":""other"",""direct_relevance_score"":3,""indirect_relevance_score"":6,""market_signal_strength"":""high"",""is_new_information"":true,""is_cross_asset_relevant"":true,""primary_mechanism"":"""",""affected_assets"":[""wti"",""brent"",""sp500"",""nasdaq""],""what_changed"":""Nasdaq 100 Breakout Holds—but Rising Oil Keeps Bulls on Guard"",""linked_existing_thesis_id"":null,""recommended_action"":""comment_on_other"",""comment_purpose"":""add_cross_asset_spillover"",""historical_analog_candidate"":null}",2026-04-23T13:01:05.431Z
equities-agent,Equities Agent,update_existing,"[""stale_headline_thesis_update"",""fresh_catalyst_signal"",""matched_thesis_update""]",83,growth_softness_vs_multiple_risk,"{""headline_id"":""e34b2cde"",""agent_id"":""equities-agent"",""headline_title"":""ServiceNow Stock: Punished For The Wrong Reasons (NYSE:NOW)"",""headline_type"":""other"",""direct_relevance_score"":10,""indirect_relevance_score"":4,""market_signal_strength"":""low"",""is_new_information"":false,""is_cross_asset_relevant"":true,""primary_mechanism"":"""",""affected_assets"":[""sp500"",""nasdaq""],""what_changed"":""ServiceNow Stock: Punished For The Wrong Reasons"",""linked_existing_thesis_id"":""e4779aec-58b4-4d7c-b860-3a826124d396"",""recommended_action"":""update_existing"",""comment_purpose"":null,""historical_analog_candidate"":null}",2026-04-23T13:00:51.405Z
fx-agent,FX Agent,new_post,"[""novelty_above_threshold"",""fresh_catalyst_signal"",""matched_thesis_update""]",82,oil_geopolitics_and_inflation_pass_through,"{""headline_id"":""333657df"",""agent_id"":""fx-agent"",""headline_title"":""Gold slips on inflation concerns as high oil prices and stronger dollar weigh - Reuters"",""headline_type"":""macro_release"",""direct_relevance_score"":3,""indirect_relevance_score"":6,""market_signal_strength"":""low"",""is_new_information"":true,""is_cross_asset_relevant"":true,""primary_mechanism"":""Gold move → real rate signal (inverse of TIPS yield) → dollar direction → safe-haven demand"",""affected_assets"":[""wti"",""brent"",""gold"",""dxy""],""what_changed"":""Gold slips on inflation concerns as high oil prices and stronger dollar weigh - Reuters"",""linked_existing_thesis_id"":null,""recommended_action"":""comment_on_other"",""comment_purpose"":""add_cross_asset_spillover"",""historical_analog_candidate"":null}",2026-04-23T13:00:35.755Z
rates-agent,Rates Agent,stay_silent,"[""novelty_above_threshold"",""fresh_catalyst_signal"",""matched_thesis_update"",""domain_relevance_low"",""rates_template_repetition"",""no_fresh_signal""]",82,oil_geopolitics_and_inflation_pass_through,"{""headline_id"":""e3e43e3e"",""agent_id"":""rates-agent"",""headline_title"":""Financial Stability Oversight Council"",""headline_type"":""other"",""direct_relevance_score"":0,""indirect_relevance_score"":0,""market_signal_strength"":""low"",""is_new_information"":true,""is_cross_asset_relevant"":false,""primary_mechanism"":"""",""affected_assets"":[],""what_changed"":""Financial Stability Oversight Council"",""linked_existing_thesis_id"":null,""recommended_action"":""stay_silent"",""comment_purpose"":null,""historical_analog_candidate"":null}",2026-04-23T13:00:35.412Z
macro-agent,Macro Agent,update_existing,"[""stale_headline_thesis_update"",""fresh_catalyst_signal"",""matched_thesis_update"",""stance_lock_challenge""]",80,oil_geopolitics_and_inflation_pass_through,"{""headline_id"":""333657df"",""agent_id"":""macro-agent"",""headline_title"":""Gold slips on inflation concerns as high oil prices and stronger dollar weigh - Reuters"",""headline_type"":""macro_release"",""direct_relevance_score"":3,""indirect_relevance_score"":6,""market_signal_strength"":""low"",""is_new_information"":false,""is_cross_asset_relevant"":true,""primary_mechanism"":""Gold move → real rate signal (inverse of TIPS yield) → dollar direction → safe-haven demand"",""affected_assets"":[""wti"",""brent"",""gold"",""dxy""],""what_changed"":""Gold slips on inflation concerns as high oil prices and stronger dollar weigh - Reuters"",""linked_existing_thesis_id"":""f561f675-290a-4572-b954-a04f8b1b5427"",""recommended_action"":""update_existing"",""comment_purpose"":null,""historical_analog_candidate"":null}",2026-04-23T13:00:19.718Z
fx-agent,FX Agent,new_post,"[""novelty_above_threshold"",""fresh_catalyst_signal"",""matched_thesis_update""]",79,oil_geopolitics_and_inflation_pass_through,"{""headline_id"":""bacc6690"",""agent_id"":""fx-agent"",""headline_title"":""The Avis Budget Meme Party Runs Out Of Gas"",""headline_type"":""other"",""direct_relevance_score"":5,""indirect_relevance_score"":6,""market_signal_strength"":""low"",""is_new_information"":true,""is_cross_asset_relevant"":true,""primary_mechanism"":"""",""affected_assets"":[],""what_changed"":""The Avis Budget Meme Party Runs Out Of Gas"",""linked_existing_thesis_id"":null,""recommended_action"":""comment_on_other"",""comment_purpose"":""add_cross_asset_spillover"",""historical_analog_candidate"":null}",2026-04-23T12:00:32.817Z
rates-agent,Rates Agent,stay_silent,"[""novelty_above_threshold"",""fresh_catalyst_signal"",""matched_thesis_update"",""rates_template_repetition"",""no_fresh_signal""]",82,rates_repricing_and_duration_pressure,"{""headline_id"":""0629aadf"",""agent_id"":""rates-agent"",""headline_title"":""Share Buyback Transaction Details April 16 – April 22, 2026"",""headline_type"":""company_news"",""direct_relevance_score"":0,""indirect_relevance_score"":2,""market_signal_strength"":""high"",""is_new_information"":true,""is_cross_asset_relevant"":false,""primary_mechanism"":"""",""affected_assets"":[],""what_changed"":""Share Buyback Transaction Details April 16 – April 22, 2026"",""linked_existing_thesis_id"":null,""recommended_action"":""stay_silent"",""comment_purpose"":null,""historical_analog_candidate"":null}",2026-04-23T12:00:32.443Z
macro-agent,Macro Agent,comment_only,"[""novelty_above_threshold"",""fresh_catalyst_signal"",""matched_thesis_update"",""headline_routed_to_comment""]",82,growth_softness_vs_multiple_risk,"{""headline_id"":""5dee1b16"",""agent_id"":""macro-agent"",""headline_title"":""Tractor Supply’s 10% Culling: A Bruise, Not a Break"",""headline_type"":""other"",""direct_relevance_score"":3,""indirect_relevance_score"":8,""market_signal_strength"":""high"",""is_new_information"":true,""is_cross_asset_relevant"":true,""primary_mechanism"":""Policy rate signal → front-end Treasury repricing → FX carry shifts → equity discount rate"",""affected_assets"":[],""what_changed"":""Tractor Supply’s 10% Culling: A Bruise, Not a Break"",""linked_existing_thesis_id"":null,""recommended_action"":""new_post"",""comment_purpose"":null,""historical_analog_candidate"":null}",2026-04-23T12:00:32.070Z
equities-agent,Equities Agent,update_existing,"[""high_thesis_load"",""matched_thesis_update"",""fresh_catalyst_signal""]",85,sector_defensives,"{""headline_id"":""8afc8b80"",""agent_id"":""equities-agent"",""headline_title"":""Market Retreats as Oil Surges; Earnings Season Hits High Gear with AXP and Intel"",""headline_type"":""company_news"",""direct_relevance_score"":5,""indirect_relevance_score"":4,""market_signal_strength"":""high"",""is_new_information"":true,""is_cross_asset_relevant"":true,""primary_mechanism"":"""",""affected_assets"":[""wti"",""brent""],""what_changed"":""Market Retreats as Oil Surges; Earnings Season Hits High Gear with AXP and Intel"",""linked_existing_thesis_id"":""58891dc8-af86-483e-8dc3-5268d8c5ce82"",""recommended_action"":""update_existing"",""comment_purpose"":null,""historical_analog_candidate"":null}",2026-04-23T11:00:42.988Z
fx-agent,FX Agent,new_post,"[""novelty_above_threshold"",""fresh_catalyst_signal"",""matched_thesis_update""]",84,policy_divergence,"{""headline_id"":""f9a62ddd"",""agent_id"":""fx-agent"",""headline_title"":""UK industry sees business situation at the most pessimistic since the Covid pandemic"",""headline_type"":""other"",""direct_relevance_score"":3,""indirect_relevance_score"":8,""market_signal_strength"":""low"",""is_new_information"":true,""is_cross_asset_relevant"":true,""primary_mechanism"":"""",""affected_assets"":[],""what_changed"":""UK industry sees business situation at the most pessimistic since the Covid pandemic"",""linked_existing_thesis_id"":null,""recommended_action"":""comment_on_other"",""comment_purpose"":""add_cross_asset_spillover"",""historical_analog_candidate"":null}",2026-04-23T11:00:31.430Z
rates-agent,Rates Agent,stay_silent,"[""novelty_above_threshold"",""fresh_catalyst_signal"",""unresolved_thesis_nudge"",""rates_template_repetition"",""no_fresh_signal""]",69,credit_stress,"{""headline_id"":""45588d9e"",""agent_id"":""rates-agent"",""headline_title"":""S&P 500: Oil Breakout and Yield Pressures Point to Tightening Conditions"",""headline_type"":""other"",""direct_relevance_score"":5,""indirect_relevance_score"":10,""market_signal_strength"":""high"",""is_new_information"":true,""is_cross_asset_relevant"":true,""primary_mechanism"":"""",""affected_assets"":[""wti"",""brent"",""us10y"",""sp500"",""nasdaq""],""what_changed"":""S&P 500: Oil Breakout and Yield Pressures Point to Tightening Conditions"",""linked_existing_thesis_id"":""6edcf66f-76a1-49f0-a418-11897287d4b2"",""recommended_action"":""update_existing"",""comment_purpose"":null,""historical_analog_candidate"":null}",2026-04-23T11:00:31.085Z
macro-agent,Macro Agent,update_existing,"[""stale_headline_thesis_update"",""fresh_catalyst_signal"",""matched_thesis_update"",""unresolved_thesis_nudge"",""stance_lock_challenge""]",59,credit_stress,"{""headline_id"":""45588d9e"",""agent_id"":""macro-agent"",""headline_title"":""S&P 500: Oil Breakout and Yield Pressures Point to Tightening Conditions"",""headline_type"":""other"",""direct_relevance_score"":3,""indirect_relevance_score"":10,""market_signal_strength"":""high"",""is_new_information"":false,""is_cross_asset_relevant"":true,""primary_mechanism"":"""",""affected_assets"":[""wti"",""brent"",""us10y"",""sp500"",""nasdaq""],""what_changed"":""S&P 500: Oil Breakout and Yield Pressures Point to Tightening Conditions"",""linked_existing_thesis_id"":""f561f675-290a-4572-b954-a04f8b1b5427"",""recommended_action"":""update_existing"",""comment_purpose"":null,""historical_analog_candidate"":null}",2026-04-23T11:00:20.052Z
risk-sentiment-agent,Risk/Sentiment Agent,new_post,"[""novelty_above_threshold"",""fresh_catalyst_signal"",""matched_thesis_update""]",82,growth_softness_vs_multiple_risk,"{""headline_id"":""8e4323ca"",""agent_id"":""risk-sentiment-agent"",""headline_title"":""Rising cost pressures starting to bug the euro area economy"",""headline_type"":""other"",""direct_relevance_score"":3,""indirect_relevance_score"":10,""market_signal_strength"":""low"",""is_new_information"":true,""is_cross_asset_relevant"":true,""primary_mechanism"":"""",""affected_assets"":[],""what_changed"":""Rising cost pressures starting to bug the euro area economy"",""linked_existing_thesis_id"":null,""recommended_action"":""comment_on_other"",""comment_purpose"":""add_cross_asset_spillover"",""historical_analog_candidate"":null}",2026-04-23T10:01:15.358Z
commodities-agent,Commodities Agent,update_existing,"[""stale_headline_thesis_update"",""fresh_catalyst_signal"",""matched_thesis_update""]",85,oil_geopolitics_and_inflation_pass_through,"{""headline_id"":""54a4cb98"",""agent_id"":""commodities-agent"",""headline_title"":""Justin Wolfers Says 'Revealed Vulnerability' Is Shifting Iran War Dynamics"",""headline_type"":""geopolitical"",""direct_relevance_score"":9,""indirect_relevance_score"":6,""market_signal_strength"":""low"",""is_new_information"":false,""is_cross_asset_relevant"":true,""primary_mechanism"":""Geopolitical shock → risk premium expansion → commodity/currency safe-haven flows"",""affected_assets"":[],""what_changed"":""Justin Wolfers Says 'Revealed Vulnerability' Is Shifting Iran War Dynamics"",""linked_existing_thesis_id"":null,""recommended_action"":""comment_on_other"",""comment_purpose"":""confirm_existing_thesis"",""historical_analog_candidate"":null}",2026-04-23T10:01:02.787Z
equities-agent,Equities Agent,update_existing,"[""high_thesis_load"",""matched_thesis_update"",""fresh_catalyst_signal""]",85,growth_softness_vs_multiple_risk,"{""headline_id"":""8e4323ca"",""agent_id"":""equities-agent"",""headline_title"":""Rising cost pressures starting to bug the euro area economy"",""headline_type"":""other"",""direct_relevance_score"":5,""indirect_relevance_score"":10,""market_signal_strength"":""low"",""is_new_information"":true,""is_cross_asset_relevant"":true,""primary_mechanism"":"""",""affected_assets"":[],""what_changed"":""Rising cost pressures starting to bug the euro area economy"",""linked_existing_thesis_id"":null,""recommended_action"":""comment_on_other"",""comment_purpose"":""add_cross_asset_spillover"",""historical_analog_candidate"":null}",2026-04-23T10:00:48.622Z
fx-agent,FX Agent,new_post,"[""novelty_above_threshold"",""fresh_catalyst_signal"",""matched_thesis_update""]",82,oil_geopolitics_and_inflation_pass_through,"{""headline_id"":""8e4323ca"",""agent_id"":""fx-agent"",""headline_title"":""Rising cost pressures starting to bug the euro area economy"",""headline_type"":""other"",""direct_relevance_score"":5,""indirect_relevance_score"":10,""market_signal_strength"":""low"",""is_new_information"":true,""is_cross_asset_relevant"":true,""primary_mechanism"":"""",""affected_assets"":[],""what_changed"":""Rising cost pressures starting to bug the euro area economy"",""linked_existing_thesis_id"":null,""recommended_action"":""comment_on_other"",""comment_purpose"":""add_cross_asset_spillover"",""historical_analog_candidate"":null}",2026-04-23T10:00:34.773Z
rates-agent,Rates Agent,stay_silent,"[""novelty_above_threshold"",""fresh_catalyst_signal"",""matched_thesis_update"",""rates_template_repetition"",""no_fresh_signal""]",82,growth_softness_vs_multiple_risk,"{""headline_id"":""8e4323ca"",""agent_id"":""rates-agent"",""headline_title"":""Rising cost pressures starting to bug the euro area economy"",""headline_type"":""other"",""direct_relevance_score"":0,""indirect_relevance_score"":10,""market_signal_strength"":""low"",""is_new_information"":true,""is_cross_asset_relevant"":true,""primary_mechanism"":"""",""affected_assets"":[],""what_changed"":""Rising cost pressures starting to bug the euro area economy"",""linked_existing_thesis_id"":null,""recommended_action"":""stay_silent"",""comment_purpose"":null,""historical_analog_candidate"":null}",2026-04-23T10:00:34.486Z
macro-agent,Macro Agent,update_existing,"[""high_thesis_load"",""matched_thesis_update"",""fresh_catalyst_signal"",""stance_lock_challenge""]",80,growth_softness_vs_multiple_risk,"{""headline_id"":""8e4323ca"",""agent_id"":""macro-agent"",""headline_title"":""Rising cost pressures starting to bug the euro area economy"",""headline_type"":""other"",""direct_relevance_score"":5,""indirect_relevance_score"":10,""market_signal_strength"":""low"",""is_new_information"":true,""is_cross_asset_relevant"":true,""primary_mechanism"":"""",""affected_assets"":[],""what_changed"":""Rising cost pressures starting to bug the euro area economy"",""linked_existing_thesis_id"":null,""recommended_action"":""comment_on_other"",""comment_purpose"":""add_cross_asset_spillover"",""historical_analog_candidate"":null}",2026-04-23T10:00:19.216Z
risk-sentiment-agent,Risk/Sentiment Agent,new_post,"[""novelty_above_threshold"",""fresh_catalyst_signal"",""matched_thesis_update""]",84,crowding_positioning,"{""headline_id"":""30ae4b48"",""agent_id"":""risk-sentiment-agent"",""headline_title"":""Eurozone April flash services PMI 47.4 vs 49.8 expected"",""headline_type"":""macro_release"",""direct_relevance_score"":3,""indirect_relevance_score"":10,""market_signal_strength"":""high"",""is_new_information"":true,""is_cross_asset_relevant"":true,""primary_mechanism"":""Data release → market expectations update → rate path repricing"",""affected_assets"":[],""what_changed"":""Eurozone April flash services PMI 47.4 vs 49.8 expected"",""linked_existing_thesis_id"":null,""recommended_action"":""new_post"",""comment_purpose"":null,""historical_analog_candidate"":null}",2026-04-23T09:01:16.792Z
commodities-agent,Commodities Agent,update_existing,"[""stale_headline_thesis_update"",""fresh_catalyst_signal"",""matched_thesis_update""]",83,gold_real_rates,"{""headline_id"":""8bd91862"",""agent_id"":""commodities-agent"",""headline_title"":""Traders place $430 million bet on lower oil price before Trump ceasefire extension - Reuters"",""headline_type"":""commodity_specific"",""direct_relevance_score"":3,""indirect_relevance_score"":2,""market_signal_strength"":""high"",""is_new_information"":false,""is_cross_asset_relevant"":false,""primary_mechanism"":""Commodity supply/demand shift → price transmission → sector margins"",""affected_assets"":[""wti"",""brent""],""what_changed"":""Traders place $430 million bet on lower oil price before Trump ceasefire extension - Reuters"",""linked_existing_thesis_id"":null,""recommended_action"":""stay_silent"",""comment_purpose"":null,""historical_analog_candidate"":null}",2026-04-23T09:01:04.737Z
equities-agent,Equities Agent,update_existing,"[""stale_headline_thesis_update"",""fresh_catalyst_signal"",""matched_thesis_update""]",87,consumer_equities,"{""headline_id"":""d0026896"",""agent_id"":""equities-agent"",""headline_title"":""Weatherford International Q1 2026 Earnings Call: Complete Transcript - Weatherford International (NASDAQ:"",""headline_type"":""company_news"",""direct_relevance_score"":3,""indirect_relevance_score"":4,""market_signal_strength"":""high"",""is_new_information"":false,""is_cross_asset_relevant"":true,""primary_mechanism"":"""",""affected_assets"":[""sp500"",""nasdaq""],""what_changed"":""Weatherford International Q1 2026 Earnings Call: Complete Transcript - Weatherford International (NASDAQ:"",""linked_existing_thesis_id"":""e4779aec-58b4-4d7c-b860-3a826124d396"",""recommended_action"":""update_existing"",""comment_purpose"":null,""historical_analog_candidate"":null}",2026-04-23T09:00:48.339Z
fx-agent,FX Agent,new_post,"[""novelty_above_threshold"",""fresh_catalyst_signal"",""matched_thesis_update""]",84,carry_em_fx,"{""headline_id"":""30ae4b48"",""agent_id"":""fx-agent"",""headline_title"":""Eurozone April flash services PMI 47.4 vs 49.8 expected"",""headline_type"":""macro_release"",""direct_relevance_score"":5,""indirect_relevance_score"":10,""market_signal_strength"":""high"",""is_new_information"":true,""is_cross_asset_relevant"":true,""primary_mechanism"":""Data release → market expectations update → rate path repricing"",""affected_assets"":[],""what_changed"":""Eurozone April flash services PMI 47.4 vs 49.8 expected"",""linked_existing_thesis_id"":null,""recommended_action"":""new_post"",""comment_purpose"":null,""historical_analog_candidate"":null}",2026-04-23T09:00:33.837Z
rates-agent,Rates Agent,stay_silent,"[""matched_thesis_update"",""fresh_catalyst_signal"",""deprioritized_topic"",""rates_template_repetition"",""no_fresh_signal""]",81,curve_shape,"{""headline_id"":""0629aadf"",""agent_id"":""rates-agent"",""headline_title"":""Share Buyback Transaction Details April 16 – April 22, 2026"",""headline_type"":""company_news"",""direct_relevance_score"":0,""indirect_relevance_score"":2,""market_signal_strength"":""high"",""is_new_information"":true,""is_cross_asset_relevant"":false,""primary_mechanism"":"""",""affected_assets"":[],""what_changed"":""Share Buyback Transaction Details April 16 – April 22, 2026"",""linked_existing_thesis_id"":null,""recommended_action"":""stay_silent"",""comment_purpose"":null,""historical_analog_candidate"":null}",2026-04-23T09:00:33.551Z
macro-agent,Macro Agent,new_post,"[""novelty_above_threshold"",""fresh_catalyst_signal"",""matched_thesis_update"",""unresolved_thesis_nudge"",""stance_lock_challenge""]",59,policy_path,"{""headline_id"":""30ae4b48"",""agent_id"":""macro-agent"",""headline_title"":""Eurozone April flash services PMI 47.4 vs 49.8 expected"",""headline_type"":""macro_release"",""direct_relevance_score"":9,""indirect_relevance_score"":10,""market_signal_strength"":""high"",""is_new_information"":true,""is_cross_asset_relevant"":true,""primary_mechanism"":""Data release → market expectations update → rate path repricing"",""affected_assets"":[],""what_changed"":""Eurozone April flash services PMI 47.4 vs 49.8 expected"",""linked_existing_thesis_id"":null,""recommended_action"":""new_post"",""comment_purpose"":null,""historical_analog_candidate"":null}",2026-04-23T09:00:21.348Z
risk-sentiment-agent,Risk/Sentiment Agent,new_post,"[""novelty_above_threshold"",""fresh_catalyst_signal"",""matched_thesis_update""]",83,oil_geopolitics_and_inflation_pass_through,"{""headline_id"":""b2340b85"",""agent_id"":""risk-sentiment-agent"",""headline_title"":""WTI Crude Oil At Risk Of Mean Reversion Decline Below $102.25 After 5% Spike"",""headline_type"":""commodity_specific"",""direct_relevance_score"":7,""indirect_relevance_score"":6,""market_signal_strength"":""high"",""is_new_information"":true,""is_cross_asset_relevant"":true,""primary_mechanism"":""Commodity supply/demand shift → price transmission → sector margins"",""affected_assets"":[""wti"",""brent""],""what_changed"":""WTI Crude Oil At Risk Of Mean Reversion Decline Below $102.25 After 5% Spike"",""linked_existing_thesis_id"":""126a40de-3256-4cc9-8dcc-c98f8b69797c"",""recommended_action"":""update_existing"",""comment_purpose"":null,""historical_analog_candidate"":null}",2026-04-23T08:01:41.875Z
commodities-agent,Commodities Agent,new_post,"[""novelty_above_threshold"",""fresh_catalyst_signal"",""matched_thesis_update""]",85,oil_geopolitics_and_inflation_pass_through,"{""headline_id"":""abcfd985"",""agent_id"":""commodities-agent"",""headline_title"":""France April flash services PMI 46.5 vs 48.5 expected"",""headline_type"":""macro_release"",""direct_relevance_score"":3,""indirect_relevance_score"":8,""market_signal_strength"":""high"",""is_new_information"":true,""is_cross_asset_relevant"":true,""primary_mechanism"":""Data release → market expectations update → rate path repricing"",""affected_assets"":[],""what_changed"":""France April flash services PMI 46.5 vs 48.5 expected"",""linked_existing_thesis_id"":null,""recommended_action"":""new_post"",""comment_purpose"":null,""historical_analog_candidate"":null}",2026-04-23T08:01:10.439Z
equities-agent,Equities Agent,stay_silent,"[""stale_headline_no_thesis"",""fresh_catalyst_signal""]",91,growth_softness_vs_multiple_risk,"{""headline_id"":""c10c8a0a"",""agent_id"":""equities-agent"",""headline_title"":""Stock Markets Today: Sensex, Nifty50 Tumble as Brent Crude Breaches $100"",""headline_type"":""commodity_specific"",""direct_relevance_score"":3,""indirect_relevance_score"":8,""market_signal_strength"":""high"",""is_new_information"":false,""is_cross_asset_relevant"":true,""primary_mechanism"":""Commodity supply/demand shift → price transmission → sector margins"",""affected_assets"":[""wti"",""brent"",""sp500"",""nasdaq""],""what_changed"":""Stock Markets Today: Sensex, Nifty50 Tumble as Brent Crude Breaches $100"",""linked_existing_thesis_id"":""58891dc8-af86-483e-8dc3-5268d8c5ce82"",""recommended_action"":""update_existing"",""comment_purpose"":null,""historical_analog_candidate"":null}",2026-04-23T08:01:10.063Z
fx-agent,FX Agent,new_post,"[""novelty_above_threshold"",""fresh_catalyst_signal"",""matched_thesis_update""]",83,oil_geopolitics_and_inflation_pass_through,"{""headline_id"":""abcfd985"",""agent_id"":""fx-agent"",""headline_title"":""France April flash services PMI 46.5 vs 48.5 expected"",""headline_type"":""macro_release"",""direct_relevance_score"":5,""indirect_relevance_score"":8,""market_signal_strength"":""high"",""is_new_information"":true,""is_cross_asset_relevant"":true,""primary_mechanism"":""Data release → market expectations update → rate path repricing"",""affected_assets"":[],""what_changed"":""France April flash services PMI 46.5 vs 48.5 expected"",""linked_existing_thesis_id"":null,""recommended_action"":""new_post"",""comment_purpose"":null,""historical_analog_candidate"":null}",2026-04-23T08:00:57.017Z
rates-agent,Rates Agent,stay_silent,"[""novelty_above_threshold"",""fresh_catalyst_signal"",""matched_thesis_update"",""rates_template_repetition"",""no_fresh_signal""]",82,rates_repricing_and_duration_pressure,"{""headline_id"":""45588d9e"",""agent_id"":""rates-agent"",""headline_title"":""S&P 500: Oil Breakout and Yield Pressures Point to Tightening Conditions"",""headline_type"":""other"",""direct_relevance_score"":5,""indirect_relevance_score"":10,""market_signal_strength"":""high"",""is_new_information"":true,""is_cross_asset_relevant"":true,""primary_mechanism"":"""",""affected_assets"":[""wti"",""brent"",""us10y"",""sp500"",""nasdaq""],""what_changed"":""S&P 500: Oil Breakout and Yield Pressures Point to Tightening Conditions"",""linked_existing_thesis_id"":""6edcf66f-76a1-49f0-a418-11897287d4b2"",""recommended_action"":""update_existing"",""comment_purpose"":null,""historical_analog_candidate"":null}",2026-04-23T08:00:56.728Z
macro-agent,Macro Agent,new_post,"[""novelty_above_threshold"",""fresh_catalyst_signal"",""matched_thesis_update"",""stance_lock_challenge""]",80,oil_geopolitics_and_inflation_pass_through,"{""headline_id"":""abcfd985"",""agent_id"":""macro-agent"",""headline_title"":""France April flash services PMI 46.5 vs 48.5 expected"",""headline_type"":""macro_release"",""direct_relevance_score"":7,""indirect_relevance_score"":8,""market_signal_strength"":""high"",""is_new_information"":true,""is_cross_asset_relevant"":true,""primary_mechanism"":""Data release → market expectations update → rate path repricing"",""affected_assets"":[],""what_changed"":""France April flash services PMI 46.5 vs 48.5 expected"",""linked_existing_thesis_id"":null,""recommended_action"":""new_post"",""comment_purpose"":null,""historical_analog_candidate"":null}",2026-04-23T08:00:26.928Z
risk-sentiment-agent,Risk/Sentiment Agent,stay_silent,"[""novelty_above_threshold"",""no_fresh_signal"",""matched_thesis_update"",""domain_relevance_low"",""weak_catalyst_materiality_gate""]",84,crowding_positioning,,2026-04-23T07:01:36.525Z
commodities-agent,Commodities Agent,update_existing,"[""stale_headline_thesis_update"",""fresh_catalyst_signal"",""matched_thesis_update""]",86,gas_power,"{""headline_id"":""492dc73f"",""agent_id"":""commodities-agent"",""headline_title"":""The ASX Today: Oz down to ~8,750 after yet another major dumping day; Brent bulls should be fairly happy"",""headline_type"":""commodity_specific"",""direct_relevance_score"":5,""indirect_relevance_score"":4,""market_signal_strength"":""high"",""is_new_information"":false,""is_cross_asset_relevant"":true,""primary_mechanism"":""Copper move → global growth proxy → industrial demand signal → EM capex cycle indicator"",""affected_assets"":[""wti"",""brent""],""what_changed"":""The ASX Today: Oz down to ~8,750 after yet another major dumping day; Brent bulls should be fairly happy"",""linked_existing_thesis_id"":null,""recommended_action"":""comment_on_other"",""comment_purpose"":""confirm_existing_thesis"",""historical_analog_candidate"":null}",2026-04-23T07:01:22.396Z
equities-agent,Equities Agent,update_existing,"[""high_thesis_load"",""matched_thesis_update"",""fresh_catalyst_signal""]",87,sector_defensives,"{""headline_id"":""016538ed"",""agent_id"":""equities-agent"",""headline_title"":""Nuburu (BURU) Stock Surges Over 20% After Hours: Why Is It Moving?"",""headline_type"":""other"",""direct_relevance_score"":5,""indirect_relevance_score"":2,""market_signal_strength"":""high"",""is_new_information"":true,""is_cross_asset_relevant"":false,""primary_mechanism"":"""",""affected_assets"":[""sp500"",""nasdaq""],""what_changed"":""Nuburu (BURU) Stock Surges Over 20% After Hours: Why Is It Moving?"",""linked_existing_thesis_id"":""e4779aec-58b4-4d7c-b860-3a826124d396"",""recommended_action"":""update_existing"",""comment_purpose"":null,""historical_analog_candidate"":null}",2026-04-23T07:01:05.938Z
fx-agent,FX Agent,update_existing,"[""matched_thesis_update"",""fresh_catalyst_signal"",""deprioritized_topic""]",84,dollar_path,"{""headline_id"":""dd768196"",""agent_id"":""fx-agent"",""headline_title"":""What are the main events for today?"",""headline_type"":""other"",""direct_relevance_score"":3,""indirect_relevance_score"":8,""market_signal_strength"":""low"",""is_new_information"":true,""is_cross_asset_relevant"":true,""primary_mechanism"":""Policy rate signal → front-end Treasury repricing → FX carry shifts → equity discount rate"",""affected_assets"":[],""what_changed"":""What are the main events for today?"",""linked_existing_thesis_id"":null,""recommended_action"":""comment_on_other"",""comment_purpose"":""add_cross_asset_spillover"",""historical_analog_candidate"":null}",2026-04-23T07:00:49.745Z
rates-agent,Rates Agent,stay_silent,"[""matched_thesis_update"",""fresh_catalyst_signal"",""deprioritized_topic"",""rates_template_repetition"",""no_fresh_signal""]",81,curve_shape,"{""headline_id"":""016538ed"",""agent_id"":""rates-agent"",""headline_title"":""Nuburu (BURU) Stock Surges Over 20% After Hours: Why Is It Moving?"",""headline_type"":""other"",""direct_relevance_score"":0,""indirect_relevance_score"":2,""market_signal_strength"":""high"",""is_new_information"":true,""is_cross_asset_relevant"":false,""primary_mechanism"":"""",""affected_assets"":[""sp500"",""nasdaq""],""what_changed"":""Nuburu (BURU) Stock Surges Over 20% After Hours: Why Is It Moving?"",""linked_existing_thesis_id"":null,""recommended_action"":""stay_silent"",""comment_purpose"":null,""historical_analog_candidate"":null}",2026-04-23T07:00:49.502Z
macro-agent,Macro Agent,update_existing,"[""high_thesis_load"",""matched_thesis_update"",""fresh_catalyst_signal"",""stance_lock_challenge""]",82,gold_real_rates,"{""headline_id"":""dd768196"",""agent_id"":""macro-agent"",""headline_title"":""What are the main events for today?"",""headline_type"":""other"",""direct_relevance_score"":5,""indirect_relevance_score"":8,""market_signal_strength"":""low"",""is_new_information"":true,""is_cross_asset_relevant"":true,""primary_mechanism"":""Policy rate signal → front-end Treasury repricing → FX carry shifts → equity discount rate"",""affected_assets"":[],""what_changed"":""What are the main events for today?"",""linked_existing_thesis_id"":null,""recommended_action"":""comment_on_other"",""comment_purpose"":""add_cross_asset_spillover"",""historical_analog_candidate"":null}",2026-04-23T07:00:33.491Z
risk-sentiment-agent,Risk/Sentiment Agent,new_post,"[""novelty_above_threshold"",""fresh_catalyst_signal"",""matched_thesis_update""]",82,growth_softness_vs_multiple_risk,"{""headline_id"":""2eb1544f"",""agent_id"":""risk-sentiment-agent"",""headline_title"":""The fragile optimism in markets hangs in the balance"",""headline_type"":""other"",""direct_relevance_score"":5,""indirect_relevance_score"":8,""market_signal_strength"":""low"",""is_new_information"":true,""is_cross_asset_relevant"":true,""primary_mechanism"":""Policy rate signal → front-end Treasury repricing → FX carry shifts → equity discount rate"",""affected_assets"":[],""what_changed"":""The fragile optimism in markets hangs in the balance"",""linked_existing_thesis_id"":null,""recommended_action"":""comment_on_other"",""comment_purpose"":""add_cross_asset_spillover"",""historical_analog_candidate"":null}",2026-04-23T06:01:58.029Z
commodities-agent,Commodities Agent,new_post,"[""novelty_above_threshold"",""fresh_catalyst_signal"",""matched_thesis_update""]",85,oil_geopolitics_and_inflation_pass_through,"{""headline_id"":""6695703e"",""agent_id"":""commodities-agent"",""headline_title"":""Tech Mahindra shares fall nearly 2% after Q4. Goldman Sachs, Motilal Oswal, other brokerages weigh in"",""headline_type"":""other"",""direct_relevance_score"":3,""indirect_relevance_score"":8,""market_signal_strength"":""high"",""is_new_information"":true,""is_cross_asset_relevant"":true,""primary_mechanism"":""Gold move → real rate signal (inverse of TIPS yield) → dollar direction → safe-haven demand"",""affected_assets"":[],""what_changed"":""Tech Mahindra shares fall nearly 2% after Q4. Goldman Sachs, Motilal Oswal, other brokerages weigh in"",""linked_existing_thesis_id"":null,""recommended_action"":""new_post"",""comment_purpose"":null,""historical_analog_candidate"":null}",2026-04-23T06:01:44.395Z
equities-agent,Equities Agent,new_post,"[""novelty_above_threshold"",""fresh_catalyst_signal""]",90,growth_softness_vs_multiple_risk,"{""headline_id"":""6695703e"",""agent_id"":""equities-agent"",""headline_title"":""Tech Mahindra shares fall nearly 2% after Q4. Goldman Sachs, Motilal Oswal, other brokerages weigh in"",""headline_type"":""other"",""direct_relevance_score"":5,""indirect_relevance_score"":8,""market_signal_strength"":""high"",""is_new_information"":true,""is_cross_asset_relevant"":true,""primary_mechanism"":""Gold move → real rate signal (inverse of TIPS yield) → dollar direction → safe-haven demand"",""affected_assets"":[],""what_changed"":""Tech Mahindra shares fall nearly 2% after Q4. Goldman Sachs, Motilal Oswal, other brokerages weigh in"",""linked_existing_thesis_id"":null,""recommended_action"":""new_post"",""comment_purpose"":null,""historical_analog_candidate"":null}",2026-04-23T06:01:33.046Z
fx-agent,FX Agent,new_post,"[""novelty_above_threshold"",""fresh_catalyst_signal"",""matched_thesis_update""]",82,oil_geopolitics_and_inflation_pass_through,"{""headline_id"":""cdd7322b"",""agent_id"":""fx-agent"",""headline_title"":""Dollar holds near 1-1/2-week high as Iran-US stand-off persists - Reuters"",""headline_type"":""geopolitical"",""direct_relevance_score"":3,""indirect_relevance_score"":2,""market_signal_strength"":""high"",""is_new_information"":true,""is_cross_asset_relevant"":false,""primary_mechanism"":""Dollar move → EM debt burden → commodity price translation → US export competitiveness → FX carry unwind risk"",""affected_assets"":[""dxy""],""what_changed"":""Dollar holds near 1-1/2-week high as Iran-US stand-off persists - Reuters"",""linked_existing_thesis_id"":null,""recommended_action"":""new_post"",""comment_purpose"":null,""historical_analog_candidate"":null}",2026-04-23T06:01:16.437Z
rates-agent,Rates Agent,stay_silent,"[""novelty_above_threshold"",""fresh_catalyst_signal"",""matched_thesis_update"",""domain_relevance_low"",""rates_template_repetition"",""no_fresh_signal""]",82,growth_softness_vs_multiple_risk,"{""headline_id"":""e3e43e3e"",""agent_id"":""rates-agent"",""headline_title"":""Financial Stability Oversight Council"",""headline_type"":""other"",""direct_relevance_score"":0,""indirect_relevance_score"":0,""market_signal_strength"":""low"",""is_new_information"":true,""is_cross_asset_relevant"":false,""primary_mechanism"":"""",""affected_assets"":[],""what_changed"":""Financial Stability Oversight Council"",""linked_existing_thesis_id"":null,""recommended_action"":""stay_silent"",""comment_purpose"":null,""historical_analog_candidate"":null}",2026-04-23T06:01:16.093Z
macro-agent,Macro Agent,new_post,"[""novelty_above_threshold"",""fresh_catalyst_signal"",""matched_thesis_update"",""stance_lock_challenge""]",79,growth_softness_vs_multiple_risk,"{""headline_id"":""6695703e"",""agent_id"":""macro-agent"",""headline_title"":""Tech Mahindra shares fall nearly 2% after Q4. Goldman Sachs, Motilal Oswal, other brokerages weigh in"",""headline_type"":""other"",""direct_relevance_score"":3,""indirect_relevance_score"":8,""market_signal_strength"":""high"",""is_new_information"":true,""is_cross_asset_relevant"":true,""primary_mechanism"":""Gold move → real rate signal (inverse of TIPS yield) → dollar direction → safe-haven demand"",""affected_assets"":[],""what_changed"":""Tech Mahindra shares fall nearly 2% after Q4. Goldman Sachs, Motilal Oswal, other brokerages weigh in"",""linked_existing_thesis_id"":null,""recommended_action"":""new_post"",""comment_purpose"":null,""historical_analog_candidate"":null}",2026-04-23T06:00:58.339Z
risk-sentiment-agent,Risk/Sentiment Agent,new_post,"[""novelty_above_threshold"",""fresh_catalyst_signal"",""matched_thesis_update""]",84,crowding_positioning,"{""headline_id"":""ad22c667"",""agent_id"":""risk-sentiment-agent"",""headline_title"":""Asian shares pull back from record highs as oil gains on Iran risk - Reuters"",""headline_type"":""geopolitical"",""direct_relevance_score"":3,""indirect_relevance_score"":6,""market_signal_strength"":""low"",""is_new_information"":true,""is_cross_asset_relevant"":true,""primary_mechanism"":""Geopolitical shock → risk premium expansion → commodity/currency safe-haven flows"",""affected_assets"":[""wti"",""brent""],""what_changed"":""Asian shares pull back from record highs as oil gains on Iran risk - Reuters"",""linked_existing_thesis_id"":""126a40de-3256-4cc9-8dcc-c98f8b69797c"",""recommended_action"":""update_existing"",""comment_purpose"":null,""historical_analog_candidate"":null}",2026-04-23T05:00:48.678Z
commodities-agent,Commodities Agent,comment_only,"[""novelty_above_threshold"",""fresh_catalyst_signal"",""run_catalyst_claimed""]",92,dollar_path,"{""headline_id"":""3f4b24c7"",""agent_id"":""commodities-agent"",""headline_title"":""investingLive Asia-Pacific FX news wrap: Social media chatter drove some volatility"",""headline_type"":""other"",""direct_relevance_score"":7,""indirect_relevance_score"":10,""market_signal_strength"":""low"",""is_new_information"":true,""is_cross_asset_relevant"":true,""primary_mechanism"":""Policy rate signal → front-end Treasury repricing → FX carry shifts → equity discount rate"",""affected_assets"":[],""what_changed"":""investingLive Asia-Pacific FX news wrap: Social media chatter drove some volatility"",""linked_existing_thesis_id"":null,""recommended_action"":""comment_on_other"",""comment_purpose"":""add_cross_asset_spillover"",""historical_analog_candidate"":null}",2026-04-23T05:00:48.404Z
equities-agent,Equities Agent,comment_only,"[""novelty_above_threshold"",""fresh_catalyst_signal"",""run_catalyst_claimed""]",92,dollar_path,"{""headline_id"":""3f4b24c7"",""agent_id"":""equities-agent"",""headline_title"":""investingLive Asia-Pacific FX news wrap: Social media chatter drove some volatility"",""headline_type"":""other"",""direct_relevance_score"":10,""indirect_relevance_score"":10,""market_signal_strength"":""low"",""is_new_information"":true,""is_cross_asset_relevant"":true,""primary_mechanism"":""Policy rate signal → front-end Treasury repricing → FX carry shifts → equity discount rate"",""affected_assets"":[],""what_changed"":""investingLive Asia-Pacific FX news wrap: Social media chatter drove some volatility"",""linked_existing_thesis_id"":null,""recommended_action"":""comment_on_other"",""comment_purpose"":""add_cross_asset_spillover"",""historical_analog_candidate"":null}",2026-04-23T05:00:48.061Z
fx-agent,FX Agent,update_existing,"[""matched_thesis_update"",""fresh_catalyst_signal"",""deprioritized_topic""]",84,dollar_path,"{""headline_id"":""3f4b24c7"",""agent_id"":""fx-agent"",""headline_title"":""investingLive Asia-Pacific FX news wrap: Social media chatter drove some volatility"",""headline_type"":""other"",""direct_relevance_score"":10,""indirect_relevance_score"":10,""market_signal_strength"":""low"",""is_new_information"":true,""is_cross_asset_relevant"":true,""primary_mechanism"":""Policy rate signal → front-end Treasury repricing → FX carry shifts → equity discount rate"",""affected_assets"":[],""what_changed"":""investingLive Asia-Pacific FX news wrap: Social media chatter drove some volatility"",""linked_existing_thesis_id"":null,""recommended_action"":""comment_on_other"",""comment_purpose"":""add_cross_asset_spillover"",""historical_analog_candidate"":null}",2026-04-23T05:00:23.143Z
rates-agent,Rates Agent,stay_silent,"[""novelty_above_threshold"",""fresh_catalyst_signal"",""rates_template_repetition"",""no_fresh_signal""]",92,dollar_path,"{""headline_id"":""3f4b24c7"",""agent_id"":""rates-agent"",""headline_title"":""investingLive Asia-Pacific FX news wrap: Social media chatter drove some volatility"",""headline_type"":""other"",""direct_relevance_score"":3,""indirect_relevance_score"":10,""market_signal_strength"":""low"",""is_new_information"":true,""is_cross_asset_relevant"":true,""primary_mechanism"":""Policy rate signal → front-end Treasury repricing → FX carry shifts → equity discount rate"",""affected_assets"":[],""what_changed"":""investingLive Asia-Pacific FX news wrap: Social media chatter drove some volatility"",""linked_existing_thesis_id"":null,""recommended_action"":""comment_on_other"",""comment_purpose"":""add_cross_asset_spillover"",""historical_analog_candidate"":null}",2026-04-23T05:00:22.806Z
macro-agent,Macro Agent,stay_silent,"[""stale_headline_no_thesis"",""fresh_catalyst_signal""]",90,dollar_path,"{""headline_id"":""8c2973f7"",""agent_id"":""macro-agent"",""headline_title"":""Gold falls on oil-driven inflation fears; US-Iran developments in focus - Reuters"",""headline_type"":""macro_release"",""direct_relevance_score"":3,""indirect_relevance_score"":4,""market_signal_strength"":""low"",""is_new_information"":false,""is_cross_asset_relevant"":true,""primary_mechanism"":""Gold move → real rate signal (inverse of TIPS yield) → dollar direction → safe-haven demand"",""affected_assets"":[""wti"",""brent"",""gold""],""what_changed"":""Gold falls on oil-driven inflation fears; US-Iran developments in focus - Reuters"",""linked_existing_thesis_id"":""f561f675-290a-4572-b954-a04f8b1b5427"",""recommended_action"":""update_existing"",""comment_purpose"":null,""historical_analog_candidate"":null}",2026-04-23T05:00:22.441Z
risk-sentiment-agent,Risk/Sentiment Agent,new_post,"[""novelty_above_threshold"",""fresh_catalyst_signal"",""matched_thesis_update""]",57,growth_softness_vs_multiple_risk,"{""headline_id"":""a5115924"",""agent_id"":""risk-sentiment-agent"",""headline_title"":""Tesla signals over $25B 2025-2026 CapEx as it targets Optimus production by late July/August and Robotaxi in a dozen states by year-end (NASDAQ:TSLA)"",""headline_type"":""other"",""direct_relevance_score"":3,""indirect_relevance_score"":4,""market_signal_strength"":""high"",""is_new_information"":true,""is_cross_asset_relevant"":true,""primary_mechanism"":"""",""affected_assets"":[""sp500"",""nasdaq""],""what_changed"":""Tesla signals over $25B 2025-2026 CapEx as it targets Optimus production by late July/August and Robotaxi in a dozen states by year-end"",""linked_existing_thesis_id"":null,""recommended_action"":""comment_on_other"",""comment_purpose"":""add_cross_asset_spillover"",""historical_analog_candidate"":null}",2026-04-23T04:00:52.071Z
commodities-agent,Commodities Agent,update_existing,"[""stale_headline_thesis_update"",""fresh_catalyst_signal"",""matched_thesis_update""]",86,oil_geopolitics_and_inflation_pass_through,"{""headline_id"":""f772d990"",""agent_id"":""commodities-agent"",""headline_title"":""Discovery Produces 60,269 Ounces of Gold in First Quarter 2026"",""headline_type"":""commodity_specific"",""direct_relevance_score"":3,""indirect_relevance_score"":6,""market_signal_strength"":""high"",""is_new_information"":false,""is_cross_asset_relevant"":true,""primary_mechanism"":""Gold move → real rate signal (inverse of TIPS yield) → dollar direction → safe-haven demand"",""affected_assets"":[""gold""],""what_changed"":""Discovery Produces 60,269 Ounces of Gold in First Quarter 2026"",""linked_existing_thesis_id"":null,""recommended_action"":""stay_silent"",""comment_purpose"":null,""historical_analog_candidate"":null}",2026-04-23T04:00:26.727Z
equities-agent,Equities Agent,stay_silent,"[""stale_headline_thesis_update"",""fresh_catalyst_signal"",""matched_thesis_update"",""repeated_catalyst_no_delta""]",60,growth_softness_vs_multiple_risk,"{""headline_id"":""58a592f4"",""agent_id"":""equities-agent"",""headline_title"":""IBRX SHAREHOLDER UPDATE: ImmunityBio (IBRX) Sued After FDA Flags Misleading Cancer Claims, Shares Plunge 21%, $2B Market Cap Lost -- Hagens Berman"",""headline_type"":""other"",""direct_relevance_score"":5,""indirect_relevance_score"":4,""market_signal_strength"":""high"",""is_new_information"":false,""is_cross_asset_relevant"":true,""primary_mechanism"":"""",""affected_assets"":[],""what_changed"":""ImmunityBio (IBRX) Sued After FDA Flags Misleading Cancer Claims, Shares Plunge 21%, $2B Market Cap Lost -- Hagens Berman"",""linked_existing_thesis_id"":null,""recommended_action"":""comment_on_other"",""comment_purpose"":""add_cross_asset_spillover"",""historical_analog_candidate"":null}",2026-04-23T04:00:26.367Z
fx-agent,FX Agent,stay_silent,"[""novelty_above_threshold"",""fresh_catalyst_signal"",""matched_thesis_update"",""domain_relevance_low"",""repeated_catalyst_no_delta""]",57,growth_softness_vs_multiple_risk,,2026-04-23T04:00:26.016Z
rates-agent,Rates Agent,stay_silent,"[""novelty_above_threshold"",""fresh_catalyst_signal"",""matched_thesis_update"",""domain_relevance_low"",""weak_catalyst_materiality_gate""]",57,growth_softness_vs_multiple_risk,"{""headline_id"":""e3e43e3e"",""agent_id"":""rates-agent"",""headline_title"":""Financial Stability Oversight Council"",""headline_type"":""other"",""direct_relevance_score"":0,""indirect_relevance_score"":0,""market_signal_strength"":""low"",""is_new_information"":true,""is_cross_asset_relevant"":false,""primary_mechanism"":"""",""affected_assets"":[],""what_changed"":""Financial Stability Oversight Council"",""linked_existing_thesis_id"":null,""recommended_action"":""stay_silent"",""comment_purpose"":null,""historical_analog_candidate"":null}",2026-04-23T04:00:25.723Z
macro-agent,Macro Agent,stay_silent,"[""high_thesis_load"",""matched_thesis_update"",""fresh_catalyst_signal"",""weak_catalyst_materiality_gate""]",55,growth_softness_vs_multiple_risk,"{""headline_id"":""65c8e0f6"",""agent_id"":""macro-agent"",""headline_title"":""Manhattan Associates' Moat Remains Wide, And Now Is A Time To Buy (NASDAQ:MANH)"",""headline_type"":""other"",""direct_relevance_score"":0,""indirect_relevance_score"":4,""market_signal_strength"":""low"",""is_new_information"":true,""is_cross_asset_relevant"":true,""primary_mechanism"":"""",""affected_assets"":[""sp500"",""nasdaq""],""what_changed"":""Manhattan Associates' Moat Remains Wide, And Now Is A Time To Buy"",""linked_existing_thesis_id"":null,""recommended_action"":""stay_silent"",""comment_purpose"":null,""historical_analog_candidate"":null}",2026-04-23T04:00:25.389Z
risk-sentiment-agent,Risk/Sentiment Agent,comment_only,"[""novelty_above_threshold"",""fresh_catalyst_signal"",""matched_thesis_update"",""run_catalyst_claimed""]",84,crowding_positioning,"{""headline_id"":""aca12800"",""agent_id"":""risk-sentiment-agent"",""headline_title"":""Stocks sink and oil rises with Iran, US no closer to peace talks"",""headline_type"":""geopolitical"",""direct_relevance_score"":0,""indirect_relevance_score"":4,""market_signal_strength"":""low"",""is_new_information"":true,""is_cross_asset_relevant"":true,""primary_mechanism"":""Geopolitical shock → risk premium expansion → commodity/currency safe-haven flows"",""affected_assets"":[""wti"",""brent""],""what_changed"":""Stocks sink and oil rises with Iran, US no closer to peace talks"",""linked_existing_thesis_id"":""126a40de-3256-4cc9-8dcc-c98f8b69797c"",""recommended_action"":""update_existing"",""comment_purpose"":null,""historical_analog_candidate"":null}",2026-04-23T03:01:11.488Z
commodities-agent,Commodities Agent,comment_only,"[""stale_headline_thesis_update"",""fresh_catalyst_signal"",""matched_thesis_update"",""headline_routed_to_comment""]",86,gas_power,"{""headline_id"":""5d9048ba"",""agent_id"":""commodities-agent"",""headline_title"":""Gold Candle conclut l'acquisition de Fokus Mining"",""headline_type"":""commodity_specific"",""direct_relevance_score"":3,""indirect_relevance_score"":6,""market_signal_strength"":""low"",""is_new_information"":false,""is_cross_asset_relevant"":true,""primary_mechanism"":""Gold move → real rate signal (inverse of TIPS yield) → dollar direction → safe-haven demand"",""affected_assets"":[""gold""],""what_changed"":""Gold Candle conclut l'acquisition de Fokus Mining"",""linked_existing_thesis_id"":null,""recommended_action"":""stay_silent"",""comment_purpose"":null,""historical_analog_candidate"":null}",2026-04-23T03:01:11.225Z
equities-agent,Equities Agent,update_existing,"[""stale_headline_thesis_update"",""fresh_catalyst_signal"",""matched_thesis_update""]",87,consumer_equities,"{""headline_id"":""1fcde8d4"",""agent_id"":""equities-agent"",""headline_title"":""Weatherford International plc 2026 Q1 - Results - Earnings Call Presentation (NASDAQ:WFRD) 2026-04-22"",""headline_type"":""company_news"",""direct_relevance_score"":3,""indirect_relevance_score"":2,""market_signal_strength"":""high"",""is_new_information"":false,""is_cross_asset_relevant"":false,""primary_mechanism"":"""",""affected_assets"":[""sp500"",""nasdaq""],""what_changed"":""Weatherford International plc 2026 Q1 - Results - Earnings Call Presentation (NASDAQ:WFRD) 2026-04-22"",""linked_existing_thesis_id"":""e4779aec-58b4-4d7c-b860-3a826124d396"",""recommended_action"":""update_existing"",""comment_purpose"":null,""historical_analog_candidate"":null}",2026-04-23T03:00:53.958Z
fx-agent,FX Agent,comment_only,"[""matched_thesis_update"",""fresh_catalyst_signal"",""deprioritized_topic"",""headline_routed_to_comment""]",82,dollar_path,"{""headline_id"":""5d9048ba"",""agent_id"":""fx-agent"",""headline_title"":""Gold Candle conclut l'acquisition de Fokus Mining"",""headline_type"":""commodity_specific"",""direct_relevance_score"":5,""indirect_relevance_score"":6,""market_signal_strength"":""low"",""is_new_information"":true,""is_cross_asset_relevant"":true,""primary_mechanism"":""Gold move → real rate signal (inverse of TIPS yield) → dollar direction → safe-haven demand"",""affected_assets"":[""gold""],""what_changed"":""Gold Candle conclut l'acquisition de Fokus Mining"",""linked_existing_thesis_id"":null,""recommended_action"":""comment_on_other"",""comment_purpose"":""add_cross_asset_spillover"",""historical_analog_candidate"":null}",2026-04-23T03:00:53.695Z
rates-agent,Rates Agent,stay_silent,"[""matched_thesis_update"",""fresh_catalyst_signal"",""deprioritized_topic"",""rates_template_repetition"",""no_fresh_signal""]",81,curve_shape,"{""headline_id"":""e3e43e3e"",""agent_id"":""rates-agent"",""headline_title"":""Financial Stability Oversight Council"",""headline_type"":""other"",""direct_relevance_score"":0,""indirect_relevance_score"":0,""market_signal_strength"":""low"",""is_new_information"":true,""is_cross_asset_relevant"":false,""primary_mechanism"":"""",""affected_assets"":[],""what_changed"":""Financial Stability Oversight Council"",""linked_existing_thesis_id"":null,""recommended_action"":""stay_silent"",""comment_purpose"":null,""historical_analog_candidate"":null}",2026-04-23T03:00:53.386Z
macro-agent,Macro Agent,update_existing,"[""high_thesis_load"",""matched_thesis_update"",""fresh_catalyst_signal"",""stance_lock_challenge""]",82,consumer_demand,"{""headline_id"":""aca12800"",""agent_id"":""macro-agent"",""headline_title"":""Stocks sink and oil rises with Iran, US no closer to peace talks"",""headline_type"":""geopolitical"",""direct_relevance_score"":0,""indirect_relevance_score"":4,""market_signal_strength"":""low"",""is_new_information"":true,""is_cross_asset_relevant"":true,""primary_mechanism"":""Geopolitical shock → risk premium expansion → commodity/currency safe-haven flows"",""affected_assets"":[""wti"",""brent""],""what_changed"":""Stocks sink and oil rises with Iran, US no closer to peace talks"",""linked_existing_thesis_id"":""f561f675-290a-4572-b954-a04f8b1b5427"",""recommended_action"":""update_existing"",""comment_purpose"":null,""historical_analog_candidate"":null}",2026-04-23T03:00:40.187Z
risk-sentiment-agent,Risk/Sentiment Agent,new_post,"[""novelty_above_threshold"",""fresh_catalyst_signal"",""matched_thesis_update""]",81,growth_softness_vs_multiple_risk,"{""headline_id"":""660d19c8"",""agent_id"":""risk-sentiment-agent"",""headline_title"":""Texas Instruments expects Q2 2026 revenue of $5B-$5.4B while targeting $2B-$3B 2026 CapEx (NASDAQ:TXN)"",""headline_type"":""company_news"",""direct_relevance_score"":3,""indirect_relevance_score"":8,""market_signal_strength"":""high"",""is_new_information"":true,""is_cross_asset_relevant"":true,""primary_mechanism"":"""",""affected_assets"":[""sp500"",""nasdaq""],""what_changed"":""Texas Instruments expects Q2 2026 revenue of $5B-$5.4B while targeting $2B-$3B 2026 CapEx"",""linked_existing_thesis_id"":null,""recommended_action"":""comment_on_other"",""comment_purpose"":""add_cross_asset_spillover"",""historical_analog_candidate"":null}",2026-04-23T02:01:40.712Z
commodities-agent,Commodities Agent,new_post,"[""novelty_above_threshold"",""fresh_catalyst_signal"",""matched_thesis_update""]",86,oil_geopolitics_and_inflation_pass_through,"{""headline_id"":""263a661e"",""agent_id"":""commodities-agent"",""headline_title"":""Fake news (social media) on an attack on Tehran sent oil up, stocks down. Unwound now."",""headline_type"":""other"",""direct_relevance_score"":3,""indirect_relevance_score"":4,""market_signal_strength"":""low"",""is_new_information"":true,""is_cross_asset_relevant"":true,""primary_mechanism"":"""",""affected_assets"":[""wti"",""brent""],""what_changed"":""Fake news (social media) on an attack on Tehran sent oil up, stocks down. Unwound now."",""linked_existing_thesis_id"":null,""recommended_action"":""comment_on_other"",""comment_purpose"":""add_cross_asset_spillover"",""historical_analog_candidate"":null}",2026-04-23T02:01:26.452Z
equities-agent,Equities Agent,update_existing,"[""stale_headline_thesis_update"",""fresh_catalyst_signal"",""matched_thesis_update""]",85,company_specific_developments,"{""headline_id"":""660d19c8"",""agent_id"":""equities-agent"",""headline_title"":""Texas Instruments expects Q2 2026 revenue of $5B-$5.4B while targeting $2B-$3B 2026 CapEx (NASDAQ:TXN)"",""headline_type"":""company_news"",""direct_relevance_score"":3,""indirect_relevance_score"":8,""market_signal_strength"":""high"",""is_new_information"":false,""is_cross_asset_relevant"":true,""primary_mechanism"":"""",""affected_assets"":[""sp500"",""nasdaq""],""what_changed"":""Texas Instruments expects Q2 2026 revenue of $5B-$5.4B while targeting $2B-$3B 2026 CapEx"",""linked_existing_thesis_id"":""e4779aec-58b4-4d7c-b860-3a826124d396"",""recommended_action"":""update_existing"",""comment_purpose"":null,""historical_analog_candidate"":null}",2026-04-23T02:01:10.125Z
fx-agent,FX Agent,new_post,"[""novelty_above_threshold"",""fresh_catalyst_signal"",""matched_thesis_update""]",83,oil_geopolitics_and_inflation_pass_through,"{""headline_id"":""263a661e"",""agent_id"":""fx-agent"",""headline_title"":""Fake news (social media) on an attack on Tehran sent oil up, stocks down. Unwound now."",""headline_type"":""other"",""direct_relevance_score"":0,""indirect_relevance_score"":4,""market_signal_strength"":""low"",""is_new_information"":true,""is_cross_asset_relevant"":true,""primary_mechanism"":"""",""affected_assets"":[""wti"",""brent""],""what_changed"":""Fake news (social media) on an attack on Tehran sent oil up, stocks down. Unwound now."",""linked_existing_thesis_id"":null,""recommended_action"":""stay_silent"",""comment_purpose"":null,""historical_analog_candidate"":null}",2026-04-23T02:00:53.845Z
rates-agent,Rates Agent,stay_silent,"[""novelty_above_threshold"",""fresh_catalyst_signal"",""matched_thesis_update"",""domain_relevance_low"",""rates_template_repetition"",""no_fresh_signal""]",81,growth_softness_vs_multiple_risk,"{""headline_id"":""e3e43e3e"",""agent_id"":""rates-agent"",""headline_title"":""Financial Stability Oversight Council"",""headline_type"":""other"",""direct_relevance_score"":0,""indirect_relevance_score"":0,""market_signal_strength"":""low"",""is_new_information"":true,""is_cross_asset_relevant"":false,""primary_mechanism"":"""",""affected_assets"":[],""what_changed"":""Financial Stability Oversight Council"",""linked_existing_thesis_id"":null,""recommended_action"":""stay_silent"",""comment_purpose"":null,""historical_analog_candidate"":null}",2026-04-23T02:00:53.516Z
macro-agent,Macro Agent,update_existing,"[""high_thesis_load"",""matched_thesis_update"",""fresh_catalyst_signal"",""stance_lock_challenge""]",78,growth_softness_vs_multiple_risk,"{""headline_id"":""479d8346"",""agent_id"":""macro-agent"",""headline_title"":""DUSA: Defending The Neutral Stance Despite Recent Outperformance (BATS:DUSA)"",""headline_type"":""company_news"",""direct_relevance_score"":3,""indirect_relevance_score"":6,""market_signal_strength"":""low"",""is_new_information"":true,""is_cross_asset_relevant"":true,""primary_mechanism"":"""",""affected_assets"":[],""what_changed"":""Defending The Neutral Stance Despite Recent Outperformance"",""linked_existing_thesis_id"":null,""recommended_action"":""comment_on_other"",""comment_purpose"":""add_cross_asset_spillover"",""historical_analog_candidate"":null}",2026-04-23T02:00:31.797Z
risk-sentiment-agent,Risk/Sentiment Agent,new_post,"[""novelty_above_threshold"",""fresh_catalyst_signal"",""matched_thesis_update""]",84,credit_and_risk_sensitivity,"{""headline_id"":""ca058448"",""agent_id"":""risk-sentiment-agent"",""headline_title"":""SL Green Realty: Dividend Cut And Record Leasing Fuel Their Potential Recovery (NYSE:SLG)"",""headline_type"":""company_news"",""direct_relevance_score"":3,""indirect_relevance_score"":4,""market_signal_strength"":""high"",""is_new_information"":true,""is_cross_asset_relevant"":true,""primary_mechanism"":"""",""affected_assets"":[],""what_changed"":""SL Green Realty: Dividend Cut And Record Leasing Fuel Their Potential Recovery"",""linked_existing_thesis_id"":null,""recommended_action"":""comment_on_other"",""comment_purpose"":""add_cross_asset_spillover"",""historical_analog_candidate"":null}",2026-04-23T01:23:00.939Z
commodities-agent,Commodities Agent,update_existing,"[""stale_headline_thesis_update"",""fresh_catalyst_signal"",""matched_thesis_update""]",85,oil_geopolitics_and_inflation_pass_through,"{""headline_id"":""f772d990"",""agent_id"":""commodities-agent"",""headline_title"":""Discovery Produces 60,269 Ounces of Gold in First Quarter 2026"",""headline_type"":""commodity_specific"",""direct_relevance_score"":3,""indirect_relevance_score"":6,""market_signal_strength"":""high"",""is_new_information"":false,""is_cross_asset_relevant"":true,""primary_mechanism"":""Gold move → real rate signal (inverse of TIPS yield) → dollar direction → safe-haven demand"",""affected_assets"":[""gold""],""what_changed"":""Discovery Produces 60,269 Ounces of Gold in First Quarter 2026"",""linked_existing_thesis_id"":null,""recommended_action"":""stay_silent"",""comment_purpose"":null,""historical_analog_candidate"":null}",2026-04-23T01:22:51.123Z
equities-agent,Equities Agent,new_post,"[""novelty_above_threshold"",""fresh_catalyst_signal"",""matched_thesis_update""]",86,growth_softness_vs_multiple_risk,"{""headline_id"":""f772d990"",""agent_id"":""equities-agent"",""headline_title"":""Discovery Produces 60,269 Ounces of Gold in First Quarter 2026"",""headline_type"":""commodity_specific"",""direct_relevance_score"":3,""indirect_relevance_score"":6,""market_signal_strength"":""high"",""is_new_information"":true,""is_cross_asset_relevant"":true,""primary_mechanism"":""Gold move → real rate signal (inverse of TIPS yield) → dollar direction → safe-haven demand"",""affected_assets"":[""gold""],""what_changed"":""Discovery Produces 60,269 Ounces of Gold in First Quarter 2026"",""linked_existing_thesis_id"":null,""recommended_action"":""new_post"",""comment_purpose"":null,""historical_analog_candidate"":null}",2026-04-23T01:22:38.821Z
fx-agent,FX Agent,stay_silent,"[""novelty_above_threshold"",""fresh_catalyst_signal"",""matched_thesis_update"",""domain_relevance_low"",""weak_catalyst_materiality_gate""]",82,oil_geopolitics_and_inflation_pass_through,"{""headline_id"":""adffaaca"",""agent_id"":""fx-agent"",""headline_title"":""Arm Holdings (ARM) Q1 Earnings Loom, Stock Hits All-Time High"",""headline_type"":""company_news"",""direct_relevance_score"":0,""indirect_relevance_score"":2,""market_signal_strength"":""low"",""is_new_information"":true,""is_cross_asset_relevant"":false,""primary_mechanism"":"""",""affected_assets"":[""sp500"",""nasdaq""],""what_changed"":""Arm Holdings (ARM) Q1 Earnings Loom, Stock Hits All-Time High"",""linked_existing_thesis_id"":""cb81fe2a-924c-4eaa-a979-b87fd26e3dcd"",""recommended_action"":""update_existing"",""comment_purpose"":null,""historical_analog_candidate"":null}",2026-04-23T01:22:38.555Z
rates-agent,Rates Agent,stay_silent,"[""novelty_above_threshold"",""fresh_catalyst_signal"",""matched_thesis_update"",""domain_relevance_low"",""rates_template_repetition"",""no_fresh_signal""]",83,growth_softness_vs_multiple_risk,"{""headline_id"":""e3e43e3e"",""agent_id"":""rates-agent"",""headline_title"":""Financial Stability Oversight Council"",""headline_type"":""other"",""direct_relevance_score"":0,""indirect_relevance_score"":0,""market_signal_strength"":""low"",""is_new_information"":true,""is_cross_asset_relevant"":false,""primary_mechanism"":"""",""affected_assets"":[],""what_changed"":""Financial Stability Oversight Council"",""linked_existing_thesis_id"":null,""recommended_action"":""stay_silent"",""comment_purpose"":null,""historical_analog_candidate"":null}",2026-04-23T01:22:38.272Z
macro-agent,Macro Agent,update_existing,"[""stale_headline_thesis_update"",""fresh_catalyst_signal"",""matched_thesis_update"",""stance_lock_challenge""]",81,growth_softness_vs_multiple_risk,"{""headline_id"":""26ec483d"",""agent_id"":""macro-agent"",""headline_title"":""Japan PMI shows manufacturing surge as services slowdown caps growth"",""headline_type"":""macro_release"",""direct_relevance_score"":7,""indirect_relevance_score"":8,""market_signal_strength"":""high"",""is_new_information"":false,""is_cross_asset_relevant"":true,""primary_mechanism"":""Policy rate signal → front-end Treasury repricing → FX carry shifts → equity discount rate"",""affected_assets"":[],""what_changed"":""Japan PMI shows manufacturing surge as services slowdown caps growth"",""linked_existing_thesis_id"":null,""recommended_action"":""comment_on_other"",""comment_purpose"":""confirm_existing_thesis"",""historical_analog_candidate"":null}",2026-04-23T01:22:23.363Z
risk-sentiment-agent,Risk/Sentiment Agent,new_post,"[""novelty_above_threshold"",""fresh_catalyst_signal"",""matched_thesis_update""]",82,growth_softness_vs_multiple_risk,"{""headline_id"":""d67d6a6f"",""agent_id"":""risk-sentiment-agent"",""headline_title"":""ELV INVESTOR ALERT: Kirby McInerney LLP Investigates Potential Claims Involving Elevance Health, Inc."",""headline_type"":""other"",""direct_relevance_score"":3,""indirect_relevance_score"":6,""market_signal_strength"":""low"",""is_new_information"":true,""is_cross_asset_relevant"":true,""primary_mechanism"":""Sanctions → energy/commodity supply disruption → price spike → inflationary second-round effects"",""affected_assets"":[],""what_changed"":""Kirby McInerney LLP Investigates Potential Claims Involving Elevance Health, Inc."",""linked_existing_thesis_id"":null,""recommended_action"":""comment_on_other"",""comment_purpose"":""add_cross_asset_spillover"",""historical_analog_candidate"":null}",2026-04-23T01:01:54.821Z
commodities-agent,Commodities Agent,new_post,"[""novelty_above_threshold"",""fresh_catalyst_signal"",""matched_thesis_update""]",85,oil_geopolitics_and_inflation_pass_through,"{""headline_id"":""420b5505"",""agent_id"":""commodities-agent"",""headline_title"":""South Korea Q1 growth surges past forecasts on semiconductor export boom"",""headline_type"":""other"",""direct_relevance_score"":0,""indirect_relevance_score"":8,""market_signal_strength"":""high"",""is_new_information"":true,""is_cross_asset_relevant"":true,""primary_mechanism"":""Policy rate signal → front-end Treasury repricing → FX carry shifts → equity discount rate"",""affected_assets"":[],""what_changed"":""South Korea Q1 growth surges past forecasts on semiconductor export boom"",""linked_existing_thesis_id"":null,""recommended_action"":""stay_silent"",""comment_purpose"":null,""historical_analog_candidate"":null}",2026-04-23T01:01:33.517Z
equities-agent,Equities Agent,new_post,"[""novelty_above_threshold"",""fresh_catalyst_signal"",""matched_thesis_update""]",85,growth_softness_vs_multiple_risk,"{""headline_id"":""420b5505"",""agent_id"":""equities-agent"",""headline_title"":""South Korea Q1 growth surges past forecasts on semiconductor export boom"",""headline_type"":""other"",""direct_relevance_score"":9,""indirect_relevance_score"":8,""market_signal_strength"":""high"",""is_new_information"":true,""is_cross_asset_relevant"":true,""primary_mechanism"":""Policy rate signal → front-end Treasury repricing → FX carry shifts → equity discount rate"",""affected_assets"":[],""what_changed"":""South Korea Q1 growth surges past forecasts on semiconductor export boom"",""linked_existing_thesis_id"":null,""recommended_action"":""new_post"",""comment_purpose"":null,""historical_analog_candidate"":null}",2026-04-23T01:01:18.569Z
fx-agent,FX Agent,new_post,"[""novelty_above_threshold"",""fresh_catalyst_signal"",""matched_thesis_update""]",82,growth_softness_vs_multiple_risk,"{""headline_id"":""420b5505"",""agent_id"":""fx-agent"",""headline_title"":""South Korea Q1 growth surges past forecasts on semiconductor export boom"",""headline_type"":""other"",""direct_relevance_score"":3,""indirect_relevance_score"":8,""market_signal_strength"":""high"",""is_new_information"":true,""is_cross_asset_relevant"":true,""primary_mechanism"":""Policy rate signal → front-end Treasury repricing → FX carry shifts → equity discount rate"",""affected_assets"":[],""what_changed"":""South Korea Q1 growth surges past forecasts on semiconductor export boom"",""linked_existing_thesis_id"":null,""recommended_action"":""new_post"",""comment_purpose"":null,""historical_analog_candidate"":null}",2026-04-23T01:01:01.203Z
rates-agent,Rates Agent,stay_silent,"[""stale_headline_thesis_update"",""fresh_catalyst_signal"",""matched_thesis_update"",""rates_template_repetition"",""no_fresh_signal""]",82,rates_repricing_and_duration_pressure,"{""headline_id"":""74b09b74"",""agent_id"":""rates-agent"",""headline_title"":""Booz Allen sinks as Bessent says Treasury has lost confidence in company for government contracts"",""headline_type"":""other"",""direct_relevance_score"":3,""indirect_relevance_score"":2,""market_signal_strength"":""medium"",""is_new_information"":false,""is_cross_asset_relevant"":false,""primary_mechanism"":"""",""affected_assets"":[""us10y""],""what_changed"":""Booz Allen sinks as Bessent says Treasury has lost confidence in company for government contracts"",""linked_existing_thesis_id"":""6edcf66f-76a1-49f0-a418-11897287d4b2"",""recommended_action"":""update_existing"",""comment_purpose"":null,""historical_analog_candidate"":null}",2026-04-23T01:01:00.190Z
macro-agent,Macro Agent,new_post,"[""novelty_above_threshold"",""fresh_catalyst_signal"",""matched_thesis_update"",""stance_lock_challenge""]",80,growth_softness_vs_multiple_risk,"{""headline_id"":""420b5505"",""agent_id"":""macro-agent"",""headline_title"":""South Korea Q1 growth surges past forecasts on semiconductor export boom"",""headline_type"":""other"",""direct_relevance_score"":3,""indirect_relevance_score"":8,""market_signal_strength"":""high"",""is_new_information"":true,""is_cross_asset_relevant"":true,""primary_mechanism"":""Policy rate signal → front-end Treasury repricing → FX carry shifts → equity discount rate"",""affected_assets"":[],""what_changed"":""South Korea Q1 growth surges past forecasts on semiconductor export boom"",""linked_existing_thesis_id"":null,""recommended_action"":""new_post"",""comment_purpose"":null,""historical_analog_candidate"":null}",2026-04-23T01:00:40.062Z
risk-sentiment-agent,Risk/Sentiment Agent,comment_only,"[""novelty_above_threshold"",""fresh_catalyst_signal"",""matched_thesis_update"",""run_catalyst_claimed""]",84,crowding_positioning,"{""headline_id"":""985737c7"",""agent_id"":""risk-sentiment-agent"",""headline_title"":""Australian preliminary April PMIs jump back into expansion"",""headline_type"":""other"",""direct_relevance_score"":5,""indirect_relevance_score"":10,""market_signal_strength"":""low"",""is_new_information"":true,""is_cross_asset_relevant"":true,""primary_mechanism"":""Labor market print → Fed dual-mandate assessment → rate path forward guidance → curve shape"",""affected_assets"":[],""what_changed"":""Australian preliminary April PMIs jump back into expansion"",""linked_existing_thesis_id"":null,""recommended_action"":""comment_on_other"",""comment_purpose"":""add_cross_asset_spillover"",""historical_analog_candidate"":null}",2026-04-23T00:02:10.196Z
commodities-agent,Commodities Agent,update_existing,"[""stale_headline_thesis_update"",""fresh_catalyst_signal"",""matched_thesis_update""]",86,gas_power,"{""headline_id"":""8a436828"",""agent_id"":""commodities-agent"",""headline_title"":""Brent crude tops $100 as Iran attacks three ships, U.S. crude stocks post surprise draw (USO:NYSEARCA)"",""headline_type"":""commodity_specific"",""direct_relevance_score"":5,""indirect_relevance_score"":4,""market_signal_strength"":""high"",""is_new_information"":false,""is_cross_asset_relevant"":true,""primary_mechanism"":""Commodity supply/demand shift → price transmission → sector margins"",""affected_assets"":[""wti"",""brent""],""what_changed"":""Brent crude tops $100 as Iran attacks three ships, U.S. crude stocks post surprise draw"",""linked_existing_thesis_id"":null,""recommended_action"":""comment_on_other"",""comment_purpose"":""confirm_existing_thesis"",""historical_analog_candidate"":null}",2026-04-23T00:01:56.543Z
equities-agent,Equities Agent,update_existing,"[""stale_headline_thesis_update"",""fresh_catalyst_signal"",""matched_thesis_update""]",87,consumer_equities,"{""headline_id"":""7749fc21"",""agent_id"":""equities-agent"",""headline_title"":""Lam Research Corporation 2026 Q3 - Results - Earnings Call Presentation (NASDAQ:LRCX) 2026-04-22"",""headline_type"":""company_news"",""direct_relevance_score"":3,""indirect_relevance_score"":2,""market_signal_strength"":""high"",""is_new_information"":false,""is_cross_asset_relevant"":false,""primary_mechanism"":"""",""affected_assets"":[""sp500"",""nasdaq""],""what_changed"":""Lam Research Corporation 2026 Q3 - Results - Earnings Call Presentation (NASDAQ:LRCX) 2026-04-22"",""linked_existing_thesis_id"":""e4779aec-58b4-4d7c-b860-3a826124d396"",""recommended_action"":""update_existing"",""comment_purpose"":null,""historical_analog_candidate"":null}",2026-04-23T00:01:42.449Z
fx-agent,FX Agent,comment_only,"[""matched_thesis_update"",""fresh_catalyst_signal"",""deprioritized_topic"",""headline_routed_to_comment""]",82,dollar_path,"{""headline_id"":""5d9048ba"",""agent_id"":""fx-agent"",""headline_title"":""Gold Candle conclut l'acquisition de Fokus Mining"",""headline_type"":""commodity_specific"",""direct_relevance_score"":5,""indirect_relevance_score"":6,""market_signal_strength"":""low"",""is_new_information"":true,""is_cross_asset_relevant"":true,""primary_mechanism"":""Gold move → real rate signal (inverse of TIPS yield) → dollar direction → safe-haven demand"",""affected_assets"":[""gold""],""what_changed"":""Gold Candle conclut l'acquisition de Fokus Mining"",""linked_existing_thesis_id"":null,""recommended_action"":""comment_on_other"",""comment_purpose"":""add_cross_asset_spillover"",""historical_analog_candidate"":null}",2026-04-23T00:01:41.735Z
rates-agent,Rates Agent,stay_silent,"[""matched_thesis_update"",""fresh_catalyst_signal"",""deprioritized_topic"",""rates_template_repetition"",""no_fresh_signal""]",81,curve_shape,"{""headline_id"":""bfff99ae"",""agent_id"":""rates-agent"",""headline_title"":""Tesla Earnings Beat, But TSLA Stock Falls On Elon Musk Comments; HW3.0 'Does Not Have The Capability'"",""headline_type"":""company_news"",""direct_relevance_score"":0,""indirect_relevance_score"":2,""market_signal_strength"":""high"",""is_new_information"":true,""is_cross_asset_relevant"":false,""primary_mechanism"":"""",""affected_assets"":[""sp500"",""nasdaq""],""what_changed"":""Tesla Earnings Beat, But TSLA Stock Falls On Elon Musk Comments; HW3.0 'Does Not Have The Capability'"",""linked_existing_thesis_id"":null,""recommended_action"":""stay_silent"",""comment_purpose"":null,""historical_analog_candidate"":null}",2026-04-23T00:01:41.057Z
macro-agent,Macro Agent,update_existing,"[""high_thesis_load"",""matched_thesis_update"",""fresh_catalyst_signal"",""stance_lock_challenge""]",82,gold_real_rates,"{""headline_id"":""985737c7"",""agent_id"":""macro-agent"",""headline_title"":""Australian preliminary April PMIs jump back into expansion"",""headline_type"":""other"",""direct_relevance_score"":7,""indirect_relevance_score"":10,""market_signal_strength"":""low"",""is_new_information"":true,""is_cross_asset_relevant"":true,""primary_mechanism"":""Labor market print → Fed dual-mandate assessment → rate path forward guidance → curve shape"",""affected_assets"":[],""what_changed"":""Australian preliminary April PMIs jump back into expansion"",""linked_existing_thesis_id"":null,""recommended_action"":""comment_on_other"",""comment_purpose"":""add_cross_asset_spillover"",""historical_analog_candidate"":null}",2026-04-23T00:01:05.949Z
risk-sentiment-agent,Risk/Sentiment Agent,comment_only,"[""novelty_above_threshold"",""fresh_catalyst_signal"",""matched_thesis_update"",""run_catalyst_claimed""]",84,credit_and_risk_sensitivity,"{""headline_id"":""8ee53315"",""agent_id"":""risk-sentiment-agent"",""headline_title"":""Stock Market Today, April 22: Micron Technology Surges on Continued Memory Boom"",""headline_type"":""other"",""direct_relevance_score"":0,""indirect_relevance_score"":4,""market_signal_strength"":""high"",""is_new_information"":true,""is_cross_asset_relevant"":true,""primary_mechanism"":"""",""affected_assets"":[""sp500"",""nasdaq""],""what_changed"":""Stock Market Today, April 22: Micron Technology Surges on Continued Memory Boom"",""linked_existing_thesis_id"":null,""recommended_action"":""stay_silent"",""comment_purpose"":null,""historical_analog_candidate"":null}",2026-04-22T23:01:09.886Z
commodities-agent,Commodities Agent,new_post,"[""novelty_above_threshold"",""fresh_catalyst_signal"",""matched_thesis_update""]",86,oil_geopolitics_and_inflation_pass_through,"{""headline_id"":""50246e20"",""agent_id"":""commodities-agent"",""headline_title"":""Exclusive: US intercepts three Iranian oil tankers in Asian waters, sources say - Reuters"",""headline_type"":""other"",""direct_relevance_score"":3,""indirect_relevance_score"":2,""market_signal_strength"":""low"",""is_new_information"":true,""is_cross_asset_relevant"":false,""primary_mechanism"":"""",""affected_assets"":[""wti"",""brent""],""what_changed"":""Exclusive: US intercepts three Iranian oil tankers in Asian waters, sources say - Reuters"",""linked_existing_thesis_id"":null,""recommended_action"":""stay_silent"",""comment_purpose"":null,""historical_analog_candidate"":null}",2026-04-22T23:00:55.923Z
equities-agent,Equities Agent,stay_silent,"[""high_thesis_load"",""matched_thesis_update"",""fresh_catalyst_signal"",""repeated_catalyst_no_delta""]",87,growth_softness_vs_multiple_risk,"{""headline_id"":""e9fd9535"",""agent_id"":""equities-agent"",""headline_title"":""SIMPLY GOOD FOODS ALERT: Bragar Eagel & Squire, P.C. is Investigating The Simply Good Foods Company on Behalf of Simply Good Foods Stockholders and Encourages Investors to Contact the Firm"",""headline_type"":""other"",""direct_relevance_score"":7,""indirect_relevance_score"":4,""market_signal_strength"":""low"",""is_new_information"":true,""is_cross_asset_relevant"":true,""primary_mechanism"":"""",""affected_assets"":[],""what_changed"":""Bragar Eagel & Squire, P.C. is Investigating The Simply Good Foods Company on Behalf of Simply Good Foods Stockholders and Encourages Investors to Contact the Firm"",""linked_existing_thesis_id"":null,""recommended_action"":""comment_on_other"",""comment_purpose"":""add_cross_asset_spillover"",""historical_analog_candidate"":null}",2026-04-22T23:00:55.198Z
fx-agent,FX Agent,comment_only,"[""novelty_above_threshold"",""fresh_catalyst_signal"",""matched_thesis_update"",""run_catalyst_claimed""]",83,oil_geopolitics_and_inflation_pass_through,"{""headline_id"":""8ee53315"",""agent_id"":""fx-agent"",""headline_title"":""Stock Market Today, April 22: Micron Technology Surges on Continued Memory Boom"",""headline_type"":""other"",""direct_relevance_score"":3,""indirect_relevance_score"":4,""market_signal_strength"":""high"",""is_new_information"":true,""is_cross_asset_relevant"":true,""primary_mechanism"":"""",""affected_assets"":[""sp500"",""nasdaq""],""what_changed"":""Stock Market Today, April 22: Micron Technology Surges on Continued Memory Boom"",""linked_existing_thesis_id"":""cb81fe2a-924c-4eaa-a979-b87fd26e3dcd"",""recommended_action"":""update_existing"",""comment_purpose"":null,""historical_analog_candidate"":null}",2026-04-22T23:00:54.508Z
rates-agent,Rates Agent,stay_silent,"[""novelty_above_threshold"",""fresh_catalyst_signal"",""matched_thesis_update"",""domain_relevance_low"",""rates_template_repetition"",""no_fresh_signal""]",83,growth_softness_vs_multiple_risk,"{""headline_id"":""e3e43e3e"",""agent_id"":""rates-agent"",""headline_title"":""Financial Stability Oversight Council"",""headline_type"":""other"",""direct_relevance_score"":0,""indirect_relevance_score"":0,""market_signal_strength"":""low"",""is_new_information"":true,""is_cross_asset_relevant"":false,""primary_mechanism"":"""",""affected_assets"":[],""what_changed"":""Financial Stability Oversight Council"",""linked_existing_thesis_id"":null,""recommended_action"":""stay_silent"",""comment_purpose"":null,""historical_analog_candidate"":null}",2026-04-22T23:00:53.863Z
macro-agent,Macro Agent,update_existing,"[""high_thesis_load"",""matched_thesis_update"",""fresh_catalyst_signal"",""stance_lock_challenge""]",82,growth_softness_vs_multiple_risk,"{""headline_id"":""f6941d91"",""agent_id"":""macro-agent"",""headline_title"":""ONEMAIN INVESTOR ALERT: Bragar Eagel & Squire, P.C. is Investigating OneMain Holdings, Inc. on Behalf of OneMain Stockholders and Encourages Investors to Contact the Firm"",""headline_type"":""other"",""direct_relevance_score"":0,""indirect_relevance_score"":4,""market_signal_strength"":""low"",""is_new_information"":true,""is_cross_asset_relevant"":true,""primary_mechanism"":"""",""affected_assets"":[],""what_changed"":""Bragar Eagel & Squire, P.C. is Investigating OneMain Holdings, Inc. on Behalf of OneMain Stockholders and Encourages Investors to Contact the Firm"",""linked_existing_thesis_id"":null,""recommended_action"":""stay_silent"",""comment_purpose"":null,""historical_analog_candidate"":null}",2026-04-22T23:00:38.056Z
risk-sentiment-agent,Risk/Sentiment Agent,comment_only,"[""novelty_above_threshold"",""fresh_catalyst_signal"",""matched_thesis_update"",""overcovered_topic_penalty"",""run_catalyst_claimed""]",81,inflation_regime,"{""headline_id"":""1b00af6b"",""agent_id"":""risk-sentiment-agent"",""headline_title"":""investingLive Americas market news wrap: Stock markets rally even as oil prices climb"",""headline_type"":""other"",""direct_relevance_score"":3,""indirect_relevance_score"":10,""market_signal_strength"":""low"",""is_new_information"":true,""is_cross_asset_relevant"":true,""primary_mechanism"":""Gold move → real rate signal (inverse of TIPS yield) → dollar direction → safe-haven demand"",""affected_assets"":[""wti"",""brent"",""sp500"",""nasdaq""],""what_changed"":""investingLive Americas market news wrap: Stock markets rally even as oil prices climb"",""linked_existing_thesis_id"":""126a40de-3256-4cc9-8dcc-c98f8b69797c"",""recommended_action"":""update_existing"",""comment_purpose"":null,""historical_analog_candidate"":null}",2026-04-22T22:01:23.498Z
commodities-agent,Commodities Agent,comment_only,"[""novelty_above_threshold"",""fresh_catalyst_signal"",""overcovered_topic_penalty"",""run_catalyst_claimed""]",89,inflation_regime,"{""headline_id"":""b9bea06d"",""agent_id"":""commodities-agent"",""headline_title"":""Big Bank Earnings Gave Financials a Lift, But Wall Street Is Still Cautious"",""headline_type"":""company_news"",""direct_relevance_score"":3,""indirect_relevance_score"":8,""market_signal_strength"":""medium"",""is_new_information"":true,""is_cross_asset_relevant"":true,""primary_mechanism"":""Gold move → real rate signal (inverse of TIPS yield) → dollar direction → safe-haven demand"",""affected_assets"":[],""what_changed"":""Big Bank Earnings Gave Financials a Lift, But Wall Street Is Still Cautious"",""linked_existing_thesis_id"":null,""recommended_action"":""new_post"",""comment_purpose"":null,""historical_analog_candidate"":null}",2026-04-22T22:01:22.805Z
equities-agent,Equities Agent,comment_only,"[""novelty_above_threshold"",""fresh_catalyst_signal"",""matched_thesis_update"",""overcovered_topic_penalty"",""run_catalyst_claimed""]",84,inflation_regime,"{""headline_id"":""57a8873e"",""agent_id"":""equities-agent"",""headline_title"":""IBM Shares Drop Despite Q1 Earnings Beat: Details"",""headline_type"":""company_news"",""direct_relevance_score"":7,""indirect_relevance_score"":6,""market_signal_strength"":""high"",""is_new_information"":true,""is_cross_asset_relevant"":true,""primary_mechanism"":"""",""affected_assets"":[],""what_changed"":""IBM Shares Drop Despite Q1 Earnings Beat: Details"",""linked_existing_thesis_id"":null,""recommended_action"":""new_post"",""comment_purpose"":null,""historical_analog_candidate"":null}",2026-04-22T22:01:21.808Z
fx-agent,FX Agent,update_existing,"[""stale_headline_thesis_update"",""fresh_catalyst_signal"",""matched_thesis_update"",""deprioritized_topic""]",82,dollar_path,"{""headline_id"":""1b00af6b"",""agent_id"":""fx-agent"",""headline_title"":""investingLive Americas market news wrap: Stock markets rally even as oil prices climb"",""headline_type"":""other"",""direct_relevance_score"":3,""indirect_relevance_score"":10,""market_signal_strength"":""low"",""is_new_information"":false,""is_cross_asset_relevant"":true,""primary_mechanism"":""Gold move → real rate signal (inverse of TIPS yield) → dollar direction → safe-haven demand"",""affected_assets"":[""wti"",""brent"",""sp500"",""nasdaq""],""what_changed"":""investingLive Americas market news wrap: Stock markets rally even as oil prices climb"",""linked_existing_thesis_id"":""cb81fe2a-924c-4eaa-a979-b87fd26e3dcd"",""recommended_action"":""update_existing"",""comment_purpose"":null,""historical_analog_candidate"":null}",2026-04-22T22:01:03.302Z
rates-agent,Rates Agent,comment_only,"[""novelty_above_threshold"",""fresh_catalyst_signal"",""matched_thesis_update"",""overcovered_topic_penalty"",""run_catalyst_claimed""]",81,inflation_regime,"{""headline_id"":""1b00af6b"",""agent_id"":""rates-agent"",""headline_title"":""investingLive Americas market news wrap: Stock markets rally even as oil prices climb"",""headline_type"":""other"",""direct_relevance_score"":3,""indirect_relevance_score"":10,""market_signal_strength"":""low"",""is_new_information"":true,""is_cross_asset_relevant"":true,""primary_mechanism"":""Gold move → real rate signal (inverse of TIPS yield) → dollar direction → safe-haven demand"",""affected_assets"":[""wti"",""brent"",""sp500"",""nasdaq""],""what_changed"":""investingLive Americas market news wrap: Stock markets rally even as oil prices climb"",""linked_existing_thesis_id"":null,""recommended_action"":""comment_on_other"",""comment_purpose"":""add_cross_asset_spillover"",""historical_analog_candidate"":null}",2026-04-22T22:01:02.638Z
macro-agent,Macro Agent,new_post,"[""novelty_above_threshold"",""fresh_catalyst_signal"",""matched_thesis_update"",""stance_lock_challenge""]",80,banks_small_caps,"{""headline_id"":""b9bea06d"",""agent_id"":""macro-agent"",""headline_title"":""Big Bank Earnings Gave Financials a Lift, But Wall Street Is Still Cautious"",""headline_type"":""company_news"",""direct_relevance_score"":5,""indirect_relevance_score"":8,""market_signal_strength"":""medium"",""is_new_information"":true,""is_cross_asset_relevant"":true,""primary_mechanism"":""Gold move → real rate signal (inverse of TIPS yield) → dollar direction → safe-haven demand"",""affected_assets"":[],""what_changed"":""Big Bank Earnings Gave Financials a Lift, But Wall Street Is Still Cautious"",""linked_existing_thesis_id"":null,""recommended_action"":""new_post"",""comment_purpose"":null,""historical_analog_candidate"":null}",2026-04-22T22:00:45.384Z
risk-sentiment-agent,Risk/Sentiment Agent,new_post,"[""novelty_above_threshold"",""fresh_catalyst_signal"",""matched_thesis_update"",""domain_relevance_low""]",77,growth_softness_vs_multiple_risk,"{""headline_id"":""a26bb1a0"",""agent_id"":""risk-sentiment-agent"",""headline_title"":""Aevex Stock Is Pulling Back Following Its IPO Debut"",""headline_type"":""company_news"",""direct_relevance_score"":0,""indirect_relevance_score"":2,""market_signal_strength"":""low"",""is_new_information"":true,""is_cross_asset_relevant"":false,""primary_mechanism"":"""",""affected_assets"":[""sp500"",""nasdaq""],""what_changed"":""Aevex Stock Is Pulling Back Following Its IPO Debut"",""linked_existing_thesis_id"":null,""recommended_action"":""stay_silent"",""comment_purpose"":null,""historical_analog_candidate"":null}",2026-04-22T21:01:05.159Z
commodities-agent,Commodities Agent,comment_only,"[""stale_headline_thesis_update"",""fresh_catalyst_signal"",""matched_thesis_update"",""headline_routed_to_comment""]",80,growth_softness_vs_multiple_risk,"{""headline_id"":""5d9048ba"",""agent_id"":""commodities-agent"",""headline_title"":""Gold Candle conclut l'acquisition de Fokus Mining"",""headline_type"":""commodity_specific"",""direct_relevance_score"":3,""indirect_relevance_score"":6,""market_signal_strength"":""low"",""is_new_information"":false,""is_cross_asset_relevant"":true,""primary_mechanism"":""Gold move → real rate signal (inverse of TIPS yield) → dollar direction → safe-haven demand"",""affected_assets"":[""gold""],""what_changed"":""Gold Candle conclut l'acquisition de Fokus Mining"",""linked_existing_thesis_id"":null,""recommended_action"":""stay_silent"",""comment_purpose"":null,""historical_analog_candidate"":null}",2026-04-22T21:01:04.490Z
equities-agent,Equities Agent,update_existing,"[""high_thesis_load"",""matched_thesis_update"",""fresh_catalyst_signal""]",80,growth_softness_vs_multiple_risk,"{""headline_id"":""24b864b0"",""agent_id"":""equities-agent"",""headline_title"":""ATN International to Host First Quarter 2026 Financial Results Conference Call on May 7, 2026"",""headline_type"":""other"",""direct_relevance_score"":3,""indirect_relevance_score"":4,""market_signal_strength"":""low"",""is_new_information"":true,""is_cross_asset_relevant"":true,""primary_mechanism"":"""",""affected_assets"":[],""what_changed"":""ATN International to Host First Quarter 2026 Financial Results Conference Call on May 7, 2026"",""linked_existing_thesis_id"":null,""recommended_action"":""comment_on_other"",""comment_purpose"":""add_cross_asset_spillover"",""historical_analog_candidate"":null}",2026-04-22T21:00:49.346Z
fx-agent,FX Agent,comment_only,"[""novelty_above_threshold"",""fresh_catalyst_signal"",""matched_thesis_update"",""headline_routed_to_comment""]",77,growth_softness_vs_multiple_risk,"{""headline_id"":""5d9048ba"",""agent_id"":""fx-agent"",""headline_title"":""Gold Candle conclut l'acquisition de Fokus Mining"",""headline_type"":""commodity_specific"",""direct_relevance_score"":5,""indirect_relevance_score"":6,""market_signal_strength"":""low"",""is_new_information"":true,""is_cross_asset_relevant"":true,""primary_mechanism"":""Gold move → real rate signal (inverse of TIPS yield) → dollar direction → safe-haven demand"",""affected_assets"":[""gold""],""what_changed"":""Gold Candle conclut l'acquisition de Fokus Mining"",""linked_existing_thesis_id"":null,""recommended_action"":""comment_on_other"",""comment_purpose"":""add_cross_asset_spillover"",""historical_analog_candidate"":null}",2026-04-22T21:00:48.640Z
rates-agent,Rates Agent,stay_silent,"[""low_headline_relevance"",""fresh_catalyst_signal"",""domain_relevance_low""]",85,growth_softness_vs_multiple_risk,"{""headline_id"":""e3e43e3e"",""agent_id"":""rates-agent"",""headline_title"":""Financial Stability Oversight Council"",""headline_type"":""other"",""direct_relevance_score"":0,""indirect_relevance_score"":0,""market_signal_strength"":""low"",""is_new_information"":true,""is_cross_asset_relevant"":false,""primary_mechanism"":"""",""affected_assets"":[],""what_changed"":""Financial Stability Oversight Council"",""linked_existing_thesis_id"":null,""recommended_action"":""stay_silent"",""comment_purpose"":null,""historical_analog_candidate"":null}",2026-04-22T21:00:47.964Z
macro-agent,Macro Agent,comment_only,"[""high_thesis_load"",""matched_thesis_update"",""fresh_catalyst_signal"",""headline_routed_to_comment""]",75,growth_softness_vs_multiple_risk,"{""headline_id"":""de53a8ae"",""agent_id"":""macro-agent"",""headline_title"":""Via Transportation, Inc. (VIA) Shareholders Who Lost Money – Contact Law Offices of Howard G. Smith About Securities Fraud Investigation"",""headline_type"":""other"",""direct_relevance_score"":3,""indirect_relevance_score"":8,""market_signal_strength"":""low"",""is_new_information"":true,""is_cross_asset_relevant"":true,""primary_mechanism"":""Policy rate signal → front-end Treasury repricing → FX carry shifts → equity discount rate"",""affected_assets"":[],""what_changed"":""Via Transportation, Inc. (VIA) Shareholders Who Lost Money – Contact Law Offices of Howard G. Smith About Securities Fraud Investigation"",""linked_existing_thesis_id"":null,""recommended_action"":""comment_on_other"",""comment_purpose"":""add_cross_asset_spillover"",""historical_analog_candidate"":null}",2026-04-22T21:00:47.276Z
risk-sentiment-agent,Risk/Sentiment Agent,stay_silent,"[""novelty_above_threshold"",""no_fresh_signal"",""matched_thesis_update"",""domain_relevance_low"",""weak_catalyst_materiality_gate""]",84,crowding_positioning,,2026-04-22T20:01:23.334Z
commodities-agent,Commodities Agent,new_post,"[""novelty_above_threshold"",""fresh_catalyst_signal"",""matched_thesis_update""]",80,metals_growth,"{""headline_id"":""efc42f51"",""agent_id"":""commodities-agent"",""headline_title"":""Restaurant Technologies Recycled Almost 400 Million Lbs of UCO in 2025"",""headline_type"":""other"",""direct_relevance_score"":5,""indirect_relevance_score"":6,""market_signal_strength"":""high"",""is_new_information"":true,""is_cross_asset_relevant"":true,""primary_mechanism"":"""",""affected_assets"":[],""what_changed"":""Restaurant Technologies Recycled Almost 400 Million Lbs of UCO in 2025"",""linked_existing_thesis_id"":null,""recommended_action"":""comment_on_other"",""comment_purpose"":""add_cross_asset_spillover"",""historical_analog_candidate"":null}",2026-04-22T20:01:07.252Z
equities-agent,Equities Agent,update_existing,"[""high_thesis_load"",""matched_thesis_update"",""fresh_catalyst_signal""]",87,sector_defensives,"{""headline_id"":""971b4ed8"",""agent_id"":""equities-agent"",""headline_title"":""We're adding a speculative stock to our Bullpen that can benefit from the AI data center boom"",""headline_type"":""other"",""direct_relevance_score"":5,""indirect_relevance_score"":2,""market_signal_strength"":""low"",""is_new_information"":true,""is_cross_asset_relevant"":false,""primary_mechanism"":"""",""affected_assets"":[""sp500"",""nasdaq""],""what_changed"":""We're adding a speculative stock to our Bullpen that can benefit from the AI data center boom"",""linked_existing_thesis_id"":""e4779aec-58b4-4d7c-b860-3a826124d396"",""recommended_action"":""update_existing"",""comment_purpose"":null,""historical_analog_candidate"":null}",2026-04-22T20:00:51.091Z
fx-agent,FX Agent,update_existing,"[""matched_thesis_update"",""fresh_catalyst_signal"",""deprioritized_topic""]",84,dollar_path,"{""headline_id"":""57e78cf2"",""agent_id"":""fx-agent"",""headline_title"":""Global Respiratory Care Devices Market to Grow at a Substantial Growth Rate of ~8% by 2034 | DelveInsight"",""headline_type"":""other"",""direct_relevance_score"":5,""indirect_relevance_score"":6,""market_signal_strength"":""high"",""is_new_information"":true,""is_cross_asset_relevant"":true,""primary_mechanism"":"""",""affected_assets"":[],""what_changed"":""Global Respiratory Care Devices Market to Grow at a Substantial Growth Rate of ~8% by 2034 | DelveInsight"",""linked_existing_thesis_id"":null,""recommended_action"":""comment_on_other"",""comment_purpose"":""add_cross_asset_spillover"",""historical_analog_candidate"":null}",2026-04-22T20:00:38.455Z
rates-agent,Rates Agent,stay_silent,"[""matched_thesis_update"",""fresh_catalyst_signal"",""deprioritized_topic"",""rates_template_repetition"",""no_fresh_signal""]",81,curve_shape,"{""headline_id"":""aef79ce8"",""agent_id"":""rates-agent"",""headline_title"":""SkySparc übernimmt Covarius und Uniun"",""headline_type"":""other"",""direct_relevance_score"":3,""indirect_relevance_score"":6,""market_signal_strength"":""low"",""is_new_information"":true,""is_cross_asset_relevant"":true,""primary_mechanism"":"""",""affected_assets"":[],""what_changed"":""SkySparc übernimmt Covarius und Uniun"",""linked_existing_thesis_id"":null,""recommended_action"":""comment_on_other"",""comment_purpose"":""add_cross_asset_spillover"",""historical_analog_candidate"":null}",2026-04-22T20:00:37.754Z
macro-agent,Macro Agent,stay_silent,"[""stale_headline_thesis_update"",""fresh_catalyst_signal"",""matched_thesis_update"",""overcovered_topic_penalty"",""repeated_catalyst_no_delta""]",55,inflation_regime,"{""headline_id"":""c4a9d6ef"",""agent_id"":""macro-agent"",""headline_title"":""Germany halves 2026 growth forecast, raises inflation outlook amid Iran war - Reuters"",""headline_type"":""macro_release"",""direct_relevance_score"":5,""indirect_relevance_score"":4,""market_signal_strength"":""high"",""is_new_information"":false,""is_cross_asset_relevant"":true,""primary_mechanism"":""Data release → market expectations update → rate path repricing"",""affected_assets"":[],""what_changed"":""Germany halves 2026 growth forecast, raises inflation outlook amid Iran war - Reuters"",""linked_existing_thesis_id"":null,""recommended_action"":""comment_on_other"",""comment_purpose"":""confirm_existing_thesis"",""historical_analog_candidate"":null}",2026-04-22T20:00:37.019Z
risk-sentiment-agent,Risk/Sentiment Agent,comment_only,"[""novelty_above_threshold"",""fresh_catalyst_signal"",""run_catalyst_claimed""]",91,credit_and_risk_sensitivity,"{""headline_id"":""ad106206"",""agent_id"":""risk-sentiment-agent"",""headline_title"":""Big Bank Earnings Gave Financials a Lift, But Wall Street Is Still Cautious"",""headline_type"":""company_news"",""direct_relevance_score"":3,""indirect_relevance_score"":10,""market_signal_strength"":""medium"",""is_new_information"":true,""is_cross_asset_relevant"":true,""primary_mechanism"":""Gold move → real rate signal (inverse of TIPS yield) → dollar direction → safe-haven demand"",""affected_assets"":[],""what_changed"":""Big Bank Earnings Gave Financials a Lift, But Wall Street Is Still Cautious"",""linked_existing_thesis_id"":null,""recommended_action"":""new_post"",""comment_purpose"":null,""historical_analog_candidate"":null}",2026-04-22T19:01:44.073Z
commodities-agent,Commodities Agent,comment_only,"[""novelty_above_threshold"",""fresh_catalyst_signal"",""run_catalyst_claimed""]",90,oil_geopolitics_and_inflation_pass_through,"{""headline_id"":""ad106206"",""agent_id"":""commodities-agent"",""headline_title"":""Big Bank Earnings Gave Financials a Lift, But Wall Street Is Still Cautious"",""headline_type"":""company_news"",""direct_relevance_score"":3,""indirect_relevance_score"":10,""market_signal_strength"":""medium"",""is_new_information"":true,""is_cross_asset_relevant"":true,""primary_mechanism"":""Gold move → real rate signal (inverse of TIPS yield) → dollar direction → safe-haven demand"",""affected_assets"":[],""what_changed"":""Big Bank Earnings Gave Financials a Lift, But Wall Street Is Still Cautious"",""linked_existing_thesis_id"":null,""recommended_action"":""new_post"",""comment_purpose"":null,""historical_analog_candidate"":null}",2026-04-22T19:01:43.516Z
equities-agent,Equities Agent,update_existing,"[""stale_headline_thesis_update"",""fresh_catalyst_signal"",""matched_thesis_update""]",85,growth_softness_vs_multiple_risk,"{""headline_id"":""b74585f0"",""agent_id"":""equities-agent"",""headline_title"":""Jim Cramer calls this stock 'one for the ages' after a monster post-earnings rally"",""headline_type"":""company_news"",""direct_relevance_score"":5,""indirect_relevance_score"":2,""market_signal_strength"":""low"",""is_new_information"":false,""is_cross_asset_relevant"":false,""primary_mechanism"":"""",""affected_assets"":[""sp500"",""nasdaq""],""what_changed"":""Jim Cramer calls this stock 'one for the ages' after a monster post-earnings rally"",""linked_existing_thesis_id"":""e4779aec-58b4-4d7c-b860-3a826124d396"",""recommended_action"":""update_existing"",""comment_purpose"":null,""historical_analog_candidate"":null}",2026-04-22T19:01:29.937Z
fx-agent,FX Agent,new_post,"[""novelty_above_threshold"",""fresh_catalyst_signal"",""matched_thesis_update""]",82,oil_geopolitics_and_inflation_pass_through,"{""headline_id"":""269184ff"",""agent_id"":""fx-agent"",""headline_title"":""Iran President:  Breach of commitments, blockade and threats are main obstacles to talks"",""headline_type"":""geopolitical"",""direct_relevance_score"":3,""indirect_relevance_score"":6,""market_signal_strength"":""low"",""is_new_information"":true,""is_cross_asset_relevant"":true,""primary_mechanism"":""Sanctions → energy/commodity supply disruption → price spike → inflationary second-round effects"",""affected_assets"":[],""what_changed"":""Iran President:  Breach of commitments, blockade and threats are main obstacles to talks"",""linked_existing_thesis_id"":null,""recommended_action"":""comment_on_other"",""comment_purpose"":""add_cross_asset_spillover"",""historical_analog_candidate"":null}",2026-04-22T19:01:09.017Z
rates-agent,Rates Agent,stay_silent,"[""novelty_above_threshold"",""fresh_catalyst_signal"",""matched_thesis_update"",""rates_template_repetition"",""no_fresh_signal""]",81,rates_repricing_and_duration_pressure,"{""headline_id"":""d31bb13c"",""agent_id"":""rates-agent"",""headline_title"":""Gold rises on drop in Treasury yields, bargain-hunting - Reuters"",""headline_type"":""commodity_specific"",""direct_relevance_score"":5,""indirect_relevance_score"":8,""market_signal_strength"":""medium"",""is_new_information"":true,""is_cross_asset_relevant"":true,""primary_mechanism"":""Gold move → real rate signal (inverse of TIPS yield) → dollar direction → safe-haven demand"",""affected_assets"":[""gold"",""us10y""],""what_changed"":""Gold rises on drop in Treasury yields, bargain-hunting - Reuters"",""linked_existing_thesis_id"":""6edcf66f-76a1-49f0-a418-11897287d4b2"",""recommended_action"":""update_existing"",""comment_purpose"":null,""historical_analog_candidate"":null}",2026-04-22T19:01:08.376Z
macro-agent,Macro Agent,new_post,"[""novelty_above_threshold"",""fresh_catalyst_signal"",""matched_thesis_update"",""stance_lock_challenge""]",80,growth_softness_vs_multiple_risk,"{""headline_id"":""ad106206"",""agent_id"":""macro-agent"",""headline_title"":""Big Bank Earnings Gave Financials a Lift, But Wall Street Is Still Cautious"",""headline_type"":""company_news"",""direct_relevance_score"":5,""indirect_relevance_score"":10,""market_signal_strength"":""medium"",""is_new_information"":true,""is_cross_asset_relevant"":true,""primary_mechanism"":""Gold move → real rate signal (inverse of TIPS yield) → dollar direction → safe-haven demand"",""affected_assets"":[],""what_changed"":""Big Bank Earnings Gave Financials a Lift, But Wall Street Is Still Cautious"",""linked_existing_thesis_id"":null,""recommended_action"":""new_post"",""comment_purpose"":null,""historical_analog_candidate"":null}",2026-04-22T19:00:53.427Z
risk-sentiment-agent,Risk/Sentiment Agent,update_existing,"[""matched_thesis_update"",""no_fresh_signal"",""domain_relevance_low""]",48,market_fragility,,2026-04-22T18:01:08.418Z
commodities-agent,Commodities Agent,comment_only,"[""novelty_above_threshold"",""fresh_catalyst_signal"",""matched_thesis_update"",""run_catalyst_claimed""]",80,metals_growth,"{""headline_id"":""e74b15bd"",""agent_id"":""commodities-agent"",""headline_title"":""Cruise Stocks Led The Ceasefire Rally: $90 Crude Now Changes The Math"",""headline_type"":""commodity_specific"",""direct_relevance_score"":3,""indirect_relevance_score"":10,""market_signal_strength"":""high"",""is_new_information"":true,""is_cross_asset_relevant"":true,""primary_mechanism"":""Commodity supply/demand shift → price transmission → sector margins"",""affected_assets"":[""wti"",""brent""],""what_changed"":""Cruise Stocks Led The Ceasefire Rally: $90 Crude Now Changes The Math"",""linked_existing_thesis_id"":null,""recommended_action"":""new_post"",""comment_purpose"":null,""historical_analog_candidate"":null}",2026-04-22T18:01:07.876Z
equities-agent,Equities Agent,update_existing,"[""stale_headline_thesis_update"",""fresh_catalyst_signal"",""matched_thesis_update"",""unresolved_thesis_nudge""]",62,oil_structure,"{""headline_id"":""88606987"",""agent_id"":""equities-agent"",""headline_title"":""Wall St gains as Iran ceasefire extension and robust earnings bring relief - Reuters"",""headline_type"":""geopolitical"",""direct_relevance_score"":5,""indirect_relevance_score"":2,""market_signal_strength"":""low"",""is_new_information"":false,""is_cross_asset_relevant"":false,""primary_mechanism"":""Geopolitical shock → risk premium expansion → commodity/currency safe-haven flows"",""affected_assets"":[],""what_changed"":""Wall St gains as Iran ceasefire extension and robust earnings bring relief - Reuters"",""linked_existing_thesis_id"":null,""recommended_action"":""comment_on_other"",""comment_purpose"":""confirm_existing_thesis"",""historical_analog_candidate"":null}",2026-04-22T18:00:51.881Z
fx-agent,FX Agent,update_existing,"[""matched_thesis_update"",""fresh_catalyst_signal"",""deprioritized_topic""]",83,dollar_path,"{""headline_id"":""e74b15bd"",""agent_id"":""fx-agent"",""headline_title"":""Cruise Stocks Led The Ceasefire Rally: $90 Crude Now Changes The Math"",""headline_type"":""commodity_specific"",""direct_relevance_score"":3,""indirect_relevance_score"":10,""market_signal_strength"":""high"",""is_new_information"":true,""is_cross_asset_relevant"":true,""primary_mechanism"":""Commodity supply/demand shift → price transmission → sector margins"",""affected_assets"":[""wti"",""brent""],""what_changed"":""Cruise Stocks Led The Ceasefire Rally: $90 Crude Now Changes The Math"",""linked_existing_thesis_id"":null,""recommended_action"":""new_post"",""comment_purpose"":null,""historical_analog_candidate"":null}",2026-04-22T18:00:37.170Z
rates-agent,Rates Agent,stay_silent,"[""novelty_above_threshold"",""fresh_catalyst_signal"",""unresolved_thesis_nudge"",""rates_template_repetition"",""no_fresh_signal""]",67,oil_structure,"{""headline_id"":""e74b15bd"",""agent_id"":""rates-agent"",""headline_title"":""Cruise Stocks Led The Ceasefire Rally: $90 Crude Now Changes The Math"",""headline_type"":""commodity_specific"",""direct_relevance_score"":3,""indirect_relevance_score"":10,""market_signal_strength"":""high"",""is_new_information"":true,""is_cross_asset_relevant"":true,""primary_mechanism"":""Commodity supply/demand shift → price transmission → sector margins"",""affected_assets"":[""wti"",""brent""],""what_changed"":""Cruise Stocks Led The Ceasefire Rally: $90 Crude Now Changes The Math"",""linked_existing_thesis_id"":null,""recommended_action"":""new_post"",""comment_purpose"":null,""historical_analog_candidate"":null}",2026-04-22T18:00:36.601Z
macro-agent,Macro Agent,new_post,"[""novelty_above_threshold"",""fresh_catalyst_signal"",""matched_thesis_update"",""overcovered_topic_penalty"",""stance_lock_challenge""]",80,inflation_regime,"{""headline_id"":""c4a9d6ef"",""agent_id"":""macro-agent"",""headline_title"":""Germany halves 2026 growth forecast, raises inflation outlook amid Iran war - Reuters"",""headline_type"":""macro_release"",""direct_relevance_score"":5,""indirect_relevance_score"":4,""market_signal_strength"":""high"",""is_new_information"":true,""is_cross_asset_relevant"":true,""primary_mechanism"":""Data release → market expectations update → rate path repricing"",""affected_assets"":[],""what_changed"":""Germany halves 2026 growth forecast, raises inflation outlook amid Iran war - Reuters"",""linked_existing_thesis_id"":null,""recommended_action"":""new_post"",""comment_purpose"":null,""historical_analog_candidate"":null}",2026-04-22T18:00:21.658Z
risk-sentiment-agent,Risk/Sentiment Agent,new_post,"[""novelty_above_threshold"",""fresh_catalyst_signal"",""matched_thesis_update""]",84,company_specific_developments,"{""headline_id"":""2b6643bb"",""agent_id"":""risk-sentiment-agent"",""headline_title"":""POET Stock Soars 30% as Nvidia, Marvell Links Fuel AI Rally"",""headline_type"":""other"",""direct_relevance_score"":0,""indirect_relevance_score"":2,""market_signal_strength"":""high"",""is_new_information"":true,""is_cross_asset_relevant"":false,""primary_mechanism"":"""",""affected_assets"":[""sp500"",""nasdaq""],""what_changed"":""POET Stock Soars 30% as Nvidia, Marvell Links Fuel AI Rally"",""linked_existing_thesis_id"":null,""recommended_action"":""stay_silent"",""comment_purpose"":null,""historical_analog_candidate"":null}",2026-04-22T17:01:11.715Z
commodities-agent,Commodities Agent,new_post,"[""novelty_above_threshold"",""fresh_catalyst_signal"",""matched_thesis_update""]",84,company_specific_developments,"{""headline_id"":""2b6643bb"",""agent_id"":""commodities-agent"",""headline_title"":""POET Stock Soars 30% as Nvidia, Marvell Links Fuel AI Rally"",""headline_type"":""other"",""direct_relevance_score"":0,""indirect_relevance_score"":2,""market_signal_strength"":""high"",""is_new_information"":true,""is_cross_asset_relevant"":false,""primary_mechanism"":"""",""affected_assets"":[""sp500"",""nasdaq""],""what_changed"":""POET Stock Soars 30% as Nvidia, Marvell Links Fuel AI Rally"",""linked_existing_thesis_id"":null,""recommended_action"":""stay_silent"",""comment_purpose"":null,""historical_analog_candidate"":null}",2026-04-22T17:00:56.041Z
equities-agent,Equities Agent,update_existing,"[""stale_headline_thesis_update"",""fresh_catalyst_signal"",""matched_thesis_update""]",87,company_specific_developments,"{""headline_id"":""2b6643bb"",""agent_id"":""equities-agent"",""headline_title"":""POET Stock Soars 30% as Nvidia, Marvell Links Fuel AI Rally"",""headline_type"":""other"",""direct_relevance_score"":5,""indirect_relevance_score"":2,""market_signal_strength"":""high"",""is_new_information"":false,""is_cross_asset_relevant"":false,""primary_mechanism"":"""",""affected_assets"":[""sp500"",""nasdaq""],""what_changed"":""POET Stock Soars 30% as Nvidia, Marvell Links Fuel AI Rally"",""linked_existing_thesis_id"":""e4779aec-58b4-4d7c-b860-3a826124d396"",""recommended_action"":""update_existing"",""comment_purpose"":null,""historical_analog_candidate"":null}",2026-04-22T17:00:38.540Z
fx-agent,FX Agent,new_post,"[""novelty_above_threshold"",""fresh_catalyst_signal"",""matched_thesis_update""]",83,growth_softness_vs_multiple_risk,"{""headline_id"":""2b6643bb"",""agent_id"":""fx-agent"",""headline_title"":""POET Stock Soars 30% as Nvidia, Marvell Links Fuel AI Rally"",""headline_type"":""other"",""direct_relevance_score"":0,""indirect_relevance_score"":2,""market_signal_strength"":""high"",""is_new_information"":true,""is_cross_asset_relevant"":false,""primary_mechanism"":"""",""affected_assets"":[""sp500"",""nasdaq""],""what_changed"":""POET Stock Soars 30% as Nvidia, Marvell Links Fuel AI Rally"",""linked_existing_thesis_id"":""cb81fe2a-924c-4eaa-a979-b87fd26e3dcd"",""recommended_action"":""update_existing"",""comment_purpose"":null,""historical_analog_candidate"":null}",2026-04-22T17:00:13.244Z
rates-agent,Rates Agent,stay_silent,"[""novelty_above_threshold"",""fresh_catalyst_signal"",""matched_thesis_update"",""domain_relevance_low"",""rates_template_repetition"",""no_fresh_signal""]",83,growth_softness_vs_multiple_risk,"{""headline_id"":""e3e43e3e"",""agent_id"":""rates-agent"",""headline_title"":""Financial Stability Oversight Council"",""headline_type"":""other"",""direct_relevance_score"":0,""indirect_relevance_score"":0,""market_signal_strength"":""low"",""is_new_information"":true,""is_cross_asset_relevant"":false,""primary_mechanism"":"""",""affected_assets"":[],""what_changed"":""Financial Stability Oversight Council"",""linked_existing_thesis_id"":null,""recommended_action"":""stay_silent"",""comment_purpose"":null,""historical_analog_candidate"":null}",2026-04-22T17:00:12.565Z
macro-agent,Macro Agent,stay_silent,"[""low_headline_relevance"",""fresh_catalyst_signal""]",89,growth_softness_vs_multiple_risk,"{""headline_id"":""2b6643bb"",""agent_id"":""macro-agent"",""headline_title"":""POET Stock Soars 30% as Nvidia, Marvell Links Fuel AI Rally"",""headline_type"":""other"",""direct_relevance_score"":0,""indirect_relevance_score"":2,""market_signal_strength"":""high"",""is_new_information"":true,""is_cross_asset_relevant"":false,""primary_mechanism"":"""",""affected_assets"":[""sp500"",""nasdaq""],""what_changed"":""POET Stock Soars 30% as Nvidia, Marvell Links Fuel AI Rally"",""linked_existing_thesis_id"":null,""recommended_action"":""stay_silent"",""comment_purpose"":null,""historical_analog_candidate"":null}",2026-04-22T17:00:11.860Z
risk-sentiment-agent,Risk/Sentiment Agent,new_post,"[""novelty_above_threshold"",""fresh_catalyst_signal"",""matched_thesis_update""]",83,credit_stress,"{""headline_id"":""3603b459"",""agent_id"":""risk-sentiment-agent"",""headline_title"":""Global Tunable Diode Laser Spectrometers Market Size/Share Worth USD 2.14 Billion by 2035 at a 8.8% CAGR: Custom Market Insights (Analysis, Outlook, Leaders, Report, Trends, Forecast, Segmentation, Growth Rate, SWOT Analysis)"",""headline_type"":""other"",""direct_relevance_score"":0,""indirect_relevance_score"":2,""market_signal_strength"":""high"",""is_new_information"":true,""is_cross_asset_relevant"":false,""primary_mechanism"":"""",""affected_assets"":[""dxy""],""what_changed"":""Global Tunable Diode Laser Spectrometers Market Size/Share Worth USD 2.14 Billion by 2035 at a 8.8% CAGR: Custom Market Insights"",""linked_existing_thesis_id"":null,""recommended_action"":""stay_silent"",""comment_purpose"":null,""historical_analog_candidate"":null}",2026-04-22T16:40:23.263Z
commodities-agent,Commodities Agent,comment_only,"[""novelty_above_threshold"",""fresh_catalyst_signal"",""matched_thesis_update"",""run_catalyst_claimed""]",80,metals_growth,"{""headline_id"":""cf0c2d21"",""agent_id"":""commodities-agent"",""headline_title"":""Rupee extends losing streak as Iran war jitters lift oil to $100 - Reuters"",""headline_type"":""geopolitical"",""direct_relevance_score"":3,""indirect_relevance_score"":2,""market_signal_strength"":""high"",""is_new_information"":true,""is_cross_asset_relevant"":false,""primary_mechanism"":""Geopolitical shock → risk premium expansion → commodity/currency safe-haven flows"",""affected_assets"":[""wti"",""brent""],""what_changed"":""Rupee extends losing streak as Iran war jitters lift oil to $100 - Reuters"",""linked_existing_thesis_id"":null,""recommended_action"":""new_post"",""comment_purpose"":null,""historical_analog_candidate"":null}",2026-04-22T16:40:22.958Z
equities-agent,Equities Agent,update_existing,"[""stale_headline_thesis_update"",""fresh_catalyst_signal"",""matched_thesis_update""]",42,ai_concentration,"{""headline_id"":""b74585f0"",""agent_id"":""equities-agent"",""headline_title"":""Jim Cramer calls this stock 'one for the ages' after a monster post-earnings rally"",""headline_type"":""company_news"",""direct_relevance_score"":5,""indirect_relevance_score"":2,""market_signal_strength"":""low"",""is_new_information"":false,""is_cross_asset_relevant"":false,""primary_mechanism"":"""",""affected_assets"":[""sp500"",""nasdaq""],""what_changed"":""Jim Cramer calls this stock 'one for the ages' after a monster post-earnings rally"",""linked_existing_thesis_id"":""e4779aec-58b4-4d7c-b860-3a826124d396"",""recommended_action"":""update_existing"",""comment_purpose"":null,""historical_analog_candidate"":null}",2026-04-22T16:40:09.116Z
fx-agent,FX Agent,update_existing,"[""matched_thesis_update"",""fresh_catalyst_signal"",""deprioritized_topic""]",82,dollar_path,"{""headline_id"":""c0674d01"",""agent_id"":""fx-agent"",""headline_title"":""Coagulation Analyzer Market Size to Reach a Valuation of USD 7.87 Billion by 2035; Increasing Incidence of Blood Disorders to Propel Market Expansion Globally | SNS Insider"",""headline_type"":""other"",""direct_relevance_score"":3,""indirect_relevance_score"":6,""market_signal_strength"":""high"",""is_new_information"":true,""is_cross_asset_relevant"":true,""primary_mechanism"":"""",""affected_assets"":[""dxy""],""what_changed"":""Coagulation Analyzer Market Size to Reach a Valuation of USD 7.87 Billion by 2035; Increasing Incidence of Blood Disorders to Propel Market Expansion Globally | SNS Insider"",""linked_existing_thesis_id"":null,""recommended_action"":""comment_on_other"",""comment_purpose"":""add_cross_asset_spillover"",""historical_analog_candidate"":null}",2026-04-22T16:39:54.621Z
rates-agent,Rates Agent,stay_silent,"[""stale_agent_thesis"",""unresolved_thesis_nudge"",""fresh_catalyst_signal"",""matched_thesis_update"",""rates_template_repetition"",""no_fresh_signal""]",85,real_yields,"{""headline_id"":""d31bb13c"",""agent_id"":""rates-agent"",""headline_title"":""Gold rises on drop in Treasury yields, bargain-hunting - Reuters"",""headline_type"":""commodity_specific"",""direct_relevance_score"":5,""indirect_relevance_score"":8,""market_signal_strength"":""medium"",""is_new_information"":true,""is_cross_asset_relevant"":true,""primary_mechanism"":""Gold move → real rate signal (inverse of TIPS yield) → dollar direction → safe-haven demand"",""affected_assets"":[""gold"",""us10y""],""what_changed"":""Gold rises on drop in Treasury yields, bargain-hunting - Reuters"",""linked_existing_thesis_id"":""6edcf66f-76a1-49f0-a418-11897287d4b2"",""recommended_action"":""update_existing"",""comment_purpose"":null,""historical_analog_candidate"":null}",2026-04-22T16:39:54.149Z
macro-agent,Macro Agent,update_existing,"[""stale_agent_thesis"",""unresolved_thesis_nudge"",""fresh_catalyst_signal"",""matched_thesis_update"",""stance_lock_challenge""]",83,real_yields,"{""headline_id"":""d31bb13c"",""agent_id"":""macro-agent"",""headline_title"":""Gold rises on drop in Treasury yields, bargain-hunting - Reuters"",""headline_type"":""commodity_specific"",""direct_relevance_score"":3,""indirect_relevance_score"":8,""market_signal_strength"":""medium"",""is_new_information"":true,""is_cross_asset_relevant"":true,""primary_mechanism"":""Gold move → real rate signal (inverse of TIPS yield) → dollar direction → safe-haven demand"",""affected_assets"":[""gold"",""us10y""],""what_changed"":""Gold rises on drop in Treasury yields, bargain-hunting - Reuters"",""linked_existing_thesis_id"":null,""recommended_action"":""new_post"",""comment_purpose"":null,""historical_analog_candidate"":null}",2026-04-22T16:39:43.409Z
risk-sentiment-agent,Risk/Sentiment Agent,stay_silent,"[""novelty_above_threshold"",""fresh_catalyst_signal"",""matched_thesis_update"",""domain_relevance_low"",""weak_catalyst_materiality_gate""]",79,growth_softness_vs_multiple_risk,"{""headline_id"":""bb4b895a"",""agent_id"":""risk-sentiment-agent"",""headline_title"":""Alphabet Stock Rises on AI Chip Upgrade and Nvidia Cloud Partnership"",""headline_type"":""company_news"",""direct_relevance_score"":0,""indirect_relevance_score"":2,""market_signal_strength"":""low"",""is_new_information"":true,""is_cross_asset_relevant"":false,""primary_mechanism"":"""",""affected_assets"":[""sp500"",""nasdaq""],""what_changed"":""Alphabet Stock Rises on AI Chip Upgrade and Nvidia Cloud Partnership"",""linked_existing_thesis_id"":null,""recommended_action"":""stay_silent"",""comment_purpose"":null,""historical_analog_candidate"":null}",2026-04-22T16:11:56.101Z
commodities-agent,Commodities Agent,stay_silent,"[""novelty_above_threshold"",""fresh_catalyst_signal"",""matched_thesis_update"",""domain_relevance_low"",""weak_catalyst_materiality_gate""]",79,growth_softness_vs_multiple_risk,"{""headline_id"":""bb4b895a"",""agent_id"":""commodities-agent"",""headline_title"":""Alphabet Stock Rises on AI Chip Upgrade and Nvidia Cloud Partnership"",""headline_type"":""company_news"",""direct_relevance_score"":0,""indirect_relevance_score"":2,""market_signal_strength"":""low"",""is_new_information"":true,""is_cross_asset_relevant"":false,""primary_mechanism"":"""",""affected_assets"":[""sp500"",""nasdaq""],""what_changed"":""Alphabet Stock Rises on AI Chip Upgrade and Nvidia Cloud Partnership"",""linked_existing_thesis_id"":null,""recommended_action"":""stay_silent"",""comment_purpose"":null,""historical_analog_candidate"":null}",2026-04-22T16:11:55.799Z
equities-agent,Equities Agent,update_existing,"[""stale_headline_thesis_update"",""fresh_catalyst_signal"",""matched_thesis_update""]",82,growth_softness_vs_multiple_risk,"{""headline_id"":""326d7f1a"",""agent_id"":""equities-agent"",""headline_title"":""What's Going On With UnitedHealth Stock On Wednesday?"",""headline_type"":""other"",""direct_relevance_score"":10,""indirect_relevance_score"":2,""market_signal_strength"":""low"",""is_new_information"":false,""is_cross_asset_relevant"":false,""primary_mechanism"":"""",""affected_assets"":[""sp500"",""nasdaq""],""what_changed"":""What's Going On With UnitedHealth Stock On Wednesday?"",""linked_existing_thesis_id"":""e4779aec-58b4-4d7c-b860-3a826124d396"",""recommended_action"":""update_existing"",""comment_purpose"":null,""historical_analog_candidate"":null}",2026-04-22T16:11:45.110Z
fx-agent,FX Agent,stay_silent,"[""novelty_above_threshold"",""fresh_catalyst_signal"",""matched_thesis_update"",""domain_relevance_low"",""weak_catalyst_materiality_gate""]",79,growth_softness_vs_multiple_risk,"{""headline_id"":""bb4b895a"",""agent_id"":""fx-agent"",""headline_title"":""Alphabet Stock Rises on AI Chip Upgrade and Nvidia Cloud Partnership"",""headline_type"":""company_news"",""direct_relevance_score"":0,""indirect_relevance_score"":2,""market_signal_strength"":""low"",""is_new_information"":true,""is_cross_asset_relevant"":false,""primary_mechanism"":"""",""affected_assets"":[""sp500"",""nasdaq""],""what_changed"":""Alphabet Stock Rises on AI Chip Upgrade and Nvidia Cloud Partnership"",""linked_existing_thesis_id"":""cb81fe2a-924c-4eaa-a979-b87fd26e3dcd"",""recommended_action"":""stay_silent"",""comment_purpose"":null,""historical_analog_candidate"":null}",2026-04-22T16:11:44.798Z
rates-agent,Rates Agent,comment_only,"[""novelty_above_threshold"",""fresh_catalyst_signal"",""matched_thesis_update"",""headline_routed_to_comment""]",79,growth_softness_vs_multiple_risk,"{""headline_id"":""0fdae35a"",""agent_id"":""rates-agent"",""headline_title"":""Oconee Federal Financial Corp. Announces Quarterly Dividend"",""headline_type"":""company_news"",""direct_relevance_score"":3,""indirect_relevance_score"":4,""market_signal_strength"":""low"",""is_new_information"":true,""is_cross_asset_relevant"":true,""primary_mechanism"":"""",""affected_assets"":[],""what_changed"":""Oconee Federal Financial Corp. Announces Quarterly Dividend"",""linked_existing_thesis_id"":null,""recommended_action"":""comment_on_other"",""comment_purpose"":""add_cross_asset_spillover"",""historical_analog_candidate"":null}",2026-04-22T16:11:44.492Z
macro-agent,Macro Agent,comment_only,"[""high_thesis_load"",""matched_thesis_update"",""fresh_catalyst_signal"",""headline_routed_to_comment""]",78,growth_softness_vs_multiple_risk,"{""headline_id"":""0fdae35a"",""agent_id"":""macro-agent"",""headline_title"":""Oconee Federal Financial Corp. Announces Quarterly Dividend"",""headline_type"":""company_news"",""direct_relevance_score"":3,""indirect_relevance_score"":4,""market_signal_strength"":""low"",""is_new_information"":true,""is_cross_asset_relevant"":true,""primary_mechanism"":"""",""affected_assets"":[],""what_changed"":""Oconee Federal Financial Corp. Announces Quarterly Dividend"",""linked_existing_thesis_id"":null,""recommended_action"":""comment_on_other"",""comment_purpose"":""add_cross_asset_spillover"",""historical_analog_candidate"":null}",2026-04-22T16:11:44.203Z
risk-sentiment-agent,Risk/Sentiment Agent,stay_silent,"[""headline_routed_to_comment"",""fresh_catalyst_signal"",""matched_thesis_update"",""weak_catalyst_materiality_gate""]",48,market_fragility,"{""headline_id"":""75c86c58"",""agent_id"":""risk-sentiment-agent"",""headline_title"":""Stocks Shake Off March Slump as Q1 Earnings and April Data Take the Spotlight"",""headline_type"":""company_news"",""direct_relevance_score"":3,""indirect_relevance_score"":6,""market_signal_strength"":""low"",""is_new_information"":true,""is_cross_asset_relevant"":true,""primary_mechanism"":"""",""affected_assets"":[],""what_changed"":""Stocks Shake Off March Slump as Q1 Earnings and April Data Take the Spotlight"",""linked_existing_thesis_id"":null,""recommended_action"":""comment_on_other"",""comment_purpose"":""add_cross_asset_spillover"",""historical_analog_candidate"":null}",2026-04-22T16:01:50.275Z
commodities-agent,Commodities Agent,comment_only,"[""novelty_above_threshold"",""fresh_catalyst_signal"",""matched_thesis_update"",""run_catalyst_claimed""]",80,metals_growth,"{""headline_id"":""75c86c58"",""agent_id"":""commodities-agent"",""headline_title"":""Stocks Shake Off March Slump as Q1 Earnings and April Data Take the Spotlight"",""headline_type"":""company_news"",""direct_relevance_score"":0,""indirect_relevance_score"":6,""market_signal_strength"":""low"",""is_new_information"":true,""is_cross_asset_relevant"":true,""primary_mechanism"":"""",""affected_assets"":[],""what_changed"":""Stocks Shake Off March Slump as Q1 Earnings and April Data Take the Spotlight"",""linked_existing_thesis_id"":null,""recommended_action"":""stay_silent"",""comment_purpose"":null,""historical_analog_candidate"":null}",2026-04-22T16:01:49.984Z
equities-agent,Equities Agent,comment_only,"[""headline_routed_to_comment"",""fresh_catalyst_signal"",""matched_thesis_update""]",42,ai_concentration,"{""headline_id"":""68794b9e"",""agent_id"":""equities-agent"",""headline_title"":""Constructing a Profit: Inside the $17B QXO Shake-Up"",""headline_type"":""other"",""direct_relevance_score"":8,""indirect_relevance_score"":6,""market_signal_strength"":""low"",""is_new_information"":true,""is_cross_asset_relevant"":true,""primary_mechanism"":"""",""affected_assets"":[],""what_changed"":""Constructing a Profit: Inside the $17B QXO Shake-Up"",""linked_existing_thesis_id"":null,""recommended_action"":""comment_on_other"",""comment_purpose"":""add_cross_asset_spillover"",""historical_analog_candidate"":null}",2026-04-22T16:01:49.701Z
fx-agent,FX Agent,new_post,"[""novelty_above_threshold"",""fresh_catalyst_signal"",""matched_thesis_update""]",84,carry_em_fx,"{""headline_id"":""135066c7"",""agent_id"":""fx-agent"",""headline_title"":""Federal Reserve Board and Federal Open Market Committee release economic projections from the March 17-18 FOMC meeting"",""headline_type"":""policy"",""direct_relevance_score"":0,""indirect_relevance_score"":4,""market_signal_strength"":""high"",""is_new_information"":true,""is_cross_asset_relevant"":true,""primary_mechanism"":""Policy signal → forward guidance repricing → asset allocation shift"",""affected_assets"":[],""what_changed"":""Federal Reserve Board and Federal Open Market Committee release economic projections from the March 17-18 FOMC meeting"",""linked_existing_thesis_id"":null,""recommended_action"":""stay_silent"",""comment_purpose"":null,""historical_analog_candidate"":null}",2026-04-22T16:01:35.567Z
rates-agent,Rates Agent,update_existing,"[""stale_headline_thesis_update"",""fresh_catalyst_signal"",""matched_thesis_update"",""deprioritized_topic"",""stance_lock_challenge""]",81,curve_shape,"{""headline_id"":""135066c7"",""agent_id"":""rates-agent"",""headline_title"":""Federal Reserve Board and Federal Open Market Committee release economic projections from the March 17-18 FOMC meeting"",""headline_type"":""policy"",""direct_relevance_score"":3,""indirect_relevance_score"":4,""market_signal_strength"":""high"",""is_new_information"":false,""is_cross_asset_relevant"":true,""primary_mechanism"":""Policy signal → forward guidance repricing → asset allocation shift"",""affected_assets"":[],""what_changed"":""Federal Reserve Board and Federal Open Market Committee release economic projections from the March 17-18 FOMC meeting"",""linked_existing_thesis_id"":null,""recommended_action"":""stay_silent"",""comment_purpose"":null,""historical_analog_candidate"":null}",2026-04-22T16:01:18.280Z
macro-agent,Macro Agent,update_existing,"[""high_thesis_load"",""matched_thesis_update"",""fresh_catalyst_signal"",""overcovered_topic_penalty"",""stance_lock_challenge""]",83,inflation_regime,"{""headline_id"":""75c86c58"",""agent_id"":""macro-agent"",""headline_title"":""Stocks Shake Off March Slump as Q1 Earnings and April Data Take the Spotlight"",""headline_type"":""company_news"",""direct_relevance_score"":3,""indirect_relevance_score"":6,""market_signal_strength"":""low"",""is_new_information"":true,""is_cross_asset_relevant"":true,""primary_mechanism"":"""",""affected_assets"":[],""what_changed"":""Stocks Shake Off March Slump as Q1 Earnings and April Data Take the Spotlight"",""linked_existing_thesis_id"":null,""recommended_action"":""comment_on_other"",""comment_purpose"":""add_cross_asset_spillover"",""historical_analog_candidate"":null}",2026-04-22T16:01:06.468Z
risk-sentiment-agent,Risk/Sentiment Agent,comment_only,"[""novelty_above_threshold"",""fresh_catalyst_signal"",""matched_thesis_update"",""run_catalyst_claimed""]",83,credit_stress,"{""headline_id"":""66959e78"",""agent_id"":""risk-sentiment-agent"",""headline_title"":""Morgan Stanley rethinks Apple stock ahead of earnings"",""headline_type"":""company_news"",""direct_relevance_score"":0,""indirect_relevance_score"":2,""market_signal_strength"":""low"",""is_new_information"":true,""is_cross_asset_relevant"":false,""primary_mechanism"":"""",""affected_assets"":[""sp500"",""nasdaq""],""what_changed"":""Morgan Stanley rethinks Apple stock ahead of earnings"",""linked_existing_thesis_id"":null,""recommended_action"":""stay_silent"",""comment_purpose"":null,""historical_analog_candidate"":null}",2026-04-22T16:00:25.144Z
commodities-agent,Commodities Agent,new_post,"[""novelty_above_threshold"",""fresh_catalyst_signal"",""matched_thesis_update""]",80,metals_growth,"{""headline_id"":""954efb86"",""agent_id"":""commodities-agent"",""headline_title"":""OIO Group Announces Reverse Stock Split Ahead of Nasdaq Listing and De Tomaso Business Combination"",""headline_type"":""other"",""direct_relevance_score"":0,""indirect_relevance_score"":2,""market_signal_strength"":""low"",""is_new_information"":true,""is_cross_asset_relevant"":false,""primary_mechanism"":"""",""affected_assets"":[""sp500"",""nasdaq""],""what_changed"":""OIO Group Announces Reverse Stock Split Ahead of Nasdaq Listing and De Tomaso Business Combination"",""linked_existing_thesis_id"":null,""recommended_action"":""stay_silent"",""comment_purpose"":null,""historical_analog_candidate"":null}",2026-04-22T16:00:07.275Z
equities-agent,Equities Agent,update_existing,"[""stale_headline_thesis_update"",""fresh_catalyst_signal"",""matched_thesis_update""]",45,ai_concentration,"{""headline_id"":""954efb86"",""agent_id"":""equities-agent"",""headline_title"":""OIO Group Announces Reverse Stock Split Ahead of Nasdaq Listing and De Tomaso Business Combination"",""headline_type"":""other"",""direct_relevance_score"":3,""indirect_relevance_score"":2,""market_signal_strength"":""low"",""is_new_information"":false,""is_cross_asset_relevant"":false,""primary_mechanism"":"""",""affected_assets"":[""sp500"",""nasdaq""],""what_changed"":""OIO Group Announces Reverse Stock Split Ahead of Nasdaq Listing and De Tomaso Business Combination"",""linked_existing_thesis_id"":""e4779aec-58b4-4d7c-b860-3a826124d396"",""recommended_action"":""stay_silent"",""comment_purpose"":null,""historical_analog_candidate"":null}",2026-04-22T15:59:53.340Z
fx-agent,FX Agent,new_post,"[""novelty_above_threshold"",""fresh_catalyst_signal"",""matched_thesis_update""]",84,carry_em_fx,"{""headline_id"":""135066c7"",""agent_id"":""fx-agent"",""headline_title"":""Federal Reserve Board and Federal Open Market Committee release economic projections from the March 17-18 FOMC meeting"",""headline_type"":""policy"",""direct_relevance_score"":0,""indirect_relevance_score"":4,""market_signal_strength"":""high"",""is_new_information"":true,""is_cross_asset_relevant"":true,""primary_mechanism"":""Policy signal → forward guidance repricing → asset allocation shift"",""affected_assets"":[],""what_changed"":""Federal Reserve Board and Federal Open Market Committee release economic projections from the March 17-18 FOMC meeting"",""linked_existing_thesis_id"":null,""recommended_action"":""stay_silent"",""comment_purpose"":null,""historical_analog_candidate"":null}",2026-04-22T15:59:40.098Z
rates-agent,Rates Agent,update_existing,"[""stale_headline_thesis_update"",""fresh_catalyst_signal"",""matched_thesis_update"",""deprioritized_topic"",""stance_lock_challenge""]",81,curve_shape,"{""headline_id"":""135066c7"",""agent_id"":""rates-agent"",""headline_title"":""Federal Reserve Board and Federal Open Market Committee release economic projections from the March 17-18 FOMC meeting"",""headline_type"":""policy"",""direct_relevance_score"":3,""indirect_relevance_score"":4,""market_signal_strength"":""high"",""is_new_information"":false,""is_cross_asset_relevant"":true,""primary_mechanism"":""Policy signal → forward guidance repricing → asset allocation shift"",""affected_assets"":[],""what_changed"":""Federal Reserve Board and Federal Open Market Committee release economic projections from the March 17-18 FOMC meeting"",""linked_existing_thesis_id"":null,""recommended_action"":""stay_silent"",""comment_purpose"":null,""historical_analog_candidate"":null}",2026-04-22T15:59:26.447Z
macro-agent,Macro Agent,stay_silent,"[""stale_headline_no_thesis"",""fresh_catalyst_signal""]",89,ai_concentration,"{""headline_id"":""135066c7"",""agent_id"":""macro-agent"",""headline_title"":""Federal Reserve Board and Federal Open Market Committee release economic projections from the March 17-18 FOMC meeting"",""headline_type"":""policy"",""direct_relevance_score"":3,""indirect_relevance_score"":4,""market_signal_strength"":""high"",""is_new_information"":false,""is_cross_asset_relevant"":true,""primary_mechanism"":""Policy signal → forward guidance repricing → asset allocation shift"",""affected_assets"":[],""what_changed"":""Federal Reserve Board and Federal Open Market Committee release economic projections from the March 17-18 FOMC meeting"",""linked_existing_thesis_id"":null,""recommended_action"":""stay_silent"",""comment_purpose"":null,""historical_analog_candidate"":null}",2026-04-22T15:59:26.119Z
risk-sentiment-agent,Risk/Sentiment Agent,new_post,"[""novelty_above_threshold"",""fresh_catalyst_signal"",""matched_thesis_update""]",78,growth_softness_vs_multiple_risk,"{""headline_id"":""135066c7"",""agent_id"":""risk-sentiment-agent"",""headline_title"":""Federal Reserve Board and Federal Open Market Committee release economic projections from the March 17-18 FOMC meeting"",""headline_type"":""policy"",""direct_relevance_score"":0,""indirect_relevance_score"":4,""market_signal_strength"":""high"",""is_new_information"":true,""is_cross_asset_relevant"":true,""primary_mechanism"":""Policy signal → forward guidance repricing → asset allocation shift"",""affected_assets"":[],""what_changed"":""Federal Reserve Board and Federal Open Market Committee release economic projections from the March 17-18 FOMC meeting"",""linked_existing_thesis_id"":null,""recommended_action"":""stay_silent"",""comment_purpose"":null,""historical_analog_candidate"":null}",2026-04-22T15:58:53.460Z
commodities-agent,Commodities Agent,comment_only,"[""novelty_above_threshold"",""fresh_catalyst_signal"",""matched_thesis_update"",""domain_relevance_low"",""run_catalyst_claimed""]",78,growth_softness_vs_multiple_risk,"{""headline_id"":""66959e78"",""agent_id"":""commodities-agent"",""headline_title"":""Morgan Stanley rethinks Apple stock ahead of earnings"",""headline_type"":""company_news"",""direct_relevance_score"":0,""indirect_relevance_score"":2,""market_signal_strength"":""low"",""is_new_information"":true,""is_cross_asset_relevant"":false,""primary_mechanism"":"""",""affected_assets"":[""sp500"",""nasdaq""],""what_changed"":""Morgan Stanley rethinks Apple stock ahead of earnings"",""linked_existing_thesis_id"":null,""recommended_action"":""stay_silent"",""comment_purpose"":null,""historical_analog_candidate"":null}",2026-04-22T15:58:53.170Z
equities-agent,Equities Agent,stay_silent,"[""high_thesis_load"",""matched_thesis_update"",""fresh_catalyst_signal"",""repeated_catalyst_no_delta""]",81,growth_softness_vs_multiple_risk,"{""headline_id"":""434a88a3"",""agent_id"":""equities-agent"",""headline_title"":""Wabtec (WAB) Q2 2025 Earnings Transcript"",""headline_type"":""company_news"",""direct_relevance_score"":5,""indirect_relevance_score"":6,""market_signal_strength"":""high"",""is_new_information"":true,""is_cross_asset_relevant"":true,""primary_mechanism"":"""",""affected_assets"":[],""what_changed"":""Wabtec (WAB) Q2 2025 Earnings Transcript"",""linked_existing_thesis_id"":null,""recommended_action"":""comment_on_other"",""comment_purpose"":""add_cross_asset_spillover"",""historical_analog_candidate"":null}",2026-04-22T15:58:52.877Z
fx-agent,FX Agent,comment_only,"[""novelty_above_threshold"",""fresh_catalyst_signal"",""matched_thesis_update"",""domain_relevance_low"",""run_catalyst_claimed""]",78,growth_softness_vs_multiple_risk,"{""headline_id"":""66959e78"",""agent_id"":""fx-agent"",""headline_title"":""Morgan Stanley rethinks Apple stock ahead of earnings"",""headline_type"":""company_news"",""direct_relevance_score"":0,""indirect_relevance_score"":2,""market_signal_strength"":""low"",""is_new_information"":true,""is_cross_asset_relevant"":false,""primary_mechanism"":"""",""affected_assets"":[""sp500"",""nasdaq""],""what_changed"":""Morgan Stanley rethinks Apple stock ahead of earnings"",""linked_existing_thesis_id"":""cb81fe2a-924c-4eaa-a979-b87fd26e3dcd"",""recommended_action"":""stay_silent"",""comment_purpose"":null,""historical_analog_candidate"":null}",2026-04-22T15:58:52.575Z
rates-agent,Rates Agent,update_existing,"[""stale_headline_thesis_update"",""fresh_catalyst_signal"",""matched_thesis_update"",""stance_lock_challenge""]",78,growth_softness_vs_multiple_risk,"{""headline_id"":""135066c7"",""agent_id"":""rates-agent"",""headline_title"":""Federal Reserve Board and Federal Open Market Committee release economic projections from the March 17-18 FOMC meeting"",""headline_type"":""policy"",""direct_relevance_score"":3,""indirect_relevance_score"":4,""market_signal_strength"":""high"",""is_new_information"":false,""is_cross_asset_relevant"":true,""primary_mechanism"":""Policy signal → forward guidance repricing → asset allocation shift"",""affected_assets"":[],""what_changed"":""Federal Reserve Board and Federal Open Market Committee release economic projections from the March 17-18 FOMC meeting"",""linked_existing_thesis_id"":null,""recommended_action"":""stay_silent"",""comment_purpose"":null,""historical_analog_candidate"":null}",2026-04-22T15:58:30.120Z
macro-agent,Macro Agent,new_post,"[""novelty_above_threshold"",""fresh_catalyst_signal"",""matched_thesis_update"",""stance_lock_challenge""]",77,growth_softness_vs_multiple_risk,"{""headline_id"":""135066c7"",""agent_id"":""macro-agent"",""headline_title"":""Federal Reserve Board and Federal Open Market Committee release economic projections from the March 17-18 FOMC meeting"",""headline_type"":""policy"",""direct_relevance_score"":3,""indirect_relevance_score"":4,""market_signal_strength"":""high"",""is_new_information"":true,""is_cross_asset_relevant"":true,""primary_mechanism"":""Policy signal → forward guidance repricing → asset allocation shift"",""affected_assets"":[],""what_changed"":""Federal Reserve Board and Federal Open Market Committee release economic projections from the March 17-18 FOMC meeting"",""linked_existing_thesis_id"":null,""recommended_action"":""new_post"",""comment_purpose"":null,""historical_analog_candidate"":null}",2026-04-22T15:57:58.745Z
risk-sentiment-agent,Risk/Sentiment Agent,comment_only,"[""novelty_above_threshold"",""fresh_catalyst_signal"",""matched_thesis_update"",""run_catalyst_claimed""]",83,credit_stress,"{""headline_id"":""66959e78"",""agent_id"":""risk-sentiment-agent"",""headline_title"":""Morgan Stanley rethinks Apple stock ahead of earnings"",""headline_type"":""company_news"",""direct_relevance_score"":0,""indirect_relevance_score"":2,""market_signal_strength"":""low"",""is_new_information"":true,""is_cross_asset_relevant"":false,""primary_mechanism"":"""",""affected_assets"":[""sp500"",""nasdaq""],""what_changed"":""Morgan Stanley rethinks Apple stock ahead of earnings"",""linked_existing_thesis_id"":null,""recommended_action"":""stay_silent"",""comment_purpose"":null,""historical_analog_candidate"":null}",2026-04-22T15:57:05.638Z
commodities-agent,Commodities Agent,comment_only,"[""novelty_above_threshold"",""fresh_catalyst_signal"",""matched_thesis_update"",""run_catalyst_claimed""]",83,metals_growth,"{""headline_id"":""e74b15bd"",""agent_id"":""commodities-agent"",""headline_title"":""Cruise Stocks Led The Ceasefire Rally: $90 Crude Now Changes The Math"",""headline_type"":""commodity_specific"",""direct_relevance_score"":3,""indirect_relevance_score"":10,""market_signal_strength"":""high"",""is_new_information"":true,""is_cross_asset_relevant"":true,""primary_mechanism"":""Commodity supply/demand shift → price transmission → sector margins"",""affected_assets"":[""wti"",""brent""],""what_changed"":""Cruise Stocks Led The Ceasefire Rally: $90 Crude Now Changes The Math"",""linked_existing_thesis_id"":null,""recommended_action"":""new_post"",""comment_purpose"":null,""historical_analog_candidate"":null}",2026-04-22T15:57:05.321Z
equities-agent,Equities Agent,update_existing,"[""high_thesis_load"",""matched_thesis_update"",""fresh_catalyst_signal""]",86,ai_concentration,"{""headline_id"":""6606c9cd"",""agent_id"":""equities-agent"",""headline_title"":""VAST Data Valued at $30 Billion as AI Drives a New Infrastructure Stack"",""headline_type"":""other"",""direct_relevance_score"":3,""indirect_relevance_score"":8,""market_signal_strength"":""high"",""is_new_information"":true,""is_cross_asset_relevant"":true,""primary_mechanism"":"""",""affected_assets"":[],""what_changed"":""VAST Data Valued at $30 Billion as AI Drives a New Infrastructure Stack"",""linked_existing_thesis_id"":null,""recommended_action"":""comment_on_other"",""comment_purpose"":""add_cross_asset_spillover"",""historical_analog_candidate"":null}",2026-04-22T15:56:50.273Z
fx-agent,FX Agent,update_existing,"[""stale_headline_thesis_update"",""fresh_catalyst_signal"",""matched_thesis_update""]",81,banks_small_caps,"{""headline_id"":""e74b15bd"",""agent_id"":""fx-agent"",""headline_title"":""Cruise Stocks Led The Ceasefire Rally: $90 Crude Now Changes The Math"",""headline_type"":""commodity_specific"",""direct_relevance_score"":3,""indirect_relevance_score"":10,""market_signal_strength"":""high"",""is_new_information"":false,""is_cross_asset_relevant"":true,""primary_mechanism"":""Commodity supply/demand shift → price transmission → sector margins"",""affected_assets"":[""wti"",""brent""],""what_changed"":""Cruise Stocks Led The Ceasefire Rally: $90 Crude Now Changes The Math"",""linked_existing_thesis_id"":null,""recommended_action"":""stay_silent"",""comment_purpose"":null,""historical_analog_candidate"":null}",2026-04-22T15:56:31.639Z
rates-agent,Rates Agent,comment_only,"[""novelty_above_threshold"",""fresh_catalyst_signal"",""unresolved_thesis_nudge"",""run_catalyst_claimed""]",67,oil_structure,"{""headline_id"":""e74b15bd"",""agent_id"":""rates-agent"",""headline_title"":""Cruise Stocks Led The Ceasefire Rally: $90 Crude Now Changes The Math"",""headline_type"":""commodity_specific"",""direct_relevance_score"":3,""indirect_relevance_score"":10,""market_signal_strength"":""high"",""is_new_information"":true,""is_cross_asset_relevant"":true,""primary_mechanism"":""Commodity supply/demand shift → price transmission → sector margins"",""affected_assets"":[""wti"",""brent""],""what_changed"":""Cruise Stocks Led The Ceasefire Rally: $90 Crude Now Changes The Math"",""linked_existing_thesis_id"":null,""recommended_action"":""new_post"",""comment_purpose"":null,""historical_analog_candidate"":null}",2026-04-22T15:56:31.324Z
macro-agent,Macro Agent,update_existing,"[""stale_headline_thesis_update"",""fresh_catalyst_signal"",""matched_thesis_update"",""overcovered_topic_penalty"",""stance_lock_challenge""]",81,inflation_regime,"{""headline_id"":""e74b15bd"",""agent_id"":""macro-agent"",""headline_title"":""Cruise Stocks Led The Ceasefire Rally: $90 Crude Now Changes The Math"",""headline_type"":""commodity_specific"",""direct_relevance_score"":3,""indirect_relevance_score"":10,""market_signal_strength"":""high"",""is_new_information"":false,""is_cross_asset_relevant"":true,""primary_mechanism"":""Commodity supply/demand shift → price transmission → sector margins"",""affected_assets"":[""wti"",""brent""],""what_changed"":""Cruise Stocks Led The Ceasefire Rally: $90 Crude Now Changes The Math"",""linked_existing_thesis_id"":""d3f74c32-fd40-45f7-a4a0-79d14faa7d05"",""recommended_action"":""update_existing"",""comment_purpose"":null,""historical_analog_candidate"":null}",2026-04-22T15:56:18.144Z
risk-sentiment-agent,Risk/Sentiment Agent,new_post,"[""novelty_above_threshold"",""fresh_catalyst_signal"",""matched_thesis_update""]",83,credit_and_risk_sensitivity,"{""headline_id"":""eca471ab"",""agent_id"":""risk-sentiment-agent"",""headline_title"":""April eurozone flash consumer confidence -20.6 vs -16.3 prior"",""headline_type"":""other"",""direct_relevance_score"":3,""indirect_relevance_score"":8,""market_signal_strength"":""high"",""is_new_information"":true,""is_cross_asset_relevant"":true,""primary_mechanism"":""Labor market print → Fed dual-mandate assessment → rate path forward guidance → curve shape"",""affected_assets"":[],""what_changed"":""April eurozone flash consumer confidence -20.6 vs -16.3 prior"",""linked_existing_thesis_id"":null,""recommended_action"":""new_post"",""comment_purpose"":null,""historical_analog_candidate"":null}",2026-04-22T15:01:18.333Z
commodities-agent,Commodities Agent,new_post,"[""novelty_above_threshold"",""fresh_catalyst_signal"",""matched_thesis_update""]",84,oil_geopolitics_and_inflation_pass_through,"{""headline_id"":""e0e4d400"",""agent_id"":""commodities-agent"",""headline_title"":""Kalshi Taps Pyth Network To Settle Bets On Gold, Oil, Wheat And More - Apple (NASDAQ:AAPL)"",""headline_type"":""commodity_specific"",""direct_relevance_score"":5,""indirect_relevance_score"":4,""market_signal_strength"":""low"",""is_new_information"":true,""is_cross_asset_relevant"":true,""primary_mechanism"":""Gold move → real rate signal (inverse of TIPS yield) → dollar direction → safe-haven demand"",""affected_assets"":[""wti"",""brent"",""gold"",""sp500"",""nasdaq""],""what_changed"":""Kalshi Taps Pyth Network To Settle Bets On Gold, Oil, Wheat And More - Apple"",""linked_existing_thesis_id"":null,""recommended_action"":""comment_on_other"",""comment_purpose"":""add_cross_asset_spillover"",""historical_analog_candidate"":null}",2026-04-22T15:01:04.349Z
equities-agent,Equities Agent,new_post,"[""novelty_above_threshold"",""fresh_catalyst_signal"",""matched_thesis_update""]",87,oil_geopolitics_and_inflation_pass_through,"{""headline_id"":""eca471ab"",""agent_id"":""equities-agent"",""headline_title"":""April eurozone flash consumer confidence -20.6 vs -16.3 prior"",""headline_type"":""other"",""direct_relevance_score"":5,""indirect_relevance_score"":8,""market_signal_strength"":""high"",""is_new_information"":true,""is_cross_asset_relevant"":true,""primary_mechanism"":""Labor market print → Fed dual-mandate assessment → rate path forward guidance → curve shape"",""affected_assets"":[],""what_changed"":""April eurozone flash consumer confidence -20.6 vs -16.3 prior"",""linked_existing_thesis_id"":null,""recommended_action"":""new_post"",""comment_purpose"":null,""historical_analog_candidate"":null}",2026-04-22T15:00:51.723Z
fx-agent,FX Agent,new_post,"[""novelty_above_threshold"",""fresh_catalyst_signal"",""matched_thesis_update""]",84,oil_geopolitics_and_inflation_pass_through,"{""headline_id"":""eca471ab"",""agent_id"":""fx-agent"",""headline_title"":""April eurozone flash consumer confidence -20.6 vs -16.3 prior"",""headline_type"":""other"",""direct_relevance_score"":5,""indirect_relevance_score"":8,""market_signal_strength"":""high"",""is_new_information"":true,""is_cross_asset_relevant"":true,""primary_mechanism"":""Labor market print → Fed dual-mandate assessment → rate path forward guidance → curve shape"",""affected_assets"":[],""what_changed"":""April eurozone flash consumer confidence -20.6 vs -16.3 prior"",""linked_existing_thesis_id"":null,""recommended_action"":""new_post"",""comment_purpose"":null,""historical_analog_candidate"":null}",2026-04-22T15:00:40.947Z
rates-agent,Rates Agent,stay_silent,"[""stale_headline_no_thesis"",""fresh_catalyst_signal""]",90,growth_softness_vs_multiple_risk,"{""headline_id"":""135066c7"",""agent_id"":""rates-agent"",""headline_title"":""Federal Reserve Board and Federal Open Market Committee release economic projections from the March 17-18 FOMC meeting"",""headline_type"":""policy"",""direct_relevance_score"":3,""indirect_relevance_score"":4,""market_signal_strength"":""high"",""is_new_information"":false,""is_cross_asset_relevant"":true,""primary_mechanism"":""Policy signal → forward guidance repricing → asset allocation shift"",""affected_assets"":[],""what_changed"":""Federal Reserve Board and Federal Open Market Committee release economic projections from the March 17-18 FOMC meeting"",""linked_existing_thesis_id"":null,""recommended_action"":""stay_silent"",""comment_purpose"":null,""historical_analog_candidate"":null}",2026-04-22T15:00:39.978Z
macro-agent,Macro Agent,new_post,"[""novelty_above_threshold"",""fresh_catalyst_signal"",""stance_lock_challenge""]",89,growth_softness_vs_multiple_risk,"{""headline_id"":""eca471ab"",""agent_id"":""macro-agent"",""headline_title"":""April eurozone flash consumer confidence -20.6 vs -16.3 prior"",""headline_type"":""other"",""direct_relevance_score"":5,""indirect_relevance_score"":8,""market_signal_strength"":""high"",""is_new_information"":true,""is_cross_asset_relevant"":true,""primary_mechanism"":""Labor market print → Fed dual-mandate assessment → rate path forward guidance → curve shape"",""affected_assets"":[],""what_changed"":""April eurozone flash consumer confidence -20.6 vs -16.3 prior"",""linked_existing_thesis_id"":null,""recommended_action"":""new_post"",""comment_purpose"":null,""historical_analog_candidate"":null}",2026-04-22T15:00:25.125Z
risk-sentiment-agent,Risk/Sentiment Agent,new_post,"[""novelty_above_threshold"",""fresh_catalyst_signal"",""matched_thesis_update""]",82,growth_softness_vs_multiple_risk,"{""headline_id"":""135066c7"",""agent_id"":""risk-sentiment-agent"",""headline_title"":""Federal Reserve Board and Federal Open Market Committee release economic projections from the March 17-18 FOMC meeting"",""headline_type"":""policy"",""direct_relevance_score"":0,""indirect_relevance_score"":4,""market_signal_strength"":""high"",""is_new_information"":true,""is_cross_asset_relevant"":true,""primary_mechanism"":""Policy signal → forward guidance repricing → asset allocation shift"",""affected_assets"":[],""what_changed"":""Federal Reserve Board and Federal Open Market Committee release economic projections from the March 17-18 FOMC meeting"",""linked_existing_thesis_id"":null,""recommended_action"":""stay_silent"",""comment_purpose"":null,""historical_analog_candidate"":null}",2026-04-22T14:16:32.554Z
commodities-agent,Commodities Agent,new_post,"[""novelty_above_threshold"",""fresh_catalyst_signal"",""matched_thesis_update"",""domain_relevance_low""]",82,growth_softness_vs_multiple_risk,,2026-04-22T14:16:19.358Z
equities-agent,Equities Agent,update_existing,"[""stale_headline_thesis_update"",""fresh_catalyst_signal"",""matched_thesis_update""]",84,growth_softness_vs_multiple_risk,"{""headline_id"":""4bdd8196"",""agent_id"":""equities-agent"",""headline_title"":""Why I Can’t Stop Buying SHOPIFY Stock"",""headline_type"":""other"",""direct_relevance_score"":3,""indirect_relevance_score"":2,""market_signal_strength"":""low"",""is_new_information"":false,""is_cross_asset_relevant"":false,""primary_mechanism"":"""",""affected_assets"":[""sp500"",""nasdaq""],""what_changed"":""Why I Can’t Stop Buying SHOPIFY Stock"",""linked_existing_thesis_id"":""e4779aec-58b4-4d7c-b860-3a826124d396"",""recommended_action"":""stay_silent"",""comment_purpose"":null,""historical_analog_candidate"":null}",2026-04-22T14:16:07.328Z
fx-agent,FX Agent,stay_silent,"[""stale_headline_thesis_update"",""fresh_catalyst_signal"",""matched_thesis_update"",""repeated_catalyst_no_delta""]",82,growth_softness_vs_multiple_risk,"{""headline_id"":""1113086c"",""agent_id"":""fx-agent"",""headline_title"":""Treasury Quarterly Refunding"",""headline_type"":""other"",""direct_relevance_score"":3,""indirect_relevance_score"":4,""market_signal_strength"":""medium"",""is_new_information"":false,""is_cross_asset_relevant"":true,""primary_mechanism"":"""",""affected_assets"":[""us10y""],""what_changed"":""Treasury Quarterly Refunding"",""linked_existing_thesis_id"":""0a4c8a99-6391-4a62-bd0e-5fb4c4309bc1"",""recommended_action"":""comment_on_other"",""comment_purpose"":""add_cross_asset_spillover"",""historical_analog_candidate"":null}",2026-04-22T14:16:07.037Z
rates-agent,Rates Agent,new_post,"[""novelty_above_threshold"",""fresh_catalyst_signal"",""matched_thesis_update"",""stance_lock_challenge""]",79,rates_repricing_and_duration_pressure,"{""headline_id"":""135066c7"",""agent_id"":""rates-agent"",""headline_title"":""Federal Reserve Board and Federal Open Market Committee release economic projections from the March 17-18 FOMC meeting"",""headline_type"":""policy"",""direct_relevance_score"":3,""indirect_relevance_score"":4,""market_signal_strength"":""high"",""is_new_information"":true,""is_cross_asset_relevant"":true,""primary_mechanism"":""Policy signal → forward guidance repricing → asset allocation shift"",""affected_assets"":[],""what_changed"":""Federal Reserve Board and Federal Open Market Committee release economic projections from the March 17-18 FOMC meeting"",""linked_existing_thesis_id"":null,""recommended_action"":""new_post"",""comment_purpose"":null,""historical_analog_candidate"":null}",2026-04-22T14:15:57.098Z
risk-sentiment-agent,Risk/Sentiment Agent,new_post,"[""novelty_above_threshold"",""fresh_catalyst_signal"",""matched_thesis_update"",""stance_lock_challenge""]",82,growth_softness_vs_multiple_risk,"{""headline_id"":""75aa0d0e"",""agent_id"":""risk-sentiment-agent"",""headline_title"":""Strategy Keeps Powering Bitcoin With MSTR Stock Issuance"",""headline_type"":""other"",""direct_relevance_score"":3,""indirect_relevance_score"":4,""market_signal_strength"":""low"",""is_new_information"":true,""is_cross_asset_relevant"":true,""primary_mechanism"":"""",""affected_assets"":[""sp500"",""nasdaq""],""what_changed"":""Strategy Keeps Powering Bitcoin With MSTR Stock Issuance"",""linked_existing_thesis_id"":null,""recommended_action"":""comment_on_other"",""comment_purpose"":""add_cross_asset_spillover"",""historical_analog_candidate"":null}",2026-04-22T14:15:52.842Z
macro-agent,Macro Agent,update_existing,"[""high_thesis_load"",""matched_thesis_update"",""fresh_catalyst_signal"",""stance_lock_challenge""]",80,growth_softness_vs_multiple_risk,"{""headline_id"":""73df51e9"",""agent_id"":""macro-agent"",""headline_title"":""U.S. Marketing Jobs Rebound in Q1 2026 as Hiring Picks Up, Led by Senior Roles and Early-Year Market Recalibration"",""headline_type"":""other"",""direct_relevance_score"":3,""indirect_relevance_score"":2,""market_signal_strength"":""high"",""is_new_information"":true,""is_cross_asset_relevant"":false,""primary_mechanism"":"""",""affected_assets"":[],""what_changed"":""U.S. Marketing Jobs Rebound in Q1 2026 as Hiring Picks Up, Led by Senior Roles and Early-Year Market Recalibration"",""linked_existing_thesis_id"":null,""recommended_action"":""stay_silent"",""comment_purpose"":null,""historical_analog_candidate"":null}",2026-04-22T14:15:45.482Z
commodities-agent,Commodities Agent,new_post,"[""novelty_above_threshold"",""fresh_catalyst_signal"",""matched_thesis_update"",""domain_relevance_low""]",80,growth_softness_vs_multiple_risk,,2026-04-22T14:15:42.837Z
risk-sentiment-agent,Risk/Sentiment Agent,comment_only,"[""novelty_above_threshold"",""fresh_catalyst_signal"",""matched_thesis_update"",""run_catalyst_claimed""]",82,growth_softness_vs_multiple_risk,"{""headline_id"":""75aa0d0e"",""agent_id"":""risk-sentiment-agent"",""headline_title"":""Strategy Keeps Powering Bitcoin With MSTR Stock Issuance"",""headline_type"":""other"",""direct_relevance_score"":3,""indirect_relevance_score"":4,""market_signal_strength"":""low"",""is_new_information"":true,""is_cross_asset_relevant"":true,""primary_mechanism"":"""",""affected_assets"":[""sp500"",""nasdaq""],""what_changed"":""Strategy Keeps Powering Bitcoin With MSTR Stock Issuance"",""linked_existing_thesis_id"":null,""recommended_action"":""comment_on_other"",""comment_purpose"":""add_cross_asset_spillover"",""historical_analog_candidate"":null}",2026-04-22T14:15:34.966Z
commodities-agent,Commodities Agent,stay_silent,"[""novelty_above_threshold"",""fresh_catalyst_signal"",""matched_thesis_update"",""domain_relevance_low"",""repeated_catalyst_no_delta""]",80,growth_softness_vs_multiple_risk,,2026-04-22T14:15:34.676Z
equities-agent,Equities Agent,update_existing,"[""stale_headline_thesis_update"",""fresh_catalyst_signal"",""matched_thesis_update"",""stance_lock_challenge""]",85,growth_softness_vs_multiple_risk,"{""headline_id"":""75aa0d0e"",""agent_id"":""equities-agent"",""headline_title"":""Strategy Keeps Powering Bitcoin With MSTR Stock Issuance"",""headline_type"":""other"",""direct_relevance_score"":3,""indirect_relevance_score"":4,""market_signal_strength"":""low"",""is_new_information"":false,""is_cross_asset_relevant"":true,""primary_mechanism"":"""",""affected_assets"":[""sp500"",""nasdaq""],""what_changed"":""Strategy Keeps Powering Bitcoin With MSTR Stock Issuance"",""linked_existing_thesis_id"":""e4779aec-58b4-4d7c-b860-3a826124d396"",""recommended_action"":""comment_on_other"",""comment_purpose"":""add_cross_asset_spillover"",""historical_analog_candidate"":null}",2026-04-22T14:15:32.153Z
fx-agent,FX Agent,stay_silent,"[""stale_headline_thesis_update"",""fresh_catalyst_signal"",""matched_thesis_update"",""repeated_catalyst_no_delta""]",82,growth_softness_vs_multiple_risk,"{""headline_id"":""1113086c"",""agent_id"":""fx-agent"",""headline_title"":""Treasury Quarterly Refunding"",""headline_type"":""other"",""direct_relevance_score"":3,""indirect_relevance_score"":4,""market_signal_strength"":""medium"",""is_new_information"":false,""is_cross_asset_relevant"":true,""primary_mechanism"":"""",""affected_assets"":[""us10y""],""what_changed"":""Treasury Quarterly Refunding"",""linked_existing_thesis_id"":""0a4c8a99-6391-4a62-bd0e-5fb4c4309bc1"",""recommended_action"":""comment_on_other"",""comment_purpose"":""add_cross_asset_spillover"",""historical_analog_candidate"":null}",2026-04-22T14:15:31.879Z
equities-agent,Equities Agent,update_existing,"[""stale_headline_thesis_update"",""fresh_catalyst_signal"",""matched_thesis_update"",""stance_lock_challenge""]",85,growth_softness_vs_multiple_risk,"{""headline_id"":""75aa0d0e"",""agent_id"":""equities-agent"",""headline_title"":""Strategy Keeps Powering Bitcoin With MSTR Stock Issuance"",""headline_type"":""other"",""direct_relevance_score"":3,""indirect_relevance_score"":4,""market_signal_strength"":""low"",""is_new_information"":false,""is_cross_asset_relevant"":true,""primary_mechanism"":"""",""affected_assets"":[""sp500"",""nasdaq""],""what_changed"":""Strategy Keeps Powering Bitcoin With MSTR Stock Issuance"",""linked_existing_thesis_id"":""e4779aec-58b4-4d7c-b860-3a826124d396"",""recommended_action"":""comment_on_other"",""comment_purpose"":""add_cross_asset_spillover"",""historical_analog_candidate"":null}",2026-04-22T14:15:24.917Z
fx-agent,FX Agent,stay_silent,"[""stale_headline_thesis_update"",""fresh_catalyst_signal"",""matched_thesis_update"",""repeated_catalyst_no_delta""]",82,growth_softness_vs_multiple_risk,"{""headline_id"":""1113086c"",""agent_id"":""fx-agent"",""headline_title"":""Treasury Quarterly Refunding"",""headline_type"":""other"",""direct_relevance_score"":3,""indirect_relevance_score"":4,""market_signal_strength"":""medium"",""is_new_information"":false,""is_cross_asset_relevant"":true,""primary_mechanism"":"""",""affected_assets"":[""us10y""],""what_changed"":""Treasury Quarterly Refunding"",""linked_existing_thesis_id"":""0a4c8a99-6391-4a62-bd0e-5fb4c4309bc1"",""recommended_action"":""comment_on_other"",""comment_purpose"":""add_cross_asset_spillover"",""historical_analog_candidate"":null}",2026-04-22T14:15:24.615Z
rates-agent,Rates Agent,new_post,"[""novelty_above_threshold"",""fresh_catalyst_signal"",""matched_thesis_update"",""stance_lock_challenge""]",79,rates_repricing_and_duration_pressure,"{""headline_id"":""135066c7"",""agent_id"":""rates-agent"",""headline_title"":""Federal Reserve Board and Federal Open Market Committee release economic projections from the March 17-18 FOMC meeting"",""headline_type"":""policy"",""direct_relevance_score"":3,""indirect_relevance_score"":4,""market_signal_strength"":""high"",""is_new_information"":true,""is_cross_asset_relevant"":true,""primary_mechanism"":""Policy signal → forward guidance repricing → asset allocation shift"",""affected_assets"":[],""what_changed"":""Federal Reserve Board and Federal Open Market Committee release economic projections from the March 17-18 FOMC meeting"",""linked_existing_thesis_id"":null,""recommended_action"":""new_post"",""comment_purpose"":null,""historical_analog_candidate"":null}",2026-04-22T14:15:18.092Z
rates-agent,Rates Agent,new_post,"[""novelty_above_threshold"",""fresh_catalyst_signal"",""matched_thesis_update"",""stance_lock_challenge""]",79,rates_repricing_and_duration_pressure,"{""headline_id"":""135066c7"",""agent_id"":""rates-agent"",""headline_title"":""Federal Reserve Board and Federal Open Market Committee release economic projections from the March 17-18 FOMC meeting"",""headline_type"":""policy"",""direct_relevance_score"":3,""indirect_relevance_score"":4,""market_signal_strength"":""high"",""is_new_information"":true,""is_cross_asset_relevant"":true,""primary_mechanism"":""Policy signal → forward guidance repricing → asset allocation shift"",""affected_assets"":[],""what_changed"":""Federal Reserve Board and Federal Open Market Committee release economic projections from the March 17-18 FOMC meeting"",""linked_existing_thesis_id"":null,""recommended_action"":""new_post"",""comment_purpose"":null,""historical_analog_candidate"":null}",2026-04-22T14:15:10.812Z
macro-agent,Macro Agent,update_existing,"[""high_thesis_load"",""matched_thesis_update"",""fresh_catalyst_signal"",""stance_lock_challenge""]",80,growth_softness_vs_multiple_risk,"{""headline_id"":""73df51e9"",""agent_id"":""macro-agent"",""headline_title"":""U.S. Marketing Jobs Rebound in Q1 2026 as Hiring Picks Up, Led by Senior Roles and Early-Year Market Recalibration"",""headline_type"":""other"",""direct_relevance_score"":3,""indirect_relevance_score"":2,""market_signal_strength"":""high"",""is_new_information"":true,""is_cross_asset_relevant"":false,""primary_mechanism"":"""",""affected_assets"":[],""what_changed"":""U.S. Marketing Jobs Rebound in Q1 2026 as Hiring Picks Up, Led by Senior Roles and Early-Year Market Recalibration"",""linked_existing_thesis_id"":null,""recommended_action"":""stay_silent"",""comment_purpose"":null,""historical_analog_candidate"":null}",2026-04-22T14:15:08.967Z
macro-agent,Macro Agent,update_existing,"[""high_thesis_load"",""matched_thesis_update"",""fresh_catalyst_signal"",""stance_lock_challenge""]",80,growth_softness_vs_multiple_risk,"{""headline_id"":""73df51e9"",""agent_id"":""macro-agent"",""headline_title"":""U.S. Marketing Jobs Rebound in Q1 2026 as Hiring Picks Up, Led by Senior Roles and Early-Year Market Recalibration"",""headline_type"":""other"",""direct_relevance_score"":3,""indirect_relevance_score"":2,""market_signal_strength"":""high"",""is_new_information"":true,""is_cross_asset_relevant"":false,""primary_mechanism"":"""",""affected_assets"":[],""what_changed"":""U.S. Marketing Jobs Rebound in Q1 2026 as Hiring Picks Up, Led by Senior Roles and Early-Year Market Recalibration"",""linked_existing_thesis_id"":null,""recommended_action"":""stay_silent"",""comment_purpose"":null,""historical_analog_candidate"":null}",2026-04-22T14:14:56.301Z
risk-sentiment-agent,Risk/Sentiment Agent,new_post,"[""novelty_above_threshold"",""fresh_catalyst_signal"",""matched_thesis_update"",""stance_lock_challenge""]",82,growth_softness_vs_multiple_risk,"{""headline_id"":""75aa0d0e"",""agent_id"":""risk-sentiment-agent"",""headline_title"":""Strategy Keeps Powering Bitcoin With MSTR Stock Issuance"",""headline_type"":""other"",""direct_relevance_score"":3,""indirect_relevance_score"":4,""market_signal_strength"":""low"",""is_new_information"":true,""is_cross_asset_relevant"":true,""primary_mechanism"":"""",""affected_assets"":[""sp500"",""nasdaq""],""what_changed"":""Strategy Keeps Powering Bitcoin With MSTR Stock Issuance"",""linked_existing_thesis_id"":null,""recommended_action"":""comment_on_other"",""comment_purpose"":""add_cross_asset_spillover"",""historical_analog_candidate"":null}",2026-04-22T14:14:50.892Z
commodities-agent,Commodities Agent,new_post,"[""novelty_above_threshold"",""fresh_catalyst_signal"",""matched_thesis_update""]",82,growth_softness_vs_multiple_risk,"{""headline_id"":""223c84f7"",""agent_id"":""commodities-agent"",""headline_title"":""Trane Technologies Price Prediction: How High Can The Stock Soar In 2026"",""headline_type"":""other"",""direct_relevance_score"":0,""indirect_relevance_score"":2,""market_signal_strength"":""high"",""is_new_information"":true,""is_cross_asset_relevant"":false,""primary_mechanism"":"""",""affected_assets"":[""sp500"",""nasdaq""],""what_changed"":""Trane Technologies Price Prediction: How High Can The Stock Soar In 2026"",""linked_existing_thesis_id"":null,""recommended_action"":""stay_silent"",""comment_purpose"":null,""historical_analog_candidate"":null}",2026-04-22T14:14:41.698Z
equities-agent,Equities Agent,stay_silent,"[""stale_headline_no_thesis"",""fresh_catalyst_signal""]",90,growth_softness_vs_multiple_risk,"{""headline_id"":""75aa0d0e"",""agent_id"":""equities-agent"",""headline_title"":""Strategy Keeps Powering Bitcoin With MSTR Stock Issuance"",""headline_type"":""other"",""direct_relevance_score"":3,""indirect_relevance_score"":4,""market_signal_strength"":""low"",""is_new_information"":false,""is_cross_asset_relevant"":true,""primary_mechanism"":"""",""affected_assets"":[""sp500"",""nasdaq""],""what_changed"":""Strategy Keeps Powering Bitcoin With MSTR Stock Issuance"",""linked_existing_thesis_id"":""e4779aec-58b4-4d7c-b860-3a826124d396"",""recommended_action"":""comment_on_other"",""comment_purpose"":""add_cross_asset_spillover"",""historical_analog_candidate"":null}",2026-04-22T14:14:41.376Z
fx-agent,FX Agent,stay_silent,"[""low_headline_relevance"",""fresh_catalyst_signal""]",90,growth_softness_vs_multiple_risk,"{""headline_id"":""223c84f7"",""agent_id"":""fx-agent"",""headline_title"":""Trane Technologies Price Prediction: How High Can The Stock Soar In 2026"",""headline_type"":""other"",""direct_relevance_score"":0,""indirect_relevance_score"":2,""market_signal_strength"":""high"",""is_new_information"":true,""is_cross_asset_relevant"":false,""primary_mechanism"":"""",""affected_assets"":[""sp500"",""nasdaq""],""what_changed"":""Trane Technologies Price Prediction: How High Can The Stock Soar In 2026"",""linked_existing_thesis_id"":""cb81fe2a-924c-4eaa-a979-b87fd26e3dcd"",""recommended_action"":""stay_silent"",""comment_purpose"":null,""historical_analog_candidate"":null}",2026-04-22T14:14:40.899Z
risk-sentiment-agent,Risk/Sentiment Agent,comment_only,"[""novelty_above_threshold"",""fresh_catalyst_signal"",""matched_thesis_update"",""run_catalyst_claimed""]",82,growth_softness_vs_multiple_risk,"{""headline_id"":""3f7aa060"",""agent_id"":""risk-sentiment-agent"",""headline_title"":""Centrus Energy: It's Still Too Early To Give Me The Risk Asymmetry I Want (NYSE:LEU)"",""headline_type"":""other"",""direct_relevance_score"":3,""indirect_relevance_score"":8,""market_signal_strength"":""low"",""is_new_information"":true,""is_cross_asset_relevant"":true,""primary_mechanism"":"""",""affected_assets"":[],""what_changed"":""Centrus Energy: It's Still Too Early To Give Me The Risk Asymmetry I Want"",""linked_existing_thesis_id"":null,""recommended_action"":""comment_on_other"",""comment_purpose"":""add_cross_asset_spillover"",""historical_analog_candidate"":null}",2026-04-22T14:14:40.133Z
commodities-agent,Commodities Agent,comment_only,"[""novelty_above_threshold"",""fresh_catalyst_signal"",""matched_thesis_update"",""run_catalyst_claimed""]",84,oil_geopolitics_and_inflation_pass_through,"{""headline_id"":""3f7aa060"",""agent_id"":""commodities-agent"",""headline_title"":""Centrus Energy: It's Still Too Early To Give Me The Risk Asymmetry I Want (NYSE:LEU)"",""headline_type"":""other"",""direct_relevance_score"":0,""indirect_relevance_score"":8,""market_signal_strength"":""low"",""is_new_information"":true,""is_cross_asset_relevant"":true,""primary_mechanism"":"""",""affected_assets"":[],""what_changed"":""Centrus Energy: It's Still Too Early To Give Me The Risk Asymmetry I Want"",""linked_existing_thesis_id"":null,""recommended_action"":""stay_silent"",""comment_purpose"":null,""historical_analog_candidate"":null}",2026-04-22T14:14:39.859Z
equities-agent,Equities Agent,new_post,"[""novelty_above_threshold"",""fresh_catalyst_signal"",""stance_lock_challenge""]",92,oil_geopolitics_and_inflation_pass_through,"{""headline_id"":""3f7aa060"",""agent_id"":""equities-agent"",""headline_title"":""Centrus Energy: It's Still Too Early To Give Me The Risk Asymmetry I Want (NYSE:LEU)"",""headline_type"":""other"",""direct_relevance_score"":7,""indirect_relevance_score"":8,""market_signal_strength"":""low"",""is_new_information"":true,""is_cross_asset_relevant"":true,""primary_mechanism"":"""",""affected_assets"":[],""what_changed"":""Centrus Energy: It's Still Too Early To Give Me The Risk Asymmetry I Want"",""linked_existing_thesis_id"":null,""recommended_action"":""comment_on_other"",""comment_purpose"":""add_cross_asset_spillover"",""historical_analog_candidate"":null}",2026-04-22T14:14:24.434Z
fx-agent,FX Agent,comment_only,"[""novelty_above_threshold"",""fresh_catalyst_signal"",""matched_thesis_update"",""run_catalyst_claimed""]",84,oil_geopolitics_and_inflation_pass_through,"{""headline_id"":""223c84f7"",""agent_id"":""fx-agent"",""headline_title"":""Trane Technologies Price Prediction: How High Can The Stock Soar In 2026"",""headline_type"":""other"",""direct_relevance_score"":0,""indirect_relevance_score"":2,""market_signal_strength"":""high"",""is_new_information"":true,""is_cross_asset_relevant"":false,""primary_mechanism"":"""",""affected_assets"":[""sp500"",""nasdaq""],""what_changed"":""Trane Technologies Price Prediction: How High Can The Stock Soar In 2026"",""linked_existing_thesis_id"":""cb81fe2a-924c-4eaa-a979-b87fd26e3dcd"",""recommended_action"":""stay_silent"",""comment_purpose"":null,""historical_analog_candidate"":null}",2026-04-22T14:14:24.085Z
rates-agent,Rates Agent,new_post,"[""novelty_above_threshold"",""fresh_catalyst_signal"",""matched_thesis_update"",""stance_lock_challenge""]",82,growth_softness_vs_multiple_risk,"{""headline_id"":""135066c7"",""agent_id"":""rates-agent"",""headline_title"":""Federal Reserve Board and Federal Open Market Committee release economic projections from the March 17-18 FOMC meeting"",""headline_type"":""policy"",""direct_relevance_score"":3,""indirect_relevance_score"":4,""market_signal_strength"":""high"",""is_new_information"":true,""is_cross_asset_relevant"":true,""primary_mechanism"":""Policy signal → forward guidance repricing → asset allocation shift"",""affected_assets"":[],""what_changed"":""Federal Reserve Board and Federal Open Market Committee release economic projections from the March 17-18 FOMC meeting"",""linked_existing_thesis_id"":null,""recommended_action"":""new_post"",""comment_purpose"":null,""historical_analog_candidate"":null}",2026-04-22T14:14:20.494Z
rates-agent,Rates Agent,new_post,"[""novelty_above_threshold"",""fresh_catalyst_signal"",""matched_thesis_update"",""stance_lock_challenge""]",82,growth_softness_vs_multiple_risk,"{""headline_id"":""135066c7"",""agent_id"":""rates-agent"",""headline_title"":""Federal Reserve Board and Federal Open Market Committee release economic projections from the March 17-18 FOMC meeting"",""headline_type"":""policy"",""direct_relevance_score"":3,""indirect_relevance_score"":4,""market_signal_strength"":""high"",""is_new_information"":true,""is_cross_asset_relevant"":true,""primary_mechanism"":""Policy signal → forward guidance repricing → asset allocation shift"",""affected_assets"":[],""what_changed"":""Federal Reserve Board and Federal Open Market Committee release economic projections from the March 17-18 FOMC meeting"",""linked_existing_thesis_id"":null,""recommended_action"":""new_post"",""comment_purpose"":null,""historical_analog_candidate"":null}",2026-04-22T14:14:13.069Z
macro-agent,Macro Agent,update_existing,"[""high_thesis_load"",""matched_thesis_update"",""fresh_catalyst_signal"",""stance_lock_challenge""]",80,growth_softness_vs_multiple_risk,"{""headline_id"":""73df51e9"",""agent_id"":""macro-agent"",""headline_title"":""U.S. Marketing Jobs Rebound in Q1 2026 as Hiring Picks Up, Led by Senior Roles and Early-Year Market Recalibration"",""headline_type"":""other"",""direct_relevance_score"":3,""indirect_relevance_score"":2,""market_signal_strength"":""high"",""is_new_information"":true,""is_cross_asset_relevant"":false,""primary_mechanism"":"""",""affected_assets"":[],""what_changed"":""U.S. Marketing Jobs Rebound in Q1 2026 as Hiring Picks Up, Led by Senior Roles and Early-Year Market Recalibration"",""linked_existing_thesis_id"":null,""recommended_action"":""stay_silent"",""comment_purpose"":null,""historical_analog_candidate"":null}",2026-04-22T14:14:09.710Z
macro-agent,Macro Agent,update_existing,"[""high_thesis_load"",""matched_thesis_update"",""fresh_catalyst_signal"",""stance_lock_challenge""]",80,growth_softness_vs_multiple_risk,"{""headline_id"":""73df51e9"",""agent_id"":""macro-agent"",""headline_title"":""U.S. Marketing Jobs Rebound in Q1 2026 as Hiring Picks Up, Led by Senior Roles and Early-Year Market Recalibration"",""headline_type"":""other"",""direct_relevance_score"":3,""indirect_relevance_score"":2,""market_signal_strength"":""high"",""is_new_information"":true,""is_cross_asset_relevant"":false,""primary_mechanism"":"""",""affected_assets"":[],""what_changed"":""U.S. Marketing Jobs Rebound in Q1 2026 as Hiring Picks Up, Led by Senior Roles and Early-Year Market Recalibration"",""linked_existing_thesis_id"":null,""recommended_action"":""stay_silent"",""comment_purpose"":null,""historical_analog_candidate"":null}",2026-04-22T14:14:00.397Z
risk-sentiment-agent,Risk/Sentiment Agent,new_post,"[""novelty_above_threshold"",""fresh_catalyst_signal"",""matched_thesis_update"",""stance_lock_challenge""]",78,growth_softness_vs_multiple_risk,"{""headline_id"":""1c7dc837"",""agent_id"":""risk-sentiment-agent"",""headline_title"":""Gold rises with risk assets as Iran ceasefire extension calms markets - Reuters"",""headline_type"":""commodity_specific"",""direct_relevance_score"":3,""indirect_relevance_score"":4,""market_signal_strength"":""low"",""is_new_information"":true,""is_cross_asset_relevant"":true,""primary_mechanism"":""Gold move → real rate signal (inverse of TIPS yield) → dollar direction → safe-haven demand"",""affected_assets"":[""gold""],""what_changed"":""Gold rises with risk assets as Iran ceasefire extension calms markets - Reuters"",""linked_existing_thesis_id"":null,""recommended_action"":""comment_on_other"",""comment_purpose"":""add_cross_asset_spillover"",""historical_analog_candidate"":null}",2026-04-22T14:13:37.783Z
commodities-agent,Commodities Agent,new_post,"[""novelty_above_threshold"",""fresh_catalyst_signal"",""matched_thesis_update""]",84,oil_geopolitics_and_inflation_pass_through,"{""headline_id"":""cf0c2d21"",""agent_id"":""commodities-agent"",""headline_title"":""Rupee extends losing streak as Iran war jitters lift oil to $100 - Reuters"",""headline_type"":""geopolitical"",""direct_relevance_score"":3,""indirect_relevance_score"":2,""market_signal_strength"":""high"",""is_new_information"":true,""is_cross_asset_relevant"":false,""primary_mechanism"":""Geopolitical shock → risk premium expansion → commodity/currency safe-haven flows"",""affected_assets"":[""wti"",""brent""],""what_changed"":""Rupee extends losing streak as Iran war jitters lift oil to $100 - Reuters"",""linked_existing_thesis_id"":null,""recommended_action"":""new_post"",""comment_purpose"":null,""historical_analog_candidate"":null}",2026-04-22T14:13:26.804Z
equities-agent,Equities Agent,stay_silent,"[""high_thesis_load"",""matched_thesis_update"",""fresh_catalyst_signal"",""repeated_catalyst_no_delta""]",81,growth_softness_vs_multiple_risk,"{""headline_id"":""aa37b776"",""agent_id"":""equities-agent"",""headline_title"":""ASM International NV 2026 Q1 - Results - Earnings Call Presentation (OTCMKTS:ASMIY) 2026-04-22"",""headline_type"":""company_news"",""direct_relevance_score"":3,""indirect_relevance_score"":2,""market_signal_strength"":""high"",""is_new_information"":true,""is_cross_asset_relevant"":false,""primary_mechanism"":"""",""affected_assets"":[],""what_changed"":""ASM International NV 2026 Q1 - Results - Earnings Call Presentation (OTCMKTS:ASMIY) 2026-04-22"",""linked_existing_thesis_id"":null,""recommended_action"":""stay_silent"",""comment_purpose"":null,""historical_analog_candidate"":null}",2026-04-22T14:13:26.507Z
fx-agent,FX Agent,new_post,"[""novelty_above_threshold"",""fresh_catalyst_signal"",""matched_thesis_update""]",82,oil_geopolitics_and_inflation_pass_through,"{""headline_id"":""c0674d01"",""agent_id"":""fx-agent"",""headline_title"":""Coagulation Analyzer Market Size to Reach a Valuation of USD 7.87 Billion by 2035; Increasing Incidence of Blood Disorders to Propel Market Expansion Globally | SNS Insider"",""headline_type"":""other"",""direct_relevance_score"":3,""indirect_relevance_score"":6,""market_signal_strength"":""high"",""is_new_information"":true,""is_cross_asset_relevant"":true,""primary_mechanism"":"""",""affected_assets"":[""dxy""],""what_changed"":""Coagulation Analyzer Market Size to Reach a Valuation of USD 7.87 Billion by 2035; Increasing Incidence of Blood Disorders to Propel Market Expansion Globally | SNS Insider"",""linked_existing_thesis_id"":null,""recommended_action"":""comment_on_other"",""comment_purpose"":""add_cross_asset_spillover"",""historical_analog_candidate"":null}",2026-04-22T14:13:16.696Z
rates-agent,Rates Agent,new_post,"[""novelty_above_threshold"",""fresh_catalyst_signal"",""matched_thesis_update"",""stance_lock_challenge""]",83,rates_repricing_and_duration_pressure,"{""headline_id"":""135066c7"",""agent_id"":""rates-agent"",""headline_title"":""Federal Reserve Board and Federal Open Market Committee release economic projections from the March 17-18 FOMC meeting"",""headline_type"":""policy"",""direct_relevance_score"":3,""indirect_relevance_score"":4,""market_signal_strength"":""high"",""is_new_information"":true,""is_cross_asset_relevant"":true,""primary_mechanism"":""Policy signal → forward guidance repricing → asset allocation shift"",""affected_assets"":[],""what_changed"":""Federal Reserve Board and Federal Open Market Committee release economic projections from the March 17-18 FOMC meeting"",""linked_existing_thesis_id"":null,""recommended_action"":""new_post"",""comment_purpose"":null,""historical_analog_candidate"":null}",2026-04-22T14:13:04.947Z
macro-agent,Macro Agent,update_existing,"[""high_thesis_load"",""matched_thesis_update"",""fresh_catalyst_signal"",""stance_lock_challenge""]",76,growth_softness_vs_multiple_risk,"{""headline_id"":""c0674d01"",""agent_id"":""macro-agent"",""headline_title"":""Coagulation Analyzer Market Size to Reach a Valuation of USD 7.87 Billion by 2035; Increasing Incidence of Blood Disorders to Propel Market Expansion Globally | SNS Insider"",""headline_type"":""other"",""direct_relevance_score"":3,""indirect_relevance_score"":6,""market_signal_strength"":""high"",""is_new_information"":true,""is_cross_asset_relevant"":true,""primary_mechanism"":"""",""affected_assets"":[""dxy""],""what_changed"":""Coagulation Analyzer Market Size to Reach a Valuation of USD 7.87 Billion by 2035; Increasing Incidence of Blood Disorders to Propel Market Expansion Globally | SNS Insider"",""linked_existing_thesis_id"":null,""recommended_action"":""comment_on_other"",""comment_purpose"":""add_cross_asset_spillover"",""historical_analog_candidate"":null}",2026-04-22T14:12:55.306Z
risk-sentiment-agent,Risk/Sentiment Agent,new_post,"[""novelty_above_threshold"",""fresh_catalyst_signal"",""matched_thesis_update"",""stance_lock_challenge""]",82,growth_softness_vs_multiple_risk,"{""headline_id"":""e1d66348"",""agent_id"":""risk-sentiment-agent"",""headline_title"":""Adobe Authorizes $25 Billion Buyback As Stock Falls 60% Since 2024"",""headline_type"":""company_news"",""direct_relevance_score"":0,""indirect_relevance_score"":2,""market_signal_strength"":""high"",""is_new_information"":true,""is_cross_asset_relevant"":false,""primary_mechanism"":"""",""affected_assets"":[""sp500"",""nasdaq""],""what_changed"":""Adobe Authorizes $25 Billion Buyback As Stock Falls 60% Since 2024"",""linked_existing_thesis_id"":null,""recommended_action"":""stay_silent"",""comment_purpose"":null,""historical_analog_candidate"":null}",2026-04-22T13:58:01.637Z
risk-sentiment-agent,Risk/Sentiment Agent,comment_only,"[""novelty_above_threshold"",""fresh_catalyst_signal"",""matched_thesis_update"",""run_catalyst_claimed""]",82,growth_softness_vs_multiple_risk,"{""headline_id"":""e1d66348"",""agent_id"":""risk-sentiment-agent"",""headline_title"":""Adobe Authorizes $25 Billion Buyback As Stock Falls 60% Since 2024"",""headline_type"":""company_news"",""direct_relevance_score"":0,""indirect_relevance_score"":2,""market_signal_strength"":""high"",""is_new_information"":true,""is_cross_asset_relevant"":false,""primary_mechanism"":"""",""affected_assets"":[""sp500"",""nasdaq""],""what_changed"":""Adobe Authorizes $25 Billion Buyback As Stock Falls 60% Since 2024"",""linked_existing_thesis_id"":null,""recommended_action"":""stay_silent"",""comment_purpose"":null,""historical_analog_candidate"":null}",2026-04-22T13:57:51.812Z
commodities-agent,Commodities Agent,comment_only,"[""novelty_above_threshold"",""fresh_catalyst_signal"",""matched_thesis_update"",""run_catalyst_claimed""]",82,growth_softness_vs_multiple_risk,"{""headline_id"":""e1d66348"",""agent_id"":""commodities-agent"",""headline_title"":""Adobe Authorizes $25 Billion Buyback As Stock Falls 60% Since 2024"",""headline_type"":""company_news"",""direct_relevance_score"":0,""indirect_relevance_score"":2,""market_signal_strength"":""high"",""is_new_information"":true,""is_cross_asset_relevant"":false,""primary_mechanism"":"""",""affected_assets"":[""sp500"",""nasdaq""],""what_changed"":""Adobe Authorizes $25 Billion Buyback As Stock Falls 60% Since 2024"",""linked_existing_thesis_id"":null,""recommended_action"":""stay_silent"",""comment_purpose"":null,""historical_analog_candidate"":null}",2026-04-22T13:57:51.487Z
equities-agent,Equities Agent,stay_silent,"[""stale_headline_thesis_update"",""fresh_catalyst_signal"",""matched_thesis_update"",""repeated_catalyst_no_delta""]",84,growth_softness_vs_multiple_risk,"{""headline_id"":""e1d66348"",""agent_id"":""equities-agent"",""headline_title"":""Adobe Authorizes $25 Billion Buyback As Stock Falls 60% Since 2024"",""headline_type"":""company_news"",""direct_relevance_score"":3,""indirect_relevance_score"":2,""market_signal_strength"":""high"",""is_new_information"":false,""is_cross_asset_relevant"":false,""primary_mechanism"":"""",""affected_assets"":[""sp500"",""nasdaq""],""what_changed"":""Adobe Authorizes $25 Billion Buyback As Stock Falls 60% Since 2024"",""linked_existing_thesis_id"":""e4779aec-58b4-4d7c-b860-3a826124d396"",""recommended_action"":""stay_silent"",""comment_purpose"":null,""historical_analog_candidate"":null}",2026-04-22T13:57:51.200Z
fx-agent,FX Agent,comment_only,"[""novelty_above_threshold"",""fresh_catalyst_signal"",""matched_thesis_update"",""run_catalyst_claimed""]",85,growth_softness_vs_multiple_risk,"{""headline_id"":""e1d66348"",""agent_id"":""fx-agent"",""headline_title"":""Adobe Authorizes $25 Billion Buyback As Stock Falls 60% Since 2024"",""headline_type"":""company_news"",""direct_relevance_score"":0,""indirect_relevance_score"":2,""market_signal_strength"":""high"",""is_new_information"":true,""is_cross_asset_relevant"":false,""primary_mechanism"":"""",""affected_assets"":[""sp500"",""nasdaq""],""what_changed"":""Adobe Authorizes $25 Billion Buyback As Stock Falls 60% Since 2024"",""linked_existing_thesis_id"":""cb81fe2a-924c-4eaa-a979-b87fd26e3dcd"",""recommended_action"":""stay_silent"",""comment_purpose"":null,""historical_analog_candidate"":null}",2026-04-22T13:57:50.917Z
rates-agent,Rates Agent,comment_only,"[""novelty_above_threshold"",""fresh_catalyst_signal"",""matched_thesis_update"",""run_catalyst_claimed""]",82,growth_softness_vs_multiple_risk,"{""headline_id"":""e1d66348"",""agent_id"":""rates-agent"",""headline_title"":""Adobe Authorizes $25 Billion Buyback As Stock Falls 60% Since 2024"",""headline_type"":""company_news"",""direct_relevance_score"":0,""indirect_relevance_score"":2,""market_signal_strength"":""high"",""is_new_information"":true,""is_cross_asset_relevant"":false,""primary_mechanism"":"""",""affected_assets"":[""sp500"",""nasdaq""],""what_changed"":""Adobe Authorizes $25 Billion Buyback As Stock Falls 60% Since 2024"",""linked_existing_thesis_id"":null,""recommended_action"":""stay_silent"",""comment_purpose"":null,""historical_analog_candidate"":null}",2026-04-22T13:57:50.616Z
commodities-agent,Commodities Agent,new_post,"[""novelty_above_threshold"",""fresh_catalyst_signal"",""matched_thesis_update""]",82,growth_softness_vs_multiple_risk,"{""headline_id"":""e1d66348"",""agent_id"":""commodities-agent"",""headline_title"":""Adobe Authorizes $25 Billion Buyback As Stock Falls 60% Since 2024"",""headline_type"":""company_news"",""direct_relevance_score"":0,""indirect_relevance_score"":2,""market_signal_strength"":""high"",""is_new_information"":true,""is_cross_asset_relevant"":false,""primary_mechanism"":"""",""affected_assets"":[""sp500"",""nasdaq""],""what_changed"":""Adobe Authorizes $25 Billion Buyback As Stock Falls 60% Since 2024"",""linked_existing_thesis_id"":null,""recommended_action"":""stay_silent"",""comment_purpose"":null,""historical_analog_candidate"":null}",2026-04-22T13:57:50.444Z
equities-agent,Equities Agent,stay_silent,"[""stale_headline_thesis_update"",""fresh_catalyst_signal"",""matched_thesis_update"",""repeated_catalyst_no_delta""]",84,growth_softness_vs_multiple_risk,"{""headline_id"":""bc0df158"",""agent_id"":""equities-agent"",""headline_title"":""NetApp: Decent Revenue Growth, Stronger Earnings Growth (NASDAQ:NTAP)"",""headline_type"":""company_news"",""direct_relevance_score"":3,""indirect_relevance_score"":4,""market_signal_strength"":""low"",""is_new_information"":false,""is_cross_asset_relevant"":true,""primary_mechanism"":"""",""affected_assets"":[""sp500"",""nasdaq""],""what_changed"":""NetApp: Decent Revenue Growth, Stronger Earnings Growth"",""linked_existing_thesis_id"":""e4779aec-58b4-4d7c-b860-3a826124d396"",""recommended_action"":""comment_on_other"",""comment_purpose"":""add_cross_asset_spillover"",""historical_analog_candidate"":null}",2026-04-22T13:57:50.122Z
fx-agent,FX Agent,new_post,"[""novelty_above_threshold"",""fresh_catalyst_signal"",""matched_thesis_update""]",85,growth_softness_vs_multiple_risk,"{""headline_id"":""e1d66348"",""agent_id"":""fx-agent"",""headline_title"":""Adobe Authorizes $25 Billion Buyback As Stock Falls 60% Since 2024"",""headline_type"":""company_news"",""direct_relevance_score"":0,""indirect_relevance_score"":2,""market_signal_strength"":""high"",""is_new_information"":true,""is_cross_asset_relevant"":false,""primary_mechanism"":"""",""affected_assets"":[""sp500"",""nasdaq""],""what_changed"":""Adobe Authorizes $25 Billion Buyback As Stock Falls 60% Since 2024"",""linked_existing_thesis_id"":""cb81fe2a-924c-4eaa-a979-b87fd26e3dcd"",""recommended_action"":""stay_silent"",""comment_purpose"":null,""historical_analog_candidate"":null}",2026-04-22T13:57:39.898Z
rates-agent,Rates Agent,stay_silent,"[""novelty_above_threshold"",""fresh_catalyst_signal"",""matched_thesis_update"",""rates_template_repetition"",""no_fresh_signal""]",82,growth_softness_vs_multiple_risk,"{""headline_id"":""e1d66348"",""agent_id"":""rates-agent"",""headline_title"":""Adobe Authorizes $25 Billion Buyback As Stock Falls 60% Since 2024"",""headline_type"":""company_news"",""direct_relevance_score"":0,""indirect_relevance_score"":2,""market_signal_strength"":""high"",""is_new_information"":true,""is_cross_asset_relevant"":false,""primary_mechanism"":"""",""affected_assets"":[""sp500"",""nasdaq""],""what_changed"":""Adobe Authorizes $25 Billion Buyback As Stock Falls 60% Since 2024"",""linked_existing_thesis_id"":null,""recommended_action"":""stay_silent"",""comment_purpose"":null,""historical_analog_candidate"":null}",2026-04-22T13:57:39.603Z
macro-agent,Macro Agent,update_existing,"[""high_thesis_load"",""matched_thesis_update"",""fresh_catalyst_signal"",""stance_lock_challenge""]",81,growth_softness_vs_multiple_risk,"{""headline_id"":""e1d66348"",""agent_id"":""macro-agent"",""headline_title"":""Adobe Authorizes $25 Billion Buyback As Stock Falls 60% Since 2024"",""headline_type"":""company_news"",""direct_relevance_score"":0,""indirect_relevance_score"":2,""market_signal_strength"":""high"",""is_new_information"":true,""is_cross_asset_relevant"":false,""primary_mechanism"":"""",""affected_assets"":[""sp500"",""nasdaq""],""what_changed"":""Adobe Authorizes $25 Billion Buyback As Stock Falls 60% Since 2024"",""linked_existing_thesis_id"":null,""recommended_action"":""stay_silent"",""comment_purpose"":null,""historical_analog_candidate"":null}",2026-04-22T13:57:34.146Z
macro-agent,Macro Agent,update_existing,"[""high_thesis_load"",""matched_thesis_update"",""fresh_catalyst_signal"",""stance_lock_challenge""]",81,growth_softness_vs_multiple_risk,"{""headline_id"":""bc0df158"",""agent_id"":""macro-agent"",""headline_title"":""NetApp: Decent Revenue Growth, Stronger Earnings Growth (NASDAQ:NTAP)"",""headline_type"":""company_news"",""direct_relevance_score"":3,""indirect_relevance_score"":4,""market_signal_strength"":""low"",""is_new_information"":true,""is_cross_asset_relevant"":true,""primary_mechanism"":"""",""affected_assets"":[""sp500"",""nasdaq""],""what_changed"":""NetApp: Decent Revenue Growth, Stronger Earnings Growth"",""linked_existing_thesis_id"":null,""recommended_action"":""comment_on_other"",""comment_purpose"":""add_cross_asset_spillover"",""historical_analog_candidate"":null}",2026-04-22T13:57:28.204Z
risk-sentiment-agent,Risk/Sentiment Agent,new_post,"[""novelty_above_threshold"",""fresh_catalyst_signal"",""matched_thesis_update"",""stance_lock_challenge""]",83,growth_softness_vs_multiple_risk,"{""headline_id"":""104e5f86"",""agent_id"":""risk-sentiment-agent"",""headline_title"":""Apple: The CEO Transition Is A Multiple Compression Catalyst (NASDAQ:AAPL)"",""headline_type"":""other"",""direct_relevance_score"":3,""indirect_relevance_score"":4,""market_signal_strength"":""low"",""is_new_information"":true,""is_cross_asset_relevant"":true,""primary_mechanism"":"""",""affected_assets"":[""sp500"",""nasdaq""],""what_changed"":""Apple: The CEO Transition Is A Multiple Compression Catalyst"",""linked_existing_thesis_id"":null,""recommended_action"":""comment_on_other"",""comment_purpose"":""add_cross_asset_spillover"",""historical_analog_candidate"":null}",2026-04-22T13:57:05.251Z
commodities-agent,Commodities Agent,new_post,"[""novelty_above_threshold"",""fresh_catalyst_signal"",""matched_thesis_update""]",84,oil_geopolitics_and_inflation_pass_through,"{""headline_id"":""30caac81"",""agent_id"":""commodities-agent"",""headline_title"":""Cardinal Energy: Robust Fundamentals, Growth Prospects, Valuation Fuel A Buy Reiteration"",""headline_type"":""other"",""direct_relevance_score"":3,""indirect_relevance_score"":8,""market_signal_strength"":""low"",""is_new_information"":true,""is_cross_asset_relevant"":true,""primary_mechanism"":"""",""affected_assets"":[],""what_changed"":""Cardinal Energy: Robust Fundamentals, Growth Prospects, Valuation Fuel A Buy Reiteration"",""linked_existing_thesis_id"":null,""recommended_action"":""comment_on_other"",""comment_purpose"":""add_cross_asset_spillover"",""historical_analog_candidate"":null}",2026-04-22T13:56:46.247Z
equities-agent,Equities Agent,update_existing,"[""stale_headline_thesis_update"",""fresh_catalyst_signal"",""matched_thesis_update"",""stance_lock_challenge""]",85,growth_softness_vs_multiple_risk,"{""headline_id"":""104e5f86"",""agent_id"":""equities-agent"",""headline_title"":""Apple: The CEO Transition Is A Multiple Compression Catalyst (NASDAQ:AAPL)"",""headline_type"":""other"",""direct_relevance_score"":5,""indirect_relevance_score"":4,""market_signal_strength"":""low"",""is_new_information"":false,""is_cross_asset_relevant"":true,""primary_mechanism"":"""",""affected_assets"":[""sp500"",""nasdaq""],""what_changed"":""Apple: The CEO Transition Is A Multiple Compression Catalyst"",""linked_existing_thesis_id"":""e4779aec-58b4-4d7c-b860-3a826124d396"",""recommended_action"":""comment_on_other"",""comment_purpose"":""add_cross_asset_spillover"",""historical_analog_candidate"":null}",2026-04-22T13:56:32.039Z
fx-agent,FX Agent,new_post,"[""novelty_above_threshold"",""fresh_catalyst_signal"",""matched_thesis_update"",""domain_relevance_low""]",87,oil_geopolitics_and_inflation_pass_through,,2026-04-22T13:56:19.761Z
rates-agent,Rates Agent,stay_silent,"[""novelty_above_threshold"",""fresh_catalyst_signal"",""matched_thesis_update"",""domain_relevance_low"",""rates_template_repetition"",""no_fresh_signal""]",83,growth_softness_vs_multiple_risk,,2026-04-22T13:56:19.434Z
macro-agent,Macro Agent,update_existing,"[""high_thesis_load"",""matched_thesis_update"",""fresh_catalyst_signal"",""stance_lock_challenge""]",82,growth_softness_vs_multiple_risk,"{""headline_id"":""30caac81"",""agent_id"":""macro-agent"",""headline_title"":""Cardinal Energy: Robust Fundamentals, Growth Prospects, Valuation Fuel A Buy Reiteration"",""headline_type"":""other"",""direct_relevance_score"":3,""indirect_relevance_score"":8,""market_signal_strength"":""low"",""is_new_information"":true,""is_cross_asset_relevant"":true,""primary_mechanism"":"""",""affected_assets"":[],""what_changed"":""Cardinal Energy: Robust Fundamentals, Growth Prospects, Valuation Fuel A Buy Reiteration"",""linked_existing_thesis_id"":null,""recommended_action"":""comment_on_other"",""comment_purpose"":""add_cross_asset_spillover"",""historical_analog_candidate"":null}",2026-04-22T13:55:59.469Z
risk-sentiment-agent,Risk/Sentiment Agent,stay_silent,"[""novelty_above_threshold"",""no_fresh_signal"",""matched_thesis_update"",""domain_relevance_low"",""weak_catalyst_materiality_gate""]",84,cross_asset_tape,,2026-04-22T13:37:22.759Z
commodities-agent,Commodities Agent,stay_silent,"[""novelty_above_threshold"",""no_fresh_signal"",""matched_thesis_update"",""domain_relevance_low"",""weak_catalyst_materiality_gate""]",83,cross_asset_tape,,2026-04-22T13:37:22.435Z
equities-agent,Equities Agent,stay_silent,"[""high_thesis_load"",""matched_thesis_update"",""no_fresh_signal"",""domain_relevance_low"",""repeated_catalyst_no_delta""]",86,cross_asset_tape,,2026-04-22T13:37:22.154Z
fx-agent,FX Agent,stay_silent,"[""novelty_above_threshold"",""no_fresh_signal"",""matched_thesis_update"",""domain_relevance_low"",""weak_catalyst_materiality_gate""]",87,cross_asset_tape,,2026-04-22T13:37:21.846Z
rates-agent,Rates Agent,stay_silent,"[""novelty_above_threshold"",""no_fresh_signal"",""matched_thesis_update"",""domain_relevance_low"",""weak_catalyst_materiality_gate""]",65,cross_asset_tape,,2026-04-22T13:37:21.555Z
macro-agent,Macro Agent,update_existing,"[""high_thesis_load"",""matched_thesis_update"",""no_fresh_signal"",""domain_relevance_low"",""stance_lock_challenge""]",84,cross_asset_tape,,2026-04-22T13:37:10.265Z
risk-sentiment-agent,Risk/Sentiment Agent,comment_only,"[""novelty_above_threshold"",""fresh_catalyst_signal"",""matched_thesis_update"",""run_catalyst_claimed""]",83,cross_asset_tape,"{""headline_id"":""656957be"",""agent_id"":""risk-sentiment-agent"",""headline_title"":""Power Financial Credit Union and the Jason Taylor Foundation Use Spoken Word Poetry to Boost Awareness of Financial Literacy Among South Florida Youth"",""headline_type"":""other"",""direct_relevance_score"":3,""indirect_relevance_score"":4,""market_signal_strength"":""low"",""is_new_information"":true,""is_cross_asset_relevant"":true,""primary_mechanism"":"""",""affected_assets"":[],""what_changed"":""Power Financial Credit Union and the Jason Taylor Foundation Use Spoken Word Poetry to Boost Awareness of Financial Literacy Among South Florida Youth"",""linked_existing_thesis_id"":null,""recommended_action"":""comment_on_other"",""comment_purpose"":""add_cross_asset_spillover"",""historical_analog_candidate"":null}",2026-04-22T13:20:39.620Z
commodities-agent,Commodities Agent,new_post,"[""novelty_above_threshold"",""fresh_catalyst_signal"",""matched_thesis_update""]",83,cross_asset_tape,"{""headline_id"":""3079badb"",""agent_id"":""commodities-agent"",""headline_title"":""Meta Stock in Focus -- Breaks Ground on $1 Billion AI Hub"",""headline_type"":""other"",""direct_relevance_score"":0,""indirect_relevance_score"":2,""market_signal_strength"":""high"",""is_new_information"":true,""is_cross_asset_relevant"":false,""primary_mechanism"":"""",""affected_assets"":[""sp500"",""nasdaq""],""what_changed"":""Meta Stock in Focus -- Breaks Ground on $1 Billion AI Hub"",""linked_existing_thesis_id"":null,""recommended_action"":""stay_silent"",""comment_purpose"":null,""historical_analog_candidate"":null}",2026-04-22T13:20:25.521Z
equities-agent,Equities Agent,update_existing,"[""high_thesis_load"",""matched_thesis_update"",""fresh_catalyst_signal""]",86,cross_asset_tape,"{""headline_id"":""dc112b53"",""agent_id"":""equities-agent"",""headline_title"":""Morning Market Movers: AGPU, INBX, HCAI, FLWS See Big Swings"",""headline_type"":""other"",""direct_relevance_score"":5,""indirect_relevance_score"":4,""market_signal_strength"":""low"",""is_new_information"":true,""is_cross_asset_relevant"":true,""primary_mechanism"":"""",""affected_assets"":[],""what_changed"":""Morning Market Movers: AGPU, INBX, HCAI, FLWS See Big Swings"",""linked_existing_thesis_id"":null,""recommended_action"":""comment_on_other"",""comment_purpose"":""add_cross_asset_spillover"",""historical_analog_candidate"":null}",2026-04-22T13:20:14.095Z
fx-agent,FX Agent,new_post,"[""novelty_above_threshold"",""fresh_catalyst_signal"",""matched_thesis_update"",""domain_relevance_low""]",86,cross_asset_tape,,2026-04-22T13:20:01.333Z
rates-agent,Rates Agent,stay_silent,"[""novelty_above_threshold"",""fresh_catalyst_signal"",""matched_thesis_update"",""rates_template_repetition"",""no_fresh_signal""]",83,cross_asset_tape,"{""headline_id"":""3079badb"",""agent_id"":""rates-agent"",""headline_title"":""Meta Stock in Focus -- Breaks Ground on $1 Billion AI Hub"",""headline_type"":""other"",""direct_relevance_score"":0,""indirect_relevance_score"":2,""market_signal_strength"":""high"",""is_new_information"":true,""is_cross_asset_relevant"":false,""primary_mechanism"":"""",""affected_assets"":[""sp500"",""nasdaq""],""what_changed"":""Meta Stock in Focus -- Breaks Ground on $1 Billion AI Hub"",""linked_existing_thesis_id"":null,""recommended_action"":""stay_silent"",""comment_purpose"":null,""historical_analog_candidate"":null}",2026-04-22T13:20:01.054Z
macro-agent,Macro Agent,update_existing,"[""high_thesis_load"",""matched_thesis_update"",""fresh_catalyst_signal"",""stance_lock_challenge""]",83,cross_asset_tape,"{""headline_id"":""09b15aec"",""agent_id"":""macro-agent"",""headline_title"":""Jobs to go as Simply Good Foods tackles costs"",""headline_type"":""other"",""direct_relevance_score"":3,""indirect_relevance_score"":2,""market_signal_strength"":""low"",""is_new_information"":true,""is_cross_asset_relevant"":false,""primary_mechanism"":"""",""affected_assets"":[],""what_changed"":""Jobs to go as Simply Good Foods tackles costs"",""linked_existing_thesis_id"":null,""recommended_action"":""stay_silent"",""comment_purpose"":null,""historical_analog_candidate"":null}",2026-04-22T13:19:47.432Z
risk-sentiment-agent,Risk/Sentiment Agent,comment_only,"[""novelty_above_threshold"",""fresh_catalyst_signal"",""matched_thesis_update"",""domain_relevance_low"",""run_catalyst_claimed""]",82,cross_asset_tape,"{""headline_id"":""3079badb"",""agent_id"":""risk-sentiment-agent"",""headline_title"":""Meta Stock in Focus -- Breaks Ground on $1 Billion AI Hub"",""headline_type"":""other"",""direct_relevance_score"":0,""indirect_relevance_score"":2,""market_signal_strength"":""high"",""is_new_information"":true,""is_cross_asset_relevant"":false,""primary_mechanism"":"""",""affected_assets"":[""sp500"",""nasdaq""],""what_changed"":""Meta Stock in Focus -- Breaks Ground on $1 Billion AI Hub"",""linked_existing_thesis_id"":null,""recommended_action"":""stay_silent"",""comment_purpose"":null,""historical_analog_candidate"":null}",2026-04-22T13:18:38.446Z
commodities-agent,Commodities Agent,comment_only,"[""novelty_above_threshold"",""fresh_catalyst_signal"",""matched_thesis_update"",""domain_relevance_low"",""run_catalyst_claimed""]",82,cross_asset_tape,"{""headline_id"":""3079badb"",""agent_id"":""commodities-agent"",""headline_title"":""Meta Stock in Focus -- Breaks Ground on $1 Billion AI Hub"",""headline_type"":""other"",""direct_relevance_score"":0,""indirect_relevance_score"":2,""market_signal_strength"":""high"",""is_new_information"":true,""is_cross_asset_relevant"":false,""primary_mechanism"":"""",""affected_assets"":[""sp500"",""nasdaq""],""what_changed"":""Meta Stock in Focus -- Breaks Ground on $1 Billion AI Hub"",""linked_existing_thesis_id"":null,""recommended_action"":""stay_silent"",""comment_purpose"":null,""historical_analog_candidate"":null}",2026-04-22T13:18:38.170Z
equities-agent,Equities Agent,update_existing,"[""stale_headline_thesis_update"",""fresh_catalyst_signal"",""matched_thesis_update""]",85,cross_asset_tape,"{""headline_id"":""3079badb"",""agent_id"":""equities-agent"",""headline_title"":""Meta Stock in Focus -- Breaks Ground on $1 Billion AI Hub"",""headline_type"":""other"",""direct_relevance_score"":5,""indirect_relevance_score"":2,""market_signal_strength"":""high"",""is_new_information"":false,""is_cross_asset_relevant"":false,""primary_mechanism"":"""",""affected_assets"":[""sp500"",""nasdaq""],""what_changed"":""Meta Stock in Focus -- Breaks Ground on $1 Billion AI Hub"",""linked_existing_thesis_id"":""e4779aec-58b4-4d7c-b860-3a826124d396"",""recommended_action"":""stay_silent"",""comment_purpose"":null,""historical_analog_candidate"":null}",2026-04-22T13:18:27.001Z
fx-agent,FX Agent,comment_only,"[""novelty_above_threshold"",""fresh_catalyst_signal"",""matched_thesis_update"",""domain_relevance_low"",""run_catalyst_claimed""]",85,cross_asset_tape,"{""headline_id"":""3079badb"",""agent_id"":""fx-agent"",""headline_title"":""Meta Stock in Focus -- Breaks Ground on $1 Billion AI Hub"",""headline_type"":""other"",""direct_relevance_score"":0,""indirect_relevance_score"":2,""market_signal_strength"":""high"",""is_new_information"":true,""is_cross_asset_relevant"":false,""primary_mechanism"":"""",""affected_assets"":[""sp500"",""nasdaq""],""what_changed"":""Meta Stock in Focus -- Breaks Ground on $1 Billion AI Hub"",""linked_existing_thesis_id"":""cb81fe2a-924c-4eaa-a979-b87fd26e3dcd"",""recommended_action"":""stay_silent"",""comment_purpose"":null,""historical_analog_candidate"":null}",2026-04-22T13:18:26.722Z
rates-agent,Rates Agent,comment_only,"[""novelty_above_threshold"",""fresh_catalyst_signal"",""matched_thesis_update"",""domain_relevance_low"",""run_catalyst_claimed""]",82,cross_asset_tape,"{""headline_id"":""3079badb"",""agent_id"":""rates-agent"",""headline_title"":""Meta Stock in Focus -- Breaks Ground on $1 Billion AI Hub"",""headline_type"":""other"",""direct_relevance_score"":0,""indirect_relevance_score"":2,""market_signal_strength"":""high"",""is_new_information"":true,""is_cross_asset_relevant"":false,""primary_mechanism"":"""",""affected_assets"":[""sp500"",""nasdaq""],""what_changed"":""Meta Stock in Focus -- Breaks Ground on $1 Billion AI Hub"",""linked_existing_thesis_id"":null,""recommended_action"":""stay_silent"",""comment_purpose"":null,""historical_analog_candidate"":null}",2026-04-22T13:18:26.442Z
macro-agent,Macro Agent,update_existing,"[""high_thesis_load"",""matched_thesis_update"",""fresh_catalyst_signal"",""domain_relevance_low"",""stance_lock_challenge""]",82,cross_asset_tape,"{""headline_id"":""3079badb"",""agent_id"":""macro-agent"",""headline_title"":""Meta Stock in Focus -- Breaks Ground on $1 Billion AI Hub"",""headline_type"":""other"",""direct_relevance_score"":0,""indirect_relevance_score"":2,""market_signal_strength"":""high"",""is_new_information"":true,""is_cross_asset_relevant"":false,""primary_mechanism"":"""",""affected_assets"":[""sp500"",""nasdaq""],""what_changed"":""Meta Stock in Focus -- Breaks Ground on $1 Billion AI Hub"",""linked_existing_thesis_id"":null,""recommended_action"":""stay_silent"",""comment_purpose"":null,""historical_analog_candidate"":null}",2026-04-22T13:18:14.367Z
risk-sentiment-agent,Risk/Sentiment Agent,new_post,"[""novelty_above_threshold"",""fresh_catalyst_signal"",""matched_thesis_update"",""stance_lock_challenge""]",72,cross_asset_tape,"{""headline_id"":""5190ced8"",""agent_id"":""risk-sentiment-agent"",""headline_title"":""Germany cuts GDP forecast in half on the Iran war"",""headline_type"":""macro_release"",""direct_relevance_score"":3,""indirect_relevance_score"":10,""market_signal_strength"":""low"",""is_new_information"":true,""is_cross_asset_relevant"":true,""primary_mechanism"":""Data release → market expectations update → rate path repricing"",""affected_assets"":[],""what_changed"":""Germany cuts GDP forecast in half on the Iran war"",""linked_existing_thesis_id"":null,""recommended_action"":""comment_on_other"",""comment_purpose"":""add_cross_asset_spillover"",""historical_analog_candidate"":null}",2026-04-22T13:15:31.316Z
commodities-agent,Commodities Agent,new_post,"[""novelty_above_threshold"",""fresh_catalyst_signal"",""matched_thesis_update""]",72,cross_asset_tape,"{""headline_id"":""5190ced8"",""agent_id"":""commodities-agent"",""headline_title"":""Germany cuts GDP forecast in half on the Iran war"",""headline_type"":""macro_release"",""direct_relevance_score"":3,""indirect_relevance_score"":10,""market_signal_strength"":""low"",""is_new_information"":true,""is_cross_asset_relevant"":true,""primary_mechanism"":""Data release → market expectations update → rate path repricing"",""affected_assets"":[],""what_changed"":""Germany cuts GDP forecast in half on the Iran war"",""linked_existing_thesis_id"":null,""recommended_action"":""comment_on_other"",""comment_purpose"":""add_cross_asset_spillover"",""historical_analog_candidate"":null}",2026-04-22T13:15:17.647Z
equities-agent,Equities Agent,update_existing,"[""high_thesis_load"",""matched_thesis_update"",""fresh_catalyst_signal""]",75,cross_asset_tape,"{""headline_id"":""5190ced8"",""agent_id"":""equities-agent"",""headline_title"":""Germany cuts GDP forecast in half on the Iran war"",""headline_type"":""macro_release"",""direct_relevance_score"":7,""indirect_relevance_score"":10,""market_signal_strength"":""low"",""is_new_information"":true,""is_cross_asset_relevant"":true,""primary_mechanism"":""Data release → market expectations update → rate path repricing"",""affected_assets"":[],""what_changed"":""Germany cuts GDP forecast in half on the Iran war"",""linked_existing_thesis_id"":null,""recommended_action"":""comment_on_other"",""comment_purpose"":""add_cross_asset_spillover"",""historical_analog_candidate"":null}",2026-04-22T13:15:02.533Z
fx-agent,FX Agent,update_existing,"[""stale_headline_thesis_update"",""fresh_catalyst_signal"",""matched_thesis_update""]",75,cross_asset_tape,"{""headline_id"":""5190ced8"",""agent_id"":""fx-agent"",""headline_title"":""Germany cuts GDP forecast in half on the Iran war"",""headline_type"":""macro_release"",""direct_relevance_score"":3,""indirect_relevance_score"":10,""market_signal_strength"":""low"",""is_new_information"":false,""is_cross_asset_relevant"":true,""primary_mechanism"":""Data release → market expectations update → rate path repricing"",""affected_assets"":[],""what_changed"":""Germany cuts GDP forecast in half on the Iran war"",""linked_existing_thesis_id"":null,""recommended_action"":""stay_silent"",""comment_purpose"":null,""historical_analog_candidate"":null}",2026-04-22T13:14:46.938Z
rates-agent,Rates Agent,update_existing,"[""stale_headline_thesis_update"",""fresh_catalyst_signal"",""matched_thesis_update"",""stance_lock_challenge""]",72,cross_asset_tape,"{""headline_id"":""6ab1c5d0"",""agent_id"":""rates-agent"",""headline_title"":""Trump's Fed Pick Warsh Wants To Ditch The Central Bank's Go‑To Inflation Gauge"",""headline_type"":""macro_release"",""direct_relevance_score"":3,""indirect_relevance_score"":6,""market_signal_strength"":""medium"",""is_new_information"":false,""is_cross_asset_relevant"":true,""primary_mechanism"":""PCE print → Fed's preferred inflation gauge repricing → rate expectations shift → risk-asset discount rate"",""affected_assets"":[],""what_changed"":""Trump's Fed Pick Warsh Wants To Ditch The Central Bank's Go‑To Inflation Gauge"",""linked_existing_thesis_id"":null,""recommended_action"":""stay_silent"",""comment_purpose"":null,""historical_analog_candidate"":null}",2026-04-22T13:14:35.050Z
macro-agent,Macro Agent,update_existing,"[""stale_headline_thesis_update"",""fresh_catalyst_signal"",""matched_thesis_update"",""stance_lock_challenge""]",72,cross_asset_tape,"{""headline_id"":""5190ced8"",""agent_id"":""macro-agent"",""headline_title"":""Germany cuts GDP forecast in half on the Iran war"",""headline_type"":""macro_release"",""direct_relevance_score"":7,""indirect_relevance_score"":10,""market_signal_strength"":""low"",""is_new_information"":false,""is_cross_asset_relevant"":true,""primary_mechanism"":""Data release → market expectations update → rate path repricing"",""affected_assets"":[],""what_changed"":""Germany cuts GDP forecast in half on the Iran war"",""linked_existing_thesis_id"":null,""recommended_action"":""comment_on_other"",""comment_purpose"":""confirm_existing_thesis"",""historical_analog_candidate"":null}",2026-04-22T13:14:16.169Z
risk-sentiment-agent,Risk/Sentiment Agent,new_post,"[""novelty_above_threshold"",""fresh_catalyst_signal"",""matched_thesis_update"",""stance_lock_challenge""]",72,cross_asset_tape,"{""headline_id"":""a9884bf2"",""agent_id"":""risk-sentiment-agent"",""headline_title"":""investingLive European markets wrap: Oil steady on tense mood, US futures also up though"",""headline_type"":""other"",""direct_relevance_score"":0,""indirect_relevance_score"":8,""market_signal_strength"":""low"",""is_new_information"":true,""is_cross_asset_relevant"":true,""primary_mechanism"":""CPI print → real yield repricing → Fed path recalibration → duration positioning"",""affected_assets"":[""wti"",""brent""],""what_changed"":""investingLive European markets wrap: Oil steady on tense mood, US futures also up though"",""linked_existing_thesis_id"":""126a40de-3256-4cc9-8dcc-c98f8b69797c"",""recommended_action"":""update_existing"",""comment_purpose"":null,""historical_analog_candidate"":null}",2026-04-22T13:02:15.625Z
commodities-agent,Commodities Agent,new_post,"[""novelty_above_threshold"",""fresh_catalyst_signal"",""matched_thesis_update""]",72,cross_asset_tape,"{""headline_id"":""6493c68d"",""agent_id"":""commodities-agent"",""headline_title"":""Stock Market Today: Dow Jones, S&P 500 Futures Surge After Trump Extends Iran Ceasefire—Tesla, Boeing, United Airlines In Focus"",""headline_type"":""geopolitical"",""direct_relevance_score"":3,""indirect_relevance_score"":8,""market_signal_strength"":""high"",""is_new_information"":true,""is_cross_asset_relevant"":true,""primary_mechanism"":""Geopolitical shock → risk premium expansion → commodity/currency safe-haven flows"",""affected_assets"":[""sp500"",""nasdaq""],""what_changed"":""Stock Market Today: Dow Jones, S&P 500 Futures Surge After Trump Extends Iran Ceasefire—Tesla, Boeing, United Airlines In Focus"",""linked_existing_thesis_id"":null,""recommended_action"":""new_post"",""comment_purpose"":null,""historical_analog_candidate"":null}",2026-04-22T13:01:45.876Z
equities-agent,Equities Agent,update_existing,"[""stale_headline_thesis_update"",""fresh_catalyst_signal"",""matched_thesis_update""]",75,cross_asset_tape,"{""headline_id"":""6493c68d"",""agent_id"":""equities-agent"",""headline_title"":""Stock Market Today: Dow Jones, S&P 500 Futures Surge After Trump Extends Iran Ceasefire—Tesla, Boeing, United Airlines In Focus"",""headline_type"":""geopolitical"",""direct_relevance_score"":5,""indirect_relevance_score"":8,""market_signal_strength"":""high"",""is_new_information"":false,""is_cross_asset_relevant"":true,""primary_mechanism"":""Geopolitical shock → risk premium expansion → commodity/currency safe-haven flows"",""affected_assets"":[""sp500"",""nasdaq""],""what_changed"":""Stock Market Today: Dow Jones, S&P 500 Futures Surge After Trump Extends Iran Ceasefire—Tesla, Boeing, United Airlines In Focus"",""linked_existing_thesis_id"":""e4779aec-58b4-4d7c-b860-3a826124d396"",""recommended_action"":""update_existing"",""comment_purpose"":null,""historical_analog_candidate"":null}",2026-04-22T13:01:34.997Z
fx-agent,FX Agent,new_post,"[""novelty_above_threshold"",""fresh_catalyst_signal""]",80,cross_asset_tape,"{""headline_id"":""a9884bf2"",""agent_id"":""fx-agent"",""headline_title"":""investingLive European markets wrap: Oil steady on tense mood, US futures also up though"",""headline_type"":""other"",""direct_relevance_score"":7,""indirect_relevance_score"":8,""market_signal_strength"":""low"",""is_new_information"":true,""is_cross_asset_relevant"":true,""primary_mechanism"":""CPI print → real yield repricing → Fed path recalibration → duration positioning"",""affected_assets"":[""wti"",""brent""],""what_changed"":""investingLive European markets wrap: Oil steady on tense mood, US futures also up though"",""linked_existing_thesis_id"":null,""recommended_action"":""comment_on_other"",""comment_purpose"":""add_cross_asset_spillover"",""historical_analog_candidate"":null}",2026-04-22T13:01:21.527Z
rates-agent,Rates Agent,stay_silent,"[""novelty_above_threshold"",""fresh_catalyst_signal"",""matched_thesis_update"",""rates_template_repetition"",""no_fresh_signal""]",72,cross_asset_tape,"{""headline_id"":""dd4eeb7a"",""agent_id"":""rates-agent"",""headline_title"":""BMO Announces Cash Distributions for Certain BMO ETFs and ETF Series of BMO Mutual Funds for April 2026"",""headline_type"":""other"",""direct_relevance_score"":3,""indirect_relevance_score"":6,""market_signal_strength"":""high"",""is_new_information"":true,""is_cross_asset_relevant"":true,""primary_mechanism"":""Policy rate signal → front-end Treasury repricing → FX carry shifts → equity discount rate"",""affected_assets"":[],""what_changed"":""BMO Announces Cash Distributions for Certain BMO ETFs and ETF Series of BMO Mutual Funds for April 2026"",""linked_existing_thesis_id"":null,""recommended_action"":""new_post"",""comment_purpose"":null,""historical_analog_candidate"":null}",2026-04-22T13:01:21.169Z
macro-agent,Macro Agent,new_post,"[""novelty_above_threshold"",""fresh_catalyst_signal"",""matched_thesis_update"",""stance_lock_challenge""]",72,cross_asset_tape,"{""headline_id"":""6493c68d"",""agent_id"":""macro-agent"",""headline_title"":""Stock Market Today: Dow Jones, S&P 500 Futures Surge After Trump Extends Iran Ceasefire—Tesla, Boeing, United Airlines In Focus"",""headline_type"":""geopolitical"",""direct_relevance_score"":3,""indirect_relevance_score"":8,""market_signal_strength"":""high"",""is_new_information"":true,""is_cross_asset_relevant"":true,""primary_mechanism"":""Geopolitical shock → risk premium expansion → commodity/currency safe-haven flows"",""affected_assets"":[""sp500"",""nasdaq""],""what_changed"":""Stock Market Today: Dow Jones, S&P 500 Futures Surge After Trump Extends Iran Ceasefire—Tesla, Boeing, United Airlines In Focus"",""linked_existing_thesis_id"":null,""recommended_action"":""new_post"",""comment_purpose"":null,""historical_analog_candidate"":null}",2026-04-22T13:01:05.263Z
risk-sentiment-agent,Risk/Sentiment Agent,stay_silent,"[""novelty_above_threshold"",""no_fresh_signal"",""matched_thesis_update"",""domain_relevance_low"",""weak_catalyst_materiality_gate""]",80,crowding_positioning,,2026-04-22T12:01:46.604Z
commodities-agent,Commodities Agent,stay_silent,"[""matched_thesis_update"",""fresh_catalyst_signal"",""repeated_catalyst_no_delta""]",48,gas_power,"{""headline_id"":""8d564026"",""agent_id"":""commodities-agent"",""headline_title"":""Stocks rise, oil dips under $100 as Trump extends Iran ceasefire - Reuters"",""headline_type"":""geopolitical"",""direct_relevance_score"":3,""indirect_relevance_score"":4,""market_signal_strength"":""high"",""is_new_information"":true,""is_cross_asset_relevant"":true,""primary_mechanism"":""Geopolitical shock → risk premium expansion → commodity/currency safe-haven flows"",""affected_assets"":[""wti"",""brent""],""what_changed"":""Stocks rise, oil dips under $100 as Trump extends Iran ceasefire - Reuters"",""linked_existing_thesis_id"":null,""recommended_action"":""new_post"",""comment_purpose"":null,""historical_analog_candidate"":null}",2026-04-22T12:01:45.869Z
equities-agent,Equities Agent,update_existing,"[""stale_headline_thesis_update"",""fresh_catalyst_signal"",""matched_thesis_update""]",86,ai_concentration,"{""headline_id"":""8d564026"",""agent_id"":""equities-agent"",""headline_title"":""Stocks rise, oil dips under $100 as Trump extends Iran ceasefire - Reuters"",""headline_type"":""geopolitical"",""direct_relevance_score"":3,""indirect_relevance_score"":4,""market_signal_strength"":""high"",""is_new_information"":false,""is_cross_asset_relevant"":true,""primary_mechanism"":""Geopolitical shock → risk premium expansion → commodity/currency safe-haven flows"",""affected_assets"":[""wti"",""brent""],""what_changed"":""Stocks rise, oil dips under $100 as Trump extends Iran ceasefire - Reuters"",""linked_existing_thesis_id"":""58891dc8-af86-483e-8dc3-5268d8c5ce82"",""recommended_action"":""update_existing"",""comment_purpose"":null,""historical_analog_candidate"":null}",2026-04-22T12:01:33.292Z
fx-agent,FX Agent,stay_silent,"[""matched_thesis_update"",""fresh_catalyst_signal"",""deprioritized_topic"",""weak_catalyst_materiality_gate""]",58,dollar_path,"{""headline_id"":""08d754fc"",""agent_id"":""fx-agent"",""headline_title"":""US blocks Iraq's dollar shipments to squeeze Iran-backed militias, WSJ reports - Reuters"",""headline_type"":""geopolitical"",""direct_relevance_score"":3,""indirect_relevance_score"":2,""market_signal_strength"":""low"",""is_new_information"":true,""is_cross_asset_relevant"":false,""primary_mechanism"":""Dollar move → EM debt burden → commodity price translation → US export competitiveness → FX carry unwind risk"",""affected_assets"":[""dxy""],""what_changed"":""US blocks Iraq's dollar shipments to squeeze Iran-backed militias, WSJ reports - Reuters"",""linked_existing_thesis_id"":null,""recommended_action"":""stay_silent"",""comment_purpose"":null,""historical_analog_candidate"":null}",2026-04-22T12:01:32.793Z
rates-agent,Rates Agent,stay_silent,"[""novelty_above_threshold"",""no_fresh_signal"",""matched_thesis_update"",""rates_template_repetition""]",59,duration_pressure,,2026-04-22T12:01:32.295Z
macro-agent,Macro Agent,update_existing,"[""high_thesis_load"",""matched_thesis_update"",""fresh_catalyst_signal"",""stance_lock_challenge""]",83,consumer_demand,"{""headline_id"":""a653e86c"",""agent_id"":""macro-agent"",""headline_title"":""Northrop Grumman Says Defense Spending Could Reach Cold War Era Levels"",""headline_type"":""geopolitical"",""direct_relevance_score"":3,""indirect_relevance_score"":6,""market_signal_strength"":""low"",""is_new_information"":true,""is_cross_asset_relevant"":true,""primary_mechanism"":""Geopolitical shock → risk premium expansion → commodity/currency safe-haven flows"",""affected_assets"":[],""what_changed"":""Northrop Grumman Says Defense Spending Could Reach Cold War Era Levels"",""linked_existing_thesis_id"":null,""recommended_action"":""comment_on_other"",""comment_purpose"":""add_cross_asset_spillover"",""historical_analog_candidate"":null}",2026-04-22T12:01:15.167Z
rates-agent,Rates Agent,stay_silent,"[""novelty_above_threshold"",""fresh_catalyst_signal"",""matched_thesis_update"",""rates_template_repetition"",""no_fresh_signal""]",72,cross_asset_tape,"{""headline_id"":""ff06c59f"",""agent_id"":""rates-agent"",""headline_title"":""BHP reports 3% dip in YTD March FY26 copper output"",""headline_type"":""commodity_specific"",""direct_relevance_score"":0,""indirect_relevance_score"":2,""market_signal_strength"":""high"",""is_new_information"":true,""is_cross_asset_relevant"":false,""primary_mechanism"":""Copper move → global growth proxy → industrial demand signal → EM capex cycle indicator"",""affected_assets"":[""copper""],""what_changed"":""BHP reports 3% dip in YTD March FY26 copper output"",""linked_existing_thesis_id"":null,""recommended_action"":""stay_silent"",""comment_purpose"":null,""historical_analog_candidate"":null}",2026-04-22T11:01:13.378Z
macro-agent,Macro Agent,new_post,"[""novelty_above_threshold"",""fresh_catalyst_signal"",""matched_thesis_update"",""stance_lock_challenge""]",72,cross_asset_tape,"{""headline_id"":""6493c68d"",""agent_id"":""macro-agent"",""headline_title"":""Stock Market Today: Dow Jones, S&P 500 Futures Surge After Trump Extends Iran Ceasefire—Tesla, Boeing, United Airlines In Focus"",""headline_type"":""geopolitical"",""direct_relevance_score"":3,""indirect_relevance_score"":8,""market_signal_strength"":""high"",""is_new_information"":true,""is_cross_asset_relevant"":true,""primary_mechanism"":""Geopolitical shock → risk premium expansion → commodity/currency safe-haven flows"",""affected_assets"":[""sp500"",""nasdaq""],""what_changed"":""Stock Market Today: Dow Jones, S&P 500 Futures Surge After Trump Extends Iran Ceasefire—Tesla, Boeing, United Airlines In Focus"",""linked_existing_thesis_id"":null,""recommended_action"":""new_post"",""comment_purpose"":null,""historical_analog_candidate"":null}",2026-04-22T11:01:02.251Z
risk-sentiment-agent,Risk/Sentiment Agent,stay_silent,"[""novelty_above_threshold"",""no_fresh_signal"",""matched_thesis_update"",""domain_relevance_low"",""weak_catalyst_materiality_gate""]",80,crowding_positioning,,2026-04-22T10:01:32.267Z
commodities-agent,Commodities Agent,stay_silent,"[""matched_thesis_update"",""fresh_catalyst_signal"",""repeated_catalyst_no_delta""]",48,gas_power,"{""headline_id"":""443312f8"",""agent_id"":""commodities-agent"",""headline_title"":""Stocks rise, oil near $100 as Trump extends Iran ceasefire - Reuters"",""headline_type"":""geopolitical"",""direct_relevance_score"":3,""indirect_relevance_score"":4,""market_signal_strength"":""high"",""is_new_information"":true,""is_cross_asset_relevant"":true,""primary_mechanism"":""Geopolitical shock → risk premium expansion → commodity/currency safe-haven flows"",""affected_assets"":[""wti"",""brent""],""what_changed"":""Stocks rise, oil near $100 as Trump extends Iran ceasefire - Reuters"",""linked_existing_thesis_id"":null,""recommended_action"":""new_post"",""comment_purpose"":null,""historical_analog_candidate"":null}",2026-04-22T10:01:31.865Z
equities-agent,Equities Agent,new_post,"[""novelty_above_threshold"",""fresh_catalyst_signal""]",88,policy_divergence,"{""headline_id"":""443312f8"",""agent_id"":""equities-agent"",""headline_title"":""Stocks rise, oil near $100 as Trump extends Iran ceasefire - Reuters"",""headline_type"":""geopolitical"",""direct_relevance_score"":3,""indirect_relevance_score"":4,""market_signal_strength"":""high"",""is_new_information"":true,""is_cross_asset_relevant"":true,""primary_mechanism"":""Geopolitical shock → risk premium expansion → commodity/currency safe-haven flows"",""affected_assets"":[""wti"",""brent""],""what_changed"":""Stocks rise, oil near $100 as Trump extends Iran ceasefire - Reuters"",""linked_existing_thesis_id"":""c7172674-b5df-460c-91a9-90dd1feb2440"",""recommended_action"":""update_existing"",""comment_purpose"":null,""historical_analog_candidate"":null}",2026-04-22T10:01:16.298Z
fx-agent,FX Agent,new_post,"[""novelty_above_threshold"",""fresh_catalyst_signal"",""matched_thesis_update""]",86,policy_divergence,"{""headline_id"":""5f5950a2"",""agent_id"":""fx-agent"",""headline_title"":""SkySparc Acquires Covarius and Uniun"",""headline_type"":""other"",""direct_relevance_score"":5,""indirect_relevance_score"":6,""market_signal_strength"":""low"",""is_new_information"":true,""is_cross_asset_relevant"":true,""primary_mechanism"":"""",""affected_assets"":[],""what_changed"":""SkySparc Acquires Covarius and Uniun"",""linked_existing_thesis_id"":null,""recommended_action"":""comment_on_other"",""comment_purpose"":""add_cross_asset_spillover"",""historical_analog_candidate"":null}",2026-04-22T10:01:09.463Z
rates-agent,Rates Agent,stay_silent,"[""novelty_above_threshold"",""fresh_catalyst_signal"",""matched_thesis_update"",""rates_template_repetition"",""no_fresh_signal""]",84,duration_pressure,"{""headline_id"":""5f5950a2"",""agent_id"":""rates-agent"",""headline_title"":""SkySparc Acquires Covarius and Uniun"",""headline_type"":""other"",""direct_relevance_score"":3,""indirect_relevance_score"":6,""market_signal_strength"":""low"",""is_new_information"":true,""is_cross_asset_relevant"":true,""primary_mechanism"":"""",""affected_assets"":[],""what_changed"":""SkySparc Acquires Covarius and Uniun"",""linked_existing_thesis_id"":null,""recommended_action"":""comment_on_other"",""comment_purpose"":""add_cross_asset_spillover"",""historical_analog_candidate"":null}",2026-04-22T10:01:08.742Z
macro-agent,Macro Agent,new_post,"[""novelty_above_threshold"",""fresh_catalyst_signal"",""matched_thesis_update"",""stance_lock_challenge""]",82,labor_growth,"{""headline_id"":""e76d5a98"",""agent_id"":""macro-agent"",""headline_title"":""Federal Reserve issues FOMC statement"",""headline_type"":""policy"",""direct_relevance_score"":3,""indirect_relevance_score"":6,""market_signal_strength"":""medium"",""is_new_information"":true,""is_cross_asset_relevant"":true,""primary_mechanism"":""Policy signal → forward guidance repricing → asset allocation shift"",""affected_assets"":[],""what_changed"":""Federal Reserve issues FOMC statement"",""linked_existing_thesis_id"":null,""recommended_action"":""new_post"",""comment_purpose"":null,""historical_analog_candidate"":null}",2026-04-22T10:00:58.851Z
risk-sentiment-agent,Risk/Sentiment Agent,stay_silent,"[""novelty_above_threshold"",""fresh_catalyst_signal"",""matched_thesis_update"",""domain_relevance_low"",""repeated_catalyst_no_delta""]",72,cross_asset_tape,,2026-04-22T09:01:17.226Z
commodities-agent,Commodities Agent,new_post,"[""novelty_above_threshold"",""fresh_catalyst_signal"",""matched_thesis_update""]",72,cross_asset_tape,"{""headline_id"":""0a29d7ab"",""agent_id"":""commodities-agent"",""headline_title"":""Eni S.p.A.: This Upgrade Signals Growing Confidence In A Global Oil Giant"",""headline_type"":""other"",""direct_relevance_score"":3,""indirect_relevance_score"":2,""market_signal_strength"":""low"",""is_new_information"":true,""is_cross_asset_relevant"":false,""primary_mechanism"":"""",""affected_assets"":[""wti"",""brent""],""what_changed"":""Eni S.p.A.: This Upgrade Signals Growing Confidence In A Global Oil Giant"",""linked_existing_thesis_id"":null,""recommended_action"":""stay_silent"",""comment_purpose"":null,""historical_analog_candidate"":null}",2026-04-22T09:01:07.788Z
equities-agent,Equities Agent,stay_silent,"[""stale_headline_no_thesis"",""fresh_catalyst_signal""]",80,cross_asset_tape,"{""headline_id"":""39e899e7"",""agent_id"":""equities-agent"",""headline_title"":""Why Is NetApp (NTAP) Stock Trending Overnight"",""headline_type"":""other"",""direct_relevance_score"":3,""indirect_relevance_score"":4,""market_signal_strength"":""low"",""is_new_information"":false,""is_cross_asset_relevant"":true,""primary_mechanism"":"""",""affected_assets"":[""sp500"",""nasdaq""],""what_changed"":""Why Is NetApp (NTAP) Stock Trending Overnight"",""linked_existing_thesis_id"":""e4779aec-58b4-4d7c-b860-3a826124d396"",""recommended_action"":""comment_on_other"",""comment_purpose"":""add_cross_asset_spillover"",""historical_analog_candidate"":null}",2026-04-22T09:01:07.311Z
fx-agent,FX Agent,stay_silent,"[""novelty_above_threshold"",""fresh_catalyst_signal"",""matched_thesis_update"",""domain_relevance_low"",""repeated_catalyst_no_delta""]",75,cross_asset_tape,,2026-04-22T09:01:06.939Z
rates-agent,Rates Agent,stay_silent,"[""novelty_above_threshold"",""fresh_catalyst_signal"",""matched_thesis_update"",""domain_relevance_low"",""rates_template_repetition"",""no_fresh_signal""]",72,cross_asset_tape,,2026-04-22T09:01:06.497Z
macro-agent,Macro Agent,update_existing,"[""stale_headline_thesis_update"",""fresh_catalyst_signal"",""matched_thesis_update""]",72,cross_asset_tape,"{""headline_id"":""9ae1bf1d"",""agent_id"":""macro-agent"",""headline_title"":""UK inflation, showing first hit from Iran war, jumps to 3.3% - Reuters"",""headline_type"":""macro_release"",""direct_relevance_score"":3,""indirect_relevance_score"":2,""market_signal_strength"":""high"",""is_new_information"":false,""is_cross_asset_relevant"":false,""primary_mechanism"":""Data release → market expectations update → rate path repricing"",""affected_assets"":[],""what_changed"":""UK inflation, showing first hit from Iran war, jumps to 3.3% - Reuters"",""linked_existing_thesis_id"":null,""recommended_action"":""stay_silent"",""comment_purpose"":null,""historical_analog_candidate"":null}",2026-04-22T09:00:57.975Z
risk-sentiment-agent,Risk/Sentiment Agent,new_post,"[""novelty_above_threshold"",""fresh_catalyst_signal"",""matched_thesis_update"",""stance_lock_challenge""]",79,duration_pressure,"{""headline_id"":""42082129"",""agent_id"":""risk-sentiment-agent"",""headline_title"":""Can Netflix afford to skip ads in India any longer?"",""headline_type"":""other"",""direct_relevance_score"":3,""indirect_relevance_score"":8,""market_signal_strength"":""low"",""is_new_information"":true,""is_cross_asset_relevant"":true,""primary_mechanism"":"""",""affected_assets"":[],""what_changed"":""Can Netflix afford to skip ads in India any longer?"",""linked_existing_thesis_id"":null,""recommended_action"":""comment_on_other"",""comment_purpose"":""add_cross_asset_spillover"",""historical_analog_candidate"":null}",2026-04-22T08:01:45.343Z
commodities-agent,Commodities Agent,update_existing,"[""matched_thesis_update"",""fresh_catalyst_signal""]",48,gas_power,"{""headline_id"":""443312f8"",""agent_id"":""commodities-agent"",""headline_title"":""Stocks rise, oil near $100 as Trump extends Iran ceasefire - Reuters"",""headline_type"":""geopolitical"",""direct_relevance_score"":3,""indirect_relevance_score"":4,""market_signal_strength"":""high"",""is_new_information"":true,""is_cross_asset_relevant"":true,""primary_mechanism"":""Geopolitical shock → risk premium expansion → commodity/currency safe-haven flows"",""affected_assets"":[""wti"",""brent""],""what_changed"":""Stocks rise, oil near $100 as Trump extends Iran ceasefire - Reuters"",""linked_existing_thesis_id"":null,""recommended_action"":""new_post"",""comment_purpose"":null,""historical_analog_candidate"":null}",2026-04-22T08:01:34.974Z
equities-agent,Equities Agent,update_existing,"[""high_thesis_load"",""matched_thesis_update"",""fresh_catalyst_signal""]",80,crowding_positioning,"{""headline_id"":""5f5950a2"",""agent_id"":""equities-agent"",""headline_title"":""SkySparc Acquires Covarius and Uniun"",""headline_type"":""other"",""direct_relevance_score"":3,""indirect_relevance_score"":6,""market_signal_strength"":""low"",""is_new_information"":true,""is_cross_asset_relevant"":true,""primary_mechanism"":"""",""affected_assets"":[],""what_changed"":""SkySparc Acquires Covarius and Uniun"",""linked_existing_thesis_id"":null,""recommended_action"":""comment_on_other"",""comment_purpose"":""add_cross_asset_spillover"",""historical_analog_candidate"":null}",2026-04-22T08:01:20.542Z
fx-agent,FX Agent,new_post,"[""novelty_above_threshold"",""fresh_catalyst_signal"",""matched_thesis_update""]",86,policy_divergence,"{""headline_id"":""5f5950a2"",""agent_id"":""fx-agent"",""headline_title"":""SkySparc Acquires Covarius and Uniun"",""headline_type"":""other"",""direct_relevance_score"":5,""indirect_relevance_score"":6,""market_signal_strength"":""low"",""is_new_information"":true,""is_cross_asset_relevant"":true,""primary_mechanism"":"""",""affected_assets"":[],""what_changed"":""SkySparc Acquires Covarius and Uniun"",""linked_existing_thesis_id"":null,""recommended_action"":""comment_on_other"",""comment_purpose"":""add_cross_asset_spillover"",""historical_analog_candidate"":null}",2026-04-22T08:01:08.935Z
rates-agent,Rates Agent,stay_silent,"[""novelty_above_threshold"",""fresh_catalyst_signal"",""matched_thesis_update"",""rates_template_repetition"",""no_fresh_signal""]",84,duration_pressure,"{""headline_id"":""5f5950a2"",""agent_id"":""rates-agent"",""headline_title"":""SkySparc Acquires Covarius and Uniun"",""headline_type"":""other"",""direct_relevance_score"":3,""indirect_relevance_score"":6,""market_signal_strength"":""low"",""is_new_information"":true,""is_cross_asset_relevant"":true,""primary_mechanism"":"""",""affected_assets"":[],""what_changed"":""SkySparc Acquires Covarius and Uniun"",""linked_existing_thesis_id"":null,""recommended_action"":""comment_on_other"",""comment_purpose"":""add_cross_asset_spillover"",""historical_analog_candidate"":null}",2026-04-22T08:01:08.219Z
macro-agent,Macro Agent,update_existing,"[""high_thesis_load"",""matched_thesis_update"",""fresh_catalyst_signal""]",82,labor_growth,"{""headline_id"":""b26030bb"",""agent_id"":""macro-agent"",""headline_title"":""US Equity Markets Advance Amid Geopolitical Uncertainty, with Nasdaq Leading Gains"",""headline_type"":""other"",""direct_relevance_score"":5,""indirect_relevance_score"":6,""market_signal_strength"":""low"",""is_new_information"":true,""is_cross_asset_relevant"":true,""primary_mechanism"":"""",""affected_assets"":[""sp500"",""nasdaq""],""what_changed"":""US Equity Markets Advance Amid Geopolitical Uncertainty, with Nasdaq Leading Gains"",""linked_existing_thesis_id"":null,""recommended_action"":""comment_on_other"",""comment_purpose"":""add_cross_asset_spillover"",""historical_analog_candidate"":null}",2026-04-22T08:00:56.510Z
risk-sentiment-agent,Risk/Sentiment Agent,new_post,"[""novelty_above_threshold"",""fresh_catalyst_signal"",""matched_thesis_update"",""stance_lock_challenge""]",72,cross_asset_tape,"{""headline_id"":""7ee788f1"",""agent_id"":""risk-sentiment-agent"",""headline_title"":""Kimbell Royalty: Fundamental And Investment Stability Amid Market Volatility (KRP)"",""headline_type"":""other"",""direct_relevance_score"":3,""indirect_relevance_score"":8,""market_signal_strength"":""low"",""is_new_information"":true,""is_cross_asset_relevant"":true,""primary_mechanism"":""Credit spread move → financing cost for leveraged companies → capex cycle signal → default probability repricing"",""affected_assets"":[],""what_changed"":""Kimbell Royalty: Fundamental And Investment Stability Amid Market Volatility"",""linked_existing_thesis_id"":null,""recommended_action"":""comment_on_other"",""comment_purpose"":""add_cross_asset_spillover"",""historical_analog_candidate"":null}",2026-04-22T07:01:59.649Z
commodities-agent,Commodities Agent,new_post,"[""novelty_above_threshold"",""fresh_catalyst_signal"",""matched_thesis_update""]",72,cross_asset_tape,"{""headline_id"":""f3629eb4"",""agent_id"":""commodities-agent"",""headline_title"":""Gold rises as oil weakens after US extends ceasefire with Iran - Reuters"",""headline_type"":""commodity_specific"",""direct_relevance_score"":5,""indirect_relevance_score"":2,""market_signal_strength"":""low"",""is_new_information"":true,""is_cross_asset_relevant"":false,""primary_mechanism"":""Gold move → real rate signal (inverse of TIPS yield) → dollar direction → safe-haven demand"",""affected_assets"":[""wti"",""brent"",""gold""],""what_changed"":""Gold rises as oil weakens after US extends ceasefire with Iran - Reuters"",""linked_existing_thesis_id"":null,""recommended_action"":""stay_silent"",""comment_purpose"":null,""historical_analog_candidate"":null}",2026-04-22T07:01:42.338Z
equities-agent,Equities Agent,update_existing,"[""high_thesis_load"",""matched_thesis_update"",""fresh_catalyst_signal""]",75,cross_asset_tape,"{""headline_id"":""623492f9"",""agent_id"":""equities-agent"",""headline_title"":""Nordea Bank Abp: First-quarter results 2026"",""headline_type"":""other"",""direct_relevance_score"":7,""indirect_relevance_score"":6,""market_signal_strength"":""high"",""is_new_information"":true,""is_cross_asset_relevant"":true,""primary_mechanism"":"""",""affected_assets"":[],""what_changed"":""Nordea Bank Abp: First-quarter results 2026"",""linked_existing_thesis_id"":null,""recommended_action"":""comment_on_other"",""comment_purpose"":""add_cross_asset_spillover"",""historical_analog_candidate"":null}",2026-04-22T07:01:19.401Z
fx-agent,FX Agent,new_post,"[""novelty_above_threshold"",""fresh_catalyst_signal"",""matched_thesis_update""]",75,cross_asset_tape,"{""headline_id"":""3bccd1c0"",""agent_id"":""fx-agent"",""headline_title"":""UK March CPI +3.3% vs +3.3% y/y expected"",""headline_type"":""macro_release"",""direct_relevance_score"":3,""indirect_relevance_score"":6,""market_signal_strength"":""high"",""is_new_information"":true,""is_cross_asset_relevant"":true,""primary_mechanism"":""CPI print → real yield repricing → Fed path recalibration → duration positioning"",""affected_assets"":[],""what_changed"":""UK March CPI +3.3% vs +3.3% y/y expected"",""linked_existing_thesis_id"":null,""recommended_action"":""new_post"",""comment_purpose"":null,""historical_analog_candidate"":null}",2026-04-22T07:01:08.700Z
rates-agent,Rates Agent,stay_silent,"[""novelty_above_threshold"",""fresh_catalyst_signal"",""matched_thesis_update"",""rates_template_repetition"",""no_fresh_signal""]",72,cross_asset_tape,"{""headline_id"":""7ee788f1"",""agent_id"":""rates-agent"",""headline_title"":""Kimbell Royalty: Fundamental And Investment Stability Amid Market Volatility (KRP)"",""headline_type"":""other"",""direct_relevance_score"":3,""indirect_relevance_score"":8,""market_signal_strength"":""low"",""is_new_information"":true,""is_cross_asset_relevant"":true,""primary_mechanism"":""Credit spread move → financing cost for leveraged companies → capex cycle signal → default probability repricing"",""affected_assets"":[],""what_changed"":""Kimbell Royalty: Fundamental And Investment Stability Amid Market Volatility"",""linked_existing_thesis_id"":null,""recommended_action"":""comment_on_other"",""comment_purpose"":""add_cross_asset_spillover"",""historical_analog_candidate"":null}",2026-04-22T07:01:08.235Z
macro-agent,Macro Agent,new_post,"[""novelty_above_threshold"",""fresh_catalyst_signal"",""matched_thesis_update""]",72,cross_asset_tape,"{""headline_id"":""3bccd1c0"",""agent_id"":""macro-agent"",""headline_title"":""UK March CPI +3.3% vs +3.3% y/y expected"",""headline_type"":""macro_release"",""direct_relevance_score"":5,""indirect_relevance_score"":6,""market_signal_strength"":""high"",""is_new_information"":true,""is_cross_asset_relevant"":true,""primary_mechanism"":""CPI print → real yield repricing → Fed path recalibration → duration positioning"",""affected_assets"":[],""what_changed"":""UK March CPI +3.3% vs +3.3% y/y expected"",""linked_existing_thesis_id"":null,""recommended_action"":""new_post"",""comment_purpose"":null,""historical_analog_candidate"":null}",2026-04-22T07:00:56.606Z
risk-sentiment-agent,Risk/Sentiment Agent,new_post,"[""novelty_above_threshold"",""fresh_catalyst_signal"",""matched_thesis_update"",""domain_relevance_low"",""stance_lock_challenge""]",84,cross_asset_tape,"{""headline_id"":""45d643ab"",""agent_id"":""risk-sentiment-agent"",""headline_title"":""Earnings To Watch: Ameriprise Financial (AMP) Reports Q1 Results Tomorrow"",""headline_type"":""company_news"",""direct_relevance_score"":0,""indirect_relevance_score"":2,""market_signal_strength"":""low"",""is_new_information"":true,""is_cross_asset_relevant"":false,""primary_mechanism"":"""",""affected_assets"":[],""what_changed"":""Earnings To Watch: Ameriprise Financial (AMP) Reports Q1 Results Tomorrow"",""linked_existing_thesis_id"":null,""recommended_action"":""stay_silent"",""comment_purpose"":null,""historical_analog_candidate"":null}",2026-04-22T05:56:27.277Z
commodities-agent,Commodities Agent,new_post,"[""novelty_above_threshold"",""fresh_catalyst_signal"",""matched_thesis_update"",""domain_relevance_low""]",84,cross_asset_tape,"{""headline_id"":""45d643ab"",""agent_id"":""commodities-agent"",""headline_title"":""Earnings To Watch: Ameriprise Financial (AMP) Reports Q1 Results Tomorrow"",""headline_type"":""company_news"",""direct_relevance_score"":0,""indirect_relevance_score"":2,""market_signal_strength"":""low"",""is_new_information"":true,""is_cross_asset_relevant"":false,""primary_mechanism"":"""",""affected_assets"":[],""what_changed"":""Earnings To Watch: Ameriprise Financial (AMP) Reports Q1 Results Tomorrow"",""linked_existing_thesis_id"":null,""recommended_action"":""stay_silent"",""comment_purpose"":null,""historical_analog_candidate"":null}",2026-04-22T05:56:17.701Z
equities-agent,Equities Agent,update_existing,"[""high_thesis_load"",""matched_thesis_update"",""fresh_catalyst_signal"",""stance_lock_challenge""]",87,cross_asset_tape,"{""headline_id"":""45d643ab"",""agent_id"":""equities-agent"",""headline_title"":""Earnings To Watch: Ameriprise Financial (AMP) Reports Q1 Results Tomorrow"",""headline_type"":""company_news"",""direct_relevance_score"":3,""indirect_relevance_score"":2,""market_signal_strength"":""low"",""is_new_information"":true,""is_cross_asset_relevant"":false,""primary_mechanism"":"""",""affected_assets"":[],""what_changed"":""Earnings To Watch: Ameriprise Financial (AMP) Reports Q1 Results Tomorrow"",""linked_existing_thesis_id"":null,""recommended_action"":""stay_silent"",""comment_purpose"":null,""historical_analog_candidate"":null}",2026-04-22T05:56:06.708Z
fx-agent,FX Agent,stay_silent,"[""low_headline_relevance"",""fresh_catalyst_signal"",""domain_relevance_low""]",92,cross_asset_tape,"{""headline_id"":""45d643ab"",""agent_id"":""fx-agent"",""headline_title"":""Earnings To Watch: Ameriprise Financial (AMP) Reports Q1 Results Tomorrow"",""headline_type"":""company_news"",""direct_relevance_score"":0,""indirect_relevance_score"":2,""market_signal_strength"":""low"",""is_new_information"":true,""is_cross_asset_relevant"":false,""primary_mechanism"":"""",""affected_assets"":[],""what_changed"":""Earnings To Watch: Ameriprise Financial (AMP) Reports Q1 Results Tomorrow"",""linked_existing_thesis_id"":null,""recommended_action"":""stay_silent"",""comment_purpose"":null,""historical_analog_candidate"":null}",2026-04-22T05:56:06.445Z
rates-agent,Rates Agent,stay_silent,"[""novelty_above_threshold"",""fresh_catalyst_signal"",""matched_thesis_update"",""domain_relevance_low"",""rates_template_repetition"",""no_fresh_signal""]",84,cross_asset_tape,"{""headline_id"":""45d643ab"",""agent_id"":""rates-agent"",""headline_title"":""Earnings To Watch: Ameriprise Financial (AMP) Reports Q1 Results Tomorrow"",""headline_type"":""company_news"",""direct_relevance_score"":0,""indirect_relevance_score"":2,""market_signal_strength"":""low"",""is_new_information"":true,""is_cross_asset_relevant"":false,""primary_mechanism"":"""",""affected_assets"":[],""what_changed"":""Earnings To Watch: Ameriprise Financial (AMP) Reports Q1 Results Tomorrow"",""linked_existing_thesis_id"":null,""recommended_action"":""stay_silent"",""comment_purpose"":null,""historical_analog_candidate"":null}",2026-04-22T05:56:06.149Z
macro-agent,Macro Agent,stay_silent,"[""stale_headline_thesis_update"",""fresh_catalyst_signal"",""matched_thesis_update"",""repeated_catalyst_no_delta""]",84,cross_asset_tape,"{""headline_id"":""e76d5a98"",""agent_id"":""macro-agent"",""headline_title"":""Federal Reserve issues FOMC statement"",""headline_type"":""policy"",""direct_relevance_score"":3,""indirect_relevance_score"":6,""market_signal_strength"":""medium"",""is_new_information"":false,""is_cross_asset_relevant"":true,""primary_mechanism"":""Policy signal → forward guidance repricing → asset allocation shift"",""affected_assets"":[],""what_changed"":""Federal Reserve issues FOMC statement"",""linked_existing_thesis_id"":null,""recommended_action"":""stay_silent"",""comment_purpose"":null,""historical_analog_candidate"":null}",2026-04-22T05:56:05.855Z
risk-sentiment-agent,Risk/Sentiment Agent,new_post,"[""novelty_above_threshold"",""fresh_catalyst_signal"",""matched_thesis_update"",""stance_lock_challenge""]",77,duration_pressure,"{""headline_id"":""4e58f942"",""agent_id"":""risk-sentiment-agent"",""headline_title"":""Petrol Price Today (April 22): As crude oil prices hover around $100, check fuel rate in Delhi, Mumbai, Chennai, Bengaluru, Hyderabad and other cities"",""headline_type"":""commodity_specific"",""direct_relevance_score"":3,""indirect_relevance_score"":8,""market_signal_strength"":""high"",""is_new_information"":true,""is_cross_asset_relevant"":true,""primary_mechanism"":""Commodity supply/demand shift → price transmission → sector margins"",""affected_assets"":[""wti"",""brent""],""what_changed"":""Petrol Price Today (April 22): As crude oil prices hover around $100, check fuel rate in Delhi, Mumbai, Chennai, Bengaluru, Hyderabad and other cities"",""linked_existing_thesis_id"":""126a40de-3256-4cc9-8dcc-c98f8b69797c"",""recommended_action"":""update_existing"",""comment_purpose"":null,""historical_analog_candidate"":null}",2026-04-22T05:54:45.752Z
risk-sentiment-agent,Risk/Sentiment Agent,new_post,"[""novelty_above_threshold"",""fresh_catalyst_signal"",""matched_thesis_update"",""stance_lock_challenge""]",77,duration_pressure,"{""headline_id"":""4e58f942"",""agent_id"":""risk-sentiment-agent"",""headline_title"":""Petrol Price Today (April 22): As crude oil prices hover around $100, check fuel rate in Delhi, Mumbai, Chennai, Bengaluru, Hyderabad and other cities"",""headline_type"":""commodity_specific"",""direct_relevance_score"":3,""indirect_relevance_score"":8,""market_signal_strength"":""high"",""is_new_information"":true,""is_cross_asset_relevant"":true,""primary_mechanism"":""Commodity supply/demand shift → price transmission → sector margins"",""affected_assets"":[""wti"",""brent""],""what_changed"":""Petrol Price Today (April 22): As crude oil prices hover around $100, check fuel rate in Delhi, Mumbai, Chennai, Bengaluru, Hyderabad and other cities"",""linked_existing_thesis_id"":""126a40de-3256-4cc9-8dcc-c98f8b69797c"",""recommended_action"":""update_existing"",""comment_purpose"":null,""historical_analog_candidate"":null}",2026-04-22T05:54:38.380Z
commodities-agent,Commodities Agent,update_existing,"[""matched_thesis_update"",""fresh_catalyst_signal""]",48,gas_power,"{""headline_id"":""4e58f942"",""agent_id"":""commodities-agent"",""headline_title"":""Petrol Price Today (April 22): As crude oil prices hover around $100, check fuel rate in Delhi, Mumbai, Chennai, Bengaluru, Hyderabad and other cities"",""headline_type"":""commodity_specific"",""direct_relevance_score"":3,""indirect_relevance_score"":8,""market_signal_strength"":""high"",""is_new_information"":true,""is_cross_asset_relevant"":true,""primary_mechanism"":""Commodity supply/demand shift → price transmission → sector margins"",""affected_assets"":[""wti"",""brent""],""what_changed"":""Petrol Price Today (April 22): As crude oil prices hover around $100, check fuel rate in Delhi, Mumbai, Chennai, Bengaluru, Hyderabad and other cities"",""linked_existing_thesis_id"":null,""recommended_action"":""new_post"",""comment_purpose"":null,""historical_analog_candidate"":null}",2026-04-22T05:54:28.986Z
commodities-agent,Commodities Agent,update_existing,"[""matched_thesis_update"",""fresh_catalyst_signal""]",48,gas_power,"{""headline_id"":""4e58f942"",""agent_id"":""commodities-agent"",""headline_title"":""Petrol Price Today (April 22): As crude oil prices hover around $100, check fuel rate in Delhi, Mumbai, Chennai, Bengaluru, Hyderabad and other cities"",""headline_type"":""commodity_specific"",""direct_relevance_score"":3,""indirect_relevance_score"":8,""market_signal_strength"":""high"",""is_new_information"":true,""is_cross_asset_relevant"":true,""primary_mechanism"":""Commodity supply/demand shift → price transmission → sector margins"",""affected_assets"":[""wti"",""brent""],""what_changed"":""Petrol Price Today (April 22): As crude oil prices hover around $100, check fuel rate in Delhi, Mumbai, Chennai, Bengaluru, Hyderabad and other cities"",""linked_existing_thesis_id"":null,""recommended_action"":""new_post"",""comment_purpose"":null,""historical_analog_candidate"":null}",2026-04-22T05:54:28.340Z
equities-agent,Equities Agent,new_post,"[""novelty_above_threshold"",""fresh_catalyst_signal"",""matched_thesis_update"",""stance_lock_challenge""]",84,banks_small_caps,"{""headline_id"":""27da7776"",""agent_id"":""equities-agent"",""headline_title"":""Sensex slumps over 750 points, Nifty below 24,450 despite Trump's Iran war ceasefire extension"",""headline_type"":""geopolitical"",""direct_relevance_score"":7,""indirect_relevance_score"":2,""market_signal_strength"":""high"",""is_new_information"":true,""is_cross_asset_relevant"":false,""primary_mechanism"":""Geopolitical shock → risk premium expansion → commodity/currency safe-haven flows"",""affected_assets"":[],""what_changed"":""Sensex slumps over 750 points, Nifty below 24,450 despite Trump's Iran war ceasefire extension"",""linked_existing_thesis_id"":null,""recommended_action"":""new_post"",""comment_purpose"":null,""historical_analog_candidate"":null}",2026-04-22T05:54:20.153Z
fx-agent,FX Agent,stay_silent,"[""stale_headline_thesis_update"",""fresh_catalyst_signal"",""matched_thesis_update"",""deprioritized_topic"",""weak_catalyst_materiality_gate""]",57,dollar_path,"{""headline_id"":""08c5f09d"",""agent_id"":""fx-agent"",""headline_title"":""Rupee falls with oil-sensitive Asia FX, central bank likely steps in"",""headline_type"":""policy"",""direct_relevance_score"":5,""indirect_relevance_score"":8,""market_signal_strength"":""low"",""is_new_information"":false,""is_cross_asset_relevant"":true,""primary_mechanism"":""Policy signal → forward guidance repricing → asset allocation shift"",""affected_assets"":[""wti"",""brent""],""what_changed"":""Rupee falls with oil-sensitive Asia FX, central bank likely steps in"",""linked_existing_thesis_id"":null,""recommended_action"":""comment_on_other"",""comment_purpose"":""confirm_existing_thesis"",""historical_analog_candidate"":null}",2026-04-22T05:54:19.857Z
rates-agent,Rates Agent,stay_silent,"[""novelty_above_threshold"",""fresh_catalyst_signal"",""matched_thesis_update"",""weak_catalyst_materiality_gate""]",59,duration_pressure,"{""headline_id"":""11616325"",""agent_id"":""rates-agent"",""headline_title"":""Micron Stock: A Study Of Event Returns, Regime Tailwinds, And DRAM ASP (NASDAQ:MU)"",""headline_type"":""other"",""direct_relevance_score"":0,""indirect_relevance_score"":2,""market_signal_strength"":""low"",""is_new_information"":true,""is_cross_asset_relevant"":false,""primary_mechanism"":"""",""affected_assets"":[""sp500"",""nasdaq""],""what_changed"":""Micron Stock: A Study Of Event Returns, Regime Tailwinds, And DRAM ASP"",""linked_existing_thesis_id"":null,""recommended_action"":""stay_silent"",""comment_purpose"":null,""historical_analog_candidate"":null}",2026-04-22T05:54:19.593Z
equities-agent,Equities Agent,new_post,"[""novelty_above_threshold"",""fresh_catalyst_signal"",""matched_thesis_update"",""stance_lock_challenge""]",84,banks_small_caps,"{""headline_id"":""27da7776"",""agent_id"":""equities-agent"",""headline_title"":""Sensex slumps over 750 points, Nifty below 24,450 despite Trump's Iran war ceasefire extension"",""headline_type"":""geopolitical"",""direct_relevance_score"":7,""indirect_relevance_score"":2,""market_signal_strength"":""high"",""is_new_information"":true,""is_cross_asset_relevant"":false,""primary_mechanism"":""Geopolitical shock → risk premium expansion → commodity/currency safe-haven flows"",""affected_assets"":[],""what_changed"":""Sensex slumps over 750 points, Nifty below 24,450 despite Trump's Iran war ceasefire extension"",""linked_existing_thesis_id"":null,""recommended_action"":""new_post"",""comment_purpose"":null,""historical_analog_candidate"":null}",2026-04-22T05:54:16.763Z
fx-agent,FX Agent,stay_silent,"[""stale_headline_thesis_update"",""fresh_catalyst_signal"",""matched_thesis_update"",""deprioritized_topic"",""weak_catalyst_materiality_gate""]",57,dollar_path,"{""headline_id"":""08c5f09d"",""agent_id"":""fx-agent"",""headline_title"":""Rupee falls with oil-sensitive Asia FX, central bank likely steps in"",""headline_type"":""policy"",""direct_relevance_score"":5,""indirect_relevance_score"":8,""market_signal_strength"":""low"",""is_new_information"":false,""is_cross_asset_relevant"":true,""primary_mechanism"":""Policy signal → forward guidance repricing → asset allocation shift"",""affected_assets"":[""wti"",""brent""],""what_changed"":""Rupee falls with oil-sensitive Asia FX, central bank likely steps in"",""linked_existing_thesis_id"":null,""recommended_action"":""comment_on_other"",""comment_purpose"":""confirm_existing_thesis"",""historical_analog_candidate"":null}",2026-04-22T05:54:16.464Z
rates-agent,Rates Agent,stay_silent,"[""novelty_above_threshold"",""fresh_catalyst_signal"",""matched_thesis_update"",""weak_catalyst_materiality_gate""]",59,duration_pressure,"{""headline_id"":""11616325"",""agent_id"":""rates-agent"",""headline_title"":""Micron Stock: A Study Of Event Returns, Regime Tailwinds, And DRAM ASP (NASDAQ:MU)"",""headline_type"":""other"",""direct_relevance_score"":0,""indirect_relevance_score"":2,""market_signal_strength"":""low"",""is_new_information"":true,""is_cross_asset_relevant"":false,""primary_mechanism"":"""",""affected_assets"":[""sp500"",""nasdaq""],""what_changed"":""Micron Stock: A Study Of Event Returns, Regime Tailwinds, And DRAM ASP"",""linked_existing_thesis_id"":null,""recommended_action"":""stay_silent"",""comment_purpose"":null,""historical_analog_candidate"":null}",2026-04-22T05:54:16.179Z
macro-agent,Macro Agent,update_existing,"[""high_thesis_load"",""matched_thesis_update"",""fresh_catalyst_signal""]",80,policy_divergence,"{""headline_id"":""29b22ba3"",""agent_id"":""macro-agent"",""headline_title"":""Persistent Systems shares shed over 4% after Q4 results: Here's what Nomura and other brokerages said"",""headline_type"":""other"",""direct_relevance_score"":3,""indirect_relevance_score"":6,""market_signal_strength"":""high"",""is_new_information"":true,""is_cross_asset_relevant"":true,""primary_mechanism"":"""",""affected_assets"":[],""what_changed"":""Persistent Systems shares shed over 4% after Q4 results: Here's what Nomura and other brokerages said"",""linked_existing_thesis_id"":null,""recommended_action"":""comment_on_other"",""comment_purpose"":""add_cross_asset_spillover"",""historical_analog_candidate"":null}",2026-04-22T05:54:07.925Z
macro-agent,Macro Agent,update_existing,"[""high_thesis_load"",""matched_thesis_update"",""fresh_catalyst_signal""]",80,policy_divergence,"{""headline_id"":""29b22ba3"",""agent_id"":""macro-agent"",""headline_title"":""Persistent Systems shares shed over 4% after Q4 results: Here's what Nomura and other brokerages said"",""headline_type"":""other"",""direct_relevance_score"":3,""indirect_relevance_score"":6,""market_signal_strength"":""high"",""is_new_information"":true,""is_cross_asset_relevant"":true,""primary_mechanism"":"""",""affected_assets"":[],""what_changed"":""Persistent Systems shares shed over 4% after Q4 results: Here's what Nomura and other brokerages said"",""linked_existing_thesis_id"":null,""recommended_action"":""comment_on_other"",""comment_purpose"":""add_cross_asset_spillover"",""historical_analog_candidate"":null}",2026-04-22T05:54:07.865Z
risk-sentiment-agent,Risk/Sentiment Agent,new_post,"[""novelty_above_threshold"",""fresh_catalyst_signal"",""matched_thesis_update"",""stance_lock_challenge""]",77,duration_pressure,"{""headline_id"":""a12ad5bf"",""agent_id"":""risk-sentiment-agent"",""headline_title"":""Asian Dividend Stocks: Kia And 2 Top Performers"",""headline_type"":""company_news"",""direct_relevance_score"":0,""indirect_relevance_score"":2,""market_signal_strength"":""high"",""is_new_information"":true,""is_cross_asset_relevant"":false,""primary_mechanism"":"""",""affected_assets"":[],""what_changed"":""Asian Dividend Stocks: Kia And 2 Top Performers"",""linked_existing_thesis_id"":null,""recommended_action"":""stay_silent"",""comment_purpose"":null,""historical_analog_candidate"":null}",2026-04-22T04:48:58.632Z
commodities-agent,Commodities Agent,stay_silent,"[""headline_routed_to_comment"",""fresh_catalyst_signal"",""matched_thesis_update"",""weak_catalyst_materiality_gate""]",48,gas_power,"{""headline_id"":""3c8081d4"",""agent_id"":""commodities-agent"",""headline_title"":""Have Global Tensions Affected the Price of Wheaton Precious Metal Stock?"",""headline_type"":""other"",""direct_relevance_score"":3,""indirect_relevance_score"":4,""market_signal_strength"":""low"",""is_new_information"":true,""is_cross_asset_relevant"":true,""primary_mechanism"":"""",""affected_assets"":[""sp500"",""nasdaq""],""what_changed"":""Have Global Tensions Affected the Price of Wheaton Precious Metal Stock?"",""linked_existing_thesis_id"":null,""recommended_action"":""comment_on_other"",""comment_purpose"":""add_cross_asset_spillover"",""historical_analog_candidate"":null}",2026-04-22T04:48:58.388Z
equities-agent,Equities Agent,update_existing,"[""stale_headline_thesis_update"",""fresh_catalyst_signal"",""matched_thesis_update"",""stance_lock_challenge""]",80,ai_concentration,"{""headline_id"":""3c8081d4"",""agent_id"":""equities-agent"",""headline_title"":""Have Global Tensions Affected the Price of Wheaton Precious Metal Stock?"",""headline_type"":""other"",""direct_relevance_score"":3,""indirect_relevance_score"":4,""market_signal_strength"":""low"",""is_new_information"":false,""is_cross_asset_relevant"":true,""primary_mechanism"":"""",""affected_assets"":[""sp500"",""nasdaq""],""what_changed"":""Have Global Tensions Affected the Price of Wheaton Precious Metal Stock?"",""linked_existing_thesis_id"":""5b1fd474-b2c8-40c7-b438-c20b90bf10c6"",""recommended_action"":""comment_on_other"",""comment_purpose"":""add_cross_asset_spillover"",""historical_analog_candidate"":null}",2026-04-22T04:48:50.214Z
fx-agent,FX Agent,update_existing,"[""matched_thesis_update"",""fresh_catalyst_signal"",""deprioritized_topic""]",59,dollar_path,"{""headline_id"":""a12ad5bf"",""agent_id"":""fx-agent"",""headline_title"":""Asian Dividend Stocks: Kia And 2 Top Performers"",""headline_type"":""company_news"",""direct_relevance_score"":0,""indirect_relevance_score"":2,""market_signal_strength"":""high"",""is_new_information"":true,""is_cross_asset_relevant"":false,""primary_mechanism"":"""",""affected_assets"":[],""what_changed"":""Asian Dividend Stocks: Kia And 2 Top Performers"",""linked_existing_thesis_id"":null,""recommended_action"":""stay_silent"",""comment_purpose"":null,""historical_analog_candidate"":null}",2026-04-22T04:48:41.542Z
rates-agent,Rates Agent,stay_silent,"[""novelty_above_threshold"",""fresh_catalyst_signal"",""matched_thesis_update"",""rates_template_repetition"",""no_fresh_signal""]",59,duration_pressure,"{""headline_id"":""a12ad5bf"",""agent_id"":""rates-agent"",""headline_title"":""Asian Dividend Stocks: Kia And 2 Top Performers"",""headline_type"":""company_news"",""direct_relevance_score"":0,""indirect_relevance_score"":2,""market_signal_strength"":""high"",""is_new_information"":true,""is_cross_asset_relevant"":false,""primary_mechanism"":"""",""affected_assets"":[],""what_changed"":""Asian Dividend Stocks: Kia And 2 Top Performers"",""linked_existing_thesis_id"":null,""recommended_action"":""stay_silent"",""comment_purpose"":null,""historical_analog_candidate"":null}",2026-04-22T04:48:41.247Z
macro-agent,Macro Agent,stay_silent,"[""stale_headline_thesis_update"",""fresh_catalyst_signal"",""matched_thesis_update"",""repeated_catalyst_no_delta""]",80,policy_divergence,"{""headline_id"":""e76d5a98"",""agent_id"":""macro-agent"",""headline_title"":""Federal Reserve issues FOMC statement"",""headline_type"":""policy"",""direct_relevance_score"":3,""indirect_relevance_score"":6,""market_signal_strength"":""medium"",""is_new_information"":false,""is_cross_asset_relevant"":true,""primary_mechanism"":""Policy signal → forward guidance repricing → asset allocation shift"",""affected_assets"":[],""what_changed"":""Federal Reserve issues FOMC statement"",""linked_existing_thesis_id"":null,""recommended_action"":""stay_silent"",""comment_purpose"":null,""historical_analog_candidate"":null}",2026-04-22T04:48:40.913Z
risk-sentiment-agent,Risk/Sentiment Agent,comment_only,"[""novelty_above_threshold"",""fresh_catalyst_signal"",""matched_thesis_update"",""domain_relevance_low"",""run_catalyst_claimed""]",77,duration_pressure,"{""headline_id"":""63c0176d"",""agent_id"":""risk-sentiment-agent"",""headline_title"":""Earnings To Watch: Glacier Bancorp (GBCI) Reports Q1 Results Tomorrow"",""headline_type"":""company_news"",""direct_relevance_score"":0,""indirect_relevance_score"":2,""market_signal_strength"":""low"",""is_new_information"":true,""is_cross_asset_relevant"":false,""primary_mechanism"":"""",""affected_assets"":[],""what_changed"":""Earnings To Watch: Glacier Bancorp (GBCI) Reports Q1 Results Tomorrow"",""linked_existing_thesis_id"":null,""recommended_action"":""stay_silent"",""comment_purpose"":null,""historical_analog_candidate"":null}",2026-04-22T04:37:34.907Z
commodities-agent,Commodities Agent,stay_silent,"[""matched_thesis_update"",""fresh_catalyst_signal"",""weak_catalyst_materiality_gate""]",48,gas_power,"{""headline_id"":""b9571398"",""agent_id"":""commodities-agent"",""headline_title"":""Crude oil futures edge lower after Trump extends Iran ceasefire"",""headline_type"":""commodity_specific"",""direct_relevance_score"":3,""indirect_relevance_score"":2,""market_signal_strength"":""low"",""is_new_information"":true,""is_cross_asset_relevant"":false,""primary_mechanism"":""Commodity supply/demand shift → price transmission → sector margins"",""affected_assets"":[""wti"",""brent""],""what_changed"":""Crude oil futures edge lower after Trump extends Iran ceasefire"",""linked_existing_thesis_id"":null,""recommended_action"":""stay_silent"",""comment_purpose"":null,""historical_analog_candidate"":null}",2026-04-22T04:37:34.633Z
equities-agent,Equities Agent,update_existing,"[""high_thesis_load"",""matched_thesis_update"",""fresh_catalyst_signal"",""stance_lock_challenge""]",80,ai_concentration,"{""headline_id"":""63c0176d"",""agent_id"":""equities-agent"",""headline_title"":""Earnings To Watch: Glacier Bancorp (GBCI) Reports Q1 Results Tomorrow"",""headline_type"":""company_news"",""direct_relevance_score"":3,""indirect_relevance_score"":2,""market_signal_strength"":""low"",""is_new_information"":true,""is_cross_asset_relevant"":false,""primary_mechanism"":"""",""affected_assets"":[],""what_changed"":""Earnings To Watch: Glacier Bancorp (GBCI) Reports Q1 Results Tomorrow"",""linked_existing_thesis_id"":null,""recommended_action"":""stay_silent"",""comment_purpose"":null,""historical_analog_candidate"":null}",2026-04-22T04:37:23.751Z
fx-agent,FX Agent,stay_silent,"[""matched_thesis_update"",""fresh_catalyst_signal"",""deprioritized_topic"",""domain_relevance_low"",""weak_catalyst_materiality_gate""]",58,dollar_path,"{""headline_id"":""63c0176d"",""agent_id"":""fx-agent"",""headline_title"":""Earnings To Watch: Glacier Bancorp (GBCI) Reports Q1 Results Tomorrow"",""headline_type"":""company_news"",""direct_relevance_score"":0,""indirect_relevance_score"":2,""market_signal_strength"":""low"",""is_new_information"":true,""is_cross_asset_relevant"":false,""primary_mechanism"":"""",""affected_assets"":[],""what_changed"":""Earnings To Watch: Glacier Bancorp (GBCI) Reports Q1 Results Tomorrow"",""linked_existing_thesis_id"":null,""recommended_action"":""stay_silent"",""comment_purpose"":null,""historical_analog_candidate"":null}",2026-04-22T04:37:20.179Z
rates-agent,Rates Agent,stay_silent,"[""stale_headline_thesis_update"",""fresh_catalyst_signal"",""matched_thesis_update"",""repeated_catalyst_no_delta""]",59,duration_pressure,"{""headline_id"":""135066c7"",""agent_id"":""rates-agent"",""headline_title"":""Federal Reserve Board and Federal Open Market Committee release economic projections from the March 17-18 FOMC meeting"",""headline_type"":""policy"",""direct_relevance_score"":3,""indirect_relevance_score"":4,""market_signal_strength"":""high"",""is_new_information"":false,""is_cross_asset_relevant"":true,""primary_mechanism"":""Policy signal → forward guidance repricing → asset allocation shift"",""affected_assets"":[],""what_changed"":""Federal Reserve Board and Federal Open Market Committee release economic projections from the March 17-18 FOMC meeting"",""linked_existing_thesis_id"":null,""recommended_action"":""stay_silent"",""comment_purpose"":null,""historical_analog_candidate"":null}",2026-04-22T04:37:19.864Z
macro-agent,Macro Agent,update_existing,"[""stale_headline_thesis_update"",""fresh_catalyst_signal"",""matched_thesis_update""]",80,policy_divergence,"{""headline_id"":""135066c7"",""agent_id"":""macro-agent"",""headline_title"":""Federal Reserve Board and Federal Open Market Committee release economic projections from the March 17-18 FOMC meeting"",""headline_type"":""policy"",""direct_relevance_score"":3,""indirect_relevance_score"":4,""market_signal_strength"":""high"",""is_new_information"":false,""is_cross_asset_relevant"":true,""primary_mechanism"":""Policy signal → forward guidance repricing → asset allocation shift"",""affected_assets"":[],""what_changed"":""Federal Reserve Board and Federal Open Market Committee release economic projections from the March 17-18 FOMC meeting"",""linked_existing_thesis_id"":null,""recommended_action"":""stay_silent"",""comment_purpose"":null,""historical_analog_candidate"":null}",2026-04-22T04:37:09.816Z
risk-sentiment-agent,Risk/Sentiment Agent,new_post,"[""novelty_above_threshold"",""fresh_catalyst_signal"",""matched_thesis_update"",""stance_lock_challenge""]",77,duration_pressure,"{""headline_id"":""41b86cb9"",""agent_id"":""risk-sentiment-agent"",""headline_title"":""Columbia Banking System (COLB) Q1 Earnings Report Preview: What To Look For"",""headline_type"":""company_news"",""direct_relevance_score"":0,""indirect_relevance_score"":4,""market_signal_strength"":""low"",""is_new_information"":true,""is_cross_asset_relevant"":true,""primary_mechanism"":"""",""affected_assets"":[],""what_changed"":""Columbia Banking System (COLB) Q1 Earnings Report Preview: What To Look For"",""linked_existing_thesis_id"":null,""recommended_action"":""stay_silent"",""comment_purpose"":null,""historical_analog_candidate"":null}",2026-04-22T04:25:38.265Z
commodities-agent,Commodities Agent,stay_silent,"[""matched_thesis_update"",""fresh_catalyst_signal"",""weak_catalyst_materiality_gate""]",48,gas_power,"{""headline_id"":""41b86cb9"",""agent_id"":""commodities-agent"",""headline_title"":""Columbia Banking System (COLB) Q1 Earnings Report Preview: What To Look For"",""headline_type"":""company_news"",""direct_relevance_score"":0,""indirect_relevance_score"":4,""market_signal_strength"":""low"",""is_new_information"":true,""is_cross_asset_relevant"":true,""primary_mechanism"":"""",""affected_assets"":[],""what_changed"":""Columbia Banking System (COLB) Q1 Earnings Report Preview: What To Look For"",""linked_existing_thesis_id"":null,""recommended_action"":""stay_silent"",""comment_purpose"":null,""historical_analog_candidate"":null}",2026-04-22T04:25:37.988Z
equities-agent,Equities Agent,update_existing,"[""high_thesis_load"",""matched_thesis_update"",""fresh_catalyst_signal"",""stance_lock_challenge""]",80,ai_concentration,"{""headline_id"":""41b86cb9"",""agent_id"":""equities-agent"",""headline_title"":""Columbia Banking System (COLB) Q1 Earnings Report Preview: What To Look For"",""headline_type"":""company_news"",""direct_relevance_score"":5,""indirect_relevance_score"":4,""market_signal_strength"":""low"",""is_new_information"":true,""is_cross_asset_relevant"":true,""primary_mechanism"":"""",""affected_assets"":[],""what_changed"":""Columbia Banking System (COLB) Q1 Earnings Report Preview: What To Look For"",""linked_existing_thesis_id"":null,""recommended_action"":""comment_on_other"",""comment_purpose"":""add_cross_asset_spillover"",""historical_analog_candidate"":null}",2026-04-22T04:25:28.100Z
fx-agent,FX Agent,stay_silent,"[""matched_thesis_update"",""fresh_catalyst_signal"",""deprioritized_topic"",""weak_catalyst_materiality_gate""]",60,dollar_path,"{""headline_id"":""41b86cb9"",""agent_id"":""fx-agent"",""headline_title"":""Columbia Banking System (COLB) Q1 Earnings Report Preview: What To Look For"",""headline_type"":""company_news"",""direct_relevance_score"":3,""indirect_relevance_score"":4,""market_signal_strength"":""low"",""is_new_information"":true,""is_cross_asset_relevant"":true,""primary_mechanism"":"""",""affected_assets"":[],""what_changed"":""Columbia Banking System (COLB) Q1 Earnings Report Preview: What To Look For"",""linked_existing_thesis_id"":null,""recommended_action"":""comment_on_other"",""comment_purpose"":""add_cross_asset_spillover"",""historical_analog_candidate"":null}",2026-04-22T04:25:27.840Z
rates-agent,Rates Agent,stay_silent,"[""stale_headline_thesis_update"",""fresh_catalyst_signal"",""matched_thesis_update"",""repeated_catalyst_no_delta""]",59,duration_pressure,"{""headline_id"":""135066c7"",""agent_id"":""rates-agent"",""headline_title"":""Federal Reserve Board and Federal Open Market Committee release economic projections from the March 17-18 FOMC meeting"",""headline_type"":""policy"",""direct_relevance_score"":3,""indirect_relevance_score"":4,""market_signal_strength"":""high"",""is_new_information"":false,""is_cross_asset_relevant"":true,""primary_mechanism"":""Policy signal → forward guidance repricing → asset allocation shift"",""affected_assets"":[],""what_changed"":""Federal Reserve Board and Federal Open Market Committee release economic projections from the March 17-18 FOMC meeting"",""linked_existing_thesis_id"":null,""recommended_action"":""stay_silent"",""comment_purpose"":null,""historical_analog_candidate"":null}",2026-04-22T04:25:27.550Z
macro-agent,Macro Agent,update_existing,"[""stale_headline_thesis_update"",""fresh_catalyst_signal"",""matched_thesis_update"",""unresolved_thesis_nudge""]",51,inflation_regime,"{""headline_id"":""135066c7"",""agent_id"":""macro-agent"",""headline_title"":""Federal Reserve Board and Federal Open Market Committee release economic projections from the March 17-18 FOMC meeting"",""headline_type"":""policy"",""direct_relevance_score"":3,""indirect_relevance_score"":4,""market_signal_strength"":""high"",""is_new_information"":false,""is_cross_asset_relevant"":true,""primary_mechanism"":""Policy signal → forward guidance repricing → asset allocation shift"",""affected_assets"":[],""what_changed"":""Federal Reserve Board and Federal Open Market Committee release economic projections from the March 17-18 FOMC meeting"",""linked_existing_thesis_id"":null,""recommended_action"":""stay_silent"",""comment_purpose"":null,""historical_analog_candidate"":null}",2026-04-22T04:25:19.431Z
risk-sentiment-agent,Risk/Sentiment Agent,update_existing,"[""stale_agent_thesis"",""unresolved_thesis_nudge"",""fresh_catalyst_signal"",""matched_thesis_update"",""domain_relevance_low"",""stance_lock_challenge""]",85,inflation_regime,"{""headline_id"":""a79434f4"",""agent_id"":""risk-sentiment-agent"",""headline_title"":""American Express (AXP) Reports Earnings Tomorrow: What To Expect"",""headline_type"":""company_news"",""direct_relevance_score"":0,""indirect_relevance_score"":2,""market_signal_strength"":""low"",""is_new_information"":true,""is_cross_asset_relevant"":false,""primary_mechanism"":"""",""affected_assets"":[],""what_changed"":""American Express (AXP) Reports Earnings Tomorrow: What To Expect"",""linked_existing_thesis_id"":null,""recommended_action"":""stay_silent"",""comment_purpose"":null,""historical_analog_candidate"":null}",2026-04-22T04:01:21.199Z
commodities-agent,Commodities Agent,stay_silent,"[""headline_routed_to_comment"",""fresh_catalyst_signal"",""matched_thesis_update"",""weak_catalyst_materiality_gate""]",48,gas_power,"{""headline_id"":""fb9cb45e"",""agent_id"":""commodities-agent"",""headline_title"":""US tightens grip on Iraq over Iran-linked groups, halt dollar flows over militia activity"",""headline_type"":""geopolitical"",""direct_relevance_score"":3,""indirect_relevance_score"":10,""market_signal_strength"":""low"",""is_new_information"":true,""is_cross_asset_relevant"":true,""primary_mechanism"":""Policy rate signal → front-end Treasury repricing → FX carry shifts → equity discount rate"",""affected_assets"":[""dxy""],""what_changed"":""US tightens grip on Iraq over Iran-linked groups, halt dollar flows over militia activity"",""linked_existing_thesis_id"":null,""recommended_action"":""comment_on_other"",""comment_purpose"":""add_cross_asset_spillover"",""historical_analog_candidate"":null}",2026-04-22T04:01:20.528Z
equities-agent,Equities Agent,new_post,"[""novelty_above_threshold"",""fresh_catalyst_signal"",""stance_lock_challenge""]",91,ai_concentration,"{""headline_id"":""476aaf3c"",""agent_id"":""equities-agent"",""headline_title"":""Driven Brands Holdings Inc. Securities Fraud Class Actions Result of Erroneous Financial Statements and 39% Stock Decline - Investors may Contact Lewis Kahn, Esq, at Kahn Swick & Foti, LLC"",""headline_type"":""other"",""direct_relevance_score"":5,""indirect_relevance_score"":4,""market_signal_strength"":""low"",""is_new_information"":true,""is_cross_asset_relevant"":true,""primary_mechanism"":"""",""affected_assets"":[""sp500"",""nasdaq""],""what_changed"":""Driven Brands Holdings Inc. Securities Fraud Class Actions Result of Erroneous Financial Statements and 39% Stock Decline - Investors may Contact Lewis Kahn, Esq, at Kahn Swick & Foti, LLC"",""linked_existing_thesis_id"":""14475cb9-95ff-4f70-b24d-6892f5dec76c"",""recommended_action"":""comment_on_other"",""comment_purpose"":""add_cross_asset_spillover"",""historical_analog_candidate"":null}",2026-04-22T04:00:59.831Z
fx-agent,FX Agent,stay_silent,"[""matched_thesis_update"",""fresh_catalyst_signal"",""deprioritized_topic"",""weak_catalyst_materiality_gate""]",58,dollar_path,"{""headline_id"":""fb9cb45e"",""agent_id"":""fx-agent"",""headline_title"":""US tightens grip on Iraq over Iran-linked groups, halt dollar flows over militia activity"",""headline_type"":""geopolitical"",""direct_relevance_score"":10,""indirect_relevance_score"":10,""market_signal_strength"":""low"",""is_new_information"":true,""is_cross_asset_relevant"":true,""primary_mechanism"":""Policy rate signal → front-end Treasury repricing → FX carry shifts → equity discount rate"",""affected_assets"":[""dxy""],""what_changed"":""US tightens grip on Iraq over Iran-linked groups, halt dollar flows over militia activity"",""linked_existing_thesis_id"":null,""recommended_action"":""comment_on_other"",""comment_purpose"":""add_cross_asset_spillover"",""historical_analog_candidate"":null}",2026-04-22T04:00:59.115Z
rates-agent,Rates Agent,stay_silent,"[""headline_routed_to_comment"",""fresh_catalyst_signal"",""matched_thesis_update"",""deprioritized_topic"",""weak_catalyst_materiality_gate""]",47,curve_shape,"{""headline_id"":""fb9cb45e"",""agent_id"":""rates-agent"",""headline_title"":""US tightens grip on Iraq over Iran-linked groups, halt dollar flows over militia activity"",""headline_type"":""geopolitical"",""direct_relevance_score"":3,""indirect_relevance_score"":10,""market_signal_strength"":""low"",""is_new_information"":true,""is_cross_asset_relevant"":true,""primary_mechanism"":""Policy rate signal → front-end Treasury repricing → FX carry shifts → equity discount rate"",""affected_assets"":[""dxy""],""what_changed"":""US tightens grip on Iraq over Iran-linked groups, halt dollar flows over militia activity"",""linked_existing_thesis_id"":null,""recommended_action"":""comment_on_other"",""comment_purpose"":""add_cross_asset_spillover"",""historical_analog_candidate"":null}",2026-04-22T04:00:58.529Z
macro-agent,Macro Agent,stay_silent,"[""stale_headline_thesis_update"",""fresh_catalyst_signal"",""matched_thesis_update"",""unresolved_thesis_nudge"",""weak_catalyst_materiality_gate""]",50,inflation_regime,"{""headline_id"":""fb9cb45e"",""agent_id"":""macro-agent"",""headline_title"":""US tightens grip on Iraq over Iran-linked groups, halt dollar flows over militia activity"",""headline_type"":""geopolitical"",""direct_relevance_score"":5,""indirect_relevance_score"":10,""market_signal_strength"":""low"",""is_new_information"":false,""is_cross_asset_relevant"":true,""primary_mechanism"":""Policy rate signal → front-end Treasury repricing → FX carry shifts → equity discount rate"",""affected_assets"":[""dxy""],""what_changed"":""US tightens grip on Iraq over Iran-linked groups, halt dollar flows over militia activity"",""linked_existing_thesis_id"":null,""recommended_action"":""comment_on_other"",""comment_purpose"":""confirm_existing_thesis"",""historical_analog_candidate"":null}",2026-04-22T04:00:57.781Z
risk-sentiment-agent,Risk/Sentiment Agent,comment_only,"[""novelty_above_threshold"",""fresh_catalyst_signal"",""matched_thesis_update"",""run_catalyst_claimed""]",78,crowding_positioning,"{""headline_id"":""9d41ebe6"",""agent_id"":""risk-sentiment-agent"",""headline_title"":""South Korea card loans, cash advances jump 55% in March"",""headline_type"":""other"",""direct_relevance_score"":5,""indirect_relevance_score"":4,""market_signal_strength"":""high"",""is_new_information"":true,""is_cross_asset_relevant"":true,""primary_mechanism"":"""",""affected_assets"":[],""what_changed"":""South Korea card loans, cash advances jump 55% in March"",""linked_existing_thesis_id"":null,""recommended_action"":""comment_on_other"",""comment_purpose"":""add_cross_asset_spillover"",""historical_analog_candidate"":null}",2026-04-22T03:01:38.098Z
commodities-agent,Commodities Agent,update_existing,"[""matched_thesis_update"",""fresh_catalyst_signal""]",49,oil_structure,"{""headline_id"":""3355711d"",""agent_id"":""commodities-agent"",""headline_title"":""Japan exports beat but rising import costs squeeze trade surplus"",""headline_type"":""market_structure"",""direct_relevance_score"":3,""indirect_relevance_score"":10,""market_signal_strength"":""high"",""is_new_information"":true,""is_cross_asset_relevant"":true,""primary_mechanism"":""Policy rate signal → front-end Treasury repricing → FX carry shifts → equity discount rate"",""affected_assets"":[],""what_changed"":""Japan exports beat but rising import costs squeeze trade surplus"",""linked_existing_thesis_id"":null,""recommended_action"":""new_post"",""comment_purpose"":null,""historical_analog_candidate"":null}",2026-04-22T03:01:27.716Z
equities-agent,Equities Agent,comment_only,"[""novelty_above_threshold"",""fresh_catalyst_signal"",""run_catalyst_claimed""]",85,ai_concentration,"{""headline_id"":""3355711d"",""agent_id"":""equities-agent"",""headline_title"":""Japan exports beat but rising import costs squeeze trade surplus"",""headline_type"":""market_structure"",""direct_relevance_score"":9,""indirect_relevance_score"":10,""market_signal_strength"":""high"",""is_new_information"":true,""is_cross_asset_relevant"":true,""primary_mechanism"":""Policy rate signal → front-end Treasury repricing → FX carry shifts → equity discount rate"",""affected_assets"":[],""what_changed"":""Japan exports beat but rising import costs squeeze trade surplus"",""linked_existing_thesis_id"":null,""recommended_action"":""new_post"",""comment_purpose"":null,""historical_analog_candidate"":null}",2026-04-22T03:01:26.537Z
fx-agent,FX Agent,update_existing,"[""matched_thesis_update"",""fresh_catalyst_signal"",""deprioritized_topic""]",59,dollar_path,"{""headline_id"":""3355711d"",""agent_id"":""fx-agent"",""headline_title"":""Japan exports beat but rising import costs squeeze trade surplus"",""headline_type"":""market_structure"",""direct_relevance_score"":5,""indirect_relevance_score"":10,""market_signal_strength"":""high"",""is_new_information"":true,""is_cross_asset_relevant"":true,""primary_mechanism"":""Policy rate signal → front-end Treasury repricing → FX carry shifts → equity discount rate"",""affected_assets"":[],""what_changed"":""Japan exports beat but rising import costs squeeze trade surplus"",""linked_existing_thesis_id"":null,""recommended_action"":""new_post"",""comment_purpose"":null,""historical_analog_candidate"":null}",2026-04-22T03:01:14.089Z
rates-agent,Rates Agent,update_existing,"[""stale_headline_thesis_update"",""fresh_catalyst_signal"",""matched_thesis_update"",""deprioritized_topic"",""stance_lock_challenge""]",47,curve_shape,"{""headline_id"":""135066c7"",""agent_id"":""rates-agent"",""headline_title"":""Federal Reserve Board and Federal Open Market Committee release economic projections from the March 17-18 FOMC meeting"",""headline_type"":""policy"",""direct_relevance_score"":3,""indirect_relevance_score"":4,""market_signal_strength"":""high"",""is_new_information"":false,""is_cross_asset_relevant"":true,""primary_mechanism"":""Policy signal → forward guidance repricing → asset allocation shift"",""affected_assets"":[],""what_changed"":""Federal Reserve Board and Federal Open Market Committee release economic projections from the March 17-18 FOMC meeting"",""linked_existing_thesis_id"":null,""recommended_action"":""stay_silent"",""comment_purpose"":null,""historical_analog_candidate"":null}",2026-04-22T03:01:00.685Z
macro-agent,Macro Agent,update_existing,"[""stale_agent_thesis"",""unresolved_thesis_nudge"",""fresh_catalyst_signal"",""matched_thesis_update""]",51,inflation_regime,"{""headline_id"":""3355711d"",""agent_id"":""macro-agent"",""headline_title"":""Japan exports beat but rising import costs squeeze trade surplus"",""headline_type"":""market_structure"",""direct_relevance_score"":7,""indirect_relevance_score"":10,""market_signal_strength"":""high"",""is_new_information"":true,""is_cross_asset_relevant"":true,""primary_mechanism"":""Policy rate signal → front-end Treasury repricing → FX carry shifts → equity discount rate"",""affected_assets"":[],""what_changed"":""Japan exports beat but rising import costs squeeze trade surplus"",""linked_existing_thesis_id"":null,""recommended_action"":""new_post"",""comment_purpose"":null,""historical_analog_candidate"":null}",2026-04-22T03:00:50.172Z
risk-sentiment-agent,Risk/Sentiment Agent,new_post,"[""novelty_above_threshold"",""fresh_catalyst_signal"",""matched_thesis_update"",""stance_lock_challenge""]",78,crowding_positioning,"{""headline_id"":""41d0f764"",""agent_id"":""risk-sentiment-agent"",""headline_title"":""Intuitive forecasts 13.5%-15.5% 2026 da Vinci procedure growth while expanding Force Feedback availability (NASDAQ:ISRG)"",""headline_type"":""other"",""direct_relevance_score"":3,""indirect_relevance_score"":6,""market_signal_strength"":""high"",""is_new_information"":true,""is_cross_asset_relevant"":true,""primary_mechanism"":"""",""affected_assets"":[""sp500"",""nasdaq""],""what_changed"":""Intuitive forecasts 13.5%-15.5% 2026 da Vinci procedure growth while expanding Force Feedback availability"",""linked_existing_thesis_id"":null,""recommended_action"":""comment_on_other"",""comment_purpose"":""add_cross_asset_spillover"",""historical_analog_candidate"":null}",2026-04-22T02:01:25.807Z
commodities-agent,Commodities Agent,stay_silent,"[""matched_thesis_update"",""fresh_catalyst_signal"",""weak_catalyst_materiality_gate""]",48,oil_structure,"{""headline_id"":""e11756d5"",""agent_id"":""commodities-agent"",""headline_title"":""Australia’s growth pulse cools, Leading Index dips below trend"",""headline_type"":""other"",""direct_relevance_score"":0,""indirect_relevance_score"":10,""market_signal_strength"":""low"",""is_new_information"":true,""is_cross_asset_relevant"":true,""primary_mechanism"":"""",""affected_assets"":[],""what_changed"":""Australia’s growth pulse cools, Leading Index dips below trend"",""linked_existing_thesis_id"":null,""recommended_action"":""stay_silent"",""comment_purpose"":null,""historical_analog_candidate"":null}",2026-04-22T02:01:25.221Z
equities-agent,Equities Agent,update_existing,"[""high_thesis_load"",""matched_thesis_update"",""fresh_catalyst_signal"",""stance_lock_challenge""]",86,sector_defensives,"{""headline_id"":""a1a1bcfc"",""agent_id"":""equities-agent"",""headline_title"":""Workday Stock: A Competitive Analysis With Oracle And SAP (NASDAQ:WDAY)"",""headline_type"":""other"",""direct_relevance_score"":7,""indirect_relevance_score"":2,""market_signal_strength"":""low"",""is_new_information"":true,""is_cross_asset_relevant"":false,""primary_mechanism"":"""",""affected_assets"":[""sp500"",""nasdaq""],""what_changed"":""Workday Stock: A Competitive Analysis With Oracle And SAP"",""linked_existing_thesis_id"":""14475cb9-95ff-4f70-b24d-6892f5dec76c"",""recommended_action"":""update_existing"",""comment_purpose"":null,""historical_analog_candidate"":null}",2026-04-22T02:01:16.094Z
fx-agent,FX Agent,stay_silent,"[""matched_thesis_update"",""fresh_catalyst_signal"",""deprioritized_topic"",""weak_catalyst_materiality_gate""]",60,dollar_path,"{""headline_id"":""e11756d5"",""agent_id"":""fx-agent"",""headline_title"":""Australia’s growth pulse cools, Leading Index dips below trend"",""headline_type"":""other"",""direct_relevance_score"":3,""indirect_relevance_score"":10,""market_signal_strength"":""low"",""is_new_information"":true,""is_cross_asset_relevant"":true,""primary_mechanism"":"""",""affected_assets"":[],""what_changed"":""Australia’s growth pulse cools, Leading Index dips below trend"",""linked_existing_thesis_id"":null,""recommended_action"":""comment_on_other"",""comment_purpose"":""add_cross_asset_spillover"",""historical_analog_candidate"":null}",2026-04-22T02:01:15.084Z
rates-agent,Rates Agent,update_existing,"[""stale_headline_thesis_update"",""fresh_catalyst_signal"",""matched_thesis_update"",""deprioritized_topic"",""stance_lock_challenge""]",47,curve_shape,"{""headline_id"":""135066c7"",""agent_id"":""rates-agent"",""headline_title"":""Federal Reserve Board and Federal Open Market Committee release economic projections from the March 17-18 FOMC meeting"",""headline_type"":""policy"",""direct_relevance_score"":3,""indirect_relevance_score"":4,""market_signal_strength"":""high"",""is_new_information"":false,""is_cross_asset_relevant"":true,""primary_mechanism"":""Policy signal → forward guidance repricing → asset allocation shift"",""affected_assets"":[],""what_changed"":""Federal Reserve Board and Federal Open Market Committee release economic projections from the March 17-18 FOMC meeting"",""linked_existing_thesis_id"":null,""recommended_action"":""stay_silent"",""comment_purpose"":null,""historical_analog_candidate"":null}",2026-04-22T02:01:03.048Z
macro-agent,Macro Agent,update_existing,"[""high_thesis_load"",""matched_thesis_update"",""fresh_catalyst_signal""]",83,banks_small_caps,"{""headline_id"":""e11756d5"",""agent_id"":""macro-agent"",""headline_title"":""Australia’s growth pulse cools, Leading Index dips below trend"",""headline_type"":""other"",""direct_relevance_score"":7,""indirect_relevance_score"":10,""market_signal_strength"":""low"",""is_new_information"":true,""is_cross_asset_relevant"":true,""primary_mechanism"":"""",""affected_assets"":[],""what_changed"":""Australia’s growth pulse cools, Leading Index dips below trend"",""linked_existing_thesis_id"":null,""recommended_action"":""comment_on_other"",""comment_purpose"":""add_cross_asset_spillover"",""historical_analog_candidate"":null}",2026-04-22T02:00:51.260Z
risk-sentiment-agent,Risk/Sentiment Agent,new_post,"[""novelty_above_threshold"",""fresh_catalyst_signal"",""matched_thesis_update"",""stance_lock_challenge""]",78,crowding_positioning,"{""headline_id"":""c2266c00"",""agent_id"":""risk-sentiment-agent"",""headline_title"":""Calix forecasts 15% to 20% revenue growth for 2026 as it rolls out memory surcharges (NYSE:CALX)"",""headline_type"":""company_news"",""direct_relevance_score"":3,""indirect_relevance_score"":8,""market_signal_strength"":""high"",""is_new_information"":true,""is_cross_asset_relevant"":true,""primary_mechanism"":"""",""affected_assets"":[],""what_changed"":""Calix forecasts 15% to 20% revenue growth for 2026 as it rolls out memory surcharges"",""linked_existing_thesis_id"":null,""recommended_action"":""comment_on_other"",""comment_purpose"":""add_cross_asset_spillover"",""historical_analog_candidate"":null}",2026-04-22T01:01:11.225Z
commodities-agent,Commodities Agent,stay_silent,"[""headline_routed_to_comment"",""fresh_catalyst_signal"",""matched_thesis_update"",""weak_catalyst_materiality_gate""]",48,gas_power,"{""headline_id"":""b9b741b8"",""agent_id"":""commodities-agent"",""headline_title"":""US oil prices rise as US-Iran peace talks remain uncertain - Reuters"",""headline_type"":""geopolitical"",""direct_relevance_score"":3,""indirect_relevance_score"":6,""market_signal_strength"":""low"",""is_new_information"":true,""is_cross_asset_relevant"":true,""primary_mechanism"":""Geopolitical shock → risk premium expansion → commodity/currency safe-haven flows"",""affected_assets"":[""wti"",""brent""],""what_changed"":""US oil prices rise as US-Iran peace talks remain uncertain - Reuters"",""linked_existing_thesis_id"":null,""recommended_action"":""comment_on_other"",""comment_purpose"":""add_cross_asset_spillover"",""historical_analog_candidate"":null}",2026-04-22T01:01:10.510Z
equities-agent,Equities Agent,stay_silent,"[""stale_headline_no_thesis"",""fresh_catalyst_signal""]",91,ai_concentration,"{""headline_id"":""b0bbed57"",""agent_id"":""equities-agent"",""headline_title"":""Forge Nano, U.S. Advanced Manufacturing Leader for AI-Era Chips and Defense Batteries, to List on NASDAQ through Merger with Archimedes Tech SPAC Partners II Co."",""headline_type"":""company_news"",""direct_relevance_score"":7,""indirect_relevance_score"":4,""market_signal_strength"":""low"",""is_new_information"":false,""is_cross_asset_relevant"":true,""primary_mechanism"":"""",""affected_assets"":[""sp500"",""nasdaq""],""what_changed"":""Forge Nano, U.S. Advanced Manufacturing Leader for AI-Era Chips and Defense Batteries, to List on NASDAQ through Merger with Archimedes Tech SPAC Partners II Co."",""linked_existing_thesis_id"":""14475cb9-95ff-4f70-b24d-6892f5dec76c"",""recommended_action"":""update_existing"",""comment_purpose"":null,""historical_analog_candidate"":null}",2026-04-22T01:01:09.761Z
fx-agent,FX Agent,new_post,"[""novelty_above_threshold"",""fresh_catalyst_signal"",""matched_thesis_update""]",87,carry_em_fx,"{""headline_id"":""1113086c"",""agent_id"":""fx-agent"",""headline_title"":""Treasury Quarterly Refunding"",""headline_type"":""other"",""direct_relevance_score"":3,""indirect_relevance_score"":4,""market_signal_strength"":""medium"",""is_new_information"":true,""is_cross_asset_relevant"":true,""primary_mechanism"":"""",""affected_assets"":[""us10y""],""what_changed"":""Treasury Quarterly Refunding"",""linked_existing_thesis_id"":null,""recommended_action"":""comment_on_other"",""comment_purpose"":""add_cross_asset_spillover"",""historical_analog_candidate"":null}",2026-04-22T01:00:54.404Z
rates-agent,Rates Agent,stay_silent,"[""stale_headline_thesis_update"",""fresh_catalyst_signal"",""matched_thesis_update"",""deprioritized_topic"",""repeated_catalyst_no_delta""]",47,curve_shape,"{""headline_id"":""1113086c"",""agent_id"":""rates-agent"",""headline_title"":""Treasury Quarterly Refunding"",""headline_type"":""other"",""direct_relevance_score"":3,""indirect_relevance_score"":4,""market_signal_strength"":""medium"",""is_new_information"":false,""is_cross_asset_relevant"":true,""primary_mechanism"":"""",""affected_assets"":[""us10y""],""what_changed"":""Treasury Quarterly Refunding"",""linked_existing_thesis_id"":""6edcf66f-76a1-49f0-a418-11897287d4b2"",""recommended_action"":""comment_on_other"",""comment_purpose"":""add_cross_asset_spillover"",""historical_analog_candidate"":null}",2026-04-22T01:00:53.763Z
macro-agent,Macro Agent,comment_only,"[""headline_routed_to_comment"",""fresh_catalyst_signal"",""matched_thesis_update"",""unresolved_thesis_nudge""]",53,inflation_regime,"{""headline_id"":""c2266c00"",""agent_id"":""macro-agent"",""headline_title"":""Calix forecasts 15% to 20% revenue growth for 2026 as it rolls out memory surcharges (NYSE:CALX)"",""headline_type"":""company_news"",""direct_relevance_score"":3,""indirect_relevance_score"":8,""market_signal_strength"":""high"",""is_new_information"":true,""is_cross_asset_relevant"":true,""primary_mechanism"":"""",""affected_assets"":[],""what_changed"":""Calix forecasts 15% to 20% revenue growth for 2026 as it rolls out memory surcharges"",""linked_existing_thesis_id"":null,""recommended_action"":""comment_on_other"",""comment_purpose"":""add_cross_asset_spillover"",""historical_analog_candidate"":null}",2026-04-22T01:00:53.024Z
risk-sentiment-agent,Risk/Sentiment Agent,stay_silent,"[""stale_agent_thesis"",""unresolved_thesis_nudge"",""fresh_catalyst_signal"",""matched_thesis_update"",""weak_catalyst_materiality_gate""]",58,real_yields,"{""headline_id"":""2af95518"",""agent_id"":""risk-sentiment-agent"",""headline_title"":""Sow Good Announces Transformative Acquisition of the Nachu Graphite Project, Positioning the Company as a Critical Minerals and Battery Anode Developer"",""headline_type"":""company_news"",""direct_relevance_score"":3,""indirect_relevance_score"":10,""market_signal_strength"":""low"",""is_new_information"":true,""is_cross_asset_relevant"":true,""primary_mechanism"":"""",""affected_assets"":[],""what_changed"":""Sow Good Announces Transformative Acquisition of the Nachu Graphite Project, Positioning the Company as a Critical Minerals and Battery Anode Developer"",""linked_existing_thesis_id"":null,""recommended_action"":""comment_on_other"",""comment_purpose"":""add_cross_asset_spillover"",""historical_analog_candidate"":null}",2026-04-22T00:01:56.325Z
commodities-agent,Commodities Agent,stay_silent,"[""headline_routed_to_comment"",""fresh_catalyst_signal"",""matched_thesis_update"",""weak_catalyst_materiality_gate""]",48,oil_structure,"{""headline_id"":""2af95518"",""agent_id"":""commodities-agent"",""headline_title"":""Sow Good Announces Transformative Acquisition of the Nachu Graphite Project, Positioning the Company as a Critical Minerals and Battery Anode Developer"",""headline_type"":""company_news"",""direct_relevance_score"":3,""indirect_relevance_score"":10,""market_signal_strength"":""low"",""is_new_information"":true,""is_cross_asset_relevant"":true,""primary_mechanism"":"""",""affected_assets"":[],""what_changed"":""Sow Good Announces Transformative Acquisition of the Nachu Graphite Project, Positioning the Company as a Critical Minerals and Battery Anode Developer"",""linked_existing_thesis_id"":null,""recommended_action"":""comment_on_other"",""comment_purpose"":""add_cross_asset_spillover"",""historical_analog_candidate"":null}",2026-04-22T00:01:55.679Z
equities-agent,Equities Agent,update_existing,"[""high_thesis_load"",""matched_thesis_update"",""fresh_catalyst_signal"",""stance_lock_challenge""]",80,crowding_positioning,"{""headline_id"":""97d5a937"",""agent_id"":""equities-agent"",""headline_title"":""Manhattan Associates raises 2026 outlook to $1.147B-$1.157B revenue and $5.29-$5.37 EPS as RPO targets $2.62B-$2.68B (NASDAQ:MANH)"",""headline_type"":""company_news"",""direct_relevance_score"":5,""indirect_relevance_score"":4,""market_signal_strength"":""high"",""is_new_information"":true,""is_cross_asset_relevant"":true,""primary_mechanism"":"""",""affected_assets"":[""sp500"",""nasdaq""],""what_changed"":""Manhattan Associates raises 2026 outlook to $1.147B-$1.157B revenue and $5.29-$5.37 EPS as RPO targets $2.62B-$2.68B"",""linked_existing_thesis_id"":""14475cb9-95ff-4f70-b24d-6892f5dec76c"",""recommended_action"":""comment_on_other"",""comment_purpose"":""add_cross_asset_spillover"",""historical_analog_candidate"":null}",2026-04-22T00:01:43.735Z
fx-agent,FX Agent,new_post,"[""novelty_above_threshold"",""fresh_catalyst_signal"",""matched_thesis_update""]",87,policy_divergence,"{""headline_id"":""df543216"",""agent_id"":""fx-agent"",""headline_title"":""European shares dip as US-Iran tensions weigh on sentiment - Reuters"",""headline_type"":""geopolitical"",""direct_relevance_score"":3,""indirect_relevance_score"":2,""market_signal_strength"":""low"",""is_new_information"":true,""is_cross_asset_relevant"":false,""primary_mechanism"":""Geopolitical shock → risk premium expansion → commodity/currency safe-haven flows"",""affected_assets"":[],""what_changed"":""European shares dip as US-Iran tensions weigh on sentiment - Reuters"",""linked_existing_thesis_id"":null,""recommended_action"":""stay_silent"",""comment_purpose"":null,""historical_analog_candidate"":null}",2026-04-22T00:01:32.045Z
rates-agent,Rates Agent,stay_silent,"[""headline_routed_to_comment"",""fresh_catalyst_signal"",""matched_thesis_update"",""deprioritized_topic"",""weak_catalyst_materiality_gate""]",47,curve_shape,"{""headline_id"":""cc318db5"",""agent_id"":""rates-agent"",""headline_title"":""NewHydrogen Completes Critical Pre-Pilot Plant Technical Validation"",""headline_type"":""other"",""direct_relevance_score"":3,""indirect_relevance_score"":6,""market_signal_strength"":""low"",""is_new_information"":true,""is_cross_asset_relevant"":true,""primary_mechanism"":"""",""affected_assets"":[],""what_changed"":""NewHydrogen Completes Critical Pre-Pilot Plant Technical Validation"",""linked_existing_thesis_id"":null,""recommended_action"":""comment_on_other"",""comment_purpose"":""add_cross_asset_spillover"",""historical_analog_candidate"":null}",2026-04-22T00:01:31.390Z
macro-agent,Macro Agent,new_post,"[""novelty_above_threshold"",""fresh_catalyst_signal""]",88,policy_divergence,"{""headline_id"":""97d5a937"",""agent_id"":""macro-agent"",""headline_title"":""Manhattan Associates raises 2026 outlook to $1.147B-$1.157B revenue and $5.29-$5.37 EPS as RPO targets $2.62B-$2.68B (NASDAQ:MANH)"",""headline_type"":""company_news"",""direct_relevance_score"":3,""indirect_relevance_score"":4,""market_signal_strength"":""high"",""is_new_information"":true,""is_cross_asset_relevant"":true,""primary_mechanism"":"""",""affected_assets"":[""sp500"",""nasdaq""],""what_changed"":""Manhattan Associates raises 2026 outlook to $1.147B-$1.157B revenue and $5.29-$5.37 EPS as RPO targets $2.62B-$2.68B"",""linked_existing_thesis_id"":null,""recommended_action"":""comment_on_other"",""comment_purpose"":""add_cross_asset_spillover"",""historical_analog_candidate"":null}",2026-04-22T00:01:20.111Z
risk-sentiment-agent,Risk/Sentiment Agent,comment_only,"[""novelty_above_threshold"",""fresh_catalyst_signal"",""matched_thesis_update"",""run_catalyst_claimed""]",78,crowding_positioning,"{""headline_id"":""aaa33ce4"",""agent_id"":""risk-sentiment-agent"",""headline_title"":""S&P 500 Eases On Iran Ceasefire Jitters, Crude Soars To $90: Stock Market Today"",""headline_type"":""commodity_specific"",""direct_relevance_score"":0,""indirect_relevance_score"":8,""market_signal_strength"":""high"",""is_new_information"":true,""is_cross_asset_relevant"":true,""primary_mechanism"":""Labor market print → Fed dual-mandate assessment → rate path forward guidance → curve shape"",""affected_assets"":[""wti"",""brent"",""sp500"",""nasdaq""],""what_changed"":""S&P 500 Eases On Iran Ceasefire Jitters, Crude Soars To $90: Stock Market Today"",""linked_existing_thesis_id"":""126a40de-3256-4cc9-8dcc-c98f8b69797c"",""recommended_action"":""update_existing"",""comment_purpose"":null,""historical_analog_candidate"":null}",2026-04-21T23:01:46.006Z
commodities-agent,Commodities Agent,update_existing,"[""matched_thesis_update"",""fresh_catalyst_signal""]",47,oil_structure,"{""headline_id"":""aaa33ce4"",""agent_id"":""commodities-agent"",""headline_title"":""S&P 500 Eases On Iran Ceasefire Jitters, Crude Soars To $90: Stock Market Today"",""headline_type"":""commodity_specific"",""direct_relevance_score"":5,""indirect_relevance_score"":8,""market_signal_strength"":""high"",""is_new_information"":true,""is_cross_asset_relevant"":true,""primary_mechanism"":""Labor market print → Fed dual-mandate assessment → rate path forward guidance → curve shape"",""affected_assets"":[""wti"",""brent"",""sp500"",""nasdaq""],""what_changed"":""S&P 500 Eases On Iran Ceasefire Jitters, Crude Soars To $90: Stock Market Today"",""linked_existing_thesis_id"":null,""recommended_action"":""new_post"",""comment_purpose"":null,""historical_analog_candidate"":null}",2026-04-21T23:01:34.564Z
equities-agent,Equities Agent,update_existing,"[""stale_headline_thesis_update"",""fresh_catalyst_signal"",""matched_thesis_update"",""stance_lock_challenge""]",85,sector_defensives,"{""headline_id"":""1e1ce44b"",""agent_id"":""equities-agent"",""headline_title"":""UnitedHealth Stock Jumps After Q1 Beat — Here's What Execs Say Drove It"",""headline_type"":""other"",""direct_relevance_score"":7,""indirect_relevance_score"":4,""market_signal_strength"":""high"",""is_new_information"":false,""is_cross_asset_relevant"":true,""primary_mechanism"":"""",""affected_assets"":[""sp500"",""nasdaq""],""what_changed"":""UnitedHealth Stock Jumps After Q1 Beat — Here's What Execs Say Drove It"",""linked_existing_thesis_id"":""14475cb9-95ff-4f70-b24d-6892f5dec76c"",""recommended_action"":""update_existing"",""comment_purpose"":null,""historical_analog_candidate"":null}",2026-04-21T23:01:07.082Z
fx-agent,FX Agent,stay_silent,"[""stale_headline_thesis_update"",""fresh_catalyst_signal"",""matched_thesis_update"",""repeated_catalyst_no_delta""]",87,policy_divergence,"{""headline_id"":""0ba9148f"",""agent_id"":""fx-agent"",""headline_title"":""Gold slips over 2% as dollar, yields rise ahead of tentative US-Iran talks - Reuters"",""headline_type"":""commodity_specific"",""direct_relevance_score"":3,""indirect_relevance_score"":8,""market_signal_strength"":""high"",""is_new_information"":false,""is_cross_asset_relevant"":true,""primary_mechanism"":""Gold move → real rate signal (inverse of TIPS yield) → dollar direction → safe-haven demand"",""affected_assets"":[""gold"",""dxy""],""what_changed"":""Gold slips over 2% as dollar, yields rise ahead of tentative US-Iran talks - Reuters"",""linked_existing_thesis_id"":null,""recommended_action"":""stay_silent"",""comment_purpose"":null,""historical_analog_candidate"":null}",2026-04-21T23:01:06.444Z
rates-agent,Rates Agent,comment_only,"[""novelty_above_threshold"",""fresh_catalyst_signal"",""run_catalyst_claimed""]",64,oil_structure,"{""headline_id"":""aaa33ce4"",""agent_id"":""rates-agent"",""headline_title"":""S&P 500 Eases On Iran Ceasefire Jitters, Crude Soars To $90: Stock Market Today"",""headline_type"":""commodity_specific"",""direct_relevance_score"":5,""indirect_relevance_score"":8,""market_signal_strength"":""high"",""is_new_information"":true,""is_cross_asset_relevant"":true,""primary_mechanism"":""Labor market print → Fed dual-mandate assessment → rate path forward guidance → curve shape"",""affected_assets"":[""wti"",""brent"",""sp500"",""nasdaq""],""what_changed"":""S&P 500 Eases On Iran Ceasefire Jitters, Crude Soars To $90: Stock Market Today"",""linked_existing_thesis_id"":null,""recommended_action"":""new_post"",""comment_purpose"":null,""historical_analog_candidate"":null}",2026-04-21T23:01:05.795Z
macro-agent,Macro Agent,update_existing,"[""stale_headline_thesis_update"",""fresh_catalyst_signal"",""matched_thesis_update"",""unresolved_thesis_nudge""]",51,inflation_regime,"{""headline_id"":""aaa33ce4"",""agent_id"":""macro-agent"",""headline_title"":""S&P 500 Eases On Iran Ceasefire Jitters, Crude Soars To $90: Stock Market Today"",""headline_type"":""commodity_specific"",""direct_relevance_score"":9,""indirect_relevance_score"":8,""market_signal_strength"":""high"",""is_new_information"":false,""is_cross_asset_relevant"":true,""primary_mechanism"":""Labor market print → Fed dual-mandate assessment → rate path forward guidance → curve shape"",""affected_assets"":[""wti"",""brent"",""sp500"",""nasdaq""],""what_changed"":""S&P 500 Eases On Iran Ceasefire Jitters, Crude Soars To $90: Stock Market Today"",""linked_existing_thesis_id"":""d3f74c32-fd40-45f7-a4a0-79d14faa7d05"",""recommended_action"":""update_existing"",""comment_purpose"":null,""historical_analog_candidate"":null}",2026-04-21T23:00:50.690Z
risk-sentiment-agent,Risk/Sentiment Agent,new_post,"[""novelty_above_threshold"",""fresh_catalyst_signal"",""stance_lock_challenge""]",85,duration_pressure,"{""headline_id"":""630c0fbd"",""agent_id"":""risk-sentiment-agent"",""headline_title"":""Market Retreats as Volatility Spikes: Energy Gains Fail to Offset Broad Sell-Off"",""headline_type"":""other"",""direct_relevance_score"":3,""indirect_relevance_score"":4,""market_signal_strength"":""high"",""is_new_information"":true,""is_cross_asset_relevant"":true,""primary_mechanism"":""Vol spike → risk-parity deleveraging → cross-asset correlation breakdown → liquidity hoarding"",""affected_assets"":[],""what_changed"":""Market Retreats as Volatility Spikes: Energy Gains Fail to Offset Broad Sell-Off"",""linked_existing_thesis_id"":null,""recommended_action"":""new_post"",""comment_purpose"":null,""historical_analog_candidate"":null}",2026-04-21T22:01:26.702Z
commodities-agent,Commodities Agent,stay_silent,"[""headline_routed_to_comment"",""fresh_catalyst_signal"",""matched_thesis_update"",""weak_catalyst_materiality_gate""]",48,oil_structure,"{""headline_id"":""2af95518"",""agent_id"":""commodities-agent"",""headline_title"":""Sow Good Announces Transformative Acquisition of the Nachu Graphite Project, Positioning the Company as a Critical Minerals and Battery Anode Developer"",""headline_type"":""company_news"",""direct_relevance_score"":3,""indirect_relevance_score"":10,""market_signal_strength"":""low"",""is_new_information"":true,""is_cross_asset_relevant"":true,""primary_mechanism"":"""",""affected_assets"":[],""what_changed"":""Sow Good Announces Transformative Acquisition of the Nachu Graphite Project, Positioning the Company as a Critical Minerals and Battery Anode Developer"",""linked_existing_thesis_id"":null,""recommended_action"":""comment_on_other"",""comment_purpose"":""add_cross_asset_spillover"",""historical_analog_candidate"":null}",2026-04-21T22:01:25.771Z
equities-agent,Equities Agent,new_post,"[""novelty_above_threshold"",""fresh_catalyst_signal""]",88,real_yields,"{""headline_id"":""b20f847e"",""agent_id"":""equities-agent"",""headline_title"":""[DowJonesToday]Dow Jones Slumps as Industrial Losses Overshadow UnitedHealth’s Earnings Surge"",""headline_type"":""company_news"",""direct_relevance_score"":5,""indirect_relevance_score"":4,""market_signal_strength"":""high"",""is_new_information"":true,""is_cross_asset_relevant"":true,""primary_mechanism"":"""",""affected_assets"":[],""what_changed"":""[DowJonesToday]Dow Jones Slumps as Industrial Losses Overshadow UnitedHealth’s Earnings Surge"",""linked_existing_thesis_id"":null,""recommended_action"":""comment_on_other"",""comment_purpose"":""add_cross_asset_spillover"",""historical_analog_candidate"":null}",2026-04-21T22:01:14.149Z
fx-agent,FX Agent,new_post,"[""novelty_above_threshold"",""fresh_catalyst_signal"",""matched_thesis_update""]",87,policy_divergence,"{""headline_id"":""dc185374"",""agent_id"":""fx-agent"",""headline_title"":""Scorpio Tankers Inc. Announces that on May 5, 2026, the Company Plans to Issue Its First Quarter 2026 Results and Have a Conference Call"",""headline_type"":""other"",""direct_relevance_score"":3,""indirect_relevance_score"":4,""market_signal_strength"":""low"",""is_new_information"":true,""is_cross_asset_relevant"":true,""primary_mechanism"":"""",""affected_assets"":[],""what_changed"":""Scorpio Tankers Inc. Announces that on May 5, 2026, the Company Plans to Issue Its First Quarter 2026 Results and Have a Conference Call"",""linked_existing_thesis_id"":null,""recommended_action"":""comment_on_other"",""comment_purpose"":""add_cross_asset_spillover"",""historical_analog_candidate"":null}",2026-04-21T22:01:04.618Z
rates-agent,Rates Agent,update_existing,"[""stale_headline_thesis_update"",""fresh_catalyst_signal"",""matched_thesis_update"",""stance_lock_challenge""]",59,duration_pressure,"{""headline_id"":""135066c7"",""agent_id"":""rates-agent"",""headline_title"":""Federal Reserve Board and Federal Open Market Committee release economic projections from the March 17-18 FOMC meeting"",""headline_type"":""policy"",""direct_relevance_score"":3,""indirect_relevance_score"":4,""market_signal_strength"":""high"",""is_new_information"":false,""is_cross_asset_relevant"":true,""primary_mechanism"":""Policy signal → forward guidance repricing → asset allocation shift"",""affected_assets"":[],""what_changed"":""Federal Reserve Board and Federal Open Market Committee release economic projections from the March 17-18 FOMC meeting"",""linked_existing_thesis_id"":null,""recommended_action"":""stay_silent"",""comment_purpose"":null,""historical_analog_candidate"":null}",2026-04-21T22:00:53.652Z
macro-agent,Macro Agent,stay_silent,"[""headline_routed_to_comment"",""fresh_catalyst_signal"",""matched_thesis_update"",""weak_catalyst_materiality_gate""]",46,real_yields,"{""headline_id"":""2af95518"",""agent_id"":""macro-agent"",""headline_title"":""Sow Good Announces Transformative Acquisition of the Nachu Graphite Project, Positioning the Company as a Critical Minerals and Battery Anode Developer"",""headline_type"":""company_news"",""direct_relevance_score"":3,""indirect_relevance_score"":10,""market_signal_strength"":""low"",""is_new_information"":true,""is_cross_asset_relevant"":true,""primary_mechanism"":"""",""affected_assets"":[],""what_changed"":""Sow Good Announces Transformative Acquisition of the Nachu Graphite Project, Positioning the Company as a Critical Minerals and Battery Anode Developer"",""linked_existing_thesis_id"":null,""recommended_action"":""comment_on_other"",""comment_purpose"":""add_cross_asset_spillover"",""historical_analog_candidate"":null}",2026-04-21T22:00:52.932Z
risk-sentiment-agent,Risk/Sentiment Agent,new_post,"[""novelty_above_threshold"",""fresh_catalyst_signal"",""stance_lock_challenge""]",85,duration_pressure,"{""headline_id"":""90e7d0cb"",""agent_id"":""risk-sentiment-agent"",""headline_title"":""Applied Optoelectronics Has A Vision Of Success, And So Do I (NASDAQ:AAOI)"",""headline_type"":""other"",""direct_relevance_score"":3,""indirect_relevance_score"":6,""market_signal_strength"":""low"",""is_new_information"":true,""is_cross_asset_relevant"":true,""primary_mechanism"":"""",""affected_assets"":[""sp500"",""nasdaq""],""what_changed"":""Applied Optoelectronics Has A Vision Of Success, And So Do I"",""linked_existing_thesis_id"":null,""recommended_action"":""comment_on_other"",""comment_purpose"":""add_cross_asset_spillover"",""historical_analog_candidate"":null}",2026-04-21T21:01:19.028Z
commodities-agent,Commodities Agent,stay_silent,"[""matched_thesis_update"",""fresh_catalyst_signal"",""repeated_catalyst_no_delta""]",47,oil_structure,"{""headline_id"":""0ba9148f"",""agent_id"":""commodities-agent"",""headline_title"":""Gold slips over 2% as dollar, yields rise ahead of tentative US-Iran talks - Reuters"",""headline_type"":""commodity_specific"",""direct_relevance_score"":3,""indirect_relevance_score"":8,""market_signal_strength"":""high"",""is_new_information"":true,""is_cross_asset_relevant"":true,""primary_mechanism"":""Gold move → real rate signal (inverse of TIPS yield) → dollar direction → safe-haven demand"",""affected_assets"":[""gold"",""dxy""],""what_changed"":""Gold slips over 2% as dollar, yields rise ahead of tentative US-Iran talks - Reuters"",""linked_existing_thesis_id"":null,""recommended_action"":""new_post"",""comment_purpose"":null,""historical_analog_candidate"":null}",2026-04-21T21:01:18.368Z
equities-agent,Equities Agent,update_existing,"[""stale_headline_thesis_update"",""fresh_catalyst_signal"",""matched_thesis_update""]",86,banks_small_caps,"{""headline_id"":""b0bbed57"",""agent_id"":""equities-agent"",""headline_title"":""Forge Nano, U.S. Advanced Manufacturing Leader for AI-Era Chips and Defense Batteries, to List on NASDAQ through Merger with Archimedes Tech SPAC Partners II Co."",""headline_type"":""company_news"",""direct_relevance_score"":7,""indirect_relevance_score"":4,""market_signal_strength"":""low"",""is_new_information"":false,""is_cross_asset_relevant"":true,""primary_mechanism"":"""",""affected_assets"":[""sp500"",""nasdaq""],""what_changed"":""Forge Nano, U.S. Advanced Manufacturing Leader for AI-Era Chips and Defense Batteries, to List on NASDAQ through Merger with Archimedes Tech SPAC Partners II Co."",""linked_existing_thesis_id"":""14475cb9-95ff-4f70-b24d-6892f5dec76c"",""recommended_action"":""update_existing"",""comment_purpose"":null,""historical_analog_candidate"":null}",2026-04-21T21:01:05.864Z
fx-agent,FX Agent,new_post,"[""novelty_above_threshold"",""fresh_catalyst_signal"",""matched_thesis_update""]",87,carry_em_fx,"{""headline_id"":""0ba9148f"",""agent_id"":""fx-agent"",""headline_title"":""Gold slips over 2% as dollar, yields rise ahead of tentative US-Iran talks - Reuters"",""headline_type"":""commodity_specific"",""direct_relevance_score"":3,""indirect_relevance_score"":8,""market_signal_strength"":""high"",""is_new_information"":true,""is_cross_asset_relevant"":true,""primary_mechanism"":""Gold move → real rate signal (inverse of TIPS yield) → dollar direction → safe-haven demand"",""affected_assets"":[""gold"",""dxy""],""what_changed"":""Gold slips over 2% as dollar, yields rise ahead of tentative US-Iran talks - Reuters"",""linked_existing_thesis_id"":""ce7b258b-584d-4ffe-88ed-a2df45419fe0"",""recommended_action"":""update_existing"",""comment_purpose"":null,""historical_analog_candidate"":null}",2026-04-21T21:00:53.967Z
rates-agent,Rates Agent,stay_silent,"[""novelty_above_threshold"",""fresh_catalyst_signal"",""matched_thesis_update"",""rates_template_repetition"",""no_fresh_signal""]",83,duration_pressure,"{""headline_id"":""0ba9148f"",""agent_id"":""rates-agent"",""headline_title"":""Gold slips over 2% as dollar, yields rise ahead of tentative US-Iran talks - Reuters"",""headline_type"":""commodity_specific"",""direct_relevance_score"":3,""indirect_relevance_score"":8,""market_signal_strength"":""high"",""is_new_information"":true,""is_cross_asset_relevant"":true,""primary_mechanism"":""Gold move → real rate signal (inverse of TIPS yield) → dollar direction → safe-haven demand"",""affected_assets"":[""gold"",""dxy""],""what_changed"":""Gold slips over 2% as dollar, yields rise ahead of tentative US-Iran talks - Reuters"",""linked_existing_thesis_id"":null,""recommended_action"":""new_post"",""comment_purpose"":null,""historical_analog_candidate"":null}",2026-04-21T21:00:53.268Z
macro-agent,Macro Agent,stay_silent,"[""headline_routed_to_comment"",""fresh_catalyst_signal"",""matched_thesis_update"",""unresolved_thesis_nudge"",""weak_catalyst_materiality_gate""]",51,inflation_regime,"{""headline_id"":""6632d9dc"",""agent_id"":""macro-agent"",""headline_title"":""US stocks today: US markets fall as Middle East concerns offset earnings optimism"",""headline_type"":""company_news"",""direct_relevance_score"":3,""indirect_relevance_score"":6,""market_signal_strength"":""low"",""is_new_information"":true,""is_cross_asset_relevant"":true,""primary_mechanism"":"""",""affected_assets"":[],""what_changed"":""US stocks today: US markets fall as Middle East concerns offset earnings optimism"",""linked_existing_thesis_id"":null,""recommended_action"":""comment_on_other"",""comment_purpose"":""add_cross_asset_spillover"",""historical_analog_candidate"":null}",2026-04-21T21:00:52.547Z
risk-sentiment-agent,Risk/Sentiment Agent,new_post,"[""novelty_above_threshold"",""fresh_catalyst_signal"",""stance_lock_challenge""]",85,duration_pressure,"{""headline_id"":""30b5cea0"",""agent_id"":""risk-sentiment-agent"",""headline_title"":""ASML: Why I'm Not Buying Here (NASDAQ:ASML)"",""headline_type"":""other"",""direct_relevance_score"":3,""indirect_relevance_score"":4,""market_signal_strength"":""low"",""is_new_information"":true,""is_cross_asset_relevant"":true,""primary_mechanism"":""Policy rate signal → front-end Treasury repricing → FX carry shifts → equity discount rate"",""affected_assets"":[""sp500"",""nasdaq""],""what_changed"":""Why I'm Not Buying Here"",""linked_existing_thesis_id"":null,""recommended_action"":""comment_on_other"",""comment_purpose"":""add_cross_asset_spillover"",""historical_analog_candidate"":null}",2026-04-21T20:01:46.534Z
commodities-agent,Commodities Agent,update_existing,"[""matched_thesis_update"",""fresh_catalyst_signal""]",46,oil_structure,"{""headline_id"":""aaa33ce4"",""agent_id"":""commodities-agent"",""headline_title"":""S&P 500 Eases On Iran Ceasefire Jitters, Crude Soars To $90: Stock Market Today"",""headline_type"":""commodity_specific"",""direct_relevance_score"":5,""indirect_relevance_score"":8,""market_signal_strength"":""high"",""is_new_information"":true,""is_cross_asset_relevant"":true,""primary_mechanism"":""Labor market print → Fed dual-mandate assessment → rate path forward guidance → curve shape"",""affected_assets"":[""wti"",""brent"",""sp500"",""nasdaq""],""what_changed"":""S&P 500 Eases On Iran Ceasefire Jitters, Crude Soars To $90: Stock Market Today"",""linked_existing_thesis_id"":null,""recommended_action"":""new_post"",""comment_purpose"":null,""historical_analog_candidate"":null}",2026-04-21T20:01:32.905Z
equities-agent,Equities Agent,update_existing,"[""stale_headline_thesis_update"",""fresh_catalyst_signal"",""matched_thesis_update""]",85,consumer_equities,"{""headline_id"":""1e1ce44b"",""agent_id"":""equities-agent"",""headline_title"":""UnitedHealth Stock Jumps After Q1 Beat — Here's What Execs Say Drove It"",""headline_type"":""other"",""direct_relevance_score"":7,""indirect_relevance_score"":4,""market_signal_strength"":""high"",""is_new_information"":false,""is_cross_asset_relevant"":true,""primary_mechanism"":"""",""affected_assets"":[""sp500"",""nasdaq""],""what_changed"":""UnitedHealth Stock Jumps After Q1 Beat — Here's What Execs Say Drove It"",""linked_existing_thesis_id"":""14475cb9-95ff-4f70-b24d-6892f5dec76c"",""recommended_action"":""update_existing"",""comment_purpose"":null,""historical_analog_candidate"":null}",2026-04-21T20:01:19.284Z
fx-agent,FX Agent,update_existing,"[""stale_headline_thesis_update"",""fresh_catalyst_signal"",""matched_thesis_update""]",87,carry_em_fx,"{""headline_id"":""135066c7"",""agent_id"":""fx-agent"",""headline_title"":""Federal Reserve Board and Federal Open Market Committee release economic projections from the March 17-18 FOMC meeting"",""headline_type"":""policy"",""direct_relevance_score"":0,""indirect_relevance_score"":4,""market_signal_strength"":""high"",""is_new_information"":false,""is_cross_asset_relevant"":true,""primary_mechanism"":""Policy signal → forward guidance repricing → asset allocation shift"",""affected_assets"":[],""what_changed"":""Federal Reserve Board and Federal Open Market Committee release economic projections from the March 17-18 FOMC meeting"",""linked_existing_thesis_id"":null,""recommended_action"":""stay_silent"",""comment_purpose"":null,""historical_analog_candidate"":null}",2026-04-21T20:01:05.829Z
rates-agent,Rates Agent,stay_silent,"[""novelty_above_threshold"",""fresh_catalyst_signal"",""matched_thesis_update"",""rates_template_repetition"",""no_fresh_signal""]",82,duration_pressure,"{""headline_id"":""aaa33ce4"",""agent_id"":""rates-agent"",""headline_title"":""S&P 500 Eases On Iran Ceasefire Jitters, Crude Soars To $90: Stock Market Today"",""headline_type"":""commodity_specific"",""direct_relevance_score"":5,""indirect_relevance_score"":8,""market_signal_strength"":""high"",""is_new_information"":true,""is_cross_asset_relevant"":true,""primary_mechanism"":""Labor market print → Fed dual-mandate assessment → rate path forward guidance → curve shape"",""affected_assets"":[""wti"",""brent"",""sp500"",""nasdaq""],""what_changed"":""S&P 500 Eases On Iran Ceasefire Jitters, Crude Soars To $90: Stock Market Today"",""linked_existing_thesis_id"":null,""recommended_action"":""new_post"",""comment_purpose"":null,""historical_analog_candidate"":null}",2026-04-21T20:01:05.149Z
macro-agent,Macro Agent,update_existing,"[""stale_headline_thesis_update"",""fresh_catalyst_signal"",""matched_thesis_update"",""unresolved_thesis_nudge""]",51,inflation_regime,"{""headline_id"":""aaa33ce4"",""agent_id"":""macro-agent"",""headline_title"":""S&P 500 Eases On Iran Ceasefire Jitters, Crude Soars To $90: Stock Market Today"",""headline_type"":""commodity_specific"",""direct_relevance_score"":9,""indirect_relevance_score"":8,""market_signal_strength"":""high"",""is_new_information"":false,""is_cross_asset_relevant"":true,""primary_mechanism"":""Labor market print → Fed dual-mandate assessment → rate path forward guidance → curve shape"",""affected_assets"":[""wti"",""brent"",""sp500"",""nasdaq""],""what_changed"":""S&P 500 Eases On Iran Ceasefire Jitters, Crude Soars To $90: Stock Market Today"",""linked_existing_thesis_id"":""d3f74c32-fd40-45f7-a4a0-79d14faa7d05"",""recommended_action"":""update_existing"",""comment_purpose"":null,""historical_analog_candidate"":null}",2026-04-21T20:00:52.738Z
risk-sentiment-agent,Risk/Sentiment Agent,new_post,"[""novelty_above_threshold"",""fresh_catalyst_signal"",""matched_thesis_update"",""stance_lock_challenge""]",84,crypto_speculation,"{""headline_id"":""7454de11"",""agent_id"":""risk-sentiment-agent"",""headline_title"":""Alaska Air Anticipates $600 Million In Increased Fuel Cost"",""headline_type"":""other"",""direct_relevance_score"":5,""indirect_relevance_score"":8,""market_signal_strength"":""high"",""is_new_information"":true,""is_cross_asset_relevant"":true,""primary_mechanism"":"""",""affected_assets"":[],""what_changed"":""Alaska Air Anticipates $600 Million In Increased Fuel Cost"",""linked_existing_thesis_id"":null,""recommended_action"":""comment_on_other"",""comment_purpose"":""add_cross_asset_spillover"",""historical_analog_candidate"":null}",2026-04-21T19:01:37.740Z
commodities-agent,Commodities Agent,stay_silent,"[""headline_routed_to_comment"",""fresh_catalyst_signal"",""matched_thesis_update"",""weak_catalyst_materiality_gate""]",47,oil_structure,"{""headline_id"":""3fc6f8f3"",""agent_id"":""commodities-agent"",""headline_title"":""9 High-Dividend Energy Stocks That Could Soar on the Back of Their Q1 Results"",""headline_type"":""company_news"",""direct_relevance_score"":3,""indirect_relevance_score"":10,""market_signal_strength"":""low"",""is_new_information"":true,""is_cross_asset_relevant"":true,""primary_mechanism"":"""",""affected_assets"":[],""what_changed"":""9 High-Dividend Energy Stocks That Could Soar on the Back of Their Q1 Results"",""linked_existing_thesis_id"":null,""recommended_action"":""comment_on_other"",""comment_purpose"":""add_cross_asset_spillover"",""historical_analog_candidate"":null}",2026-04-21T19:01:37.037Z
equities-agent,Equities Agent,new_post,"[""novelty_above_threshold"",""fresh_catalyst_signal"",""matched_thesis_update""]",83,real_yields,"{""headline_id"":""b8262c1c"",""agent_id"":""equities-agent"",""headline_title"":""Halliburton outlines Q2 conflict impact of $0.07 to $0.09 per share while holding 2026 capex at $1.1B (NYSE:HAL)"",""headline_type"":""geopolitical"",""direct_relevance_score"":3,""indirect_relevance_score"":4,""market_signal_strength"":""high"",""is_new_information"":true,""is_cross_asset_relevant"":true,""primary_mechanism"":""Geopolitical shock → risk premium expansion → commodity/currency safe-haven flows"",""affected_assets"":[],""what_changed"":""Halliburton outlines Q2 conflict impact of $0.07 to $0.09 per share while holding 2026 capex at $1.1B"",""linked_existing_thesis_id"":null,""recommended_action"":""new_post"",""comment_purpose"":null,""historical_analog_candidate"":null}",2026-04-21T19:01:21.484Z
fx-agent,FX Agent,stay_silent,"[""stale_headline_thesis_update"",""fresh_catalyst_signal"",""matched_thesis_update"",""repeated_catalyst_no_delta""]",87,carry_em_fx,"{""headline_id"":""a3f9f3a0"",""agent_id"":""fx-agent"",""headline_title"":""Comparing 3 Cruise Stocks: Which Has the Most Upside in 2026?"",""headline_type"":""other"",""direct_relevance_score"":5,""indirect_relevance_score"":8,""market_signal_strength"":""high"",""is_new_information"":false,""is_cross_asset_relevant"":true,""primary_mechanism"":""Policy rate signal → front-end Treasury repricing → FX carry shifts → equity discount rate"",""affected_assets"":[],""what_changed"":""Comparing 3 Cruise Stocks: Which Has the Most Upside in 2026?"",""linked_existing_thesis_id"":null,""recommended_action"":""comment_on_other"",""comment_purpose"":""confirm_existing_thesis"",""historical_analog_candidate"":null}",2026-04-21T19:01:20.750Z
rates-agent,Rates Agent,stay_silent,"[""headline_routed_to_comment"",""fresh_catalyst_signal"",""matched_thesis_update"",""deprioritized_topic"",""weak_catalyst_materiality_gate""]",47,curve_shape,"{""headline_id"":""3fc6f8f3"",""agent_id"":""rates-agent"",""headline_title"":""9 High-Dividend Energy Stocks That Could Soar on the Back of Their Q1 Results"",""headline_type"":""company_news"",""direct_relevance_score"":3,""indirect_relevance_score"":10,""market_signal_strength"":""low"",""is_new_information"":true,""is_cross_asset_relevant"":true,""primary_mechanism"":"""",""affected_assets"":[],""what_changed"":""9 High-Dividend Energy Stocks That Could Soar on the Back of Their Q1 Results"",""linked_existing_thesis_id"":null,""recommended_action"":""comment_on_other"",""comment_purpose"":""add_cross_asset_spillover"",""historical_analog_candidate"":null}",2026-04-21T19:01:20.039Z
macro-agent,Macro Agent,update_existing,"[""high_thesis_load"",""matched_thesis_update"",""fresh_catalyst_signal""]",83,consumer_demand,"{""headline_id"":""3fc6f8f3"",""agent_id"":""macro-agent"",""headline_title"":""9 High-Dividend Energy Stocks That Could Soar on the Back of Their Q1 Results"",""headline_type"":""company_news"",""direct_relevance_score"":3,""indirect_relevance_score"":10,""market_signal_strength"":""low"",""is_new_information"":true,""is_cross_asset_relevant"":true,""primary_mechanism"":"""",""affected_assets"":[],""what_changed"":""9 High-Dividend Energy Stocks That Could Soar on the Back of Their Q1 Results"",""linked_existing_thesis_id"":null,""recommended_action"":""comment_on_other"",""comment_purpose"":""add_cross_asset_spillover"",""historical_analog_candidate"":null}",2026-04-21T19:01:03.740Z
macro-agent,Macro Agent,update_existing,"[""high_thesis_load"",""matched_thesis_update"",""fresh_catalyst_signal""]",83,consumer_demand,"{""headline_id"":""53ae97f5"",""agent_id"":""macro-agent"",""headline_title"":""Global Laparoscopy Devices Market to Register Immense Growth at a CAGR of ~9% by 2034 | DelveInsight"",""headline_type"":""other"",""direct_relevance_score"":3,""indirect_relevance_score"":6,""market_signal_strength"":""high"",""is_new_information"":true,""is_cross_asset_relevant"":true,""primary_mechanism"":"""",""affected_assets"":[],""what_changed"":""Global Laparoscopy Devices Market to Register Immense Growth at a CAGR of ~9% by 2034 | DelveInsight"",""linked_existing_thesis_id"":null,""recommended_action"":""comment_on_other"",""comment_purpose"":""add_cross_asset_spillover"",""historical_analog_candidate"":null}",2026-04-21T18:00:56.269Z
risk-sentiment-agent,Risk/Sentiment Agent,comment_only,"[""novelty_above_threshold"",""fresh_catalyst_signal"",""matched_thesis_update"",""run_catalyst_claimed""]",84,crypto_speculation,"{""headline_id"":""2af95518"",""agent_id"":""risk-sentiment-agent"",""headline_title"":""Sow Good Announces Transformative Acquisition of the Nachu Graphite Project, Positioning the Company as a Critical Minerals and Battery Anode Developer"",""headline_type"":""company_news"",""direct_relevance_score"":3,""indirect_relevance_score"":10,""market_signal_strength"":""low"",""is_new_information"":true,""is_cross_asset_relevant"":true,""primary_mechanism"":"""",""affected_assets"":[],""what_changed"":""Sow Good Announces Transformative Acquisition of the Nachu Graphite Project, Positioning the Company as a Critical Minerals and Battery Anode Developer"",""linked_existing_thesis_id"":null,""recommended_action"":""comment_on_other"",""comment_purpose"":""add_cross_asset_spillover"",""historical_analog_candidate"":null}",2026-04-21T17:01:42.802Z
commodities-agent,Commodities Agent,new_post,"[""novelty_above_threshold"",""fresh_catalyst_signal"",""matched_thesis_update""]",81,metals_growth,"{""headline_id"":""f0767cc1"",""agent_id"":""commodities-agent"",""headline_title"":""Stuck, Stalling... and Slowly Tilting - Metals Start to Diverge"",""headline_type"":""other"",""direct_relevance_score"":5,""indirect_relevance_score"":4,""market_signal_strength"":""low"",""is_new_information"":true,""is_cross_asset_relevant"":true,""primary_mechanism"":""Gold move → real rate signal (inverse of TIPS yield) → dollar direction → safe-haven demand"",""affected_assets"":[],""what_changed"":""Stuck, Stalling... and Slowly Tilting - Metals Start to Diverge"",""linked_existing_thesis_id"":null,""recommended_action"":""comment_on_other"",""comment_purpose"":""add_cross_asset_spillover"",""historical_analog_candidate"":null}",2026-04-21T17:01:26.645Z
equities-agent,Equities Agent,update_existing,"[""high_thesis_load"",""matched_thesis_update"",""fresh_catalyst_signal""]",85,banks_small_caps,"{""headline_id"":""df541e84"",""agent_id"":""equities-agent"",""headline_title"":""Charles Schwab Q1 Earnings Call Highlights"",""headline_type"":""company_news"",""direct_relevance_score"":3,""indirect_relevance_score"":2,""market_signal_strength"":""low"",""is_new_information"":true,""is_cross_asset_relevant"":false,""primary_mechanism"":"""",""affected_assets"":[],""what_changed"":""Charles Schwab Q1 Earnings Call Highlights"",""linked_existing_thesis_id"":null,""recommended_action"":""stay_silent"",""comment_purpose"":null,""historical_analog_candidate"":null}",2026-04-21T17:01:15.282Z
fx-agent,FX Agent,stay_silent,"[""headline_routed_to_comment"",""fresh_catalyst_signal"",""matched_thesis_update"",""deprioritized_topic"",""weak_catalyst_materiality_gate""]",47,dollar_path,"{""headline_id"":""f0767cc1"",""agent_id"":""fx-agent"",""headline_title"":""Stuck, Stalling... and Slowly Tilting - Metals Start to Diverge"",""headline_type"":""other"",""direct_relevance_score"":3,""indirect_relevance_score"":4,""market_signal_strength"":""low"",""is_new_information"":true,""is_cross_asset_relevant"":true,""primary_mechanism"":""Gold move → real rate signal (inverse of TIPS yield) → dollar direction → safe-haven demand"",""affected_assets"":[],""what_changed"":""Stuck, Stalling... and Slowly Tilting - Metals Start to Diverge"",""linked_existing_thesis_id"":null,""recommended_action"":""comment_on_other"",""comment_purpose"":""add_cross_asset_spillover"",""historical_analog_candidate"":null}",2026-04-21T17:01:14.586Z
rates-agent,Rates Agent,stay_silent,"[""stale_headline_thesis_update"",""fresh_catalyst_signal"",""matched_thesis_update"",""deprioritized_topic"",""rates_template_repetition"",""no_fresh_signal""]",47,curve_shape,"{""headline_id"":""4093c5b8"",""agent_id"":""rates-agent"",""headline_title"":""Trump’s Fed pick grilled by Senate panel, with confirmation still in limbo"",""headline_type"":""policy"",""direct_relevance_score"":3,""indirect_relevance_score"":4,""market_signal_strength"":""medium"",""is_new_information"":false,""is_cross_asset_relevant"":true,""primary_mechanism"":""Policy signal → forward guidance repricing → asset allocation shift"",""affected_assets"":[],""what_changed"":""Trump’s Fed pick grilled by Senate panel, with confirmation still in limbo"",""linked_existing_thesis_id"":null,""recommended_action"":""stay_silent"",""comment_purpose"":null,""historical_analog_candidate"":null}",2026-04-21T17:01:13.528Z
macro-agent,Macro Agent,new_post,"[""novelty_above_threshold"",""fresh_catalyst_signal""]",86,oil_structure,"{""headline_id"":""2af95518"",""agent_id"":""macro-agent"",""headline_title"":""Sow Good Announces Transformative Acquisition of the Nachu Graphite Project, Positioning the Company as a Critical Minerals and Battery Anode Developer"",""headline_type"":""company_news"",""direct_relevance_score"":3,""indirect_relevance_score"":10,""market_signal_strength"":""low"",""is_new_information"":true,""is_cross_asset_relevant"":true,""primary_mechanism"":"""",""affected_assets"":[],""what_changed"":""Sow Good Announces Transformative Acquisition of the Nachu Graphite Project, Positioning the Company as a Critical Minerals and Battery Anode Developer"",""linked_existing_thesis_id"":null,""recommended_action"":""comment_on_other"",""comment_purpose"":""add_cross_asset_spillover"",""historical_analog_candidate"":null}",2026-04-21T17:00:59.962Z
risk-sentiment-agent,Risk/Sentiment Agent,new_post,"[""novelty_above_threshold"",""fresh_catalyst_signal"",""matched_thesis_update"",""stance_lock_challenge""]",84,crypto_speculation,"{""headline_id"":""f736877b"",""agent_id"":""risk-sentiment-agent"",""headline_title"":""VOA, Processing, DPA, Non-QM, Broker Products; Lender 2025 Volume Rankings; Attorneys and Legal Risk"",""headline_type"":""other"",""direct_relevance_score"":5,""indirect_relevance_score"":8,""market_signal_strength"":""high"",""is_new_information"":true,""is_cross_asset_relevant"":true,""primary_mechanism"":""Policy rate signal → front-end Treasury repricing → FX carry shifts → equity discount rate"",""affected_assets"":[],""what_changed"":""VOA, Processing, DPA, Non-QM, Broker Products; Lender 2025 Volume Rankings; Attorneys and Legal Risk"",""linked_existing_thesis_id"":null,""recommended_action"":""new_post"",""comment_purpose"":null,""historical_analog_candidate"":null}",2026-04-21T16:01:24.741Z
commodities-agent,Commodities Agent,stay_silent,"[""headline_routed_to_comment"",""fresh_catalyst_signal"",""matched_thesis_update"",""weak_catalyst_materiality_gate""]",48,oil_structure,"{""headline_id"":""a39d4d94"",""agent_id"":""commodities-agent"",""headline_title"":""Pakistan info minister: Formal response from Iranian side on attending talks still awaited"",""headline_type"":""other"",""direct_relevance_score"":5,""indirect_relevance_score"":6,""market_signal_strength"":""low"",""is_new_information"":true,""is_cross_asset_relevant"":true,""primary_mechanism"":""Gold move → real rate signal (inverse of TIPS yield) → dollar direction → safe-haven demand"",""affected_assets"":[],""what_changed"":""Pakistan info minister: Formal response from Iranian side on attending talks still awaited"",""linked_existing_thesis_id"":null,""recommended_action"":""comment_on_other"",""comment_purpose"":""add_cross_asset_spillover"",""historical_analog_candidate"":null}",2026-04-21T16:01:24.037Z
equities-agent,Equities Agent,update_existing,"[""high_thesis_load"",""matched_thesis_update"",""fresh_catalyst_signal""]",86,ai_concentration,"{""headline_id"":""ad0d2976"",""agent_id"":""equities-agent"",""headline_title"":""Syntec Optics Up 775% in 5 Months: How Much Higher Can the Rally Go?"",""headline_type"":""other"",""direct_relevance_score"":5,""indirect_relevance_score"":8,""market_signal_strength"":""high"",""is_new_information"":true,""is_cross_asset_relevant"":true,""primary_mechanism"":"""",""affected_assets"":[],""what_changed"":""Syntec Optics Up 775% in 5 Months: How Much Higher Can the Rally Go?"",""linked_existing_thesis_id"":null,""recommended_action"":""comment_on_other"",""comment_purpose"":""add_cross_asset_spillover"",""historical_analog_candidate"":null}",2026-04-21T16:01:10.467Z
fx-agent,FX Agent,stay_silent,"[""matched_thesis_update"",""fresh_catalyst_signal"",""deprioritized_topic"",""repeated_catalyst_no_delta""]",45,dollar_path,"{""headline_id"":""a3f9f3a0"",""agent_id"":""fx-agent"",""headline_title"":""Comparing 3 Cruise Stocks: Which Has the Most Upside in 2026?"",""headline_type"":""other"",""direct_relevance_score"":5,""indirect_relevance_score"":8,""market_signal_strength"":""high"",""is_new_information"":true,""is_cross_asset_relevant"":true,""primary_mechanism"":""Policy rate signal → front-end Treasury repricing → FX carry shifts → equity discount rate"",""affected_assets"":[],""what_changed"":""Comparing 3 Cruise Stocks: Which Has the Most Upside in 2026?"",""linked_existing_thesis_id"":null,""recommended_action"":""new_post"",""comment_purpose"":null,""historical_analog_candidate"":null}",2026-04-21T16:01:09.711Z
rates-agent,Rates Agent,stay_silent,"[""stale_headline_thesis_update"",""fresh_catalyst_signal"",""matched_thesis_update"",""deprioritized_topic"",""rates_template_repetition"",""no_fresh_signal""]",47,curve_shape,"{""headline_id"":""966cd8f6"",""agent_id"":""rates-agent"",""headline_title"":""Trump’s Fed pick grilled by Senate panel, with confirmation still in limbo"",""headline_type"":""policy"",""direct_relevance_score"":3,""indirect_relevance_score"":4,""market_signal_strength"":""medium"",""is_new_information"":false,""is_cross_asset_relevant"":true,""primary_mechanism"":""Policy signal → forward guidance repricing → asset allocation shift"",""affected_assets"":[],""what_changed"":""Trump’s Fed pick grilled by Senate panel, with confirmation still in limbo"",""linked_existing_thesis_id"":null,""recommended_action"":""stay_silent"",""comment_purpose"":null,""historical_analog_candidate"":null}",2026-04-21T16:01:08.991Z
macro-agent,Macro Agent,new_post,"[""novelty_above_threshold"",""fresh_catalyst_signal"",""matched_thesis_update""]",82,policy_divergence,"{""headline_id"":""a3f9f3a0"",""agent_id"":""macro-agent"",""headline_title"":""Comparing 3 Cruise Stocks: Which Has the Most Upside in 2026?"",""headline_type"":""other"",""direct_relevance_score"":3,""indirect_relevance_score"":8,""market_signal_strength"":""high"",""is_new_information"":true,""is_cross_asset_relevant"":true,""primary_mechanism"":""Policy rate signal → front-end Treasury repricing → FX carry shifts → equity discount rate"",""affected_assets"":[],""what_changed"":""Comparing 3 Cruise Stocks: Which Has the Most Upside in 2026?"",""linked_existing_thesis_id"":null,""recommended_action"":""new_post"",""comment_purpose"":null,""historical_analog_candidate"":null}",2026-04-21T16:00:54.758Z
risk-sentiment-agent,Risk/Sentiment Agent,new_post,"[""novelty_above_threshold"",""fresh_catalyst_signal"",""matched_thesis_update""]",80,duration_pressure,"{""headline_id"":""256a48f3"",""agent_id"":""risk-sentiment-agent"",""headline_title"":""3 Stocks Flashing Rare Buy Signals After the Market’s Wildest Month"",""headline_type"":""other"",""direct_relevance_score"":3,""indirect_relevance_score"":6,""market_signal_strength"":""high"",""is_new_information"":true,""is_cross_asset_relevant"":true,""primary_mechanism"":"""",""affected_assets"":[],""what_changed"":""3 Stocks Flashing Rare Buy Signals After the Market’s Wildest Month"",""linked_existing_thesis_id"":null,""recommended_action"":""comment_on_other"",""comment_purpose"":""add_cross_asset_spillover"",""historical_analog_candidate"":null}",2026-04-21T15:01:31.101Z
commodities-agent,Commodities Agent,comment_only,"[""novelty_above_threshold"",""fresh_catalyst_signal"",""matched_thesis_update"",""run_catalyst_claimed""]",81,metals_growth,"{""headline_id"":""ba312d90"",""agent_id"":""commodities-agent"",""headline_title"":""Step Inside: Third Annual Living by Design Virtual Showhouse Now Open"",""headline_type"":""other"",""direct_relevance_score"":3,""indirect_relevance_score"":8,""market_signal_strength"":""low"",""is_new_information"":true,""is_cross_asset_relevant"":true,""primary_mechanism"":""Gold move → real rate signal (inverse of TIPS yield) → dollar direction → safe-haven demand"",""affected_assets"":[],""what_changed"":""Step Inside: Third Annual Living by Design Virtual Showhouse Now Open"",""linked_existing_thesis_id"":null,""recommended_action"":""comment_on_other"",""comment_purpose"":""add_cross_asset_spillover"",""historical_analog_candidate"":null}",2026-04-21T15:01:30.322Z
equities-agent,Equities Agent,update_existing,"[""high_thesis_load"",""matched_thesis_update"",""fresh_catalyst_signal""]",86,ai_concentration,"{""headline_id"":""7db03f2c"",""agent_id"":""equities-agent"",""headline_title"":""SkyWater Technology's CFO Dumped Company Shares Worth $2.6 Million. Here's What That Means for Investors."",""headline_type"":""other"",""direct_relevance_score"":9,""indirect_relevance_score"":4,""market_signal_strength"":""high"",""is_new_information"":true,""is_cross_asset_relevant"":true,""primary_mechanism"":"""",""affected_assets"":[],""what_changed"":""SkyWater Technology's CFO Dumped Company Shares Worth $2.6 Million. Here's What That Means for Investors."",""linked_existing_thesis_id"":null,""recommended_action"":""comment_on_other"",""comment_purpose"":""add_cross_asset_spillover"",""historical_analog_candidate"":null}",2026-04-21T15:01:18.608Z
fx-agent,FX Agent,update_existing,"[""matched_thesis_update"",""no_fresh_signal"",""deprioritized_topic"",""domain_relevance_low""]",45,dollar_path,,2026-04-21T15:01:06.627Z
rates-agent,Rates Agent,stay_silent,"[""novelty_above_threshold"",""fresh_catalyst_signal"",""matched_thesis_update"",""rates_template_repetition"",""no_fresh_signal""]",79,duration_pressure,"{""headline_id"":""7db03f2c"",""agent_id"":""rates-agent"",""headline_title"":""SkyWater Technology's CFO Dumped Company Shares Worth $2.6 Million. Here's What That Means for Investors."",""headline_type"":""other"",""direct_relevance_score"":0,""indirect_relevance_score"":4,""market_signal_strength"":""high"",""is_new_information"":true,""is_cross_asset_relevant"":true,""primary_mechanism"":"""",""affected_assets"":[],""what_changed"":""SkyWater Technology's CFO Dumped Company Shares Worth $2.6 Million. Here's What That Means for Investors."",""linked_existing_thesis_id"":null,""recommended_action"":""stay_silent"",""comment_purpose"":null,""historical_analog_candidate"":null}",2026-04-21T15:01:05.836Z
macro-agent,Macro Agent,update_existing,"[""high_thesis_load"",""matched_thesis_update"",""fresh_catalyst_signal""]",82,policy_divergence,"{""headline_id"":""ba312d90"",""agent_id"":""macro-agent"",""headline_title"":""Step Inside: Third Annual Living by Design Virtual Showhouse Now Open"",""headline_type"":""other"",""direct_relevance_score"":3,""indirect_relevance_score"":8,""market_signal_strength"":""low"",""is_new_information"":true,""is_cross_asset_relevant"":true,""primary_mechanism"":""Gold move → real rate signal (inverse of TIPS yield) → dollar direction → safe-haven demand"",""affected_assets"":[],""what_changed"":""Step Inside: Third Annual Living by Design Virtual Showhouse Now Open"",""linked_existing_thesis_id"":null,""recommended_action"":""comment_on_other"",""comment_purpose"":""add_cross_asset_spillover"",""historical_analog_candidate"":null}",2026-04-21T15:00:54.044Z
risk-sentiment-agent,Risk/Sentiment Agent,new_post,"[""novelty_above_threshold"",""fresh_catalyst_signal"",""matched_thesis_update""]",80,duration_pressure,"{""headline_id"":""abcd839c"",""agent_id"":""risk-sentiment-agent"",""headline_title"":""Cameco: A Buy For The Nuclear Future When It Dips Under $120 (NYSE:CCJ)"",""headline_type"":""other"",""direct_relevance_score"":3,""indirect_relevance_score"":4,""market_signal_strength"":""high"",""is_new_information"":true,""is_cross_asset_relevant"":true,""primary_mechanism"":"""",""affected_assets"":[],""what_changed"":""Cameco: A Buy For The Nuclear Future When It Dips Under $120"",""linked_existing_thesis_id"":null,""recommended_action"":""comment_on_other"",""comment_purpose"":""add_cross_asset_spillover"",""historical_analog_candidate"":null}",2026-04-21T14:01:34.523Z
commodities-agent,Commodities Agent,new_post,"[""novelty_above_threshold"",""fresh_catalyst_signal"",""matched_thesis_update""]",81,metals_growth,"{""headline_id"":""4d839792"",""agent_id"":""commodities-agent"",""headline_title"":""Spanish Mountain Gold to divest 1.5% royalty to Wheaton"",""headline_type"":""commodity_specific"",""direct_relevance_score"":3,""indirect_relevance_score"":4,""market_signal_strength"":""high"",""is_new_information"":true,""is_cross_asset_relevant"":true,""primary_mechanism"":""Gold move → real rate signal (inverse of TIPS yield) → dollar direction → safe-haven demand"",""affected_assets"":[""gold""],""what_changed"":""Spanish Mountain Gold to divest 1.5% royalty to Wheaton"",""linked_existing_thesis_id"":null,""recommended_action"":""new_post"",""comment_purpose"":null,""historical_analog_candidate"":null}",2026-04-21T14:01:21.201Z
equities-agent,Equities Agent,update_existing,"[""high_thesis_load"",""matched_thesis_update"",""fresh_catalyst_signal""]",83,ai_concentration,"{""headline_id"":""6c392677"",""agent_id"":""equities-agent"",""headline_title"":""Halliburton’s Earnings Beat Masks a Structural Divide in Oilfield Demand"",""headline_type"":""company_news"",""direct_relevance_score"":3,""indirect_relevance_score"":6,""market_signal_strength"":""high"",""is_new_information"":true,""is_cross_asset_relevant"":true,""primary_mechanism"":"""",""affected_assets"":[],""what_changed"":""Halliburton’s Earnings Beat Masks a Structural Divide in Oilfield Demand"",""linked_existing_thesis_id"":null,""recommended_action"":""comment_on_other"",""comment_purpose"":""add_cross_asset_spillover"",""historical_analog_candidate"":null}",2026-04-21T14:01:11.772Z
fx-agent,FX Agent,stay_silent,"[""headline_routed_to_comment"",""fresh_catalyst_signal"",""matched_thesis_update"",""deprioritized_topic"",""weak_catalyst_materiality_gate""]",45,dollar_path,"{""headline_id"":""a32f9304"",""agent_id"":""fx-agent"",""headline_title"":""Trump: We're in a strong negotiating position, will end up with a great deal"",""headline_type"":""other"",""direct_relevance_score"":7,""indirect_relevance_score"":10,""market_signal_strength"":""low"",""is_new_information"":true,""is_cross_asset_relevant"":true,""primary_mechanism"":""Tariff shock → import cost pass-through → consumer price inflation → real income compression → demand destruction"",""affected_assets"":[],""what_changed"":""Trump: We're in a strong negotiating position, will end up with a great deal"",""linked_existing_thesis_id"":null,""recommended_action"":""comment_on_other"",""comment_purpose"":""add_cross_asset_spillover"",""historical_analog_candidate"":null}",2026-04-21T14:01:11.047Z
rates-agent,Rates Agent,comment_only,"[""novelty_above_threshold"",""fresh_catalyst_signal"",""matched_thesis_update"",""run_catalyst_claimed""]",82,duration_pressure,"{""headline_id"":""a32f9304"",""agent_id"":""rates-agent"",""headline_title"":""Trump: We're in a strong negotiating position, will end up with a great deal"",""headline_type"":""other"",""direct_relevance_score"":3,""indirect_relevance_score"":10,""market_signal_strength"":""low"",""is_new_information"":true,""is_cross_asset_relevant"":true,""primary_mechanism"":""Tariff shock → import cost pass-through → consumer price inflation → real income compression → demand destruction"",""affected_assets"":[],""what_changed"":""Trump: We're in a strong negotiating position, will end up with a great deal"",""linked_existing_thesis_id"":null,""recommended_action"":""comment_on_other"",""comment_purpose"":""add_cross_asset_spillover"",""historical_analog_candidate"":null}",2026-04-21T14:01:10.300Z
macro-agent,Macro Agent,update_existing,"[""high_thesis_load"",""matched_thesis_update"",""fresh_catalyst_signal""]",83,labor_growth,"{""headline_id"":""a32f9304"",""agent_id"":""macro-agent"",""headline_title"":""Trump: We're in a strong negotiating position, will end up with a great deal"",""headline_type"":""other"",""direct_relevance_score"":5,""indirect_relevance_score"":10,""market_signal_strength"":""low"",""is_new_information"":true,""is_cross_asset_relevant"":true,""primary_mechanism"":""Tariff shock → import cost pass-through → consumer price inflation → real income compression → demand destruction"",""affected_assets"":[],""what_changed"":""Trump: We're in a strong negotiating position, will end up with a great deal"",""linked_existing_thesis_id"":null,""recommended_action"":""comment_on_other"",""comment_purpose"":""add_cross_asset_spillover"",""historical_analog_candidate"":null}",2026-04-21T14:00:58.902Z
risk-sentiment-agent,Risk/Sentiment Agent,comment_only,"[""novelty_above_threshold"",""fresh_catalyst_signal"",""matched_thesis_update"",""run_catalyst_claimed""]",80,duration_pressure,"{""headline_id"":""0c112d39"",""agent_id"":""risk-sentiment-agent"",""headline_title"":""Weekly US ADP pulse 54.75 vs 39.25K prior"",""headline_type"":""other"",""direct_relevance_score"":3,""indirect_relevance_score"":10,""market_signal_strength"":""high"",""is_new_information"":true,""is_cross_asset_relevant"":true,""primary_mechanism"":""Labor market print → Fed dual-mandate assessment → rate path forward guidance → curve shape"",""affected_assets"":[],""what_changed"":""Weekly US ADP pulse 54.75 vs 39.25K prior"",""linked_existing_thesis_id"":null,""recommended_action"":""new_post"",""comment_purpose"":null,""historical_analog_candidate"":null}",2026-04-21T13:01:48.079Z
commodities-agent,Commodities Agent,update_existing,"[""stale_headline_thesis_update"",""fresh_catalyst_signal"",""matched_thesis_update""]",48,gas_power,"{""headline_id"":""f46fa0a4"",""agent_id"":""commodities-agent"",""headline_title"":""Indian Equities Surge as Crude Oil Prices Drop, Iran-US Peace Hopes Rise"",""headline_type"":""commodity_specific"",""direct_relevance_score"":3,""indirect_relevance_score"":4,""market_signal_strength"":""high"",""is_new_information"":false,""is_cross_asset_relevant"":true,""primary_mechanism"":""Commodity supply/demand shift → price transmission → sector margins"",""affected_assets"":[""wti"",""brent""],""what_changed"":""Indian Equities Surge as Crude Oil Prices Drop, Iran-US Peace Hopes Rise"",""linked_existing_thesis_id"":null,""recommended_action"":""stay_silent"",""comment_purpose"":null,""historical_analog_candidate"":null}",2026-04-21T13:01:32.900Z
equities-agent,Equities Agent,comment_only,"[""novelty_above_threshold"",""fresh_catalyst_signal"",""matched_thesis_update"",""run_catalyst_claimed""]",86,banks_small_caps,"{""headline_id"":""0c112d39"",""agent_id"":""equities-agent"",""headline_title"":""Weekly US ADP pulse 54.75 vs 39.25K prior"",""headline_type"":""other"",""direct_relevance_score"":5,""indirect_relevance_score"":10,""market_signal_strength"":""high"",""is_new_information"":true,""is_cross_asset_relevant"":true,""primary_mechanism"":""Labor market print → Fed dual-mandate assessment → rate path forward guidance → curve shape"",""affected_assets"":[],""what_changed"":""Weekly US ADP pulse 54.75 vs 39.25K prior"",""linked_existing_thesis_id"":null,""recommended_action"":""new_post"",""comment_purpose"":null,""historical_analog_candidate"":null}",2026-04-21T13:01:32.077Z
fx-agent,FX Agent,update_existing,"[""matched_thesis_update"",""fresh_catalyst_signal"",""deprioritized_topic""]",47,dollar_path,"{""headline_id"":""0c112d39"",""agent_id"":""fx-agent"",""headline_title"":""Weekly US ADP pulse 54.75 vs 39.25K prior"",""headline_type"":""other"",""direct_relevance_score"":5,""indirect_relevance_score"":10,""market_signal_strength"":""high"",""is_new_information"":true,""is_cross_asset_relevant"":true,""primary_mechanism"":""Labor market print → Fed dual-mandate assessment → rate path forward guidance → curve shape"",""affected_assets"":[],""what_changed"":""Weekly US ADP pulse 54.75 vs 39.25K prior"",""linked_existing_thesis_id"":null,""recommended_action"":""new_post"",""comment_purpose"":null,""historical_analog_candidate"":null}",2026-04-21T13:01:17.846Z
rates-agent,Rates Agent,comment_only,"[""novelty_above_threshold"",""fresh_catalyst_signal"",""matched_thesis_update"",""run_catalyst_claimed""]",84,duration_pressure,"{""headline_id"":""0c112d39"",""agent_id"":""rates-agent"",""headline_title"":""Weekly US ADP pulse 54.75 vs 39.25K prior"",""headline_type"":""other"",""direct_relevance_score"":3,""indirect_relevance_score"":10,""market_signal_strength"":""high"",""is_new_information"":true,""is_cross_asset_relevant"":true,""primary_mechanism"":""Labor market print → Fed dual-mandate assessment → rate path forward guidance → curve shape"",""affected_assets"":[],""what_changed"":""Weekly US ADP pulse 54.75 vs 39.25K prior"",""linked_existing_thesis_id"":null,""recommended_action"":""new_post"",""comment_purpose"":null,""historical_analog_candidate"":null}",2026-04-21T13:01:16.733Z
macro-agent,Macro Agent,new_post,"[""novelty_above_threshold"",""fresh_catalyst_signal"",""matched_thesis_update"",""stance_lock_challenge""]",84,gold_real_rates,"{""headline_id"":""0c112d39"",""agent_id"":""macro-agent"",""headline_title"":""Weekly US ADP pulse 54.75 vs 39.25K prior"",""headline_type"":""other"",""direct_relevance_score"":7,""indirect_relevance_score"":10,""market_signal_strength"":""high"",""is_new_information"":true,""is_cross_asset_relevant"":true,""primary_mechanism"":""Labor market print → Fed dual-mandate assessment → rate path forward guidance → curve shape"",""affected_assets"":[],""what_changed"":""Weekly US ADP pulse 54.75 vs 39.25K prior"",""linked_existing_thesis_id"":null,""recommended_action"":""new_post"",""comment_purpose"":null,""historical_analog_candidate"":null}",2026-04-21T13:01:02.634Z
rates-agent,Rates Agent,stay_silent,"[""novelty_above_threshold"",""fresh_catalyst_signal"",""matched_thesis_update"",""rates_template_repetition"",""no_fresh_signal""]",80,duration_pressure,"{""headline_id"":""fc899694"",""agent_id"":""rates-agent"",""headline_title"":""Stock Market Today: Dow Jones, S&P 500 Futures Edge Higher With Eyes On Iran Talks—Apple, UnitedHealth, 3M In Focus"",""headline_type"":""geopolitical"",""direct_relevance_score"":3,""indirect_relevance_score"":10,""market_signal_strength"":""high"",""is_new_information"":true,""is_cross_asset_relevant"":true,""primary_mechanism"":""Geopolitical shock → risk premium expansion → commodity/currency safe-haven flows"",""affected_assets"":[""sp500"",""nasdaq""],""what_changed"":""Stock Market Today: Dow Jones, S&P 500 Futures Edge Higher With Eyes On Iran Talks—Apple, UnitedHealth, 3M In Focus"",""linked_existing_thesis_id"":null,""recommended_action"":""new_post"",""comment_purpose"":null,""historical_analog_candidate"":null}",2026-04-21T11:01:11.742Z
macro-agent,Macro Agent,update_existing,"[""high_thesis_load"",""matched_thesis_update"",""fresh_catalyst_signal"",""stance_lock_challenge""]",84,gold_real_rates,"{""headline_id"":""e52624d5"",""agent_id"":""macro-agent"",""headline_title"":""Morning Brief: Mr. Warsh goes to Washington"",""headline_type"":""other"",""direct_relevance_score"":5,""indirect_relevance_score"":4,""market_signal_strength"":""low"",""is_new_information"":true,""is_cross_asset_relevant"":true,""primary_mechanism"":"""",""affected_assets"":[],""what_changed"":""Morning Brief: Mr. Warsh goes to Washington"",""linked_existing_thesis_id"":null,""recommended_action"":""comment_on_other"",""comment_purpose"":""add_cross_asset_spillover"",""historical_analog_candidate"":null}",2026-04-21T11:00:58.160Z
risk-sentiment-agent,Risk/Sentiment Agent,comment_only,"[""novelty_above_threshold"",""fresh_catalyst_signal"",""matched_thesis_update"",""run_catalyst_claimed""]",80,duration_pressure,"{""headline_id"":""f1f6236c"",""agent_id"":""risk-sentiment-agent"",""headline_title"":""S&P 500 Dispersion Points to Rising Market Divergence"",""headline_type"":""other"",""direct_relevance_score"":5,""indirect_relevance_score"":8,""market_signal_strength"":""high"",""is_new_information"":true,""is_cross_asset_relevant"":true,""primary_mechanism"":""Credit spread move → financing cost for leveraged companies → capex cycle signal → default probability repricing"",""affected_assets"":[""sp500"",""nasdaq""],""what_changed"":""S&P 500 Dispersion Points to Rising Market Divergence"",""linked_existing_thesis_id"":null,""recommended_action"":""new_post"",""comment_purpose"":null,""historical_analog_candidate"":null}",2026-04-21T10:01:33.852Z
commodities-agent,Commodities Agent,comment_only,"[""novelty_above_threshold"",""fresh_catalyst_signal"",""run_catalyst_claimed""]",92,gold_real_rates,"{""headline_id"":""f1f6236c"",""agent_id"":""commodities-agent"",""headline_title"":""S&P 500 Dispersion Points to Rising Market Divergence"",""headline_type"":""other"",""direct_relevance_score"":3,""indirect_relevance_score"":8,""market_signal_strength"":""high"",""is_new_information"":true,""is_cross_asset_relevant"":true,""primary_mechanism"":""Credit spread move → financing cost for leveraged companies → capex cycle signal → default probability repricing"",""affected_assets"":[""sp500"",""nasdaq""],""what_changed"":""S&P 500 Dispersion Points to Rising Market Divergence"",""linked_existing_thesis_id"":null,""recommended_action"":""new_post"",""comment_purpose"":null,""historical_analog_candidate"":null}",2026-04-21T10:01:33.558Z
equities-agent,Equities Agent,update_existing,"[""stale_headline_thesis_update"",""fresh_catalyst_signal"",""matched_thesis_update""]",83,ai_concentration,"{""headline_id"":""550120b2"",""agent_id"":""equities-agent"",""headline_title"":""Sensex jumps 1,200 points in three days ahead of Iran war ceasefire expiry. 4 key factors"",""headline_type"":""geopolitical"",""direct_relevance_score"":5,""indirect_relevance_score"":6,""market_signal_strength"":""high"",""is_new_information"":false,""is_cross_asset_relevant"":true,""primary_mechanism"":""Geopolitical shock → risk premium expansion → commodity/currency safe-haven flows"",""affected_assets"":[],""what_changed"":""Sensex jumps 1,200 points in three days ahead of Iran war ceasefire expiry. 4 key factors"",""linked_existing_thesis_id"":null,""recommended_action"":""comment_on_other"",""comment_purpose"":""confirm_existing_thesis"",""historical_analog_candidate"":null}",2026-04-21T10:01:17.940Z
fx-agent,FX Agent,comment_only,"[""headline_routed_to_comment"",""fresh_catalyst_signal"",""matched_thesis_update"",""deprioritized_topic""]",45,dollar_path,"{""headline_id"":""2aa40746"",""agent_id"":""fx-agent"",""headline_title"":""Steel Tire Cord Market Size to Surpass USD 9.56 Billion by 2035, Driven by Rising Vehicle Production and Demand for High-Performance Tires | Research by SNS Insider"",""headline_type"":""other"",""direct_relevance_score"":3,""indirect_relevance_score"":6,""market_signal_strength"":""high"",""is_new_information"":true,""is_cross_asset_relevant"":true,""primary_mechanism"":"""",""affected_assets"":[""dxy""],""what_changed"":""Steel Tire Cord Market Size to Surpass USD 9.56 Billion by 2035, Driven by Rising Vehicle Production and Demand for High-Performance Tires | Research by SNS Insider"",""linked_existing_thesis_id"":""ce7b258b-584d-4ffe-88ed-a2df45419fe0"",""recommended_action"":""comment_on_other"",""comment_purpose"":""add_cross_asset_spillover"",""historical_analog_candidate"":null}",2026-04-21T10:01:17.410Z
rates-agent,Rates Agent,comment_only,"[""novelty_above_threshold"",""fresh_catalyst_signal"",""matched_thesis_update"",""run_catalyst_claimed""]",82,duration_pressure,"{""headline_id"":""5017b3b2"",""agent_id"":""rates-agent"",""headline_title"":""9 High-Dividend Energy Stocks That Could Soar on the Back of Their Q1 Results"",""headline_type"":""company_news"",""direct_relevance_score"":3,""indirect_relevance_score"":10,""market_signal_strength"":""low"",""is_new_information"":true,""is_cross_asset_relevant"":true,""primary_mechanism"":"""",""affected_assets"":[],""what_changed"":""9 High-Dividend Energy Stocks That Could Soar on the Back of Their Q1 Results"",""linked_existing_thesis_id"":null,""recommended_action"":""comment_on_other"",""comment_purpose"":""add_cross_asset_spillover"",""historical_analog_candidate"":null}",2026-04-21T10:01:17.065Z
macro-agent,Macro Agent,new_post,"[""novelty_above_threshold"",""fresh_catalyst_signal"",""stance_lock_challenge""]",92,gold_real_rates,"{""headline_id"":""5017b3b2"",""agent_id"":""macro-agent"",""headline_title"":""9 High-Dividend Energy Stocks That Could Soar on the Back of Their Q1 Results"",""headline_type"":""company_news"",""direct_relevance_score"":3,""indirect_relevance_score"":10,""market_signal_strength"":""low"",""is_new_information"":true,""is_cross_asset_relevant"":true,""primary_mechanism"":"""",""affected_assets"":[],""what_changed"":""9 High-Dividend Energy Stocks That Could Soar on the Back of Their Q1 Results"",""linked_existing_thesis_id"":null,""recommended_action"":""comment_on_other"",""comment_purpose"":""add_cross_asset_spillover"",""historical_analog_candidate"":null}",2026-04-21T10:01:01.015Z
risk-sentiment-agent,Risk/Sentiment Agent,stay_silent,"[""stale_headline_thesis_update"",""fresh_catalyst_signal"",""matched_thesis_update"",""repeated_catalyst_no_delta""]",80,duration_pressure,"{""headline_id"":""320df0a4"",""agent_id"":""risk-sentiment-agent"",""headline_title"":""The cautious optimism holds as markets wait on US-Iran talks next"",""headline_type"":""geopolitical"",""direct_relevance_score"":3,""indirect_relevance_score"":10,""market_signal_strength"":""low"",""is_new_information"":false,""is_cross_asset_relevant"":true,""primary_mechanism"":""Dollar move → EM debt burden → commodity price translation → US export competitiveness → FX carry unwind risk"",""affected_assets"":[],""what_changed"":""The cautious optimism holds as markets wait on US-Iran talks next"",""linked_existing_thesis_id"":null,""recommended_action"":""stay_silent"",""comment_purpose"":null,""historical_analog_candidate"":null}",2026-04-21T06:01:27.895Z
commodities-agent,Commodities Agent,stay_silent,"[""stale_headline_no_thesis"",""fresh_catalyst_signal""]",92,gold_real_rates,"{""headline_id"":""320df0a4"",""agent_id"":""commodities-agent"",""headline_title"":""The cautious optimism holds as markets wait on US-Iran talks next"",""headline_type"":""geopolitical"",""direct_relevance_score"":7,""indirect_relevance_score"":10,""market_signal_strength"":""low"",""is_new_information"":false,""is_cross_asset_relevant"":true,""primary_mechanism"":""Dollar move → EM debt burden → commodity price translation → US export competitiveness → FX carry unwind risk"",""affected_assets"":[],""what_changed"":""The cautious optimism holds as markets wait on US-Iran talks next"",""linked_existing_thesis_id"":null,""recommended_action"":""comment_on_other"",""comment_purpose"":""confirm_existing_thesis"",""historical_analog_candidate"":null}",2026-04-21T06:01:27.618Z
equities-agent,Equities Agent,update_existing,"[""high_thesis_load"",""matched_thesis_update"",""fresh_catalyst_signal"",""unresolved_thesis_nudge""]",88,banks_small_caps,"{""headline_id"":""b9d2b325"",""agent_id"":""equities-agent"",""headline_title"":""Nine Energy Service: A Play On A Drilling Resurgence (NYSE:NINE)"",""headline_type"":""other"",""direct_relevance_score"":3,""indirect_relevance_score"":4,""market_signal_strength"":""low"",""is_new_information"":true,""is_cross_asset_relevant"":true,""primary_mechanism"":""Natural gas print → storage/supply dynamics → utility margin → energy sector earnings"",""affected_assets"":[],""what_changed"":""Nine Energy Service: A Play On A Drilling Resurgence"",""linked_existing_thesis_id"":null,""recommended_action"":""comment_on_other"",""comment_purpose"":""add_cross_asset_spillover"",""historical_analog_candidate"":null}",2026-04-21T06:01:13.570Z
fx-agent,FX Agent,stay_silent,"[""headline_routed_to_comment"",""fresh_catalyst_signal"",""matched_thesis_update"",""deprioritized_topic"",""weak_catalyst_materiality_gate""]",43,dollar_path,"{""headline_id"":""320df0a4"",""agent_id"":""fx-agent"",""headline_title"":""The cautious optimism holds as markets wait on US-Iran talks next"",""headline_type"":""geopolitical"",""direct_relevance_score"":5,""indirect_relevance_score"":10,""market_signal_strength"":""low"",""is_new_information"":true,""is_cross_asset_relevant"":true,""primary_mechanism"":""Dollar move → EM debt burden → commodity price translation → US export competitiveness → FX carry unwind risk"",""affected_assets"":[],""what_changed"":""The cautious optimism holds as markets wait on US-Iran talks next"",""linked_existing_thesis_id"":null,""recommended_action"":""comment_on_other"",""comment_purpose"":""add_cross_asset_spillover"",""historical_analog_candidate"":null}",2026-04-21T06:01:13.278Z
rates-agent,Rates Agent,stay_silent,"[""novelty_above_threshold"",""fresh_catalyst_signal"",""matched_thesis_update"",""rates_template_repetition"",""no_fresh_signal""]",79,duration_pressure,"{""headline_id"":""b9d2b325"",""agent_id"":""rates-agent"",""headline_title"":""Nine Energy Service: A Play On A Drilling Resurgence (NYSE:NINE)"",""headline_type"":""other"",""direct_relevance_score"":0,""indirect_relevance_score"":4,""market_signal_strength"":""low"",""is_new_information"":true,""is_cross_asset_relevant"":true,""primary_mechanism"":""Natural gas print → storage/supply dynamics → utility margin → energy sector earnings"",""affected_assets"":[],""what_changed"":""Nine Energy Service: A Play On A Drilling Resurgence"",""linked_existing_thesis_id"":null,""recommended_action"":""stay_silent"",""comment_purpose"":null,""historical_analog_candidate"":null}",2026-04-21T06:01:13.000Z
macro-agent,Macro Agent,update_existing,"[""high_thesis_load"",""matched_thesis_update"",""fresh_catalyst_signal"",""stance_lock_challenge""]",82,sector_defensives,"{""headline_id"":""320df0a4"",""agent_id"":""macro-agent"",""headline_title"":""The cautious optimism holds as markets wait on US-Iran talks next"",""headline_type"":""geopolitical"",""direct_relevance_score"":3,""indirect_relevance_score"":10,""market_signal_strength"":""low"",""is_new_information"":true,""is_cross_asset_relevant"":true,""primary_mechanism"":""Dollar move → EM debt burden → commodity price translation → US export competitiveness → FX carry unwind risk"",""affected_assets"":[],""what_changed"":""The cautious optimism holds as markets wait on US-Iran talks next"",""linked_existing_thesis_id"":null,""recommended_action"":""comment_on_other"",""comment_purpose"":""add_cross_asset_spillover"",""historical_analog_candidate"":null}",2026-04-21T06:01:01.606Z
risk-sentiment-agent,Risk/Sentiment Agent,comment_only,"[""novelty_above_threshold"",""fresh_catalyst_signal"",""matched_thesis_update"",""run_catalyst_claimed""]",80,duration_pressure,"{""headline_id"":""cad09ad9"",""agent_id"":""risk-sentiment-agent"",""headline_title"":""VANSi Turns Future Income Into Flexible Liquidity Solution"",""headline_type"":""other"",""direct_relevance_score"":5,""indirect_relevance_score"":6,""market_signal_strength"":""low"",""is_new_information"":true,""is_cross_asset_relevant"":true,""primary_mechanism"":"""",""affected_assets"":[],""what_changed"":""VANSi Turns Future Income Into Flexible Liquidity Solution"",""linked_existing_thesis_id"":null,""recommended_action"":""comment_on_other"",""comment_purpose"":""add_cross_asset_spillover"",""historical_analog_candidate"":null}",2026-04-21T05:01:35.854Z
commodities-agent,Commodities Agent,new_post,"[""novelty_above_threshold"",""fresh_catalyst_signal"",""matched_thesis_update""]",81,metals_growth,"{""headline_id"":""af714e06"",""agent_id"":""commodities-agent"",""headline_title"":""What’s driving oil stocks? HPCL, RIL, OIL in spotlight"",""headline_type"":""other"",""direct_relevance_score"":5,""indirect_relevance_score"":4,""market_signal_strength"":""low"",""is_new_information"":true,""is_cross_asset_relevant"":true,""primary_mechanism"":"""",""affected_assets"":[""wti"",""brent""],""what_changed"":""What’s driving oil stocks? HPCL, RIL, OIL in spotlight"",""linked_existing_thesis_id"":null,""recommended_action"":""comment_on_other"",""comment_purpose"":""add_cross_asset_spillover"",""historical_analog_candidate"":null}",2026-04-21T05:01:17.580Z
equities-agent,Equities Agent,comment_only,"[""headline_routed_to_comment"",""fresh_catalyst_signal"",""matched_thesis_update"",""deprioritized_topic"",""unresolved_thesis_nudge""]",47,breadth_rotation,"{""headline_id"":""cad09ad9"",""agent_id"":""equities-agent"",""headline_title"":""VANSi Turns Future Income Into Flexible Liquidity Solution"",""headline_type"":""other"",""direct_relevance_score"":3,""indirect_relevance_score"":6,""market_signal_strength"":""low"",""is_new_information"":true,""is_cross_asset_relevant"":true,""primary_mechanism"":"""",""affected_assets"":[],""what_changed"":""VANSi Turns Future Income Into Flexible Liquidity Solution"",""linked_existing_thesis_id"":null,""recommended_action"":""comment_on_other"",""comment_purpose"":""add_cross_asset_spillover"",""historical_analog_candidate"":null}",2026-04-21T05:01:17.256Z
fx-agent,FX Agent,stay_silent,"[""matched_thesis_update"",""fresh_catalyst_signal"",""deprioritized_topic"",""weak_catalyst_materiality_gate""]",47,dollar_path,"{""headline_id"":""b0f5e8ce"",""agent_id"":""fx-agent"",""headline_title"":""BetterInvesting™ Magazine Update on The Charles Schwab Corp. (NYSE: SCHW) and Dollar General Corp. (NYSE: DG)"",""headline_type"":""other"",""direct_relevance_score"":3,""indirect_relevance_score"":2,""market_signal_strength"":""low"",""is_new_information"":true,""is_cross_asset_relevant"":false,""primary_mechanism"":""Dollar move → EM debt burden → commodity price translation → US export competitiveness → FX carry unwind risk"",""affected_assets"":[""dxy""],""what_changed"":""BetterInvesting™ Magazine Update on The Charles Schwab Corp. (NYSE: SCHW) and Dollar General Corp."",""linked_existing_thesis_id"":""ce7b258b-584d-4ffe-88ed-a2df45419fe0"",""recommended_action"":""update_existing"",""comment_purpose"":null,""historical_analog_candidate"":null}",2026-04-21T05:01:16.950Z
rates-agent,Rates Agent,stay_silent,"[""novelty_above_threshold"",""fresh_catalyst_signal"",""matched_thesis_update"",""rates_template_repetition"",""no_fresh_signal""]",79,duration_pressure,"{""headline_id"":""6c649d35"",""agent_id"":""rates-agent"",""headline_title"":""BankUnited (BKU) Q1 Earnings: What To Expect"",""headline_type"":""company_news"",""direct_relevance_score"":0,""indirect_relevance_score"":2,""market_signal_strength"":""low"",""is_new_information"":true,""is_cross_asset_relevant"":false,""primary_mechanism"":"""",""affected_assets"":[],""what_changed"":""BankUnited (BKU) Q1 Earnings: What To Expect"",""linked_existing_thesis_id"":null,""recommended_action"":""stay_silent"",""comment_purpose"":null,""historical_analog_candidate"":null}",2026-04-21T05:01:16.662Z
macro-agent,Macro Agent,update_existing,"[""high_thesis_load"",""matched_thesis_update"",""fresh_catalyst_signal"",""stance_lock_challenge""]",82,consumer_demand,"{""headline_id"":""cad09ad9"",""agent_id"":""macro-agent"",""headline_title"":""VANSi Turns Future Income Into Flexible Liquidity Solution"",""headline_type"":""other"",""direct_relevance_score"":3,""indirect_relevance_score"":6,""market_signal_strength"":""low"",""is_new_information"":true,""is_cross_asset_relevant"":true,""primary_mechanism"":"""",""affected_assets"":[],""what_changed"":""VANSi Turns Future Income Into Flexible Liquidity Solution"",""linked_existing_thesis_id"":null,""recommended_action"":""comment_on_other"",""comment_purpose"":""add_cross_asset_spillover"",""historical_analog_candidate"":null}",2026-04-21T05:01:02.984Z
risk-sentiment-agent,Risk/Sentiment Agent,comment_only,"[""novelty_above_threshold"",""fresh_catalyst_signal"",""matched_thesis_update"",""run_catalyst_claimed""]",80,duration_pressure,"{""headline_id"":""a855809a"",""agent_id"":""risk-sentiment-agent"",""headline_title"":""China shows resilience to energy shock but weak demand limits growth outlook, Fitch says"",""headline_type"":""other"",""direct_relevance_score"":5,""indirect_relevance_score"":10,""market_signal_strength"":""low"",""is_new_information"":true,""is_cross_asset_relevant"":true,""primary_mechanism"":"""",""affected_assets"":[],""what_changed"":""China shows resilience to energy shock but weak demand limits growth outlook, Fitch says"",""linked_existing_thesis_id"":null,""recommended_action"":""comment_on_other"",""comment_purpose"":""add_cross_asset_spillover"",""historical_analog_candidate"":null}",2026-04-21T03:01:33.099Z
commodities-agent,Commodities Agent,update_existing,"[""stale_headline_thesis_update"",""fresh_catalyst_signal"",""matched_thesis_update""]",81,metals_growth,"{""headline_id"":""1e9ca12f"",""agent_id"":""commodities-agent"",""headline_title"":""Oil falls on expectations US-Iran talks likely to proceed, opening supply - Reuters"",""headline_type"":""geopolitical"",""direct_relevance_score"":3,""indirect_relevance_score"":2,""market_signal_strength"":""low"",""is_new_information"":false,""is_cross_asset_relevant"":false,""primary_mechanism"":""Geopolitical shock → risk premium expansion → commodity/currency safe-haven flows"",""affected_assets"":[""wti"",""brent""],""what_changed"":""Oil falls on expectations US-Iran talks likely to proceed, opening supply - Reuters"",""linked_existing_thesis_id"":null,""recommended_action"":""stay_silent"",""comment_purpose"":null,""historical_analog_candidate"":null}",2026-04-21T03:01:21.179Z
equities-agent,Equities Agent,comment_only,"[""headline_routed_to_comment"",""fresh_catalyst_signal"",""matched_thesis_update"",""deprioritized_topic"",""unresolved_thesis_nudge""]",48,breadth_rotation,"{""headline_id"":""11bbba6e"",""agent_id"":""equities-agent"",""headline_title"":""TBRG Investor News: If You Have Suffered Losses in TruBridge, Inc. (NASDAQ: TBRG), You Are Encouraged to Contact The Rosen Law Firm About Your Rights"",""headline_type"":""other"",""direct_relevance_score"":5,""indirect_relevance_score"":4,""market_signal_strength"":""low"",""is_new_information"":true,""is_cross_asset_relevant"":true,""primary_mechanism"":"""",""affected_assets"":[""sp500"",""nasdaq""],""what_changed"":""TBRG Investor News: If You Have Suffered Losses in TruBridge, Inc. (NASDAQ: TBRG), You Are Encouraged to Contact The Rosen Law Firm About Your Rights"",""linked_existing_thesis_id"":""14475cb9-95ff-4f70-b24d-6892f5dec76c"",""recommended_action"":""comment_on_other"",""comment_purpose"":""add_cross_asset_spillover"",""historical_analog_candidate"":null}",2026-04-21T03:01:20.881Z
fx-agent,FX Agent,stay_silent,"[""headline_routed_to_comment"",""fresh_catalyst_signal"",""matched_thesis_update"",""deprioritized_topic"",""weak_catalyst_materiality_gate""]",46,dollar_path,"{""headline_id"":""a855809a"",""agent_id"":""fx-agent"",""headline_title"":""China shows resilience to energy shock but weak demand limits growth outlook, Fitch says"",""headline_type"":""other"",""direct_relevance_score"":3,""indirect_relevance_score"":10,""market_signal_strength"":""low"",""is_new_information"":true,""is_cross_asset_relevant"":true,""primary_mechanism"":"""",""affected_assets"":[],""what_changed"":""China shows resilience to energy shock but weak demand limits growth outlook, Fitch says"",""linked_existing_thesis_id"":null,""recommended_action"":""comment_on_other"",""comment_purpose"":""add_cross_asset_spillover"",""historical_analog_candidate"":null}",2026-04-21T03:01:20.412Z
rates-agent,Rates Agent,comment_only,"[""novelty_above_threshold"",""fresh_catalyst_signal"",""matched_thesis_update"",""run_catalyst_claimed""]",79,duration_pressure,"{""headline_id"":""a855809a"",""agent_id"":""rates-agent"",""headline_title"":""China shows resilience to energy shock but weak demand limits growth outlook, Fitch says"",""headline_type"":""other"",""direct_relevance_score"":0,""indirect_relevance_score"":10,""market_signal_strength"":""low"",""is_new_information"":true,""is_cross_asset_relevant"":true,""primary_mechanism"":"""",""affected_assets"":[],""what_changed"":""China shows resilience to energy shock but weak demand limits growth outlook, Fitch says"",""linked_existing_thesis_id"":null,""recommended_action"":""stay_silent"",""comment_purpose"":null,""historical_analog_candidate"":null}",2026-04-21T03:01:20.135Z
macro-agent,Macro Agent,update_existing,"[""high_thesis_load"",""matched_thesis_update"",""fresh_catalyst_signal"",""stance_lock_challenge""]",84,gold_real_rates,"{""headline_id"":""a855809a"",""agent_id"":""macro-agent"",""headline_title"":""China shows resilience to energy shock but weak demand limits growth outlook, Fitch says"",""headline_type"":""other"",""direct_relevance_score"":7,""indirect_relevance_score"":10,""market_signal_strength"":""low"",""is_new_information"":true,""is_cross_asset_relevant"":true,""primary_mechanism"":"""",""affected_assets"":[],""what_changed"":""China shows resilience to energy shock but weak demand limits growth outlook, Fitch says"",""linked_existing_thesis_id"":null,""recommended_action"":""comment_on_other"",""comment_purpose"":""add_cross_asset_spillover"",""historical_analog_candidate"":null}",2026-04-21T03:01:08.452Z
risk-sentiment-agent,Risk/Sentiment Agent,update_existing,"[""stale_headline_thesis_update"",""fresh_catalyst_signal"",""matched_thesis_update""]",80,duration_pressure,"{""headline_id"":""d5c708f2"",""agent_id"":""risk-sentiment-agent"",""headline_title"":""Vance heads to Islamabad as Iran gets Supreme Leader approval for talks before deadline"",""headline_type"":""geopolitical"",""direct_relevance_score"":5,""indirect_relevance_score"":8,""market_signal_strength"":""low"",""is_new_information"":false,""is_cross_asset_relevant"":true,""primary_mechanism"":""Geopolitical shock → risk premium expansion → commodity/currency safe-haven flows"",""affected_assets"":[],""what_changed"":""Vance heads to Islamabad as Iran gets Supreme Leader approval for talks before deadline"",""linked_existing_thesis_id"":null,""recommended_action"":""comment_on_other"",""comment_purpose"":""confirm_existing_thesis"",""historical_analog_candidate"":null}",2026-04-21T02:01:40.743Z
commodities-agent,Commodities Agent,update_existing,"[""stale_headline_thesis_update"",""fresh_catalyst_signal"",""matched_thesis_update""]",81,metals_growth,"{""headline_id"":""fea46e76"",""agent_id"":""commodities-agent"",""headline_title"":""Oil falls as investors assess mixed messaging on Iran peace talks ahead of ceasefire deadline"",""headline_type"":""geopolitical"",""direct_relevance_score"":5,""indirect_relevance_score"":2,""market_signal_strength"":""low"",""is_new_information"":false,""is_cross_asset_relevant"":false,""primary_mechanism"":""Geopolitical shock → risk premium expansion → commodity/currency safe-haven flows"",""affected_assets"":[""wti"",""brent""],""what_changed"":""Oil falls as investors assess mixed messaging on Iran peace talks ahead of ceasefire deadline"",""linked_existing_thesis_id"":null,""recommended_action"":""comment_on_other"",""comment_purpose"":""confirm_existing_thesis"",""historical_analog_candidate"":null}",2026-04-21T02:01:29.253Z
equities-agent,Equities Agent,update_existing,"[""stale_headline_thesis_update"",""fresh_catalyst_signal"",""matched_thesis_update"",""unresolved_thesis_nudge""]",89,banks_small_caps,"{""headline_id"":""e10dc42e"",""agent_id"":""equities-agent"",""headline_title"":""Global Market Today: Asian stocks gain, oil dips on hopes of Iran talks"",""headline_type"":""geopolitical"",""direct_relevance_score"":5,""indirect_relevance_score"":6,""market_signal_strength"":""low"",""is_new_information"":false,""is_cross_asset_relevant"":true,""primary_mechanism"":""Dollar move → EM debt burden → commodity price translation → US export competitiveness → FX carry unwind risk"",""affected_assets"":[""wti"",""brent""],""what_changed"":""Global Market Today: Asian stocks gain, oil dips on hopes of Iran talks"",""linked_existing_thesis_id"":""c7172674-b5df-460c-91a9-90dd1feb2440"",""recommended_action"":""update_existing"",""comment_purpose"":null,""historical_analog_candidate"":null}",2026-04-21T02:01:19.679Z
fx-agent,FX Agent,new_post,"[""novelty_above_threshold"",""fresh_catalyst_signal"",""matched_thesis_update""]",87,carry_em_fx,"{""headline_id"":""e10dc42e"",""agent_id"":""fx-agent"",""headline_title"":""Global Market Today: Asian stocks gain, oil dips on hopes of Iran talks"",""headline_type"":""geopolitical"",""direct_relevance_score"":5,""indirect_relevance_score"":6,""market_signal_strength"":""low"",""is_new_information"":true,""is_cross_asset_relevant"":true,""primary_mechanism"":""Dollar move → EM debt burden → commodity price translation → US export competitiveness → FX carry unwind risk"",""affected_assets"":[""wti"",""brent""],""what_changed"":""Global Market Today: Asian stocks gain, oil dips on hopes of Iran talks"",""linked_existing_thesis_id"":null,""recommended_action"":""comment_on_other"",""comment_purpose"":""add_cross_asset_spillover"",""historical_analog_candidate"":null}",2026-04-21T02:01:11.876Z
rates-agent,Rates Agent,stay_silent,"[""novelty_above_threshold"",""fresh_catalyst_signal"",""matched_thesis_update"",""rates_template_repetition"",""no_fresh_signal""]",79,duration_pressure,"{""headline_id"":""2b4fc6bb"",""agent_id"":""rates-agent"",""headline_title"":""Nordea Bank Abp: Repurchase of own shares on 20.04.2026"",""headline_type"":""other"",""direct_relevance_score"":0,""indirect_relevance_score"":4,""market_signal_strength"":""high"",""is_new_information"":true,""is_cross_asset_relevant"":true,""primary_mechanism"":"""",""affected_assets"":[],""what_changed"":""Nordea Bank Abp: Repurchase of own shares on 20.04.2026"",""linked_existing_thesis_id"":null,""recommended_action"":""stay_silent"",""comment_purpose"":null,""historical_analog_candidate"":null}",2026-04-21T02:01:11.610Z
macro-agent,Macro Agent,update_existing,"[""high_thesis_load"",""matched_thesis_update"",""fresh_catalyst_signal"",""stance_lock_challenge""]",84,gold_real_rates,"{""headline_id"":""4d43b055"",""agent_id"":""macro-agent"",""headline_title"":""Terrific Digital Highlights Paid Search Work Spanning UserWay Engagement and Level Access Transition"",""headline_type"":""other"",""direct_relevance_score"":3,""indirect_relevance_score"":6,""market_signal_strength"":""low"",""is_new_information"":true,""is_cross_asset_relevant"":true,""primary_mechanism"":"""",""affected_assets"":[],""what_changed"":""Terrific Digital Highlights Paid Search Work Spanning UserWay Engagement and Level Access Transition"",""linked_existing_thesis_id"":null,""recommended_action"":""comment_on_other"",""comment_purpose"":""add_cross_asset_spillover"",""historical_analog_candidate"":null}",2026-04-21T02:00:55.965Z
risk-sentiment-agent,Risk/Sentiment Agent,comment_only,"[""novelty_above_threshold"",""fresh_catalyst_signal"",""matched_thesis_update"",""run_catalyst_claimed""]",80,duration_pressure,"{""headline_id"":""9e616b61"",""agent_id"":""risk-sentiment-agent"",""headline_title"":""Russell 2000's Best Month Since 2023: History Says The Real Small-Cap Move Comes Later"",""headline_type"":""other"",""direct_relevance_score"":0,""indirect_relevance_score"":10,""market_signal_strength"":""high"",""is_new_information"":true,""is_cross_asset_relevant"":true,""primary_mechanism"":"""",""affected_assets"":[],""what_changed"":""Russell 2000's Best Month Since 2023: History Says The Real Small-Cap Move Comes Later"",""linked_existing_thesis_id"":null,""recommended_action"":""stay_silent"",""comment_purpose"":null,""historical_analog_candidate"":null}",2026-04-21T01:01:48.544Z
commodities-agent,Commodities Agent,update_existing,"[""stale_headline_thesis_update"",""fresh_catalyst_signal"",""matched_thesis_update""]",48,gas_power,"{""headline_id"":""32ea7f2c"",""agent_id"":""commodities-agent"",""headline_title"":""Meta's $27 Billion Data Center Places the Spotlight on Natural Gas Stocks"",""headline_type"":""commodity_specific"",""direct_relevance_score"":3,""indirect_relevance_score"":4,""market_signal_strength"":""high"",""is_new_information"":false,""is_cross_asset_relevant"":true,""primary_mechanism"":""Natural gas print → storage/supply dynamics → utility margin → energy sector earnings"",""affected_assets"":[""natural_gas""],""what_changed"":""Meta's $27 Billion Data Center Places the Spotlight on Natural Gas Stocks"",""linked_existing_thesis_id"":""93718fcb-25db-4740-9641-b983ffd59029"",""recommended_action"":""update_existing"",""comment_purpose"":null,""historical_analog_candidate"":null}",2026-04-21T01:01:35.736Z
equities-agent,Equities Agent,update_existing,"[""stale_headline_thesis_update"",""fresh_catalyst_signal"",""matched_thesis_update"",""unresolved_thesis_nudge""]",89,banks_small_caps,"{""headline_id"":""17f49a6e"",""agent_id"":""equities-agent"",""headline_title"":""Apple stock slips as Tim Cook steps down after 15 years, John Ternus takes charge as new CEO"",""headline_type"":""other"",""direct_relevance_score"":5,""indirect_relevance_score"":6,""market_signal_strength"":""high"",""is_new_information"":false,""is_cross_asset_relevant"":true,""primary_mechanism"":"""",""affected_assets"":[""sp500"",""nasdaq""],""what_changed"":""Apple stock slips as Tim Cook steps down after 15 years, John Ternus takes charge as new CEO"",""linked_existing_thesis_id"":""14475cb9-95ff-4f70-b24d-6892f5dec76c"",""recommended_action"":""comment_on_other"",""comment_purpose"":""add_cross_asset_spillover"",""historical_analog_candidate"":null}",2026-04-21T01:01:25.157Z
fx-agent,FX Agent,update_existing,"[""matched_thesis_update"",""no_fresh_signal"",""deprioritized_topic"",""domain_relevance_low""]",45,dollar_path,,2026-04-21T01:01:10.888Z
rates-agent,Rates Agent,comment_only,"[""novelty_above_threshold"",""fresh_catalyst_signal"",""matched_thesis_update"",""run_catalyst_claimed""]",80,duration_pressure,"{""headline_id"":""9e616b61"",""agent_id"":""rates-agent"",""headline_title"":""Russell 2000's Best Month Since 2023: History Says The Real Small-Cap Move Comes Later"",""headline_type"":""other"",""direct_relevance_score"":3,""indirect_relevance_score"":10,""market_signal_strength"":""high"",""is_new_information"":true,""is_cross_asset_relevant"":true,""primary_mechanism"":"""",""affected_assets"":[],""what_changed"":""Russell 2000's Best Month Since 2023: History Says The Real Small-Cap Move Comes Later"",""linked_existing_thesis_id"":null,""recommended_action"":""comment_on_other"",""comment_purpose"":""add_cross_asset_spillover"",""historical_analog_candidate"":null}",2026-04-21T01:01:10.240Z
macro-agent,Macro Agent,update_existing,"[""high_thesis_load"",""matched_thesis_update"",""fresh_catalyst_signal"",""stance_lock_challenge""]",84,gold_real_rates,"{""headline_id"":""9e616b61"",""agent_id"":""macro-agent"",""headline_title"":""Russell 2000's Best Month Since 2023: History Says The Real Small-Cap Move Comes Later"",""headline_type"":""other"",""direct_relevance_score"":5,""indirect_relevance_score"":10,""market_signal_strength"":""high"",""is_new_information"":true,""is_cross_asset_relevant"":true,""primary_mechanism"":"""",""affected_assets"":[],""what_changed"":""Russell 2000's Best Month Since 2023: History Says The Real Small-Cap Move Comes Later"",""linked_existing_thesis_id"":null,""recommended_action"":""comment_on_other"",""comment_purpose"":""add_cross_asset_spillover"",""historical_analog_candidate"":null}",2026-04-21T01:00:57.155Z
risk-sentiment-agent,Risk/Sentiment Agent,stay_silent,"[""novelty_above_threshold"",""fresh_catalyst_signal"",""matched_thesis_update"",""weak_catalyst_materiality_gate""]",80,duration_pressure,"{""headline_id"":""4232f233"",""agent_id"":""risk-sentiment-agent"",""headline_title"":""Airline Stocks Whipsaw as Hormuz Chaos Shows Oil Trend Matters More Than Price"",""headline_type"":""other"",""direct_relevance_score"":3,""indirect_relevance_score"":10,""market_signal_strength"":""low"",""is_new_information"":true,""is_cross_asset_relevant"":true,""primary_mechanism"":"""",""affected_assets"":[""wti"",""brent""],""what_changed"":""Airline Stocks Whipsaw as Hormuz Chaos Shows Oil Trend Matters More Than Price"",""linked_existing_thesis_id"":null,""recommended_action"":""comment_on_other"",""comment_purpose"":""add_cross_asset_spillover"",""historical_analog_candidate"":null}",2026-04-21T00:02:14.625Z
commodities-agent,Commodities Agent,stay_silent,"[""novelty_above_threshold"",""fresh_catalyst_signal"",""matched_thesis_update"",""weak_catalyst_materiality_gate""]",81,metals_growth,"{""headline_id"":""4232f233"",""agent_id"":""commodities-agent"",""headline_title"":""Airline Stocks Whipsaw as Hormuz Chaos Shows Oil Trend Matters More Than Price"",""headline_type"":""other"",""direct_relevance_score"":3,""indirect_relevance_score"":10,""market_signal_strength"":""low"",""is_new_information"":true,""is_cross_asset_relevant"":true,""primary_mechanism"":"""",""affected_assets"":[""wti"",""brent""],""what_changed"":""Airline Stocks Whipsaw as Hormuz Chaos Shows Oil Trend Matters More Than Price"",""linked_existing_thesis_id"":null,""recommended_action"":""comment_on_other"",""comment_purpose"":""add_cross_asset_spillover"",""historical_analog_candidate"":null}",2026-04-21T00:02:13.977Z
equities-agent,Equities Agent,new_post,"[""novelty_above_threshold"",""fresh_catalyst_signal""]",88,ai_concentration,"{""headline_id"":""eb48f606"",""agent_id"":""equities-agent"",""headline_title"":""DNOW Inc. (DNOW) Faces Investor Scrutiny Amid Reality Check Against November Comments About MRC Global ERP Issues, Stock Down 19% On News – Hagens Berman"",""headline_type"":""other"",""direct_relevance_score"":5,""indirect_relevance_score"":4,""market_signal_strength"":""high"",""is_new_information"":true,""is_cross_asset_relevant"":true,""primary_mechanism"":"""",""affected_assets"":[""sp500"",""nasdaq""],""what_changed"":""DNOW Inc. (DNOW) Faces Investor Scrutiny Amid Reality Check Against November Comments About MRC Global ERP Issues, Stock Down 19% On News – Hagens Berman"",""linked_existing_thesis_id"":""14475cb9-95ff-4f70-b24d-6892f5dec76c"",""recommended_action"":""comment_on_other"",""comment_purpose"":""add_cross_asset_spillover"",""historical_analog_candidate"":null}",2026-04-21T00:01:59.578Z
fx-agent,FX Agent,new_post,"[""novelty_above_threshold"",""fresh_catalyst_signal"",""matched_thesis_update""]",87,carry_em_fx,"{""headline_id"":""55be9286"",""agent_id"":""fx-agent"",""headline_title"":""New Zealand Q1 2026 inflation: CPI q/q 0.9% (expected 0.8%) CPI 3.1% y/y (expected 2.9%)"",""headline_type"":""macro_release"",""direct_relevance_score"":0,""indirect_relevance_score"":4,""market_signal_strength"":""high"",""is_new_information"":true,""is_cross_asset_relevant"":true,""primary_mechanism"":""CPI print → real yield repricing → Fed path recalibration → duration positioning"",""affected_assets"":[],""what_changed"":""New Zealand Q1 2026 inflation: CPI q/q 0.9% (expected 0.8%) CPI 3.1% y/y"",""linked_existing_thesis_id"":null,""recommended_action"":""stay_silent"",""comment_purpose"":null,""historical_analog_candidate"":null}",2026-04-21T00:01:41.467Z
rates-agent,Rates Agent,stay_silent,"[""novelty_above_threshold"",""no_fresh_signal"",""matched_thesis_update"",""rates_template_repetition""]",78,duration_pressure,,2026-04-21T00:01:40.528Z
macro-agent,Macro Agent,update_existing,"[""stale_headline_thesis_update"",""fresh_catalyst_signal"",""matched_thesis_update"",""stance_lock_challenge""]",84,gold_real_rates,"{""headline_id"":""55be9286"",""agent_id"":""macro-agent"",""headline_title"":""New Zealand Q1 2026 inflation: CPI q/q 0.9% (expected 0.8%) CPI 3.1% y/y (expected 2.9%)"",""headline_type"":""macro_release"",""direct_relevance_score"":7,""indirect_relevance_score"":4,""market_signal_strength"":""high"",""is_new_information"":false,""is_cross_asset_relevant"":true,""primary_mechanism"":""CPI print → real yield repricing → Fed path recalibration → duration positioning"",""affected_assets"":[],""what_changed"":""New Zealand Q1 2026 inflation: CPI q/q 0.9% (expected 0.8%) CPI 3.1% y/y"",""linked_existing_thesis_id"":null,""recommended_action"":""comment_on_other"",""comment_purpose"":""confirm_existing_thesis"",""historical_analog_candidate"":null}",2026-04-21T00:01:22.937Z
risk-sentiment-agent,Risk/Sentiment Agent,stay_silent,"[""novelty_above_threshold"",""fresh_catalyst_signal"",""matched_thesis_update"",""weak_catalyst_materiality_gate""]",80,duration_pressure,"{""headline_id"":""a5e0b075"",""agent_id"":""risk-sentiment-agent"",""headline_title"":""Securities Fraud Investigation Into PicS N.V. / PicPay Holdings (PICS) Continues – Shareholders Who Lost Money Urged to Contact The Law Offices of Frank R. Cruz"",""headline_type"":""other"",""direct_relevance_score"":5,""indirect_relevance_score"":10,""market_signal_strength"":""low"",""is_new_information"":true,""is_cross_asset_relevant"":true,""primary_mechanism"":""Policy rate signal → front-end Treasury repricing → FX carry shifts → equity discount rate"",""affected_assets"":[],""what_changed"":""Securities Fraud Investigation Into PicS N.V. / PicPay Holdings (PICS) Continues – Shareholders Who Lost Money Urged to Contact The Law Offices of Frank R. Cruz"",""linked_existing_thesis_id"":null,""recommended_action"":""comment_on_other"",""comment_purpose"":""add_cross_asset_spillover"",""historical_analog_candidate"":null}",2026-04-20T23:01:29.859Z
commodities-agent,Commodities Agent,stay_silent,"[""stale_headline_thesis_update"",""fresh_catalyst_signal"",""matched_thesis_update"",""weak_catalyst_materiality_gate""]",81,metals_growth,"{""headline_id"":""cc392f51"",""agent_id"":""commodities-agent"",""headline_title"":""UK stocks slip as uncertainty over US-Iran ceasefire lifts oil prices - Reuters"",""headline_type"":""geopolitical"",""direct_relevance_score"":3,""indirect_relevance_score"":4,""market_signal_strength"":""low"",""is_new_information"":false,""is_cross_asset_relevant"":true,""primary_mechanism"":""Geopolitical shock → risk premium expansion → commodity/currency safe-haven flows"",""affected_assets"":[""wti"",""brent""],""what_changed"":""UK stocks slip as uncertainty over US-Iran ceasefire lifts oil prices - Reuters"",""linked_existing_thesis_id"":null,""recommended_action"":""stay_silent"",""comment_purpose"":null,""historical_analog_candidate"":null}",2026-04-20T23:01:29.211Z
equities-agent,Equities Agent,update_existing,"[""stale_agent_thesis"",""unresolved_thesis_nudge"",""fresh_catalyst_signal"",""matched_thesis_update""]",86,banks_small_caps,"{""headline_id"":""2b4fc6bb"",""agent_id"":""equities-agent"",""headline_title"":""Nordea Bank Abp: Repurchase of own shares on 20.04.2026"",""headline_type"":""other"",""direct_relevance_score"":5,""indirect_relevance_score"":4,""market_signal_strength"":""high"",""is_new_information"":true,""is_cross_asset_relevant"":true,""primary_mechanism"":"""",""affected_assets"":[],""what_changed"":""Nordea Bank Abp: Repurchase of own shares on 20.04.2026"",""linked_existing_thesis_id"":null,""recommended_action"":""comment_on_other"",""comment_purpose"":""add_cross_asset_spillover"",""historical_analog_candidate"":null}",2026-04-20T23:01:10.014Z
fx-agent,FX Agent,new_post,"[""novelty_above_threshold"",""fresh_catalyst_signal"",""matched_thesis_update""]",87,carry_em_fx,"{""headline_id"":""2b4fc6bb"",""agent_id"":""fx-agent"",""headline_title"":""Nordea Bank Abp: Repurchase of own shares on 20.04.2026"",""headline_type"":""other"",""direct_relevance_score"":3,""indirect_relevance_score"":4,""market_signal_strength"":""high"",""is_new_information"":true,""is_cross_asset_relevant"":true,""primary_mechanism"":"""",""affected_assets"":[],""what_changed"":""Nordea Bank Abp: Repurchase of own shares on 20.04.2026"",""linked_existing_thesis_id"":null,""recommended_action"":""comment_on_other"",""comment_purpose"":""add_cross_asset_spillover"",""historical_analog_candidate"":null}",2026-04-20T23:00:55.729Z
rates-agent,Rates Agent,stay_silent,"[""novelty_above_threshold"",""fresh_catalyst_signal"",""matched_thesis_update"",""rates_template_repetition"",""no_fresh_signal""]",82,duration_pressure,"{""headline_id"":""2b4fc6bb"",""agent_id"":""rates-agent"",""headline_title"":""Nordea Bank Abp: Repurchase of own shares on 20.04.2026"",""headline_type"":""other"",""direct_relevance_score"":0,""indirect_relevance_score"":4,""market_signal_strength"":""high"",""is_new_information"":true,""is_cross_asset_relevant"":true,""primary_mechanism"":"""",""affected_assets"":[],""what_changed"":""Nordea Bank Abp: Repurchase of own shares on 20.04.2026"",""linked_existing_thesis_id"":null,""recommended_action"":""stay_silent"",""comment_purpose"":null,""historical_analog_candidate"":null}",2026-04-20T23:00:55.036Z
macro-agent,Macro Agent,stay_silent,"[""high_thesis_load"",""matched_thesis_update"",""fresh_catalyst_signal"",""weak_catalyst_materiality_gate""]",84,gold_real_rates,"{""headline_id"":""eb85f941"",""agent_id"":""macro-agent"",""headline_title"":""NZ business confidence slumps as Hormuz disruptions weigh on outlook and demand"",""headline_type"":""other"",""direct_relevance_score"":9,""indirect_relevance_score"":10,""market_signal_strength"":""low"",""is_new_information"":true,""is_cross_asset_relevant"":true,""primary_mechanism"":"""",""affected_assets"":[],""what_changed"":""NZ business confidence slumps as Hormuz disruptions weigh on outlook and demand"",""linked_existing_thesis_id"":null,""recommended_action"":""comment_on_other"",""comment_purpose"":""add_cross_asset_spillover"",""historical_analog_candidate"":null}",2026-04-20T23:00:54.312Z
risk-sentiment-agent,Risk/Sentiment Agent,stay_silent,"[""novelty_above_threshold"",""fresh_catalyst_signal"",""matched_thesis_update"",""weak_catalyst_materiality_gate""]",80,duration_pressure,"{""headline_id"":""fe928c6d"",""agent_id"":""risk-sentiment-agent"",""headline_title"":""Protecht Acquires Leading AI-powered Risk Platform VISO TRUST"",""headline_type"":""other"",""direct_relevance_score"":3,""indirect_relevance_score"":6,""market_signal_strength"":""low"",""is_new_information"":true,""is_cross_asset_relevant"":true,""primary_mechanism"":"""",""affected_assets"":[],""what_changed"":""Protecht Acquires Leading AI-powered Risk Platform VISO TRUST"",""linked_existing_thesis_id"":null,""recommended_action"":""comment_on_other"",""comment_purpose"":""add_cross_asset_spillover"",""historical_analog_candidate"":null}",2026-04-20T22:01:37.374Z
commodities-agent,Commodities Agent,comment_only,"[""novelty_above_threshold"",""fresh_catalyst_signal"",""matched_thesis_update"",""run_catalyst_claimed""]",81,metals_growth,"{""headline_id"":""9e616b61"",""agent_id"":""commodities-agent"",""headline_title"":""Russell 2000's Best Month Since 2023: History Says The Real Small-Cap Move Comes Later"",""headline_type"":""other"",""direct_relevance_score"":3,""indirect_relevance_score"":10,""market_signal_strength"":""high"",""is_new_information"":true,""is_cross_asset_relevant"":true,""primary_mechanism"":"""",""affected_assets"":[],""what_changed"":""Russell 2000's Best Month Since 2023: History Says The Real Small-Cap Move Comes Later"",""linked_existing_thesis_id"":null,""recommended_action"":""comment_on_other"",""comment_purpose"":""add_cross_asset_spillover"",""historical_analog_candidate"":null}",2026-04-20T22:01:36.831Z
equities-agent,Equities Agent,update_existing,"[""stale_headline_thesis_update"",""fresh_catalyst_signal"",""matched_thesis_update"",""unresolved_thesis_nudge""]",86,banks_small_caps,"{""headline_id"":""357887f9"",""agent_id"":""equities-agent"",""headline_title"":""Manhattan Associates Q1 2026 Earnings Preview (NASDAQ:MANH)"",""headline_type"":""company_news"",""direct_relevance_score"":3,""indirect_relevance_score"":2,""market_signal_strength"":""high"",""is_new_information"":false,""is_cross_asset_relevant"":false,""primary_mechanism"":"""",""affected_assets"":[""sp500"",""nasdaq""],""what_changed"":""Manhattan Associates Q1 2026 Earnings Preview"",""linked_existing_thesis_id"":""14475cb9-95ff-4f70-b24d-6892f5dec76c"",""recommended_action"":""stay_silent"",""comment_purpose"":null,""historical_analog_candidate"":null}",2026-04-20T22:01:23.979Z
fx-agent,FX Agent,update_existing,"[""matched_thesis_update"",""no_fresh_signal"",""deprioritized_topic"",""domain_relevance_low""]",44,dollar_path,,2026-04-20T22:01:12.126Z
rates-agent,Rates Agent,comment_only,"[""novelty_above_threshold"",""fresh_catalyst_signal"",""matched_thesis_update"",""run_catalyst_claimed""]",81,duration_pressure,"{""headline_id"":""9e616b61"",""agent_id"":""rates-agent"",""headline_title"":""Russell 2000's Best Month Since 2023: History Says The Real Small-Cap Move Comes Later"",""headline_type"":""other"",""direct_relevance_score"":3,""indirect_relevance_score"":10,""market_signal_strength"":""high"",""is_new_information"":true,""is_cross_asset_relevant"":true,""primary_mechanism"":"""",""affected_assets"":[],""what_changed"":""Russell 2000's Best Month Since 2023: History Says The Real Small-Cap Move Comes Later"",""linked_existing_thesis_id"":null,""recommended_action"":""comment_on_other"",""comment_purpose"":""add_cross_asset_spillover"",""historical_analog_candidate"":null}",2026-04-20T22:01:11.468Z
macro-agent,Macro Agent,update_existing,"[""high_thesis_load"",""matched_thesis_update"",""fresh_catalyst_signal"",""stance_lock_challenge""]",84,gold_real_rates,"{""headline_id"":""9e616b61"",""agent_id"":""macro-agent"",""headline_title"":""Russell 2000's Best Month Since 2023: History Says The Real Small-Cap Move Comes Later"",""headline_type"":""other"",""direct_relevance_score"":5,""indirect_relevance_score"":10,""market_signal_strength"":""high"",""is_new_information"":true,""is_cross_asset_relevant"":true,""primary_mechanism"":"""",""affected_assets"":[],""what_changed"":""Russell 2000's Best Month Since 2023: History Says The Real Small-Cap Move Comes Later"",""linked_existing_thesis_id"":null,""recommended_action"":""comment_on_other"",""comment_purpose"":""add_cross_asset_spillover"",""historical_analog_candidate"":null}",2026-04-20T22:00:55.746Z
risk-sentiment-agent,Risk/Sentiment Agent,stay_silent,"[""novelty_above_threshold"",""fresh_catalyst_signal"",""matched_thesis_update"",""run_catalyst_claimed"",""weak_catalyst_materiality_gate""]",80,duration_pressure,"{""headline_id"":""4232f233"",""agent_id"":""risk-sentiment-agent"",""headline_title"":""Airline Stocks Whipsaw as Hormuz Chaos Shows Oil Trend Matters More Than Price"",""headline_type"":""other"",""direct_relevance_score"":3,""indirect_relevance_score"":10,""market_signal_strength"":""low"",""is_new_information"":true,""is_cross_asset_relevant"":true,""primary_mechanism"":"""",""affected_assets"":[""wti"",""brent""],""what_changed"":""Airline Stocks Whipsaw as Hormuz Chaos Shows Oil Trend Matters More Than Price"",""linked_existing_thesis_id"":null,""recommended_action"":""comment_on_other"",""comment_purpose"":""add_cross_asset_spillover"",""historical_analog_candidate"":null}",2026-04-20T21:01:34.736Z
commodities-agent,Commodities Agent,stay_silent,"[""novelty_above_threshold"",""fresh_catalyst_signal"",""matched_thesis_update"",""run_catalyst_claimed"",""weak_catalyst_materiality_gate""]",81,metals_growth,"{""headline_id"":""4232f233"",""agent_id"":""commodities-agent"",""headline_title"":""Airline Stocks Whipsaw as Hormuz Chaos Shows Oil Trend Matters More Than Price"",""headline_type"":""other"",""direct_relevance_score"":3,""indirect_relevance_score"":10,""market_signal_strength"":""low"",""is_new_information"":true,""is_cross_asset_relevant"":true,""primary_mechanism"":"""",""affected_assets"":[""wti"",""brent""],""what_changed"":""Airline Stocks Whipsaw as Hormuz Chaos Shows Oil Trend Matters More Than Price"",""linked_existing_thesis_id"":""489aac32-aa52-443f-b16d-ce5cf261db3f"",""recommended_action"":""comment_on_other"",""comment_purpose"":""add_cross_asset_spillover"",""historical_analog_candidate"":null}",2026-04-20T21:01:34.067Z
equities-agent,Equities Agent,new_post,"[""novelty_above_threshold"",""fresh_catalyst_signal"",""stance_lock_challenge""]",92,gas_power,"{""headline_id"":""4232f233"",""agent_id"":""equities-agent"",""headline_title"":""Airline Stocks Whipsaw as Hormuz Chaos Shows Oil Trend Matters More Than Price"",""headline_type"":""other"",""direct_relevance_score"":7,""indirect_relevance_score"":10,""market_signal_strength"":""low"",""is_new_information"":true,""is_cross_asset_relevant"":true,""primary_mechanism"":"""",""affected_assets"":[""wti"",""brent""],""what_changed"":""Airline Stocks Whipsaw as Hormuz Chaos Shows Oil Trend Matters More Than Price"",""linked_existing_thesis_id"":""88b63aaf-90cd-4d96-ac44-2e1e79059eff"",""recommended_action"":""update_existing"",""comment_purpose"":null,""historical_analog_candidate"":null}",2026-04-20T21:01:22.214Z
fx-agent,FX Agent,update_existing,"[""matched_thesis_update"",""fresh_catalyst_signal"",""deprioritized_topic""]",44,dollar_path,"{""headline_id"":""989c734d"",""agent_id"":""fx-agent"",""headline_title"":""Economic and event calendar in Asia Tuesday, April 21, 2026. New Zealand inflation data."",""headline_type"":""macro_release"",""direct_relevance_score"":3,""indirect_relevance_score"":10,""market_signal_strength"":""high"",""is_new_information"":true,""is_cross_asset_relevant"":true,""primary_mechanism"":""CPI print → real yield repricing → Fed path recalibration → duration positioning"",""affected_assets"":[],""what_changed"":""Economic and event calendar in Asia Tuesday, April 21, 2026. New Zealand inflation data."",""linked_existing_thesis_id"":null,""recommended_action"":""new_post"",""comment_purpose"":null,""historical_analog_candidate"":null}",2026-04-20T21:01:10.221Z
rates-agent,Rates Agent,update_existing,"[""stale_headline_thesis_update"",""fresh_catalyst_signal"",""matched_thesis_update"",""stance_lock_challenge""]",78,duration_pressure,"{""headline_id"":""989c734d"",""agent_id"":""rates-agent"",""headline_title"":""Economic and event calendar in Asia Tuesday, April 21, 2026. New Zealand inflation data."",""headline_type"":""macro_release"",""direct_relevance_score"":0,""indirect_relevance_score"":10,""market_signal_strength"":""high"",""is_new_information"":false,""is_cross_asset_relevant"":true,""primary_mechanism"":""CPI print → real yield repricing → Fed path recalibration → duration positioning"",""affected_assets"":[],""what_changed"":""Economic and event calendar in Asia Tuesday, April 21, 2026. New Zealand inflation data."",""linked_existing_thesis_id"":null,""recommended_action"":""stay_silent"",""comment_purpose"":null,""historical_analog_candidate"":null}",2026-04-20T21:00:57.326Z
macro-agent,Macro Agent,stay_silent,"[""stale_headline_no_thesis"",""fresh_catalyst_signal"",""unresolved_thesis_nudge""]",89,oil_structure,"{""headline_id"":""989c734d"",""agent_id"":""macro-agent"",""headline_title"":""Economic and event calendar in Asia Tuesday, April 21, 2026. New Zealand inflation data."",""headline_type"":""macro_release"",""direct_relevance_score"":10,""indirect_relevance_score"":10,""market_signal_strength"":""high"",""is_new_information"":false,""is_cross_asset_relevant"":true,""primary_mechanism"":""CPI print → real yield repricing → Fed path recalibration → duration positioning"",""affected_assets"":[],""what_changed"":""Economic and event calendar in Asia Tuesday, April 21, 2026. New Zealand inflation data."",""linked_existing_thesis_id"":null,""recommended_action"":""comment_on_other"",""comment_purpose"":""confirm_existing_thesis"",""historical_analog_candidate"":null}",2026-04-20T21:00:56.618Z
risk-sentiment-agent,Risk/Sentiment Agent,new_post,"[""novelty_above_threshold"",""fresh_catalyst_signal"",""matched_thesis_update""]",80,duration_pressure,"{""headline_id"":""9ea13f05"",""agent_id"":""risk-sentiment-agent"",""headline_title"":""1 Mooning  Stock Worth Your Attention and 2 We Find Risky"",""headline_type"":""other"",""direct_relevance_score"":3,""indirect_relevance_score"":4,""market_signal_strength"":""high"",""is_new_information"":true,""is_cross_asset_relevant"":true,""primary_mechanism"":"""",""affected_assets"":[""sp500"",""nasdaq""],""what_changed"":""1 Mooning  Stock Worth Your Attention and 2 We Find Risky"",""linked_existing_thesis_id"":null,""recommended_action"":""comment_on_other"",""comment_purpose"":""add_cross_asset_spillover"",""historical_analog_candidate"":null}",2026-04-20T20:01:20.117Z
commodities-agent,Commodities Agent,stay_silent,"[""stale_headline_thesis_update"",""fresh_catalyst_signal"",""matched_thesis_update"",""weak_catalyst_materiality_gate""]",81,metals_growth,"{""headline_id"":""cc392f51"",""agent_id"":""commodities-agent"",""headline_title"":""UK stocks slip as uncertainty over US-Iran ceasefire lifts oil prices - Reuters"",""headline_type"":""geopolitical"",""direct_relevance_score"":3,""indirect_relevance_score"":4,""market_signal_strength"":""low"",""is_new_information"":false,""is_cross_asset_relevant"":true,""primary_mechanism"":""Geopolitical shock → risk premium expansion → commodity/currency safe-haven flows"",""affected_assets"":[""wti"",""brent""],""what_changed"":""UK stocks slip as uncertainty over US-Iran ceasefire lifts oil prices - Reuters"",""linked_existing_thesis_id"":""489aac32-aa52-443f-b16d-ce5cf261db3f"",""recommended_action"":""update_existing"",""comment_purpose"":null,""historical_analog_candidate"":null}",2026-04-20T20:01:19.552Z
equities-agent,Equities Agent,update_existing,"[""high_thesis_load"",""matched_thesis_update"",""fresh_catalyst_signal"",""stance_lock_challenge""]",86,ai_concentration,"{""headline_id"":""8d5bfc51"",""agent_id"":""equities-agent"",""headline_title"":""William Blair Initiates Cameco at Outperform With $165 Fair Value: Is Uranium Entering a Supercycle?"",""headline_type"":""other"",""direct_relevance_score"":5,""indirect_relevance_score"":4,""market_signal_strength"":""high"",""is_new_information"":true,""is_cross_asset_relevant"":true,""primary_mechanism"":"""",""affected_assets"":[],""what_changed"":""William Blair Initiates Cameco at Outperform With $165 Fair Value: Is Uranium Entering a Supercycle?"",""linked_existing_thesis_id"":null,""recommended_action"":""comment_on_other"",""comment_purpose"":""add_cross_asset_spillover"",""historical_analog_candidate"":null}",2026-04-20T20:01:01.802Z
fx-agent,FX Agent,comment_only,"[""headline_routed_to_comment"",""fresh_catalyst_signal"",""matched_thesis_update"",""deprioritized_topic""]",47,dollar_path,"{""headline_id"":""9ea13f05"",""agent_id"":""fx-agent"",""headline_title"":""1 Mooning  Stock Worth Your Attention and 2 We Find Risky"",""headline_type"":""other"",""direct_relevance_score"":0,""indirect_relevance_score"":4,""market_signal_strength"":""high"",""is_new_information"":true,""is_cross_asset_relevant"":true,""primary_mechanism"":"""",""affected_assets"":[""sp500"",""nasdaq""],""what_changed"":""1 Mooning  Stock Worth Your Attention and 2 We Find Risky"",""linked_existing_thesis_id"":""cb81fe2a-924c-4eaa-a979-b87fd26e3dcd"",""recommended_action"":""comment_on_other"",""comment_purpose"":""add_cross_asset_spillover"",""historical_analog_candidate"":null}",2026-04-20T20:01:01.236Z
rates-agent,Rates Agent,stay_silent,"[""novelty_above_threshold"",""fresh_catalyst_signal"",""matched_thesis_update"",""rates_template_repetition"",""no_fresh_signal""]",78,duration_pressure,"{""headline_id"":""9ea13f05"",""agent_id"":""rates-agent"",""headline_title"":""1 Mooning  Stock Worth Your Attention and 2 We Find Risky"",""headline_type"":""other"",""direct_relevance_score"":0,""indirect_relevance_score"":4,""market_signal_strength"":""high"",""is_new_information"":true,""is_cross_asset_relevant"":true,""primary_mechanism"":"""",""affected_assets"":[""sp500"",""nasdaq""],""what_changed"":""1 Mooning  Stock Worth Your Attention and 2 We Find Risky"",""linked_existing_thesis_id"":null,""recommended_action"":""stay_silent"",""comment_purpose"":null,""historical_analog_candidate"":null}",2026-04-20T20:01:00.528Z
macro-agent,Macro Agent,stay_silent,"[""novelty_above_threshold"",""fresh_catalyst_signal"",""unresolved_thesis_nudge"",""weak_catalyst_materiality_gate""]",89,oil_structure,"{""headline_id"":""4d43b055"",""agent_id"":""macro-agent"",""headline_title"":""Terrific Digital Highlights Paid Search Work Spanning UserWay Engagement and Level Access Transition"",""headline_type"":""other"",""direct_relevance_score"":3,""indirect_relevance_score"":6,""market_signal_strength"":""low"",""is_new_information"":true,""is_cross_asset_relevant"":true,""primary_mechanism"":"""",""affected_assets"":[],""what_changed"":""Terrific Digital Highlights Paid Search Work Spanning UserWay Engagement and Level Access Transition"",""linked_existing_thesis_id"":null,""recommended_action"":""comment_on_other"",""comment_purpose"":""add_cross_asset_spillover"",""historical_analog_candidate"":null}",2026-04-20T20:00:59.824Z
risk-sentiment-agent,Risk/Sentiment Agent,stay_silent,"[""novelty_above_threshold"",""fresh_catalyst_signal"",""matched_thesis_update"",""run_catalyst_claimed"",""weak_catalyst_materiality_gate""]",80,duration_pressure,"{""headline_id"":""78dee572"",""agent_id"":""risk-sentiment-agent"",""headline_title"":""Broadcom shares slip after nine-session winning streak (NASDAQ:AVGO)"",""headline_type"":""other"",""direct_relevance_score"":3,""indirect_relevance_score"":4,""market_signal_strength"":""low"",""is_new_information"":true,""is_cross_asset_relevant"":true,""primary_mechanism"":"""",""affected_assets"":[""sp500"",""nasdaq""],""what_changed"":""Broadcom shares slip after nine-session winning streak"",""linked_existing_thesis_id"":null,""recommended_action"":""comment_on_other"",""comment_purpose"":""add_cross_asset_spillover"",""historical_analog_candidate"":null}",2026-04-20T19:01:27.102Z
commodities-agent,Commodities Agent,stay_silent,"[""novelty_above_threshold"",""fresh_catalyst_signal"",""matched_thesis_update"",""weak_catalyst_materiality_gate""]",81,metals_growth,"{""headline_id"":""34578174"",""agent_id"":""commodities-agent"",""headline_title"":""Verusen Appoints Kevin Epp as Principal Functional Consultant, Expanding MRO Inventory Optimization Expertise"",""headline_type"":""other"",""direct_relevance_score"":9,""indirect_relevance_score"":4,""market_signal_strength"":""low"",""is_new_information"":true,""is_cross_asset_relevant"":true,""primary_mechanism"":"""",""affected_assets"":[],""what_changed"":""Verusen Appoints Kevin Epp as Principal Functional Consultant, Expanding MRO Inventory Optimization Expertise"",""linked_existing_thesis_id"":null,""recommended_action"":""comment_on_other"",""comment_purpose"":""add_cross_asset_spillover"",""historical_analog_candidate"":null}",2026-04-20T19:01:26.540Z
equities-agent,Equities Agent,update_existing,"[""high_thesis_load"",""matched_thesis_update"",""fresh_catalyst_signal"",""stance_lock_challenge""]",83,consumer_equities,"{""headline_id"":""4cc9c1b7"",""agent_id"":""equities-agent"",""headline_title"":""American Airlines Shuts Down United Merger Talk, Stock Falls"",""headline_type"":""company_news"",""direct_relevance_score"":7,""indirect_relevance_score"":6,""market_signal_strength"":""low"",""is_new_information"":true,""is_cross_asset_relevant"":true,""primary_mechanism"":"""",""affected_assets"":[""sp500"",""nasdaq""],""what_changed"":""American Airlines Shuts Down United Merger Talk, Stock Falls"",""linked_existing_thesis_id"":""14475cb9-95ff-4f70-b24d-6892f5dec76c"",""recommended_action"":""update_existing"",""comment_purpose"":null,""historical_analog_candidate"":null}",2026-04-20T19:01:11.610Z
fx-agent,FX Agent,update_existing,"[""matched_thesis_update"",""fresh_catalyst_signal"",""deprioritized_topic""]",44,dollar_path,"{""headline_id"":""2263c728"",""agent_id"":""fx-agent"",""headline_title"":""B2Gold Announces Agreement to Sell its 70% Interest in Fingold Joint Venture to Agnico Eagle for US$325 million; B2Gold and Agnico Eagle to Enter into Nunavut Collaboration Agreement"",""headline_type"":""other"",""direct_relevance_score"":3,""indirect_relevance_score"":4,""market_signal_strength"":""high"",""is_new_information"":true,""is_cross_asset_relevant"":true,""primary_mechanism"":""Gold move → real rate signal (inverse of TIPS yield) → dollar direction → safe-haven demand"",""affected_assets"":[],""what_changed"":""B2Gold Announces Agreement to Sell its 70% Interest in Fingold Joint Venture to Agnico Eagle for US$325 million; B2Gold and Agnico Eagle to Enter into Nunavut Collaboration Agreement"",""linked_existing_thesis_id"":null,""recommended_action"":""new_post"",""comment_purpose"":null,""historical_analog_candidate"":null}",2026-04-20T19:00:59.195Z
rates-agent,Rates Agent,stay_silent,"[""novelty_above_threshold"",""fresh_catalyst_signal"",""matched_thesis_update"",""weak_catalyst_materiality_gate""]",78,duration_pressure,"{""headline_id"":""f96a0933"",""agent_id"":""rates-agent"",""headline_title"":""WaterBridge Shares Rise After Goldman Sachs Upgrade"",""headline_type"":""other"",""direct_relevance_score"":0,""indirect_relevance_score"":2,""market_signal_strength"":""low"",""is_new_information"":true,""is_cross_asset_relevant"":false,""primary_mechanism"":""Gold move → real rate signal (inverse of TIPS yield) → dollar direction → safe-haven demand"",""affected_assets"":[],""what_changed"":""WaterBridge Shares Rise After Goldman Sachs Upgrade"",""linked_existing_thesis_id"":null,""recommended_action"":""stay_silent"",""comment_purpose"":null,""historical_analog_candidate"":null}",2026-04-20T19:00:58.429Z
macro-agent,Macro Agent,stay_silent,"[""novelty_above_threshold"",""fresh_catalyst_signal"",""unresolved_thesis_nudge"",""weak_catalyst_materiality_gate""]",89,oil_structure,"{""headline_id"":""66b01c82"",""agent_id"":""macro-agent"",""headline_title"":""Seagate Technology price target boosted by Bank of America ahead of quarterly report"",""headline_type"":""other"",""direct_relevance_score"":3,""indirect_relevance_score"":8,""market_signal_strength"":""low"",""is_new_information"":true,""is_cross_asset_relevant"":true,""primary_mechanism"":"""",""affected_assets"":[],""what_changed"":""Seagate Technology price target boosted by Bank of America ahead of quarterly report"",""linked_existing_thesis_id"":null,""recommended_action"":""comment_on_other"",""comment_purpose"":""add_cross_asset_spillover"",""historical_analog_candidate"":null}",2026-04-20T19:00:57.665Z
risk-sentiment-agent,Risk/Sentiment Agent,stay_silent,"[""novelty_above_threshold"",""no_fresh_signal"",""matched_thesis_update"",""domain_relevance_low"",""weak_catalyst_materiality_gate""]",80,duration_pressure,,2026-04-20T18:01:00.675Z
commodities-agent,Commodities Agent,stay_silent,"[""stale_headline_thesis_update"",""fresh_catalyst_signal"",""matched_thesis_update"",""weak_catalyst_materiality_gate""]",82,metals_growth,"{""headline_id"":""fd9b384b"",""agent_id"":""commodities-agent"",""headline_title"":""Agnico Eagle Just Bought An Entire Gold District — Here's What It's Planning"",""headline_type"":""commodity_specific"",""direct_relevance_score"":3,""indirect_relevance_score"":6,""market_signal_strength"":""low"",""is_new_information"":false,""is_cross_asset_relevant"":true,""primary_mechanism"":""Gold move → real rate signal (inverse of TIPS yield) → dollar direction → safe-haven demand"",""affected_assets"":[""gold""],""what_changed"":""Agnico Eagle Just Bought An Entire Gold District — Here's What It's Planning"",""linked_existing_thesis_id"":null,""recommended_action"":""stay_silent"",""comment_purpose"":null,""historical_analog_candidate"":null}",2026-04-20T18:00:59.989Z
equities-agent,Equities Agent,stay_silent,"[""stale_headline_no_thesis"",""fresh_catalyst_signal""]",90,metals_growth,"{""headline_id"":""b1d92d52"",""agent_id"":""equities-agent"",""headline_title"":""Vicor Q1 2026 Earnings Preview (NASDAQ:VICR)"",""headline_type"":""company_news"",""direct_relevance_score"":3,""indirect_relevance_score"":2,""market_signal_strength"":""high"",""is_new_information"":false,""is_cross_asset_relevant"":false,""primary_mechanism"":"""",""affected_assets"":[""sp500"",""nasdaq""],""what_changed"":""Vicor Q1 2026 Earnings Preview"",""linked_existing_thesis_id"":""14475cb9-95ff-4f70-b24d-6892f5dec76c"",""recommended_action"":""stay_silent"",""comment_purpose"":null,""historical_analog_candidate"":null}",2026-04-20T18:00:59.361Z
fx-agent,FX Agent,stay_silent,"[""novelty_above_threshold"",""fresh_catalyst_signal"",""matched_thesis_update"",""weak_catalyst_materiality_gate""]",86,gold_real_rates,"{""headline_id"":""fd9b384b"",""agent_id"":""fx-agent"",""headline_title"":""Agnico Eagle Just Bought An Entire Gold District — Here's What It's Planning"",""headline_type"":""commodity_specific"",""direct_relevance_score"":3,""indirect_relevance_score"":6,""market_signal_strength"":""low"",""is_new_information"":true,""is_cross_asset_relevant"":true,""primary_mechanism"":""Gold move → real rate signal (inverse of TIPS yield) → dollar direction → safe-haven demand"",""affected_assets"":[""gold""],""what_changed"":""Agnico Eagle Just Bought An Entire Gold District — Here's What It's Planning"",""linked_existing_thesis_id"":null,""recommended_action"":""comment_on_other"",""comment_purpose"":""add_cross_asset_spillover"",""historical_analog_candidate"":null}",2026-04-20T18:00:58.663Z
rates-agent,Rates Agent,stay_silent,"[""novelty_above_threshold"",""no_fresh_signal"",""matched_thesis_update"",""rates_template_repetition""]",78,duration_pressure,,2026-04-20T18:00:57.956Z
macro-agent,Macro Agent,stay_silent,"[""novelty_above_threshold"",""fresh_catalyst_signal"",""unresolved_thesis_nudge"",""weak_catalyst_materiality_gate""]",89,oil_structure,"{""headline_id"":""4d43b055"",""agent_id"":""macro-agent"",""headline_title"":""Terrific Digital Highlights Paid Search Work Spanning UserWay Engagement and Level Access Transition"",""headline_type"":""other"",""direct_relevance_score"":3,""indirect_relevance_score"":6,""market_signal_strength"":""low"",""is_new_information"":true,""is_cross_asset_relevant"":true,""primary_mechanism"":"""",""affected_assets"":[],""what_changed"":""Terrific Digital Highlights Paid Search Work Spanning UserWay Engagement and Level Access Transition"",""linked_existing_thesis_id"":null,""recommended_action"":""comment_on_other"",""comment_purpose"":""add_cross_asset_spillover"",""historical_analog_candidate"":null}",2026-04-20T18:00:57.201Z
risk-sentiment-agent,Risk/Sentiment Agent,stay_silent,"[""novelty_above_threshold"",""fresh_catalyst_signal"",""matched_thesis_update"",""weak_catalyst_materiality_gate""]",80,duration_pressure,"{""headline_id"":""f955819a"",""agent_id"":""risk-sentiment-agent"",""headline_title"":""Applied Materials: The Next Correction Candidate (NASDAQ:AMAT)"",""headline_type"":""other"",""direct_relevance_score"":3,""indirect_relevance_score"":4,""market_signal_strength"":""low"",""is_new_information"":true,""is_cross_asset_relevant"":true,""primary_mechanism"":"""",""affected_assets"":[""sp500"",""nasdaq""],""what_changed"":""Applied Materials: The Next Correction Candidate"",""linked_existing_thesis_id"":null,""recommended_action"":""comment_on_other"",""comment_purpose"":""add_cross_asset_spillover"",""historical_analog_candidate"":null}",2026-04-20T17:01:25.997Z
commodities-agent,Commodities Agent,stay_silent,"[""headline_routed_to_comment"",""fresh_catalyst_signal"",""matched_thesis_update"",""weak_catalyst_materiality_gate""]",48,gas_power,"{""headline_id"":""ebb17c1e"",""agent_id"":""commodities-agent"",""headline_title"":""Italian Oil & Gas Major Eni Announces Significant Kutei Basin Discovery"",""headline_type"":""other"",""direct_relevance_score"":5,""indirect_relevance_score"":4,""market_signal_strength"":""low"",""is_new_information"":true,""is_cross_asset_relevant"":true,""primary_mechanism"":"""",""affected_assets"":[""wti"",""brent""],""what_changed"":""Italian Oil & Gas Major Eni Announces Significant Kutei Basin Discovery"",""linked_existing_thesis_id"":""489aac32-aa52-443f-b16d-ce5cf261db3f"",""recommended_action"":""comment_on_other"",""comment_purpose"":""add_cross_asset_spillover"",""historical_analog_candidate"":null}",2026-04-20T17:01:25.316Z
equities-agent,Equities Agent,update_existing,"[""stale_agent_thesis"",""unresolved_thesis_nudge"",""fresh_catalyst_signal"",""matched_thesis_update"",""stance_lock_challenge""]",56,banks_small_caps,"{""headline_id"":""8d5bfc51"",""agent_id"":""equities-agent"",""headline_title"":""William Blair Initiates Cameco at Outperform With $165 Fair Value: Is Uranium Entering a Supercycle?"",""headline_type"":""other"",""direct_relevance_score"":5,""indirect_relevance_score"":4,""market_signal_strength"":""high"",""is_new_information"":true,""is_cross_asset_relevant"":true,""primary_mechanism"":"""",""affected_assets"":[],""what_changed"":""William Blair Initiates Cameco at Outperform With $165 Fair Value: Is Uranium Entering a Supercycle?"",""linked_existing_thesis_id"":null,""recommended_action"":""comment_on_other"",""comment_purpose"":""add_cross_asset_spillover"",""historical_analog_candidate"":null}",2026-04-20T17:01:00.545Z
fx-agent,FX Agent,stay_silent,"[""matched_thesis_update"",""fresh_catalyst_signal"",""deprioritized_topic"",""weak_catalyst_materiality_gate""]",44,dollar_path,"{""headline_id"":""8507d7b9"",""agent_id"":""fx-agent"",""headline_title"":""Aevex Stock Rockets On IPO Debut: Wall Street's New War Unicorn"",""headline_type"":""geopolitical"",""direct_relevance_score"":5,""indirect_relevance_score"":8,""market_signal_strength"":""low"",""is_new_information"":true,""is_cross_asset_relevant"":true,""primary_mechanism"":""Dollar move → EM debt burden → commodity price translation → US export competitiveness → FX carry unwind risk"",""affected_assets"":[""sp500"",""nasdaq""],""what_changed"":""Aevex Stock Rockets On IPO Debut: Wall Street's New War Unicorn"",""linked_existing_thesis_id"":""cb81fe2a-924c-4eaa-a979-b87fd26e3dcd"",""recommended_action"":""update_existing"",""comment_purpose"":null,""historical_analog_candidate"":null}",2026-04-20T17:00:59.839Z
rates-agent,Rates Agent,stay_silent,"[""novelty_above_threshold"",""no_fresh_signal"",""matched_thesis_update"",""rates_template_repetition""]",78,duration_pressure,,2026-04-20T17:00:59.137Z
macro-agent,Macro Agent,stay_silent,"[""novelty_above_threshold"",""fresh_catalyst_signal"",""weak_catalyst_materiality_gate""]",91,ai_concentration,"{""headline_id"":""88e95020"",""agent_id"":""macro-agent"",""headline_title"":""Gyde Acquires Benavest to Expand AI-Powered Brokerage Platform and Accelerate Consumer Health Insurance Growth"",""headline_type"":""other"",""direct_relevance_score"":5,""indirect_relevance_score"":8,""market_signal_strength"":""low"",""is_new_information"":true,""is_cross_asset_relevant"":true,""primary_mechanism"":"""",""affected_assets"":[],""what_changed"":""Gyde Acquires Benavest to Expand AI-Powered Brokerage Platform and Accelerate Consumer Health Insurance Growth"",""linked_existing_thesis_id"":null,""recommended_action"":""comment_on_other"",""comment_purpose"":""add_cross_asset_spillover"",""historical_analog_candidate"":null}",2026-04-20T17:00:58.418Z
risk-sentiment-agent,Risk/Sentiment Agent,comment_only,"[""novelty_above_threshold"",""fresh_catalyst_signal"",""matched_thesis_update"",""run_catalyst_claimed""]",82,duration_pressure,"{""headline_id"":""a37237a2"",""agent_id"":""risk-sentiment-agent"",""headline_title"":""Why is the US stock market crashing today and Dow Jones, S&P 500, Nasdaq down? Dow falls more than 130 points while S&P 500, Nasdaq also negative"",""headline_type"":""other"",""direct_relevance_score"":3,""indirect_relevance_score"":10,""market_signal_strength"":""high"",""is_new_information"":true,""is_cross_asset_relevant"":true,""primary_mechanism"":"""",""affected_assets"":[""sp500"",""nasdaq""],""what_changed"":""Why is the US stock market crashing today and Dow Jones, S&P 500, Nasdaq down? Dow falls more than 130 points while S&P 500, Nasdaq also negative"",""linked_existing_thesis_id"":null,""recommended_action"":""comment_on_other"",""comment_purpose"":""add_cross_asset_spillover"",""historical_analog_candidate"":null}",2026-04-20T16:01:47.974Z
commodities-agent,Commodities Agent,update_existing,"[""matched_thesis_update"",""fresh_catalyst_signal""]",48,gas_power,"{""headline_id"":""2263c728"",""agent_id"":""commodities-agent"",""headline_title"":""B2Gold Announces Agreement to Sell its 70% Interest in Fingold Joint Venture to Agnico Eagle for US$325 million; B2Gold and Agnico Eagle to Enter into Nunavut Collaboration Agreement"",""headline_type"":""other"",""direct_relevance_score"":3,""indirect_relevance_score"":4,""market_signal_strength"":""high"",""is_new_information"":true,""is_cross_asset_relevant"":true,""primary_mechanism"":""Gold move → real rate signal (inverse of TIPS yield) → dollar direction → safe-haven demand"",""affected_assets"":[],""what_changed"":""B2Gold Announces Agreement to Sell its 70% Interest in Fingold Joint Venture to Agnico Eagle for US$325 million; B2Gold and Agnico Eagle to Enter into Nunavut Collaboration Agreement"",""linked_existing_thesis_id"":null,""recommended_action"":""new_post"",""comment_purpose"":null,""historical_analog_candidate"":null}",2026-04-20T16:01:34.884Z
equities-agent,Equities Agent,new_post,"[""novelty_above_threshold"",""fresh_catalyst_signal"",""stance_lock_challenge""]",90,ai_concentration,"{""headline_id"":""a37237a2"",""agent_id"":""equities-agent"",""headline_title"":""Why is the US stock market crashing today and Dow Jones, S&P 500, Nasdaq down? Dow falls more than 130 points while S&P 500, Nasdaq also negative"",""headline_type"":""other"",""direct_relevance_score"":7,""indirect_relevance_score"":10,""market_signal_strength"":""high"",""is_new_information"":true,""is_cross_asset_relevant"":true,""primary_mechanism"":"""",""affected_assets"":[""sp500"",""nasdaq""],""what_changed"":""Why is the US stock market crashing today and Dow Jones, S&P 500, Nasdaq down? Dow falls more than 130 points while S&P 500, Nasdaq also negative"",""linked_existing_thesis_id"":""e4779aec-58b4-4d7c-b860-3a826124d396"",""recommended_action"":""update_existing"",""comment_purpose"":null,""historical_analog_candidate"":null}",2026-04-20T16:01:21.944Z
fx-agent,FX Agent,update_existing,"[""matched_thesis_update"",""fresh_catalyst_signal"",""deprioritized_topic""]",45,dollar_path,"{""headline_id"":""2263c728"",""agent_id"":""fx-agent"",""headline_title"":""B2Gold Announces Agreement to Sell its 70% Interest in Fingold Joint Venture to Agnico Eagle for US$325 million; B2Gold and Agnico Eagle to Enter into Nunavut Collaboration Agreement"",""headline_type"":""other"",""direct_relevance_score"":3,""indirect_relevance_score"":4,""market_signal_strength"":""high"",""is_new_information"":true,""is_cross_asset_relevant"":true,""primary_mechanism"":""Gold move → real rate signal (inverse of TIPS yield) → dollar direction → safe-haven demand"",""affected_assets"":[],""what_changed"":""B2Gold Announces Agreement to Sell its 70% Interest in Fingold Joint Venture to Agnico Eagle for US$325 million; B2Gold and Agnico Eagle to Enter into Nunavut Collaboration Agreement"",""linked_existing_thesis_id"":null,""recommended_action"":""new_post"",""comment_purpose"":null,""historical_analog_candidate"":null}",2026-04-20T16:01:10.920Z
rates-agent,Rates Agent,stay_silent,"[""novelty_above_threshold"",""fresh_catalyst_signal"",""matched_thesis_update"",""rates_template_repetition"",""no_fresh_signal""]",81,duration_pressure,"{""headline_id"":""a37237a2"",""agent_id"":""rates-agent"",""headline_title"":""Why is the US stock market crashing today and Dow Jones, S&P 500, Nasdaq down? Dow falls more than 130 points while S&P 500, Nasdaq also negative"",""headline_type"":""other"",""direct_relevance_score"":5,""indirect_relevance_score"":10,""market_signal_strength"":""high"",""is_new_information"":true,""is_cross_asset_relevant"":true,""primary_mechanism"":"""",""affected_assets"":[""sp500"",""nasdaq""],""what_changed"":""Why is the US stock market crashing today and Dow Jones, S&P 500, Nasdaq down? Dow falls more than 130 points while S&P 500, Nasdaq also negative"",""linked_existing_thesis_id"":null,""recommended_action"":""comment_on_other"",""comment_purpose"":""add_cross_asset_spillover"",""historical_analog_candidate"":null}",2026-04-20T16:01:10.220Z
macro-agent,Macro Agent,new_post,"[""novelty_above_threshold"",""fresh_catalyst_signal"",""stance_lock_challenge""]",92,gold_real_rates,"{""headline_id"":""6f1549bc"",""agent_id"":""macro-agent"",""headline_title"":""U.S. GoldMining Mobilizes 2026 Exploration Program Targeting District-Scale Potential at the Whistler Project, Alaska"",""headline_type"":""other"",""direct_relevance_score"":3,""indirect_relevance_score"":4,""market_signal_strength"":""high"",""is_new_information"":true,""is_cross_asset_relevant"":true,""primary_mechanism"":""Gold move → real rate signal (inverse of TIPS yield) → dollar direction → safe-haven demand"",""affected_assets"":[],""what_changed"":""U.S. GoldMining Mobilizes 2026 Exploration Program Targeting District-Scale Potential at the Whistler Project, Alaska"",""linked_existing_thesis_id"":null,""recommended_action"":""new_post"",""comment_purpose"":null,""historical_analog_candidate"":null}",2026-04-20T16:00:59.215Z
risk-sentiment-agent,Risk/Sentiment Agent,stay_silent,"[""novelty_above_threshold"",""no_fresh_signal"",""matched_thesis_update"",""domain_relevance_low"",""weak_catalyst_materiality_gate""]",82,duration_pressure,,2026-04-20T14:24:03.319Z
commodities-agent,Commodities Agent,update_existing,"[""stale_agent_thesis"",""unresolved_thesis_nudge"",""fresh_catalyst_signal"",""matched_thesis_update"",""deprioritized_topic""]",51,gas_power,"{""headline_id"":""0b55e8c6"",""agent_id"":""commodities-agent"",""headline_title"":""When oil prices spike, where does the money go?"",""headline_type"":""other"",""direct_relevance_score"":3,""indirect_relevance_score"":2,""market_signal_strength"":""high"",""is_new_information"":true,""is_cross_asset_relevant"":false,""primary_mechanism"":"""",""affected_assets"":[""wti"",""brent""],""what_changed"":""When oil prices spike, where does the money go?"",""linked_existing_thesis_id"":""489aac32-aa52-443f-b16d-ce5cf261db3f"",""recommended_action"":""stay_silent"",""comment_purpose"":null,""historical_analog_candidate"":null}",2026-04-20T14:23:53.363Z
equities-agent,Equities Agent,stay_silent,"[""novelty_above_threshold"",""no_fresh_signal"",""weak_catalyst_materiality_gate""]",90,ai_concentration,,2026-04-20T14:23:53.093Z
fx-agent,FX Agent,update_existing,"[""matched_thesis_update"",""no_fresh_signal"",""deprioritized_topic"",""domain_relevance_low""]",51,dollar_path,,2026-04-20T14:23:42.126Z
rates-agent,Rates Agent,stay_silent,"[""novelty_above_threshold"",""no_fresh_signal"",""matched_thesis_update"",""rates_template_repetition""]",78,duration_pressure,,2026-04-20T14:23:41.815Z
macro-agent,Macro Agent,update_existing,"[""high_thesis_load"",""matched_thesis_update"",""no_fresh_signal"",""domain_relevance_low"",""stance_lock_challenge""]",77,real_yields,,2026-04-20T14:23:32.807Z
risk-sentiment-agent,Risk/Sentiment Agent,stay_silent,"[""novelty_above_threshold"",""no_fresh_signal"",""matched_thesis_update"",""domain_relevance_low"",""weak_catalyst_materiality_gate""]",84,crypto_speculation,,2026-04-20T14:18:59.165Z
commodities-agent,Commodities Agent,stay_silent,"[""headline_routed_to_comment"",""fresh_catalyst_signal"",""matched_thesis_update"",""deprioritized_topic"",""unresolved_thesis_nudge"",""weak_catalyst_materiality_gate""]",51,gas_power,"{""headline_id"":""126a57d0"",""agent_id"":""commodities-agent"",""headline_title"":""Blue Moon to Ring Nasdaq Closing Bell"",""headline_type"":""other"",""direct_relevance_score"":5,""indirect_relevance_score"":6,""market_signal_strength"":""low"",""is_new_information"":true,""is_cross_asset_relevant"":true,""primary_mechanism"":""Copper move → global growth proxy → industrial demand signal → EM capex cycle indicator"",""affected_assets"":[""sp500"",""nasdaq""],""what_changed"":""Blue Moon to Ring Nasdaq Closing Bell"",""linked_existing_thesis_id"":null,""recommended_action"":""comment_on_other"",""comment_purpose"":""add_cross_asset_spillover"",""historical_analog_candidate"":null}",2026-04-20T14:18:58.871Z
equities-agent,Equities Agent,update_existing,"[""high_thesis_load"",""matched_thesis_update"",""fresh_catalyst_signal"",""stance_lock_challenge""]",83,consumer_equities,"{""headline_id"":""4574e90a"",""agent_id"":""equities-agent"",""headline_title"":""Jim Cramer's top 10 things to watch in the stock market Monday"",""headline_type"":""other"",""direct_relevance_score"":5,""indirect_relevance_score"":4,""market_signal_strength"":""low"",""is_new_information"":true,""is_cross_asset_relevant"":true,""primary_mechanism"":"""",""affected_assets"":[""sp500"",""nasdaq""],""what_changed"":""Jim Cramer's top 10 things to watch in the stock market Monday"",""linked_existing_thesis_id"":""e4779aec-58b4-4d7c-b860-3a826124d396"",""recommended_action"":""comment_on_other"",""comment_purpose"":""add_cross_asset_spillover"",""historical_analog_candidate"":null}",2026-04-20T14:18:49.971Z
fx-agent,FX Agent,stay_silent,"[""matched_thesis_update"",""no_fresh_signal"",""deprioritized_topic"",""repeated_catalyst_no_delta""]",51,dollar_path,,2026-04-20T14:18:49.667Z
rates-agent,Rates Agent,new_post,"[""novelty_above_threshold"",""fresh_catalyst_signal"",""matched_thesis_update"",""stance_lock_challenge""]",76,treasury_auctions,"{""headline_id"":""357af93c"",""agent_id"":""rates-agent"",""headline_title"":""What average investors should know about Fed nominee Kevin Warsh"",""headline_type"":""policy"",""direct_relevance_score"":3,""indirect_relevance_score"":4,""market_signal_strength"":""medium"",""is_new_information"":true,""is_cross_asset_relevant"":true,""primary_mechanism"":""Policy signal → forward guidance repricing → asset allocation shift"",""affected_assets"":[],""what_changed"":""What average investors should know about Fed nominee Kevin Warsh"",""linked_existing_thesis_id"":null,""recommended_action"":""new_post"",""comment_purpose"":null,""historical_analog_candidate"":null}",2026-04-20T14:18:40.399Z
macro-agent,Macro Agent,update_existing,"[""high_thesis_load"",""matched_thesis_update"",""fresh_catalyst_signal"",""unresolved_thesis_nudge"",""stance_lock_challenge""]",61,policy_path,"{""headline_id"":""20863fe9"",""agent_id"":""macro-agent"",""headline_title"":""Saudi Q1 2026 earnings: Consensus estimates"",""headline_type"":""company_news"",""direct_relevance_score"":3,""indirect_relevance_score"":4,""market_signal_strength"":""high"",""is_new_information"":true,""is_cross_asset_relevant"":true,""primary_mechanism"":"""",""affected_assets"":[],""what_changed"":""Saudi Q1 2026 earnings: Consensus estimates"",""linked_existing_thesis_id"":null,""recommended_action"":""comment_on_other"",""comment_purpose"":""add_cross_asset_spillover"",""historical_analog_candidate"":null}",2026-04-20T14:17:28.427Z
risk-sentiment-agent,Risk/Sentiment Agent,stay_silent,"[""novelty_above_threshold"",""fresh_catalyst_signal"",""matched_thesis_update"",""weak_catalyst_materiality_gate""]",84,crypto_speculation,"{""headline_id"":""6ebbc719"",""agent_id"":""risk-sentiment-agent"",""headline_title"":""Blue Owl Capital Inc. filing confirms co-CEOs no longer backing personal loans with company shares (OWL:NYSE)"",""headline_type"":""other"",""direct_relevance_score"":3,""indirect_relevance_score"":4,""market_signal_strength"":""low"",""is_new_information"":true,""is_cross_asset_relevant"":true,""primary_mechanism"":"""",""affected_assets"":[],""what_changed"":""Blue Owl Capital Inc. filing confirms co-CEOs no longer backing personal loans with company shares"",""linked_existing_thesis_id"":null,""recommended_action"":""comment_on_other"",""comment_purpose"":""add_cross_asset_spillover"",""historical_analog_candidate"":null}",2026-04-20T13:52:12.233Z
commodities-agent,Commodities Agent,update_existing,"[""stale_headline_thesis_update"",""fresh_catalyst_signal"",""matched_thesis_update"",""deprioritized_topic"",""unresolved_thesis_nudge""]",51,gas_power,"{""headline_id"":""9dae14a7"",""agent_id"":""commodities-agent"",""headline_title"":""Oil Prices Jump As U.S. Seizes Ship, Iran Takes Harder Line; S&P 500 Futures Fall"",""headline_type"":""geopolitical"",""direct_relevance_score"":3,""indirect_relevance_score"":4,""market_signal_strength"":""high"",""is_new_information"":false,""is_cross_asset_relevant"":true,""primary_mechanism"":""Geopolitical shock → risk premium expansion → commodity/currency safe-haven flows"",""affected_assets"":[""wti"",""brent"",""sp500"",""nasdaq""],""what_changed"":""Oil Prices Jump As U.S. Seizes Ship, Iran Takes Harder Line; S&P 500 Futures Fall"",""linked_existing_thesis_id"":""489aac32-aa52-443f-b16d-ce5cf261db3f"",""recommended_action"":""update_existing"",""comment_purpose"":null,""historical_analog_candidate"":null}",2026-04-20T13:52:03.267Z
equities-agent,Equities Agent,update_existing,"[""stale_agent_thesis"",""unresolved_thesis_nudge"",""fresh_catalyst_signal"",""matched_thesis_update"",""stance_lock_challenge""]",63,inflation_regime,"{""headline_id"":""fcf69359"",""agent_id"":""equities-agent"",""headline_title"":""Market Futures Retreat as Oil Prices Surge: Earnings Season Ramps Up with Cleveland-Cliffs and Steel Dynamics in Focus"",""headline_type"":""company_news"",""direct_relevance_score"":5,""indirect_relevance_score"":4,""market_signal_strength"":""high"",""is_new_information"":true,""is_cross_asset_relevant"":true,""primary_mechanism"":"""",""affected_assets"":[""wti"",""brent""],""what_changed"":""Market Futures Retreat as Oil Prices Surge: Earnings Season Ramps Up with Cleveland-Cliffs and Steel Dynamics in Focus"",""linked_existing_thesis_id"":""88b63aaf-90cd-4d96-ac44-2e1e79059eff"",""recommended_action"":""comment_on_other"",""comment_purpose"":""add_cross_asset_spillover"",""historical_analog_candidate"":null}",2026-04-20T13:51:49.307Z
fx-agent,FX Agent,new_post,"[""novelty_above_threshold"",""fresh_catalyst_signal"",""matched_thesis_update""]",87,carry_em_fx,"{""headline_id"":""9dae14a7"",""agent_id"":""fx-agent"",""headline_title"":""Oil Prices Jump As U.S. Seizes Ship, Iran Takes Harder Line; S&P 500 Futures Fall"",""headline_type"":""geopolitical"",""direct_relevance_score"":0,""indirect_relevance_score"":4,""market_signal_strength"":""high"",""is_new_information"":true,""is_cross_asset_relevant"":true,""primary_mechanism"":""Geopolitical shock → risk premium expansion → commodity/currency safe-haven flows"",""affected_assets"":[""wti"",""brent"",""sp500"",""nasdaq""],""what_changed"":""Oil Prices Jump As U.S. Seizes Ship, Iran Takes Harder Line; S&P 500 Futures Fall"",""linked_existing_thesis_id"":""cb81fe2a-924c-4eaa-a979-b87fd26e3dcd"",""recommended_action"":""update_existing"",""comment_purpose"":null,""historical_analog_candidate"":null}",2026-04-20T13:51:36.573Z
rates-agent,Rates Agent,new_post,"[""novelty_above_threshold"",""fresh_catalyst_signal"",""matched_thesis_update"",""stance_lock_challenge""]",78,duration_pressure,"{""headline_id"":""9dae14a7"",""agent_id"":""rates-agent"",""headline_title"":""Oil Prices Jump As U.S. Seizes Ship, Iran Takes Harder Line; S&P 500 Futures Fall"",""headline_type"":""geopolitical"",""direct_relevance_score"":0,""indirect_relevance_score"":4,""market_signal_strength"":""high"",""is_new_information"":true,""is_cross_asset_relevant"":true,""primary_mechanism"":""Geopolitical shock → risk premium expansion → commodity/currency safe-haven flows"",""affected_assets"":[""wti"",""brent"",""sp500"",""nasdaq""],""what_changed"":""Oil Prices Jump As U.S. Seizes Ship, Iran Takes Harder Line; S&P 500 Futures Fall"",""linked_existing_thesis_id"":null,""recommended_action"":""stay_silent"",""comment_purpose"":null,""historical_analog_candidate"":null}",2026-04-20T13:51:23.604Z
macro-agent,Macro Agent,stay_silent,"[""stale_headline_thesis_update"",""fresh_catalyst_signal"",""matched_thesis_update"",""weak_catalyst_materiality_gate""]",82,consumer_demand,"{""headline_id"":""67695152"",""agent_id"":""macro-agent"",""headline_title"":""Iran War Inflation Likely To Stick Even After Ceasefire, Economists Say"",""headline_type"":""macro_release"",""direct_relevance_score"":3,""indirect_relevance_score"":6,""market_signal_strength"":""low"",""is_new_information"":false,""is_cross_asset_relevant"":true,""primary_mechanism"":""Data release → market expectations update → rate path repricing"",""affected_assets"":[],""what_changed"":""Iran War Inflation Likely To Stick Even After Ceasefire, Economists Say"",""linked_existing_thesis_id"":null,""recommended_action"":""stay_silent"",""comment_purpose"":null,""historical_analog_candidate"":null}",2026-04-20T13:51:23.242Z
risk-sentiment-agent,Risk/Sentiment Agent,comment_only,"[""novelty_above_threshold"",""fresh_catalyst_signal"",""matched_thesis_update"",""run_catalyst_claimed""]",83,credit_stress,"{""headline_id"":""3e22e139"",""agent_id"":""risk-sentiment-agent"",""headline_title"":""U.S. Energy Corp. Closes Expanded Senior Secured Debt Facility, Completing Phase 1 Capital Stack for Big Sky Carbon Hub; Formally Suspends Use of Equity Line of Credit"",""headline_type"":""other"",""direct_relevance_score"":3,""indirect_relevance_score"":10,""market_signal_strength"":""high"",""is_new_information"":true,""is_cross_asset_relevant"":true,""primary_mechanism"":"""",""affected_assets"":[""sp500"",""nasdaq""],""what_changed"":""U.S. Energy Corp. Closes Expanded Senior Secured Debt Facility, Completing Phase 1 Capital Stack for Big Sky Carbon Hub; Formally Suspends Use of Equity Line of Credit"",""linked_existing_thesis_id"":null,""recommended_action"":""comment_on_other"",""comment_purpose"":""add_cross_asset_spillover"",""historical_analog_candidate"":null}",2026-04-20T13:01:54.410Z
commodities-agent,Commodities Agent,update_existing,"[""stale_agent_thesis"",""unresolved_thesis_nudge"",""fresh_catalyst_signal"",""matched_thesis_update"",""deprioritized_topic""]",51,gas_power,"{""headline_id"":""6f1549bc"",""agent_id"":""commodities-agent"",""headline_title"":""U.S. GoldMining Mobilizes 2026 Exploration Program Targeting District-Scale Potential at the Whistler Project, Alaska"",""headline_type"":""other"",""direct_relevance_score"":5,""indirect_relevance_score"":4,""market_signal_strength"":""high"",""is_new_information"":true,""is_cross_asset_relevant"":true,""primary_mechanism"":""Gold move → real rate signal (inverse of TIPS yield) → dollar direction → safe-haven demand"",""affected_assets"":[],""what_changed"":""U.S. GoldMining Mobilizes 2026 Exploration Program Targeting District-Scale Potential at the Whistler Project, Alaska"",""linked_existing_thesis_id"":null,""recommended_action"":""new_post"",""comment_purpose"":null,""historical_analog_candidate"":null}",2026-04-20T13:01:43.347Z
equities-agent,Equities Agent,new_post,"[""novelty_above_threshold"",""fresh_catalyst_signal"",""stance_lock_challenge""]",91,credit_stress,"{""headline_id"":""8f462b25"",""agent_id"":""equities-agent"",""headline_title"":""QXO To Acquire TopBuild In $17 Billion Deal"",""headline_type"":""other"",""direct_relevance_score"":5,""indirect_relevance_score"":4,""market_signal_strength"":""high"",""is_new_information"":true,""is_cross_asset_relevant"":true,""primary_mechanism"":"""",""affected_assets"":[],""what_changed"":""QXO To Acquire TopBuild In $17 Billion Deal"",""linked_existing_thesis_id"":null,""recommended_action"":""comment_on_other"",""comment_purpose"":""add_cross_asset_spillover"",""historical_analog_candidate"":null}",2026-04-20T13:01:27.549Z
fx-agent,FX Agent,update_existing,"[""matched_thesis_update"",""fresh_catalyst_signal"",""deprioritized_topic""]",51,dollar_path,"{""headline_id"":""2263c728"",""agent_id"":""fx-agent"",""headline_title"":""B2Gold Announces Agreement to Sell its 70% Interest in Fingold Joint Venture to Agnico Eagle for US$325 million; B2Gold and Agnico Eagle to Enter into Nunavut Collaboration Agreement"",""headline_type"":""other"",""direct_relevance_score"":3,""indirect_relevance_score"":4,""market_signal_strength"":""high"",""is_new_information"":true,""is_cross_asset_relevant"":true,""primary_mechanism"":""Gold move → real rate signal (inverse of TIPS yield) → dollar direction → safe-haven demand"",""affected_assets"":[],""what_changed"":""B2Gold Announces Agreement to Sell its 70% Interest in Fingold Joint Venture to Agnico Eagle for US$325 million; B2Gold and Agnico Eagle to Enter into Nunavut Collaboration Agreement"",""linked_existing_thesis_id"":null,""recommended_action"":""new_post"",""comment_purpose"":null,""historical_analog_candidate"":null}",2026-04-20T13:01:13.855Z
rates-agent,Rates Agent,stay_silent,"[""stale_headline_thesis_update"",""fresh_catalyst_signal"",""matched_thesis_update"",""repeated_catalyst_no_delta""]",78,duration_pressure,"{""headline_id"":""e42c3fb2"",""agent_id"":""rates-agent"",""headline_title"":""Oil price plunge on US-Iran peace hopes to give rupee, bonds some breather - Reuters"",""headline_type"":""commodity_specific"",""direct_relevance_score"":3,""indirect_relevance_score"":4,""market_signal_strength"":""high"",""is_new_information"":false,""is_cross_asset_relevant"":true,""primary_mechanism"":""Commodity supply/demand shift → price transmission → sector margins"",""affected_assets"":[""wti"",""brent""],""what_changed"":""Oil price plunge on US-Iran peace hopes to give rupee, bonds some breather - Reuters"",""linked_existing_thesis_id"":null,""recommended_action"":""stay_silent"",""comment_purpose"":null,""historical_analog_candidate"":null}",2026-04-20T13:01:13.456Z
macro-agent,Macro Agent,update_existing,"[""stale_agent_thesis"",""unresolved_thesis_nudge"",""fresh_catalyst_signal"",""matched_thesis_update"",""stance_lock_challenge""]",62,banks_small_caps,"{""headline_id"":""6f1549bc"",""agent_id"":""macro-agent"",""headline_title"":""U.S. GoldMining Mobilizes 2026 Exploration Program Targeting District-Scale Potential at the Whistler Project, Alaska"",""headline_type"":""other"",""direct_relevance_score"":3,""indirect_relevance_score"":4,""market_signal_strength"":""high"",""is_new_information"":true,""is_cross_asset_relevant"":true,""primary_mechanism"":""Gold move → real rate signal (inverse of TIPS yield) → dollar direction → safe-haven demand"",""affected_assets"":[],""what_changed"":""U.S. GoldMining Mobilizes 2026 Exploration Program Targeting District-Scale Potential at the Whistler Project, Alaska"",""linked_existing_thesis_id"":null,""recommended_action"":""new_post"",""comment_purpose"":null,""historical_analog_candidate"":null}",2026-04-20T13:00:53.615Z
commodities-agent,Commodities Agent,update_existing,"[""stale_agent_thesis"",""unresolved_thesis_nudge"",""fresh_catalyst_signal"",""matched_thesis_update"",""deprioritized_topic""]",51,gas_power,"{""headline_id"":""2263c728"",""agent_id"":""commodities-agent"",""headline_title"":""B2Gold Announces Agreement to Sell its 70% Interest in Fingold Joint Venture to Agnico Eagle for US$325 million; B2Gold and Agnico Eagle to Enter into Nunavut Collaboration Agreement"",""headline_type"":""other"",""direct_relevance_score"":3,""indirect_relevance_score"":4,""market_signal_strength"":""high"",""is_new_information"":true,""is_cross_asset_relevant"":true,""primary_mechanism"":""Gold move → real rate signal (inverse of TIPS yield) → dollar direction → safe-haven demand"",""affected_assets"":[],""what_changed"":""B2Gold Announces Agreement to Sell its 70% Interest in Fingold Joint Venture to Agnico Eagle for US$325 million; B2Gold and Agnico Eagle to Enter into Nunavut Collaboration Agreement"",""linked_existing_thesis_id"":null,""recommended_action"":""new_post"",""comment_purpose"":null,""historical_analog_candidate"":null}",2026-04-20T11:00:54.548Z
equities-agent,Equities Agent,comment_only,"[""headline_routed_to_comment"",""fresh_catalyst_signal"",""matched_thesis_update"",""unresolved_thesis_nudge""]",54,banks_small_caps,"{""headline_id"":""b5bb2af9"",""agent_id"":""equities-agent"",""headline_title"":""Tower Semiconductor Announces First Quarter 2026 Financial Results and Conference Call"",""headline_type"":""other"",""direct_relevance_score"":5,""indirect_relevance_score"":6,""market_signal_strength"":""high"",""is_new_information"":true,""is_cross_asset_relevant"":true,""primary_mechanism"":"""",""affected_assets"":[],""what_changed"":""Tower Semiconductor Announces First Quarter 2026 Financial Results and Conference Call"",""linked_existing_thesis_id"":null,""recommended_action"":""comment_on_other"",""comment_purpose"":""add_cross_asset_spillover"",""historical_analog_candidate"":null}",2026-04-20T11:00:54.129Z
fx-agent,FX Agent,stay_silent,"[""high_thesis_load"",""matched_thesis_update"",""fresh_catalyst_signal"",""deprioritized_topic"",""weak_catalyst_materiality_gate""]",52,dollar_path,"{""headline_id"":""0e412534"",""agent_id"":""fx-agent"",""headline_title"":""Gold falls on stronger dollar amid renewed US-Iran tensions - Reuters"",""headline_type"":""commodity_specific"",""direct_relevance_score"":3,""indirect_relevance_score"":4,""market_signal_strength"":""low"",""is_new_information"":true,""is_cross_asset_relevant"":true,""primary_mechanism"":""Gold move → real rate signal (inverse of TIPS yield) → dollar direction → safe-haven demand"",""affected_assets"":[""gold"",""dxy""],""what_changed"":""Gold falls on stronger dollar amid renewed US-Iran tensions - Reuters"",""linked_existing_thesis_id"":""ce7b258b-584d-4ffe-88ed-a2df45419fe0"",""recommended_action"":""update_existing"",""comment_purpose"":null,""historical_analog_candidate"":null}",2026-04-20T11:00:53.738Z
rates-agent,Rates Agent,stay_silent,"[""novelty_above_threshold"",""fresh_catalyst_signal"",""matched_thesis_update"",""weak_catalyst_materiality_gate""]",80,duration_pressure,"{""headline_id"":""c479b817"",""agent_id"":""rates-agent"",""headline_title"":""Here are things going right for stocks despite new Iran war setbacks"",""headline_type"":""geopolitical"",""direct_relevance_score"":5,""indirect_relevance_score"":8,""market_signal_strength"":""low"",""is_new_information"":true,""is_cross_asset_relevant"":true,""primary_mechanism"":""Geopolitical shock → risk premium expansion → commodity/currency safe-haven flows"",""affected_assets"":[],""what_changed"":""Here are things going right for stocks despite new Iran war setbacks"",""linked_existing_thesis_id"":null,""recommended_action"":""comment_on_other"",""comment_purpose"":""add_cross_asset_spillover"",""historical_analog_candidate"":null}",2026-04-20T11:00:53.345Z
macro-agent,Macro Agent,stay_silent,"[""high_thesis_load"",""matched_thesis_update"",""fresh_catalyst_signal"",""weak_catalyst_materiality_gate""]",82,consumer_demand,"{""headline_id"":""c479b817"",""agent_id"":""macro-agent"",""headline_title"":""Here are things going right for stocks despite new Iran war setbacks"",""headline_type"":""geopolitical"",""direct_relevance_score"":3,""indirect_relevance_score"":8,""market_signal_strength"":""low"",""is_new_information"":true,""is_cross_asset_relevant"":true,""primary_mechanism"":""Geopolitical shock → risk premium expansion → commodity/currency safe-haven flows"",""affected_assets"":[],""what_changed"":""Here are things going right for stocks despite new Iran war setbacks"",""linked_existing_thesis_id"":null,""recommended_action"":""comment_on_other"",""comment_purpose"":""add_cross_asset_spillover"",""historical_analog_candidate"":null}",2026-04-20T11:00:52.962Z
risk-sentiment-agent,Risk/Sentiment Agent,stay_silent,"[""novelty_above_threshold"",""fresh_catalyst_signal"",""matched_thesis_update"",""weak_catalyst_materiality_gate""]",82,credit_stress,"{""headline_id"":""a3cfef2a"",""agent_id"":""risk-sentiment-agent"",""headline_title"":""One of the most stressful jobs in finance right now: private credit sales"",""headline_type"":""other"",""direct_relevance_score"":3,""indirect_relevance_score"":6,""market_signal_strength"":""low"",""is_new_information"":true,""is_cross_asset_relevant"":true,""primary_mechanism"":"""",""affected_assets"":[],""what_changed"":""One of the most stressful jobs in finance right now: private credit sales"",""linked_existing_thesis_id"":null,""recommended_action"":""comment_on_other"",""comment_purpose"":""add_cross_asset_spillover"",""historical_analog_candidate"":null}",2026-04-20T10:01:27.585Z
commodities-agent,Commodities Agent,stay_silent,"[""stale_agent_thesis"",""unresolved_thesis_nudge"",""fresh_catalyst_signal"",""matched_thesis_update"",""deprioritized_topic"",""weak_catalyst_materiality_gate""]",51,gas_power,"{""headline_id"":""975d9010"",""agent_id"":""commodities-agent"",""headline_title"":""Broadstaff CEO Says Laid-Off Tech Workers Can Pivot to Data Centers"",""headline_type"":""other"",""direct_relevance_score"":0,""indirect_relevance_score"":8,""market_signal_strength"":""low"",""is_new_information"":true,""is_cross_asset_relevant"":true,""primary_mechanism"":"""",""affected_assets"":[],""what_changed"":""Broadstaff CEO Says Laid-Off Tech Workers Can Pivot to Data Centers"",""linked_existing_thesis_id"":null,""recommended_action"":""stay_silent"",""comment_purpose"":null,""historical_analog_candidate"":null}",2026-04-20T10:01:27.249Z
equities-agent,Equities Agent,new_post,"[""novelty_above_threshold"",""fresh_catalyst_signal"",""matched_thesis_update"",""stance_lock_challenge""]",86,ai_concentration,"{""headline_id"":""825879f8"",""agent_id"":""equities-agent"",""headline_title"":""Global Markets | Japan's Nikkei climbs as AI optimism outweighs Mideast concerns"",""headline_type"":""other"",""direct_relevance_score"":5,""indirect_relevance_score"":2,""market_signal_strength"":""low"",""is_new_information"":true,""is_cross_asset_relevant"":false,""primary_mechanism"":"""",""affected_assets"":[],""what_changed"":""Global Markets | Japan's Nikkei climbs as AI optimism outweighs Mideast concerns"",""linked_existing_thesis_id"":null,""recommended_action"":""stay_silent"",""comment_purpose"":null,""historical_analog_candidate"":null}",2026-04-20T10:01:16.008Z
fx-agent,FX Agent,update_existing,"[""high_thesis_load"",""matched_thesis_update"",""no_fresh_signal""]",87,carry_em_fx,,2026-04-20T10:01:02.280Z
rates-agent,Rates Agent,new_post,"[""novelty_above_threshold"",""no_fresh_signal"",""matched_thesis_update"",""stance_lock_challenge""]",78,treasury_auctions,,2026-04-20T10:00:48.751Z
macro-agent,Macro Agent,stay_silent,"[""high_thesis_load"",""matched_thesis_update"",""fresh_catalyst_signal"",""weak_catalyst_materiality_gate""]",82,consumer_demand,"{""headline_id"":""a3cfef2a"",""agent_id"":""macro-agent"",""headline_title"":""One of the most stressful jobs in finance right now: private credit sales"",""headline_type"":""other"",""direct_relevance_score"":5,""indirect_relevance_score"":6,""market_signal_strength"":""low"",""is_new_information"":true,""is_cross_asset_relevant"":true,""primary_mechanism"":"""",""affected_assets"":[],""what_changed"":""One of the most stressful jobs in finance right now: private credit sales"",""linked_existing_thesis_id"":null,""recommended_action"":""comment_on_other"",""comment_purpose"":""add_cross_asset_spillover"",""historical_analog_candidate"":null}",2026-04-20T10:00:48.406Z
risk-sentiment-agent,Risk/Sentiment Agent,stay_silent,"[""stale_headline_thesis_update"",""fresh_catalyst_signal"",""matched_thesis_update"",""weak_catalyst_materiality_gate""]",82,credit_stress,"{""headline_id"":""1c776ea5"",""agent_id"":""risk-sentiment-agent"",""headline_title"":""Record‑High Stocks Dive Into Earnings Week as Markets Look Beyond Iran"",""headline_type"":""geopolitical"",""direct_relevance_score"":3,""indirect_relevance_score"":8,""market_signal_strength"":""low"",""is_new_information"":false,""is_cross_asset_relevant"":true,""primary_mechanism"":""Geopolitical shock → risk premium expansion → commodity/currency safe-haven flows"",""affected_assets"":[],""what_changed"":""Record‑High Stocks Dive Into Earnings Week as Markets Look Beyond Iran"",""linked_existing_thesis_id"":null,""recommended_action"":""stay_silent"",""comment_purpose"":null,""historical_analog_candidate"":null}",2026-04-20T09:01:02.254Z
commodities-agent,Commodities Agent,stay_silent,"[""stale_headline_thesis_update"",""fresh_catalyst_signal"",""matched_thesis_update"",""deprioritized_topic"",""unresolved_thesis_nudge"",""repeated_catalyst_no_delta""]",51,gas_power,"{""headline_id"":""dd72b875"",""agent_id"":""commodities-agent"",""headline_title"":""Oil price plunge on US-Iran peace hopes to give rupee, bonds some breather - Reuters"",""headline_type"":""commodity_specific"",""direct_relevance_score"":3,""indirect_relevance_score"":4,""market_signal_strength"":""high"",""is_new_information"":false,""is_cross_asset_relevant"":true,""primary_mechanism"":""Commodity supply/demand shift → price transmission → sector margins"",""affected_assets"":[""wti"",""brent""],""what_changed"":""Oil price plunge on US-Iran peace hopes to give rupee, bonds some breather - Reuters"",""linked_existing_thesis_id"":""489aac32-aa52-443f-b16d-ce5cf261db3f"",""recommended_action"":""update_existing"",""comment_purpose"":null,""historical_analog_candidate"":null}",2026-04-20T09:01:01.849Z
equities-agent,Equities Agent,comment_only,"[""headline_routed_to_comment"",""fresh_catalyst_signal"",""matched_thesis_update"",""unresolved_thesis_nudge""]",54,banks_small_caps,"{""headline_id"":""22c8d8d4"",""agent_id"":""equities-agent"",""headline_title"":""QXO to Acquire TopBuild for $17 Billion"",""headline_type"":""other"",""direct_relevance_score"":5,""indirect_relevance_score"":4,""market_signal_strength"":""high"",""is_new_information"":true,""is_cross_asset_relevant"":true,""primary_mechanism"":"""",""affected_assets"":[],""what_changed"":""QXO to Acquire TopBuild for $17 Billion"",""linked_existing_thesis_id"":null,""recommended_action"":""comment_on_other"",""comment_purpose"":""add_cross_asset_spillover"",""historical_analog_candidate"":null}",2026-04-20T09:01:01.445Z
fx-agent,FX Agent,stay_silent,"[""high_thesis_load"",""matched_thesis_update"",""fresh_catalyst_signal"",""weak_catalyst_materiality_gate""]",87,carry_em_fx,"{""headline_id"":""0e412534"",""agent_id"":""fx-agent"",""headline_title"":""Gold falls on stronger dollar amid renewed US-Iran tensions - Reuters"",""headline_type"":""commodity_specific"",""direct_relevance_score"":3,""indirect_relevance_score"":4,""market_signal_strength"":""low"",""is_new_information"":true,""is_cross_asset_relevant"":true,""primary_mechanism"":""Gold move → real rate signal (inverse of TIPS yield) → dollar direction → safe-haven demand"",""affected_assets"":[""gold"",""dxy""],""what_changed"":""Gold falls on stronger dollar amid renewed US-Iran tensions - Reuters"",""linked_existing_thesis_id"":""ce7b258b-584d-4ffe-88ed-a2df45419fe0"",""recommended_action"":""update_existing"",""comment_purpose"":null,""historical_analog_candidate"":null}",2026-04-20T09:01:01.096Z
rates-agent,Rates Agent,new_post,"[""novelty_above_threshold"",""fresh_catalyst_signal"",""matched_thesis_update"",""stance_lock_challenge""]",81,duration_pressure,"{""headline_id"":""dd72b875"",""agent_id"":""rates-agent"",""headline_title"":""Oil price plunge on US-Iran peace hopes to give rupee, bonds some breather - Reuters"",""headline_type"":""commodity_specific"",""direct_relevance_score"":3,""indirect_relevance_score"":4,""market_signal_strength"":""high"",""is_new_information"":true,""is_cross_asset_relevant"":true,""primary_mechanism"":""Commodity supply/demand shift → price transmission → sector margins"",""affected_assets"":[""wti"",""brent""],""what_changed"":""Oil price plunge on US-Iran peace hopes to give rupee, bonds some breather - Reuters"",""linked_existing_thesis_id"":null,""recommended_action"":""new_post"",""comment_purpose"":null,""historical_analog_candidate"":null}",2026-04-20T09:00:46.969Z
macro-agent,Macro Agent,stay_silent,"[""high_thesis_load"",""matched_thesis_update"",""fresh_catalyst_signal"",""weak_catalyst_materiality_gate""]",82,consumer_demand,"{""headline_id"":""1c776ea5"",""agent_id"":""macro-agent"",""headline_title"":""Record‑High Stocks Dive Into Earnings Week as Markets Look Beyond Iran"",""headline_type"":""geopolitical"",""direct_relevance_score"":3,""indirect_relevance_score"":8,""market_signal_strength"":""low"",""is_new_information"":true,""is_cross_asset_relevant"":true,""primary_mechanism"":""Geopolitical shock → risk premium expansion → commodity/currency safe-haven flows"",""affected_assets"":[],""what_changed"":""Record‑High Stocks Dive Into Earnings Week as Markets Look Beyond Iran"",""linked_existing_thesis_id"":null,""recommended_action"":""comment_on_other"",""comment_purpose"":""add_cross_asset_spillover"",""historical_analog_candidate"":null}",2026-04-20T09:00:46.559Z
risk-sentiment-agent,Risk/Sentiment Agent,stay_silent,"[""novelty_above_threshold"",""fresh_catalyst_signal"",""matched_thesis_update"",""run_catalyst_claimed"",""weak_catalyst_materiality_gate""]",82,duration_pressure,"{""headline_id"":""63b49f23"",""agent_id"":""risk-sentiment-agent"",""headline_title"":""Galactic Gold Announces Upsize of Non-Brokered Private Placement to Gross Proceeds of $2.15 Million"",""headline_type"":""commodity_specific"",""direct_relevance_score"":0,""indirect_relevance_score"":4,""market_signal_strength"":""high"",""is_new_information"":true,""is_cross_asset_relevant"":true,""primary_mechanism"":""Gold move → real rate signal (inverse of TIPS yield) → dollar direction → safe-haven demand"",""affected_assets"":[""gold""],""what_changed"":""Galactic Gold Announces Upsize of Non-Brokered Private Placement to Gross Proceeds of $2.15 Million"",""linked_existing_thesis_id"":null,""recommended_action"":""stay_silent"",""comment_purpose"":null,""historical_analog_candidate"":null}",2026-04-20T07:39:30.109Z
commodities-agent,Commodities Agent,stay_silent,"[""stale_headline_thesis_update"",""fresh_catalyst_signal"",""matched_thesis_update"",""unresolved_thesis_nudge"",""weak_catalyst_materiality_gate""]",62,gold_real_rates,"{""headline_id"":""63b49f23"",""agent_id"":""commodities-agent"",""headline_title"":""Galactic Gold Announces Upsize of Non-Brokered Private Placement to Gross Proceeds of $2.15 Million"",""headline_type"":""commodity_specific"",""direct_relevance_score"":3,""indirect_relevance_score"":4,""market_signal_strength"":""high"",""is_new_information"":false,""is_cross_asset_relevant"":true,""primary_mechanism"":""Gold move → real rate signal (inverse of TIPS yield) → dollar direction → safe-haven demand"",""affected_assets"":[""gold""],""what_changed"":""Galactic Gold Announces Upsize of Non-Brokered Private Placement to Gross Proceeds of $2.15 Million"",""linked_existing_thesis_id"":null,""recommended_action"":""stay_silent"",""comment_purpose"":null,""historical_analog_candidate"":null}",2026-04-20T07:39:29.798Z
equities-agent,Equities Agent,update_existing,"[""stale_headline_thesis_update"",""fresh_catalyst_signal"",""matched_thesis_update"",""stance_lock_challenge""]",86,breadth_rotation,"{""headline_id"":""63b49f23"",""agent_id"":""equities-agent"",""headline_title"":""Galactic Gold Announces Upsize of Non-Brokered Private Placement to Gross Proceeds of $2.15 Million"",""headline_type"":""commodity_specific"",""direct_relevance_score"":0,""indirect_relevance_score"":4,""market_signal_strength"":""high"",""is_new_information"":false,""is_cross_asset_relevant"":true,""primary_mechanism"":""Gold move → real rate signal (inverse of TIPS yield) → dollar direction → safe-haven demand"",""affected_assets"":[""gold""],""what_changed"":""Galactic Gold Announces Upsize of Non-Brokered Private Placement to Gross Proceeds of $2.15 Million"",""linked_existing_thesis_id"":null,""recommended_action"":""stay_silent"",""comment_purpose"":null,""historical_analog_candidate"":null}",2026-04-20T07:39:21.543Z
fx-agent,FX Agent,stay_silent,"[""novelty_above_threshold"",""fresh_catalyst_signal"",""matched_thesis_update"",""unresolved_thesis_nudge"",""weak_catalyst_materiality_gate""]",65,gold_real_rates,"{""headline_id"":""63b49f23"",""agent_id"":""fx-agent"",""headline_title"":""Galactic Gold Announces Upsize of Non-Brokered Private Placement to Gross Proceeds of $2.15 Million"",""headline_type"":""commodity_specific"",""direct_relevance_score"":3,""indirect_relevance_score"":4,""market_signal_strength"":""high"",""is_new_information"":true,""is_cross_asset_relevant"":true,""primary_mechanism"":""Gold move → real rate signal (inverse of TIPS yield) → dollar direction → safe-haven demand"",""affected_assets"":[""gold""],""what_changed"":""Galactic Gold Announces Upsize of Non-Brokered Private Placement to Gross Proceeds of $2.15 Million"",""linked_existing_thesis_id"":null,""recommended_action"":""new_post"",""comment_purpose"":null,""historical_analog_candidate"":null}",2026-04-20T07:39:21.234Z
rates-agent,Rates Agent,stay_silent,"[""novelty_above_threshold"",""fresh_catalyst_signal"",""matched_thesis_update"",""weak_catalyst_materiality_gate""]",81,duration_pressure,"{""headline_id"":""63b49f23"",""agent_id"":""rates-agent"",""headline_title"":""Galactic Gold Announces Upsize of Non-Brokered Private Placement to Gross Proceeds of $2.15 Million"",""headline_type"":""commodity_specific"",""direct_relevance_score"":0,""indirect_relevance_score"":4,""market_signal_strength"":""high"",""is_new_information"":true,""is_cross_asset_relevant"":true,""primary_mechanism"":""Gold move → real rate signal (inverse of TIPS yield) → dollar direction → safe-haven demand"",""affected_assets"":[""gold""],""what_changed"":""Galactic Gold Announces Upsize of Non-Brokered Private Placement to Gross Proceeds of $2.15 Million"",""linked_existing_thesis_id"":null,""recommended_action"":""stay_silent"",""comment_purpose"":null,""historical_analog_candidate"":null}",2026-04-20T07:39:20.963Z
macro-agent,Macro Agent,stay_silent,"[""stale_agent_thesis"",""unresolved_thesis_nudge"",""fresh_catalyst_signal"",""matched_thesis_update"",""weak_catalyst_materiality_gate""]",57,banks_small_caps,"{""headline_id"":""63b49f23"",""agent_id"":""macro-agent"",""headline_title"":""Galactic Gold Announces Upsize of Non-Brokered Private Placement to Gross Proceeds of $2.15 Million"",""headline_type"":""commodity_specific"",""direct_relevance_score"":0,""indirect_relevance_score"":4,""market_signal_strength"":""high"",""is_new_information"":true,""is_cross_asset_relevant"":true,""primary_mechanism"":""Gold move → real rate signal (inverse of TIPS yield) → dollar direction → safe-haven demand"",""affected_assets"":[""gold""],""what_changed"":""Galactic Gold Announces Upsize of Non-Brokered Private Placement to Gross Proceeds of $2.15 Million"",""linked_existing_thesis_id"":null,""recommended_action"":""stay_silent"",""comment_purpose"":null,""historical_analog_candidate"":null}",2026-04-20T07:39:20.701Z
risk-sentiment-agent,Risk/Sentiment Agent,stay_silent,"[""novelty_above_threshold"",""fresh_catalyst_signal"",""matched_thesis_update"",""run_catalyst_claimed"",""weak_catalyst_materiality_gate""]",83,duration_pressure,"{""headline_id"":""9fd2e0a0"",""agent_id"":""risk-sentiment-agent"",""headline_title"":""Q4 Earnings Roundup: ThredUp (NASDAQ:TDUP) And The Rest Of The Consumer Discretionary - Apparel and Accessories Segment"",""headline_type"":""company_news"",""direct_relevance_score"":0,""indirect_relevance_score"":4,""market_signal_strength"":""low"",""is_new_information"":true,""is_cross_asset_relevant"":true,""primary_mechanism"":"""",""affected_assets"":[""sp500"",""nasdaq""],""what_changed"":""Q4 Earnings Roundup: ThredUp (NASDAQ:TDUP) And The Rest Of The Consumer Discretionary - Apparel and Accessories Segment"",""linked_existing_thesis_id"":null,""recommended_action"":""stay_silent"",""comment_purpose"":null,""historical_analog_candidate"":null}",2026-04-20T07:36:35.198Z
commodities-agent,Commodities Agent,stay_silent,"[""stale_headline_thesis_update"",""fresh_catalyst_signal"",""matched_thesis_update"",""unresolved_thesis_nudge"",""repeated_catalyst_no_delta""]",62,gold_real_rates,"{""headline_id"":""63b49f23"",""agent_id"":""commodities-agent"",""headline_title"":""Galactic Gold Announces Upsize of Non-Brokered Private Placement to Gross Proceeds of $2.15 Million"",""headline_type"":""commodity_specific"",""direct_relevance_score"":3,""indirect_relevance_score"":4,""market_signal_strength"":""high"",""is_new_information"":false,""is_cross_asset_relevant"":true,""primary_mechanism"":""Gold move → real rate signal (inverse of TIPS yield) → dollar direction → safe-haven demand"",""affected_assets"":[""gold""],""what_changed"":""Galactic Gold Announces Upsize of Non-Brokered Private Placement to Gross Proceeds of $2.15 Million"",""linked_existing_thesis_id"":null,""recommended_action"":""stay_silent"",""comment_purpose"":null,""historical_analog_candidate"":null}",2026-04-20T07:36:34.749Z
equities-agent,Equities Agent,new_post,"[""novelty_above_threshold"",""fresh_catalyst_signal"",""matched_thesis_update"",""unresolved_thesis_nudge""]",89,consumer_equities,"{""headline_id"":""9fd2e0a0"",""agent_id"":""equities-agent"",""headline_title"":""Q4 Earnings Roundup: ThredUp (NASDAQ:TDUP) And The Rest Of The Consumer Discretionary - Apparel and Accessories Segment"",""headline_type"":""company_news"",""direct_relevance_score"":3,""indirect_relevance_score"":4,""market_signal_strength"":""low"",""is_new_information"":true,""is_cross_asset_relevant"":true,""primary_mechanism"":"""",""affected_assets"":[""sp500"",""nasdaq""],""what_changed"":""Q4 Earnings Roundup: ThredUp (NASDAQ:TDUP) And The Rest Of The Consumer Discretionary - Apparel and Accessories Segment"",""linked_existing_thesis_id"":null,""recommended_action"":""comment_on_other"",""comment_purpose"":""add_cross_asset_spillover"",""historical_analog_candidate"":null}",2026-04-20T07:36:26.311Z
fx-agent,FX Agent,update_existing,"[""matched_thesis_update"",""fresh_catalyst_signal"",""deprioritized_topic""]",48,dollar_path,"{""headline_id"":""63b49f23"",""agent_id"":""fx-agent"",""headline_title"":""Galactic Gold Announces Upsize of Non-Brokered Private Placement to Gross Proceeds of $2.15 Million"",""headline_type"":""commodity_specific"",""direct_relevance_score"":3,""indirect_relevance_score"":4,""market_signal_strength"":""high"",""is_new_information"":true,""is_cross_asset_relevant"":true,""primary_mechanism"":""Gold move → real rate signal (inverse of TIPS yield) → dollar direction → safe-haven demand"",""affected_assets"":[""gold""],""what_changed"":""Galactic Gold Announces Upsize of Non-Brokered Private Placement to Gross Proceeds of $2.15 Million"",""linked_existing_thesis_id"":null,""recommended_action"":""new_post"",""comment_purpose"":null,""historical_analog_candidate"":null}",2026-04-20T07:36:17.307Z
rates-agent,Rates Agent,stay_silent,"[""novelty_above_threshold"",""fresh_catalyst_signal"",""matched_thesis_update"",""weak_catalyst_materiality_gate""]",81,duration_pressure,"{""headline_id"":""9fd2e0a0"",""agent_id"":""rates-agent"",""headline_title"":""Q4 Earnings Roundup: ThredUp (NASDAQ:TDUP) And The Rest Of The Consumer Discretionary - Apparel and Accessories Segment"",""headline_type"":""company_news"",""direct_relevance_score"":0,""indirect_relevance_score"":4,""market_signal_strength"":""low"",""is_new_information"":true,""is_cross_asset_relevant"":true,""primary_mechanism"":"""",""affected_assets"":[""sp500"",""nasdaq""],""what_changed"":""Q4 Earnings Roundup: ThredUp (NASDAQ:TDUP) And The Rest Of The Consumer Discretionary - Apparel and Accessories Segment"",""linked_existing_thesis_id"":null,""recommended_action"":""stay_silent"",""comment_purpose"":null,""historical_analog_candidate"":null}",2026-04-20T07:36:17.023Z
macro-agent,Macro Agent,stay_silent,"[""high_thesis_load"",""matched_thesis_update"",""fresh_catalyst_signal"",""unresolved_thesis_nudge"",""weak_catalyst_materiality_gate""]",86,consumer_equities,"{""headline_id"":""9fd2e0a0"",""agent_id"":""macro-agent"",""headline_title"":""Q4 Earnings Roundup: ThredUp (NASDAQ:TDUP) And The Rest Of The Consumer Discretionary - Apparel and Accessories Segment"",""headline_type"":""company_news"",""direct_relevance_score"":3,""indirect_relevance_score"":4,""market_signal_strength"":""low"",""is_new_information"":true,""is_cross_asset_relevant"":true,""primary_mechanism"":"""",""affected_assets"":[""sp500"",""nasdaq""],""what_changed"":""Q4 Earnings Roundup: ThredUp (NASDAQ:TDUP) And The Rest Of The Consumer Discretionary - Apparel and Accessories Segment"",""linked_existing_thesis_id"":null,""recommended_action"":""comment_on_other"",""comment_purpose"":""add_cross_asset_spillover"",""historical_analog_candidate"":null}",2026-04-20T07:36:16.740Z
risk-sentiment-agent,Risk/Sentiment Agent,comment_only,"[""novelty_above_threshold"",""fresh_catalyst_signal"",""matched_thesis_update"",""run_catalyst_claimed""]",83,duration_pressure,"{""headline_id"":""9fd2e0a0"",""agent_id"":""risk-sentiment-agent"",""headline_title"":""Q4 Earnings Roundup: ThredUp (NASDAQ:TDUP) And The Rest Of The Consumer Discretionary - Apparel and Accessories Segment"",""headline_type"":""company_news"",""direct_relevance_score"":0,""indirect_relevance_score"":4,""market_signal_strength"":""low"",""is_new_information"":true,""is_cross_asset_relevant"":true,""primary_mechanism"":"""",""affected_assets"":[""sp500"",""nasdaq""],""what_changed"":""Q4 Earnings Roundup: ThredUp (NASDAQ:TDUP) And The Rest Of The Consumer Discretionary - Apparel and Accessories Segment"",""linked_existing_thesis_id"":null,""recommended_action"":""stay_silent"",""comment_purpose"":null,""historical_analog_candidate"":null}",2026-04-20T07:33:33.164Z
commodities-agent,Commodities Agent,stay_silent,"[""stale_agent_thesis"",""unresolved_thesis_nudge"",""fresh_catalyst_signal"",""matched_thesis_update"",""deprioritized_topic"",""repeated_catalyst_no_delta""]",51,gas_power,"{""headline_id"":""9fd2e0a0"",""agent_id"":""commodities-agent"",""headline_title"":""Q4 Earnings Roundup: ThredUp (NASDAQ:TDUP) And The Rest Of The Consumer Discretionary - Apparel and Accessories Segment"",""headline_type"":""company_news"",""direct_relevance_score"":0,""indirect_relevance_score"":4,""market_signal_strength"":""low"",""is_new_information"":true,""is_cross_asset_relevant"":true,""primary_mechanism"":"""",""affected_assets"":[""sp500"",""nasdaq""],""what_changed"":""Q4 Earnings Roundup: ThredUp (NASDAQ:TDUP) And The Rest Of The Consumer Discretionary - Apparel and Accessories Segment"",""linked_existing_thesis_id"":null,""recommended_action"":""stay_silent"",""comment_purpose"":null,""historical_analog_candidate"":null}",2026-04-20T07:33:32.898Z
equities-agent,Equities Agent,comment_only,"[""novelty_above_threshold"",""fresh_catalyst_signal"",""matched_thesis_update"",""run_catalyst_claimed""]",86,consumer_equities,"{""headline_id"":""9fd2e0a0"",""agent_id"":""equities-agent"",""headline_title"":""Q4 Earnings Roundup: ThredUp (NASDAQ:TDUP) And The Rest Of The Consumer Discretionary - Apparel and Accessories Segment"",""headline_type"":""company_news"",""direct_relevance_score"":3,""indirect_relevance_score"":4,""market_signal_strength"":""low"",""is_new_information"":true,""is_cross_asset_relevant"":true,""primary_mechanism"":"""",""affected_assets"":[""sp500"",""nasdaq""],""what_changed"":""Q4 Earnings Roundup: ThredUp (NASDAQ:TDUP) And The Rest Of The Consumer Discretionary - Apparel and Accessories Segment"",""linked_existing_thesis_id"":null,""recommended_action"":""comment_on_other"",""comment_purpose"":""add_cross_asset_spillover"",""historical_analog_candidate"":null}",2026-04-20T07:33:32.401Z
fx-agent,FX Agent,comment_only,"[""headline_routed_to_comment"",""fresh_catalyst_signal"",""matched_thesis_update"",""deprioritized_topic""]",48,dollar_path,"{""headline_id"":""9fd2e0a0"",""agent_id"":""fx-agent"",""headline_title"":""Q4 Earnings Roundup: ThredUp (NASDAQ:TDUP) And The Rest Of The Consumer Discretionary - Apparel and Accessories Segment"",""headline_type"":""company_news"",""direct_relevance_score"":0,""indirect_relevance_score"":4,""market_signal_strength"":""low"",""is_new_information"":true,""is_cross_asset_relevant"":true,""primary_mechanism"":"""",""affected_assets"":[""sp500"",""nasdaq""],""what_changed"":""Q4 Earnings Roundup: ThredUp (NASDAQ:TDUP) And The Rest Of The Consumer Discretionary - Apparel and Accessories Segment"",""linked_existing_thesis_id"":""cb81fe2a-924c-4eaa-a979-b87fd26e3dcd"",""recommended_action"":""comment_on_other"",""comment_purpose"":""add_cross_asset_spillover"",""historical_analog_candidate"":null}",2026-04-20T07:33:31.947Z
rates-agent,Rates Agent,comment_only,"[""novelty_above_threshold"",""fresh_catalyst_signal"",""matched_thesis_update"",""run_catalyst_claimed""]",81,duration_pressure,"{""headline_id"":""9fd2e0a0"",""agent_id"":""rates-agent"",""headline_title"":""Q4 Earnings Roundup: ThredUp (NASDAQ:TDUP) And The Rest Of The Consumer Discretionary - Apparel and Accessories Segment"",""headline_type"":""company_news"",""direct_relevance_score"":0,""indirect_relevance_score"":4,""market_signal_strength"":""low"",""is_new_information"":true,""is_cross_asset_relevant"":true,""primary_mechanism"":"""",""affected_assets"":[""sp500"",""nasdaq""],""what_changed"":""Q4 Earnings Roundup: ThredUp (NASDAQ:TDUP) And The Rest Of The Consumer Discretionary - Apparel and Accessories Segment"",""linked_existing_thesis_id"":null,""recommended_action"":""stay_silent"",""comment_purpose"":null,""historical_analog_candidate"":null}",2026-04-20T07:33:31.694Z
macro-agent,Macro Agent,update_existing,"[""high_thesis_load"",""matched_thesis_update"",""fresh_catalyst_signal"",""stance_lock_challenge""]",83,consumer_equities,"{""headline_id"":""9fd2e0a0"",""agent_id"":""macro-agent"",""headline_title"":""Q4 Earnings Roundup: ThredUp (NASDAQ:TDUP) And The Rest Of The Consumer Discretionary - Apparel and Accessories Segment"",""headline_type"":""company_news"",""direct_relevance_score"":3,""indirect_relevance_score"":4,""market_signal_strength"":""low"",""is_new_information"":true,""is_cross_asset_relevant"":true,""primary_mechanism"":"""",""affected_assets"":[""sp500"",""nasdaq""],""what_changed"":""Q4 Earnings Roundup: ThredUp (NASDAQ:TDUP) And The Rest Of The Consumer Discretionary - Apparel and Accessories Segment"",""linked_existing_thesis_id"":null,""recommended_action"":""comment_on_other"",""comment_purpose"":""add_cross_asset_spillover"",""historical_analog_candidate"":null}",2026-04-20T07:33:21.721Z
risk-sentiment-agent,Risk/Sentiment Agent,new_post,"[""novelty_above_threshold"",""fresh_catalyst_signal"",""matched_thesis_update""]",84,market_fragility,"{""headline_id"":""dafd7f8d"",""agent_id"":""risk-sentiment-agent"",""headline_title"":""Stock Markets Today: Sensex, Nifty50 Turn Volatile on West Asia Crisis"",""headline_type"":""other"",""direct_relevance_score"":3,""indirect_relevance_score"":8,""market_signal_strength"":""low"",""is_new_information"":true,""is_cross_asset_relevant"":true,""primary_mechanism"":"""",""affected_assets"":[""sp500"",""nasdaq""],""what_changed"":""Stock Markets Today: Sensex, Nifty50 Turn Volatile on West Asia Crisis"",""linked_existing_thesis_id"":null,""recommended_action"":""comment_on_other"",""comment_purpose"":""add_cross_asset_spillover"",""historical_analog_candidate"":null}",2026-04-20T07:29:34.381Z
commodities-agent,Commodities Agent,comment_only,"[""headline_routed_to_comment"",""fresh_catalyst_signal"",""matched_thesis_update"",""deprioritized_topic"",""unresolved_thesis_nudge""]",51,gas_power,"{""headline_id"":""dafd7f8d"",""agent_id"":""commodities-agent"",""headline_title"":""Stock Markets Today: Sensex, Nifty50 Turn Volatile on West Asia Crisis"",""headline_type"":""other"",""direct_relevance_score"":3,""indirect_relevance_score"":8,""market_signal_strength"":""low"",""is_new_information"":true,""is_cross_asset_relevant"":true,""primary_mechanism"":"""",""affected_assets"":[""sp500"",""nasdaq""],""what_changed"":""Stock Markets Today: Sensex, Nifty50 Turn Volatile on West Asia Crisis"",""linked_existing_thesis_id"":null,""recommended_action"":""comment_on_other"",""comment_purpose"":""add_cross_asset_spillover"",""historical_analog_candidate"":null}",2026-04-20T07:29:34.078Z
equities-agent,Equities Agent,comment_only,"[""novelty_above_threshold"",""fresh_catalyst_signal"",""matched_thesis_update"",""run_catalyst_claimed""]",87,ai_concentration,"{""headline_id"":""ac1bb150"",""agent_id"":""equities-agent"",""headline_title"":""Share repurchase programme: Transactions of week 16 2026"",""headline_type"":""other"",""direct_relevance_score"":3,""indirect_relevance_score"":4,""market_signal_strength"":""high"",""is_new_information"":true,""is_cross_asset_relevant"":true,""primary_mechanism"":"""",""affected_assets"":[],""what_changed"":""Share repurchase programme: Transactions of week 16 2026"",""linked_existing_thesis_id"":null,""recommended_action"":""comment_on_other"",""comment_purpose"":""add_cross_asset_spillover"",""historical_analog_candidate"":null}",2026-04-20T07:29:33.810Z
fx-agent,FX Agent,update_existing,"[""high_thesis_load"",""matched_thesis_update"",""fresh_catalyst_signal""]",87,carry_em_fx,"{""headline_id"":""eb8b5105"",""agent_id"":""fx-agent"",""headline_title"":""Vital Farms, Inc. Sued for Securities Law Violations - Contact the DJS Law Group to Discuss Your Rights - VITL"",""headline_type"":""other"",""direct_relevance_score"":3,""indirect_relevance_score"":6,""market_signal_strength"":""low"",""is_new_information"":true,""is_cross_asset_relevant"":true,""primary_mechanism"":"""",""affected_assets"":[],""what_changed"":""Vital Farms, Inc. Sued for Securities Law Violations - Contact the DJS Law Group to Discuss Your Rights - VITL"",""linked_existing_thesis_id"":null,""recommended_action"":""comment_on_other"",""comment_purpose"":""add_cross_asset_spillover"",""historical_analog_candidate"":null}",2026-04-20T07:29:24.996Z
rates-agent,Rates Agent,new_post,"[""novelty_above_threshold"",""fresh_catalyst_signal"",""matched_thesis_update"",""stance_lock_challenge""]",79,treasury_auctions,"{""headline_id"":""ac1bb150"",""agent_id"":""rates-agent"",""headline_title"":""Share repurchase programme: Transactions of week 16 2026"",""headline_type"":""other"",""direct_relevance_score"":3,""indirect_relevance_score"":4,""market_signal_strength"":""high"",""is_new_information"":true,""is_cross_asset_relevant"":true,""primary_mechanism"":"""",""affected_assets"":[],""what_changed"":""Share repurchase programme: Transactions of week 16 2026"",""linked_existing_thesis_id"":null,""recommended_action"":""comment_on_other"",""comment_purpose"":""add_cross_asset_spillover"",""historical_analog_candidate"":null}",2026-04-20T07:29:15.918Z
macro-agent,Macro Agent,update_existing,"[""high_thesis_load"",""matched_thesis_update"",""fresh_catalyst_signal"",""stance_lock_challenge""]",77,real_yields,"{""headline_id"":""dafd7f8d"",""agent_id"":""macro-agent"",""headline_title"":""Stock Markets Today: Sensex, Nifty50 Turn Volatile on West Asia Crisis"",""headline_type"":""other"",""direct_relevance_score"":3,""indirect_relevance_score"":8,""market_signal_strength"":""low"",""is_new_information"":true,""is_cross_asset_relevant"":true,""primary_mechanism"":"""",""affected_assets"":[""sp500"",""nasdaq""],""what_changed"":""Stock Markets Today: Sensex, Nifty50 Turn Volatile on West Asia Crisis"",""linked_existing_thesis_id"":null,""recommended_action"":""comment_on_other"",""comment_purpose"":""add_cross_asset_spillover"",""historical_analog_candidate"":null}",2026-04-20T07:29:06.242Z
risk-sentiment-agent,Risk/Sentiment Agent,new_post,"[""novelty_above_threshold"",""no_fresh_signal"",""matched_thesis_update"",""domain_relevance_low""]",79,policy_path,,2026-04-20T06:44:17.458Z
commodities-agent,Commodities Agent,update_existing,"[""stale_agent_thesis"",""unresolved_thesis_nudge"",""fresh_catalyst_signal"",""matched_thesis_update"",""deprioritized_topic""]",51,gas_power,"{""headline_id"":""50c32454"",""agent_id"":""commodities-agent"",""headline_title"":""Maha to Assess a Potential Separation of its Venezuela Oil Asset"",""headline_type"":""other"",""direct_relevance_score"":3,""indirect_relevance_score"":2,""market_signal_strength"":""low"",""is_new_information"":true,""is_cross_asset_relevant"":false,""primary_mechanism"":"""",""affected_assets"":[""wti"",""brent""],""what_changed"":""Maha to Assess a Potential Separation of its Venezuela Oil Asset"",""linked_existing_thesis_id"":""489aac32-aa52-443f-b16d-ce5cf261db3f"",""recommended_action"":""stay_silent"",""comment_purpose"":null,""historical_analog_candidate"":null}",2026-04-20T06:44:08.499Z
equities-agent,Equities Agent,stay_silent,"[""novelty_above_threshold"",""no_fresh_signal"",""domain_relevance_low"",""weak_catalyst_materiality_gate""]",87,policy_path,,2026-04-20T06:44:08.217Z
fx-agent,FX Agent,update_existing,"[""high_thesis_load"",""matched_thesis_update"",""no_fresh_signal"",""domain_relevance_low""]",80,real_yields,,2026-04-20T06:43:59.337Z
rates-agent,Rates Agent,new_post,"[""novelty_above_threshold"",""no_fresh_signal"",""matched_thesis_update"",""stance_lock_challenge""]",79,duration_pressure,,2026-04-20T06:43:51.139Z
macro-agent,Macro Agent,new_post,"[""novelty_above_threshold"",""fresh_catalyst_signal"",""matched_thesis_update"",""stance_lock_challenge""]",82,oil_structure,"{""headline_id"":""e76d5a98"",""agent_id"":""macro-agent"",""headline_title"":""Federal Reserve issues FOMC statement"",""headline_type"":""policy"",""direct_relevance_score"":3,""indirect_relevance_score"":6,""market_signal_strength"":""medium"",""is_new_information"":true,""is_cross_asset_relevant"":true,""primary_mechanism"":""Policy signal → forward guidance repricing → asset allocation shift"",""affected_assets"":[],""what_changed"":""Federal Reserve issues FOMC statement"",""linked_existing_thesis_id"":null,""recommended_action"":""new_post"",""comment_purpose"":null,""historical_analog_candidate"":null}",2026-04-20T06:43:42.397Z
risk-sentiment-agent,Risk/Sentiment Agent,stay_silent,"[""novelty_above_threshold"",""fresh_catalyst_signal"",""matched_thesis_update"",""repeated_catalyst_no_delta""]",55,policy_path,"{""headline_id"":""135066c7"",""agent_id"":""risk-sentiment-agent"",""headline_title"":""Federal Reserve Board and Federal Open Market Committee release economic projections from the March 17-18 FOMC meeting"",""headline_type"":""policy"",""direct_relevance_score"":0,""indirect_relevance_score"":4,""market_signal_strength"":""high"",""is_new_information"":true,""is_cross_asset_relevant"":true,""primary_mechanism"":""Policy signal → forward guidance repricing → asset allocation shift"",""affected_assets"":[],""what_changed"":""Federal Reserve Board and Federal Open Market Committee release economic projections from the March 17-18 FOMC meeting"",""linked_existing_thesis_id"":null,""recommended_action"":""stay_silent"",""comment_purpose"":null,""historical_analog_candidate"":null}",2026-04-20T06:37:47.299Z
commodities-agent,Commodities Agent,stay_silent,"[""stale_agent_thesis"",""unresolved_thesis_nudge"",""fresh_catalyst_signal"",""matched_thesis_update"",""deprioritized_topic"",""repeated_catalyst_no_delta""]",51,gas_power,"{""headline_id"":""be573bcf"",""agent_id"":""commodities-agent"",""headline_title"":""German producer prices in March see largest monthly jump since August 2022"",""headline_type"":""other"",""direct_relevance_score"":5,""indirect_relevance_score"":8,""market_signal_strength"":""high"",""is_new_information"":true,""is_cross_asset_relevant"":true,""primary_mechanism"":""Natural gas print → storage/supply dynamics → utility margin → energy sector earnings"",""affected_assets"":[],""what_changed"":""German producer prices in March see largest monthly jump since August 2022"",""linked_existing_thesis_id"":null,""recommended_action"":""new_post"",""comment_purpose"":null,""historical_analog_candidate"":null}",2026-04-20T06:37:47.024Z
equities-agent,Equities Agent,new_post,"[""novelty_above_threshold"",""fresh_catalyst_signal"",""matched_thesis_update""]",87,gold_real_rates,"{""headline_id"":""135066c7"",""agent_id"":""equities-agent"",""headline_title"":""Federal Reserve Board and Federal Open Market Committee release economic projections from the March 17-18 FOMC meeting"",""headline_type"":""policy"",""direct_relevance_score"":0,""indirect_relevance_score"":4,""market_signal_strength"":""high"",""is_new_information"":true,""is_cross_asset_relevant"":true,""primary_mechanism"":""Policy signal → forward guidance repricing → asset allocation shift"",""affected_assets"":[],""what_changed"":""Federal Reserve Board and Federal Open Market Committee release economic projections from the March 17-18 FOMC meeting"",""linked_existing_thesis_id"":null,""recommended_action"":""stay_silent"",""comment_purpose"":null,""historical_analog_candidate"":null}",2026-04-20T06:37:38.800Z
fx-agent,FX Agent,update_existing,"[""matched_thesis_update"",""fresh_catalyst_signal"",""deprioritized_topic""]",50,dollar_path,"{""headline_id"":""be573bcf"",""agent_id"":""fx-agent"",""headline_title"":""German producer prices in March see largest monthly jump since August 2022"",""headline_type"":""other"",""direct_relevance_score"":3,""indirect_relevance_score"":8,""market_signal_strength"":""high"",""is_new_information"":true,""is_cross_asset_relevant"":true,""primary_mechanism"":""Natural gas print → storage/supply dynamics → utility margin → energy sector earnings"",""affected_assets"":[],""what_changed"":""German producer prices in March see largest monthly jump since August 2022"",""linked_existing_thesis_id"":null,""recommended_action"":""new_post"",""comment_purpose"":null,""historical_analog_candidate"":null}",2026-04-20T06:37:30.418Z
rates-agent,Rates Agent,new_post,"[""novelty_above_threshold"",""fresh_catalyst_signal"",""unresolved_thesis_nudge"",""stance_lock_challenge""]",65,banks_small_caps,"{""headline_id"":""1113086c"",""agent_id"":""rates-agent"",""headline_title"":""Treasury Quarterly Refunding"",""headline_type"":""other"",""direct_relevance_score"":3,""indirect_relevance_score"":4,""market_signal_strength"":""medium"",""is_new_information"":true,""is_cross_asset_relevant"":true,""primary_mechanism"":"""",""affected_assets"":[""us10y""],""what_changed"":""Treasury Quarterly Refunding"",""linked_existing_thesis_id"":null,""recommended_action"":""comment_on_other"",""comment_purpose"":""add_cross_asset_spillover"",""historical_analog_candidate"":null}",2026-04-20T06:37:21.663Z
macro-agent,Macro Agent,new_post,"[""novelty_above_threshold"",""fresh_catalyst_signal"",""matched_thesis_update""]",56,inflation_regime,"{""headline_id"":""be573bcf"",""agent_id"":""macro-agent"",""headline_title"":""German producer prices in March see largest monthly jump since August 2022"",""headline_type"":""other"",""direct_relevance_score"":3,""indirect_relevance_score"":8,""market_signal_strength"":""high"",""is_new_information"":true,""is_cross_asset_relevant"":true,""primary_mechanism"":""Natural gas print → storage/supply dynamics → utility margin → energy sector earnings"",""affected_assets"":[],""what_changed"":""German producer prices in March see largest monthly jump since August 2022"",""linked_existing_thesis_id"":null,""recommended_action"":""new_post"",""comment_purpose"":null,""historical_analog_candidate"":null}",2026-04-20T06:37:08.778Z
risk-sentiment-agent,Risk/Sentiment Agent,comment_only,"[""novelty_above_threshold"",""fresh_catalyst_signal"",""matched_thesis_update"",""domain_relevance_low"",""run_catalyst_claimed""]",84,crypto_speculation,"{""headline_id"":""8a52db36"",""agent_id"":""risk-sentiment-agent"",""headline_title"":""Intuitive Surgical (ISRG) Q1 Earnings: What To Expect"",""headline_type"":""company_news"",""direct_relevance_score"":0,""indirect_relevance_score"":2,""market_signal_strength"":""low"",""is_new_information"":true,""is_cross_asset_relevant"":false,""primary_mechanism"":"""",""affected_assets"":[],""what_changed"":""Intuitive Surgical (ISRG) Q1 Earnings: What To Expect"",""linked_existing_thesis_id"":null,""recommended_action"":""stay_silent"",""comment_purpose"":null,""historical_analog_candidate"":null}",2026-04-20T06:31:53.262Z
commodities-agent,Commodities Agent,update_existing,"[""stale_headline_thesis_update"",""fresh_catalyst_signal"",""matched_thesis_update"",""deprioritized_topic"",""unresolved_thesis_nudge""]",51,gas_power,"{""headline_id"":""a49a15bf"",""agent_id"":""commodities-agent"",""headline_title"":""Big Oil Plows Billions Into Far-Flung Drilling Sites to Escape Iran Turmoil"",""headline_type"":""geopolitical"",""direct_relevance_score"":3,""indirect_relevance_score"":2,""market_signal_strength"":""low"",""is_new_information"":false,""is_cross_asset_relevant"":false,""primary_mechanism"":""Geopolitical shock → risk premium expansion → commodity/currency safe-haven flows"",""affected_assets"":[""wti"",""brent""],""what_changed"":""Big Oil Plows Billions Into Far-Flung Drilling Sites to Escape Iran Turmoil"",""linked_existing_thesis_id"":""489aac32-aa52-443f-b16d-ce5cf261db3f"",""recommended_action"":""update_existing"",""comment_purpose"":null,""historical_analog_candidate"":null}",2026-04-20T06:31:45.232Z
equities-agent,Equities Agent,update_existing,"[""stale_agent_thesis"",""unresolved_thesis_nudge"",""fresh_catalyst_signal"",""matched_thesis_update""]",54,banks_small_caps,"{""headline_id"":""864b6188"",""agent_id"":""equities-agent"",""headline_title"":""What To Expect From National Bank Holdings’s (NBHC) Q1 Earnings"",""headline_type"":""company_news"",""direct_relevance_score"":5,""indirect_relevance_score"":2,""market_signal_strength"":""low"",""is_new_information"":true,""is_cross_asset_relevant"":false,""primary_mechanism"":"""",""affected_assets"":[],""what_changed"":""What To Expect From National Bank Holdings’s (NBHC) Q1 Earnings"",""linked_existing_thesis_id"":null,""recommended_action"":""stay_silent"",""comment_purpose"":null,""historical_analog_candidate"":null}",2026-04-20T06:31:33.590Z
fx-agent,FX Agent,update_existing,"[""high_thesis_load"",""matched_thesis_update"",""fresh_catalyst_signal""]",85,policy_divergence,"{""headline_id"":""378b62bc"",""agent_id"":""fx-agent"",""headline_title"":""Dollar pushes to one-week high as US-Iran tensions reignite - Reuters"",""headline_type"":""geopolitical"",""direct_relevance_score"":3,""indirect_relevance_score"":2,""market_signal_strength"":""low"",""is_new_information"":true,""is_cross_asset_relevant"":false,""primary_mechanism"":""Dollar move → EM debt burden → commodity price translation → US export competitiveness → FX carry unwind risk"",""affected_assets"":[""dxy""],""what_changed"":""Dollar pushes to one-week high as US-Iran tensions reignite - Reuters"",""linked_existing_thesis_id"":""ce7b258b-584d-4ffe-88ed-a2df45419fe0"",""recommended_action"":""update_existing"",""comment_purpose"":null,""historical_analog_candidate"":null}",2026-04-20T06:31:24.049Z
rates-agent,Rates Agent,new_post,"[""novelty_above_threshold"",""fresh_catalyst_signal"",""matched_thesis_update"",""stance_lock_challenge""]",83,curve_shape,"{""headline_id"":""0d36d707"",""agent_id"":""rates-agent"",""headline_title"":""Role of the Treasury"",""headline_type"":""other"",""direct_relevance_score"":3,""indirect_relevance_score"":2,""market_signal_strength"":""medium"",""is_new_information"":true,""is_cross_asset_relevant"":false,""primary_mechanism"":"""",""affected_assets"":[""us10y""],""what_changed"":""Role of the Treasury"",""linked_existing_thesis_id"":null,""recommended_action"":""stay_silent"",""comment_purpose"":null,""historical_analog_candidate"":null}",2026-04-20T06:31:13.615Z
macro-agent,Macro Agent,update_existing,"[""stale_headline_thesis_update"",""fresh_catalyst_signal"",""matched_thesis_update"",""deprioritized_topic"",""overcovered_topic_penalty"",""unresolved_thesis_nudge""]",84,labor_growth,"{""headline_id"":""135066c7"",""agent_id"":""macro-agent"",""headline_title"":""Federal Reserve Board and Federal Open Market Committee release economic projections from the March 17-18 FOMC meeting"",""headline_type"":""policy"",""direct_relevance_score"":3,""indirect_relevance_score"":4,""market_signal_strength"":""high"",""is_new_information"":false,""is_cross_asset_relevant"":true,""primary_mechanism"":""Policy signal → forward guidance repricing → asset allocation shift"",""affected_assets"":[],""what_changed"":""Federal Reserve Board and Federal Open Market Committee release economic projections from the March 17-18 FOMC meeting"",""linked_existing_thesis_id"":null,""recommended_action"":""stay_silent"",""comment_purpose"":null,""historical_analog_candidate"":null}",2026-04-20T06:31:06.258Z
risk-sentiment-agent,Risk/Sentiment Agent,comment_only,"[""novelty_above_threshold"",""fresh_catalyst_signal"",""matched_thesis_update"",""run_catalyst_claimed""]",84,crypto_speculation,"{""headline_id"":""1f553993"",""agent_id"":""risk-sentiment-agent"",""headline_title"":""Results in anniversary year 2025, DEKRA Continues its Growth Trajectory Amid Challenging Market Conditions"",""headline_type"":""other"",""direct_relevance_score"":0,""indirect_relevance_score"":2,""market_signal_strength"":""high"",""is_new_information"":true,""is_cross_asset_relevant"":false,""primary_mechanism"":"""",""affected_assets"":[],""what_changed"":""Results in anniversary year 2025, DEKRA Continues its Growth Trajectory Amid Challenging Market Conditions"",""linked_existing_thesis_id"":null,""recommended_action"":""stay_silent"",""comment_purpose"":null,""historical_analog_candidate"":null}",2026-04-20T06:23:14.779Z
commodities-agent,Commodities Agent,stay_silent,"[""stale_agent_thesis"",""unresolved_thesis_nudge"",""fresh_catalyst_signal"",""matched_thesis_update"",""deprioritized_topic"",""repeated_catalyst_no_delta""]",51,gas_power,"{""headline_id"":""1f553993"",""agent_id"":""commodities-agent"",""headline_title"":""Results in anniversary year 2025, DEKRA Continues its Growth Trajectory Amid Challenging Market Conditions"",""headline_type"":""other"",""direct_relevance_score"":0,""indirect_relevance_score"":2,""market_signal_strength"":""high"",""is_new_information"":true,""is_cross_asset_relevant"":false,""primary_mechanism"":"""",""affected_assets"":[],""what_changed"":""Results in anniversary year 2025, DEKRA Continues its Growth Trajectory Amid Challenging Market Conditions"",""linked_existing_thesis_id"":null,""recommended_action"":""stay_silent"",""comment_purpose"":null,""historical_analog_candidate"":null}",2026-04-20T06:23:14.475Z
equities-agent,Equities Agent,comment_only,"[""novelty_above_threshold"",""fresh_catalyst_signal"",""run_catalyst_claimed""]",89,oil_structure,"{""headline_id"":""acbcca01"",""agent_id"":""equities-agent"",""headline_title"":""Danaher (DHR) Q1 Earnings: What To Expect"",""headline_type"":""company_news"",""direct_relevance_score"":3,""indirect_relevance_score"":2,""market_signal_strength"":""low"",""is_new_information"":true,""is_cross_asset_relevant"":false,""primary_mechanism"":"""",""affected_assets"":[],""what_changed"":""Danaher (DHR) Q1 Earnings: What To Expect"",""linked_existing_thesis_id"":null,""recommended_action"":""stay_silent"",""comment_purpose"":null,""historical_analog_candidate"":null}",2026-04-20T06:23:14.209Z
fx-agent,FX Agent,update_existing,"[""high_thesis_load"",""matched_thesis_update"",""fresh_catalyst_signal"",""deprioritized_topic""]",51,dollar_path,"{""headline_id"":""e3521aa0"",""agent_id"":""fx-agent"",""headline_title"":""Two U.S. Embassy staffers, Mexican officers die in Chichuahua crash"",""headline_type"":""other"",""direct_relevance_score"":3,""indirect_relevance_score"":2,""market_signal_strength"":""low"",""is_new_information"":true,""is_cross_asset_relevant"":false,""primary_mechanism"":"""",""affected_assets"":[],""what_changed"":""Two U.S. Embassy staffers, Mexican officers die in Chichuahua crash"",""linked_existing_thesis_id"":null,""recommended_action"":""stay_silent"",""comment_purpose"":null,""historical_analog_candidate"":null}",2026-04-20T06:23:06.411Z
rates-agent,Rates Agent,new_post,"[""novelty_above_threshold"",""fresh_catalyst_signal"",""matched_thesis_update"",""stance_lock_challenge""]",80,real_yields,"{""headline_id"":""1f553993"",""agent_id"":""rates-agent"",""headline_title"":""Results in anniversary year 2025, DEKRA Continues its Growth Trajectory Amid Challenging Market Conditions"",""headline_type"":""other"",""direct_relevance_score"":0,""indirect_relevance_score"":2,""market_signal_strength"":""high"",""is_new_information"":true,""is_cross_asset_relevant"":false,""primary_mechanism"":"""",""affected_assets"":[],""what_changed"":""Results in anniversary year 2025, DEKRA Continues its Growth Trajectory Amid Challenging Market Conditions"",""linked_existing_thesis_id"":null,""recommended_action"":""stay_silent"",""comment_purpose"":null,""historical_analog_candidate"":null}",2026-04-20T06:22:56.941Z
macro-agent,Macro Agent,new_post,"[""novelty_above_threshold"",""fresh_catalyst_signal"",""matched_thesis_update""]",80,real_yields,"{""headline_id"":""5f17c5d3"",""agent_id"":""macro-agent"",""headline_title"":""What lies behind the decline in movie screen count in south India?"",""headline_type"":""other"",""direct_relevance_score"":3,""indirect_relevance_score"":2,""market_signal_strength"":""low"",""is_new_information"":true,""is_cross_asset_relevant"":false,""primary_mechanism"":"""",""affected_assets"":[],""what_changed"":""What lies behind the decline in movie screen count in south India?"",""linked_existing_thesis_id"":null,""recommended_action"":""stay_silent"",""comment_purpose"":null,""historical_analog_candidate"":null}",2026-04-20T06:22:48.452Z
risk-sentiment-agent,Risk/Sentiment Agent,new_post,"[""novelty_above_threshold"",""fresh_catalyst_signal"",""matched_thesis_update""]",83,market_fragility,"{""headline_id"":""2ae798f2"",""agent_id"":""risk-sentiment-agent"",""headline_title"":""10 Best Affordable Blue Chip Stocks to Buy Now"",""headline_type"":""other"",""direct_relevance_score"":3,""indirect_relevance_score"":4,""market_signal_strength"":""high"",""is_new_information"":true,""is_cross_asset_relevant"":true,""primary_mechanism"":"""",""affected_assets"":[],""what_changed"":""10 Best Affordable Blue Chip Stocks to Buy Now"",""linked_existing_thesis_id"":null,""recommended_action"":""comment_on_other"",""comment_purpose"":""add_cross_asset_spillover"",""historical_analog_candidate"":null}",2026-04-20T06:01:07.455Z
commodities-agent,Commodities Agent,comment_only,"[""headline_routed_to_comment"",""fresh_catalyst_signal"",""matched_thesis_update"",""deprioritized_topic"",""unresolved_thesis_nudge""]",51,gas_power,"{""headline_id"":""1bdd772e"",""agent_id"":""commodities-agent"",""headline_title"":""Q1 2026 Trading Update and Invitation to Earnings Call"",""headline_type"":""company_news"",""direct_relevance_score"":5,""indirect_relevance_score"":6,""market_signal_strength"":""high"",""is_new_information"":true,""is_cross_asset_relevant"":true,""primary_mechanism"":"""",""affected_assets"":[],""what_changed"":""Q1 2026 Trading Update and Invitation to Earnings Call"",""linked_existing_thesis_id"":null,""recommended_action"":""comment_on_other"",""comment_purpose"":""add_cross_asset_spillover"",""historical_analog_candidate"":null}",2026-04-20T06:01:07.143Z
equities-agent,Equities Agent,comment_only,"[""headline_routed_to_comment"",""fresh_catalyst_signal"",""matched_thesis_update"",""unresolved_thesis_nudge""]",54,banks_small_caps,"{""headline_id"":""2ae798f2"",""agent_id"":""equities-agent"",""headline_title"":""10 Best Affordable Blue Chip Stocks to Buy Now"",""headline_type"":""other"",""direct_relevance_score"":5,""indirect_relevance_score"":4,""market_signal_strength"":""high"",""is_new_information"":true,""is_cross_asset_relevant"":true,""primary_mechanism"":"""",""affected_assets"":[],""what_changed"":""10 Best Affordable Blue Chip Stocks to Buy Now"",""linked_existing_thesis_id"":null,""recommended_action"":""comment_on_other"",""comment_purpose"":""add_cross_asset_spillover"",""historical_analog_candidate"":null}",2026-04-20T06:01:06.837Z
fx-agent,FX Agent,comment_only,"[""headline_routed_to_comment"",""fresh_catalyst_signal"",""matched_thesis_update"",""deprioritized_topic""]",51,dollar_path,"{""headline_id"":""1bdd772e"",""agent_id"":""fx-agent"",""headline_title"":""Q1 2026 Trading Update and Invitation to Earnings Call"",""headline_type"":""company_news"",""direct_relevance_score"":3,""indirect_relevance_score"":6,""market_signal_strength"":""high"",""is_new_information"":true,""is_cross_asset_relevant"":true,""primary_mechanism"":"""",""affected_assets"":[],""what_changed"":""Q1 2026 Trading Update and Invitation to Earnings Call"",""linked_existing_thesis_id"":null,""recommended_action"":""comment_on_other"",""comment_purpose"":""add_cross_asset_spillover"",""historical_analog_candidate"":null}",2026-04-20T06:01:06.572Z
rates-agent,Rates Agent,new_post,"[""novelty_above_threshold"",""fresh_catalyst_signal"",""matched_thesis_update"",""stance_lock_challenge""]",81,duration_pressure,"{""headline_id"":""6179e5b6"",""agent_id"":""rates-agent"",""headline_title"":""Phillips 66 declares $1.27 dividend (NYSE:PSX)"",""headline_type"":""company_news"",""direct_relevance_score"":3,""indirect_relevance_score"":4,""market_signal_strength"":""high"",""is_new_information"":true,""is_cross_asset_relevant"":true,""primary_mechanism"":"""",""affected_assets"":[],""what_changed"":""Phillips 66 declares $1.27 dividend"",""linked_existing_thesis_id"":null,""recommended_action"":""comment_on_other"",""comment_purpose"":""add_cross_asset_spillover"",""historical_analog_candidate"":null}",2026-04-20T06:00:55.396Z
macro-agent,Macro Agent,comment_only,"[""headline_routed_to_comment"",""fresh_catalyst_signal"",""matched_thesis_update"",""deprioritized_topic"",""overcovered_topic_penalty"",""unresolved_thesis_nudge""]",44,labor_growth,"{""headline_id"":""6179e5b6"",""agent_id"":""macro-agent"",""headline_title"":""Phillips 66 declares $1.27 dividend (NYSE:PSX)"",""headline_type"":""company_news"",""direct_relevance_score"":3,""indirect_relevance_score"":4,""market_signal_strength"":""high"",""is_new_information"":true,""is_cross_asset_relevant"":true,""primary_mechanism"":"""",""affected_assets"":[],""what_changed"":""Phillips 66 declares $1.27 dividend"",""linked_existing_thesis_id"":null,""recommended_action"":""comment_on_other"",""comment_purpose"":""add_cross_asset_spillover"",""historical_analog_candidate"":null}",2026-04-20T06:00:55.130Z
risk-sentiment-agent,Risk/Sentiment Agent,comment_only,"[""novelty_above_threshold"",""fresh_catalyst_signal"",""matched_thesis_update"",""run_catalyst_claimed""]",82,market_fragility,"{""headline_id"":""b2f041bd"",""agent_id"":""risk-sentiment-agent"",""headline_title"":""13 Best Crude Oil Stocks to Buy According to Analysts"",""headline_type"":""commodity_specific"",""direct_relevance_score"":0,""indirect_relevance_score"":4,""market_signal_strength"":""high"",""is_new_information"":true,""is_cross_asset_relevant"":true,""primary_mechanism"":""Commodity supply/demand shift → price transmission → sector margins"",""affected_assets"":[""wti"",""brent""],""what_changed"":""13 Best Crude Oil Stocks to Buy According to Analysts"",""linked_existing_thesis_id"":null,""recommended_action"":""stay_silent"",""comment_purpose"":null,""historical_analog_candidate"":null}",2026-04-20T05:01:24.184Z
commodities-agent,Commodities Agent,update_existing,"[""stale_headline_thesis_update"",""fresh_catalyst_signal"",""matched_thesis_update"",""deprioritized_topic"",""unresolved_thesis_nudge""]",51,gas_power,"{""headline_id"":""b2f041bd"",""agent_id"":""commodities-agent"",""headline_title"":""13 Best Crude Oil Stocks to Buy According to Analysts"",""headline_type"":""commodity_specific"",""direct_relevance_score"":3,""indirect_relevance_score"":4,""market_signal_strength"":""high"",""is_new_information"":false,""is_cross_asset_relevant"":true,""primary_mechanism"":""Commodity supply/demand shift → price transmission → sector margins"",""affected_assets"":[""wti"",""brent""],""what_changed"":""13 Best Crude Oil Stocks to Buy According to Analysts"",""linked_existing_thesis_id"":""489aac32-aa52-443f-b16d-ce5cf261db3f"",""recommended_action"":""update_existing"",""comment_purpose"":null,""historical_analog_candidate"":null}",2026-04-20T05:01:14.505Z
equities-agent,Equities Agent,update_existing,"[""stale_headline_thesis_update"",""fresh_catalyst_signal"",""matched_thesis_update"",""overcovered_topic_penalty""]",45,ai_concentration,"{""headline_id"":""b2f041bd"",""agent_id"":""equities-agent"",""headline_title"":""13 Best Crude Oil Stocks to Buy According to Analysts"",""headline_type"":""commodity_specific"",""direct_relevance_score"":5,""indirect_relevance_score"":4,""market_signal_strength"":""high"",""is_new_information"":false,""is_cross_asset_relevant"":true,""primary_mechanism"":""Commodity supply/demand shift → price transmission → sector margins"",""affected_assets"":[""wti"",""brent""],""what_changed"":""13 Best Crude Oil Stocks to Buy According to Analysts"",""linked_existing_thesis_id"":""88b63aaf-90cd-4d96-ac44-2e1e79059eff"",""recommended_action"":""update_existing"",""comment_purpose"":null,""historical_analog_candidate"":null}",2026-04-20T05:01:02.199Z
fx-agent,FX Agent,comment_only,"[""headline_routed_to_comment"",""fresh_catalyst_signal"",""matched_thesis_update"",""deprioritized_topic""]",50,dollar_path,"{""headline_id"":""bc909bfc"",""agent_id"":""fx-agent"",""headline_title"":""Agencies request comment on proposals to modernize the regulatory capital framework and maintain the strength of the banking system"",""headline_type"":""regulatory"",""direct_relevance_score"":3,""indirect_relevance_score"":4,""market_signal_strength"":""low"",""is_new_information"":true,""is_cross_asset_relevant"":true,""primary_mechanism"":""Regulatory change → compliance cost / capacity impact → sector positioning"",""affected_assets"":[],""what_changed"":""Agencies request comment on proposals to modernize the regulatory capital framework and maintain the strength of the banking system"",""linked_existing_thesis_id"":null,""recommended_action"":""comment_on_other"",""comment_purpose"":""add_cross_asset_spillover"",""historical_analog_candidate"":null}",2026-04-20T05:01:01.893Z
rates-agent,Rates Agent,comment_only,"[""novelty_above_threshold"",""fresh_catalyst_signal"",""matched_thesis_update"",""run_catalyst_claimed""]",81,duration_pressure,"{""headline_id"":""9dd991ba"",""agent_id"":""rates-agent"",""headline_title"":""Interactive Brokers (IBKR) Reports Earnings Tomorrow: What To Expect"",""headline_type"":""company_news"",""direct_relevance_score"":0,""indirect_relevance_score"":2,""market_signal_strength"":""low"",""is_new_information"":true,""is_cross_asset_relevant"":false,""primary_mechanism"":"""",""affected_assets"":[],""what_changed"":""Interactive Brokers (IBKR) Reports Earnings Tomorrow: What To Expect"",""linked_existing_thesis_id"":null,""recommended_action"":""stay_silent"",""comment_purpose"":null,""historical_analog_candidate"":null}",2026-04-20T05:01:01.634Z
macro-agent,Macro Agent,update_existing,"[""matched_thesis_update"",""fresh_catalyst_signal""]",54,policy_path,"{""headline_id"":""9dd991ba"",""agent_id"":""macro-agent"",""headline_title"":""Interactive Brokers (IBKR) Reports Earnings Tomorrow: What To Expect"",""headline_type"":""company_news"",""direct_relevance_score"":0,""indirect_relevance_score"":2,""market_signal_strength"":""low"",""is_new_information"":true,""is_cross_asset_relevant"":false,""primary_mechanism"":"""",""affected_assets"":[],""what_changed"":""Interactive Brokers (IBKR) Reports Earnings Tomorrow: What To Expect"",""linked_existing_thesis_id"":null,""recommended_action"":""stay_silent"",""comment_purpose"":null,""historical_analog_candidate"":null}",2026-04-20T05:00:52.925Z
risk-sentiment-agent,Risk/Sentiment Agent,comment_only,"[""novelty_above_threshold"",""fresh_catalyst_signal"",""matched_thesis_update"",""run_catalyst_claimed""]",82,market_fragility,"{""headline_id"":""556c2fd5"",""agent_id"":""risk-sentiment-agent"",""headline_title"":""Oil prices and stocks climb as the US-Iran standoff keeps the Strait of Hormuz in limbo"",""headline_type"":""geopolitical"",""direct_relevance_score"":0,""indirect_relevance_score"":4,""market_signal_strength"":""low"",""is_new_information"":true,""is_cross_asset_relevant"":true,""primary_mechanism"":""Geopolitical shock → risk premium expansion → commodity/currency safe-haven flows"",""affected_assets"":[""wti"",""brent""],""what_changed"":""Oil prices and stocks climb as the US-Iran standoff keeps the Strait of Hormuz in limbo"",""linked_existing_thesis_id"":null,""recommended_action"":""stay_silent"",""comment_purpose"":null,""historical_analog_candidate"":null}",2026-04-20T04:01:10.700Z
commodities-agent,Commodities Agent,stay_silent,"[""stale_headline_thesis_update"",""fresh_catalyst_signal"",""matched_thesis_update"",""deprioritized_topic"",""unresolved_thesis_nudge"",""repeated_catalyst_no_delta""]",51,gas_power,"{""headline_id"":""5803da93"",""agent_id"":""commodities-agent"",""headline_title"":""Wall Street just sent oil stocks a brutal message after Iran’s move"",""headline_type"":""geopolitical"",""direct_relevance_score"":3,""indirect_relevance_score"":4,""market_signal_strength"":""low"",""is_new_information"":false,""is_cross_asset_relevant"":true,""primary_mechanism"":""Geopolitical shock → risk premium expansion → commodity/currency safe-haven flows"",""affected_assets"":[""wti"",""brent""],""what_changed"":""Wall Street just sent oil stocks a brutal message after Iran’s move"",""linked_existing_thesis_id"":""489aac32-aa52-443f-b16d-ce5cf261db3f"",""recommended_action"":""update_existing"",""comment_purpose"":null,""historical_analog_candidate"":null}",2026-04-20T04:01:10.408Z
equities-agent,Equities Agent,stay_silent,"[""stale_headline_no_thesis"",""fresh_catalyst_signal""]",86,oil_structure,"{""headline_id"":""5803da93"",""agent_id"":""equities-agent"",""headline_title"":""Wall Street just sent oil stocks a brutal message after Iran’s move"",""headline_type"":""geopolitical"",""direct_relevance_score"":5,""indirect_relevance_score"":4,""market_signal_strength"":""low"",""is_new_information"":false,""is_cross_asset_relevant"":true,""primary_mechanism"":""Geopolitical shock → risk premium expansion → commodity/currency safe-haven flows"",""affected_assets"":[""wti"",""brent""],""what_changed"":""Wall Street just sent oil stocks a brutal message after Iran’s move"",""linked_existing_thesis_id"":""88b63aaf-90cd-4d96-ac44-2e1e79059eff"",""recommended_action"":""update_existing"",""comment_purpose"":null,""historical_analog_candidate"":null}",2026-04-20T04:01:10.127Z
fx-agent,FX Agent,comment_only,"[""headline_routed_to_comment"",""fresh_catalyst_signal"",""matched_thesis_update"",""deprioritized_topic""]",51,dollar_path,"{""headline_id"":""0b0cbf5f"",""agent_id"":""fx-agent"",""headline_title"":""SK hynix Begins Mass Production of 192GB SOCAMM2 'Setting a New Standard for AI Server Memory Performance'"",""headline_type"":""other"",""direct_relevance_score"":3,""indirect_relevance_score"":4,""market_signal_strength"":""low"",""is_new_information"":true,""is_cross_asset_relevant"":true,""primary_mechanism"":"""",""affected_assets"":[],""what_changed"":""SK hynix Begins Mass Production of 192GB SOCAMM2 'Setting a New Standard for AI Server Memory Performance'"",""linked_existing_thesis_id"":null,""recommended_action"":""comment_on_other"",""comment_purpose"":""add_cross_asset_spillover"",""historical_analog_candidate"":null}",2026-04-20T04:01:09.833Z
rates-agent,Rates Agent,new_post,"[""novelty_above_threshold"",""fresh_catalyst_signal"",""matched_thesis_update"",""stance_lock_challenge""]",80,real_yields,"{""headline_id"":""5803da93"",""agent_id"":""rates-agent"",""headline_title"":""Wall Street just sent oil stocks a brutal message after Iran’s move"",""headline_type"":""geopolitical"",""direct_relevance_score"":0,""indirect_relevance_score"":4,""market_signal_strength"":""low"",""is_new_information"":true,""is_cross_asset_relevant"":true,""primary_mechanism"":""Geopolitical shock → risk premium expansion → commodity/currency safe-haven flows"",""affected_assets"":[""wti"",""brent""],""what_changed"":""Wall Street just sent oil stocks a brutal message after Iran’s move"",""linked_existing_thesis_id"":null,""recommended_action"":""stay_silent"",""comment_purpose"":null,""historical_analog_candidate"":null}",2026-04-20T04:01:02.483Z
macro-agent,Macro Agent,new_post,"[""novelty_above_threshold"",""fresh_catalyst_signal"",""matched_thesis_update""]",83,real_yields,"{""headline_id"":""556c2fd5"",""agent_id"":""macro-agent"",""headline_title"":""Oil prices and stocks climb as the US-Iran standoff keeps the Strait of Hormuz in limbo"",""headline_type"":""geopolitical"",""direct_relevance_score"":0,""indirect_relevance_score"":4,""market_signal_strength"":""low"",""is_new_information"":true,""is_cross_asset_relevant"":true,""primary_mechanism"":""Geopolitical shock → risk premium expansion → commodity/currency safe-haven flows"",""affected_assets"":[""wti"",""brent""],""what_changed"":""Oil prices and stocks climb as the US-Iran standoff keeps the Strait of Hormuz in limbo"",""linked_existing_thesis_id"":null,""recommended_action"":""stay_silent"",""comment_purpose"":null,""historical_analog_candidate"":null}",2026-04-20T04:00:55.264Z
risk-sentiment-agent,Risk/Sentiment Agent,comment_only,"[""novelty_above_threshold"",""fresh_catalyst_signal"",""matched_thesis_update"",""overcovered_topic_penalty"",""run_catalyst_claimed""]",55,oil_structure,"{""headline_id"":""7fec44a6"",""agent_id"":""risk-sentiment-agent"",""headline_title"":""Indian markets to open cautious as US-Iran tensions, oil surge keep volatility high"",""headline_type"":""geopolitical"",""direct_relevance_score"":3,""indirect_relevance_score"":6,""market_signal_strength"":""medium"",""is_new_information"":true,""is_cross_asset_relevant"":true,""primary_mechanism"":""Geopolitical shock → risk premium expansion → commodity/currency safe-haven flows"",""affected_assets"":[""wti"",""brent""],""what_changed"":""Indian markets to open cautious as US-Iran tensions, oil surge keep volatility high"",""linked_existing_thesis_id"":null,""recommended_action"":""new_post"",""comment_purpose"":null,""historical_analog_candidate"":null}",2026-04-20T03:01:26.284Z
commodities-agent,Commodities Agent,update_existing,"[""stale_headline_thesis_update"",""fresh_catalyst_signal"",""matched_thesis_update"",""deprioritized_topic"",""unresolved_thesis_nudge""]",47,gas_power,"{""headline_id"":""7fec44a6"",""agent_id"":""commodities-agent"",""headline_title"":""Indian markets to open cautious as US-Iran tensions, oil surge keep volatility high"",""headline_type"":""geopolitical"",""direct_relevance_score"":3,""indirect_relevance_score"":6,""market_signal_strength"":""medium"",""is_new_information"":false,""is_cross_asset_relevant"":true,""primary_mechanism"":""Geopolitical shock → risk premium expansion → commodity/currency safe-haven flows"",""affected_assets"":[""wti"",""brent""],""what_changed"":""Indian markets to open cautious as US-Iran tensions, oil surge keep volatility high"",""linked_existing_thesis_id"":""489aac32-aa52-443f-b16d-ce5cf261db3f"",""recommended_action"":""update_existing"",""comment_purpose"":null,""historical_analog_candidate"":null}",2026-04-20T03:01:13.460Z
equities-agent,Equities Agent,new_post,"[""novelty_above_threshold"",""fresh_catalyst_signal"",""matched_thesis_update""]",84,breadth_rotation,"{""headline_id"":""5e378305"",""agent_id"":""equities-agent"",""headline_title"":""10 Stocks With Monster Returns"",""headline_type"":""other"",""direct_relevance_score"":5,""indirect_relevance_score"":6,""market_signal_strength"":""high"",""is_new_information"":true,""is_cross_asset_relevant"":true,""primary_mechanism"":"""",""affected_assets"":[],""what_changed"":""10 Stocks With Monster Returns"",""linked_existing_thesis_id"":null,""recommended_action"":""comment_on_other"",""comment_purpose"":""add_cross_asset_spillover"",""historical_analog_candidate"":null}",2026-04-20T03:01:03.864Z
fx-agent,FX Agent,comment_only,"[""headline_routed_to_comment"",""fresh_catalyst_signal"",""matched_thesis_update"",""deprioritized_topic""]",50,dollar_path,"{""headline_id"":""5e378305"",""agent_id"":""fx-agent"",""headline_title"":""10 Stocks With Monster Returns"",""headline_type"":""other"",""direct_relevance_score"":3,""indirect_relevance_score"":6,""market_signal_strength"":""high"",""is_new_information"":true,""is_cross_asset_relevant"":true,""primary_mechanism"":"""",""affected_assets"":[],""what_changed"":""10 Stocks With Monster Returns"",""linked_existing_thesis_id"":null,""recommended_action"":""comment_on_other"",""comment_purpose"":""add_cross_asset_spillover"",""historical_analog_candidate"":null}",2026-04-20T03:01:03.590Z
rates-agent,Rates Agent,update_existing,"[""stale_headline_thesis_update"",""fresh_catalyst_signal"",""matched_thesis_update"",""stance_lock_challenge""]",81,duration_pressure,"{""headline_id"":""135066c7"",""agent_id"":""rates-agent"",""headline_title"":""Federal Reserve Board and Federal Open Market Committee release economic projections from the March 17-18 FOMC meeting"",""headline_type"":""policy"",""direct_relevance_score"":3,""indirect_relevance_score"":4,""market_signal_strength"":""high"",""is_new_information"":false,""is_cross_asset_relevant"":true,""primary_mechanism"":""Policy signal → forward guidance repricing → asset allocation shift"",""affected_assets"":[],""what_changed"":""Federal Reserve Board and Federal Open Market Committee release economic projections from the March 17-18 FOMC meeting"",""linked_existing_thesis_id"":null,""recommended_action"":""stay_silent"",""comment_purpose"":null,""historical_analog_candidate"":null}",2026-04-20T03:00:50.886Z
macro-agent,Macro Agent,comment_only,"[""headline_routed_to_comment"",""fresh_catalyst_signal"",""matched_thesis_update"",""deprioritized_topic"",""overcovered_topic_penalty"",""unresolved_thesis_nudge""]",47,labor_growth,"{""headline_id"":""5e378305"",""agent_id"":""macro-agent"",""headline_title"":""10 Stocks With Monster Returns"",""headline_type"":""other"",""direct_relevance_score"":3,""indirect_relevance_score"":6,""market_signal_strength"":""high"",""is_new_information"":true,""is_cross_asset_relevant"":true,""primary_mechanism"":"""",""affected_assets"":[],""what_changed"":""10 Stocks With Monster Returns"",""linked_existing_thesis_id"":null,""recommended_action"":""comment_on_other"",""comment_purpose"":""add_cross_asset_spillover"",""historical_analog_candidate"":null}",2026-04-20T03:00:50.578Z
risk-sentiment-agent,Risk/Sentiment Agent,stay_silent,"[""low_headline_relevance"",""fresh_catalyst_signal""]",87,duration_pressure,"{""headline_id"":""23ca3727"",""agent_id"":""risk-sentiment-agent"",""headline_title"":""I've Been Buying Artificial Intelligence (AI) Stocks for 10 Years. Here's the 1 Lesson This Correction Taught Me."",""headline_type"":""other"",""direct_relevance_score"":0,""indirect_relevance_score"":2,""market_signal_strength"":""high"",""is_new_information"":true,""is_cross_asset_relevant"":false,""primary_mechanism"":"""",""affected_assets"":[],""what_changed"":""I've Been Buying Artificial Intelligence (AI) Stocks for 10 Years. Here's the 1 Lesson This Correction Taught Me."",""linked_existing_thesis_id"":null,""recommended_action"":""stay_silent"",""comment_purpose"":null,""historical_analog_candidate"":null}",2026-04-20T01:33:43.895Z
commodities-agent,Commodities Agent,update_existing,"[""stale_agent_thesis"",""unresolved_thesis_nudge"",""fresh_catalyst_signal"",""matched_thesis_update"",""deprioritized_topic""]",47,gas_power,"{""headline_id"":""23ca3727"",""agent_id"":""commodities-agent"",""headline_title"":""I've Been Buying Artificial Intelligence (AI) Stocks for 10 Years. Here's the 1 Lesson This Correction Taught Me."",""headline_type"":""other"",""direct_relevance_score"":0,""indirect_relevance_score"":2,""market_signal_strength"":""high"",""is_new_information"":true,""is_cross_asset_relevant"":false,""primary_mechanism"":"""",""affected_assets"":[],""what_changed"":""I've Been Buying Artificial Intelligence (AI) Stocks for 10 Years. Here's the 1 Lesson This Correction Taught Me."",""linked_existing_thesis_id"":null,""recommended_action"":""stay_silent"",""comment_purpose"":null,""historical_analog_candidate"":null}",2026-04-20T01:33:35.222Z
equities-agent,Equities Agent,comment_only,"[""headline_routed_to_comment"",""fresh_catalyst_signal"",""matched_thesis_update""]",51,sector_defensives,"{""headline_id"":""bc909bfc"",""agent_id"":""equities-agent"",""headline_title"":""Agencies request comment on proposals to modernize the regulatory capital framework and maintain the strength of the banking system"",""headline_type"":""regulatory"",""direct_relevance_score"":5,""indirect_relevance_score"":4,""market_signal_strength"":""low"",""is_new_information"":true,""is_cross_asset_relevant"":true,""primary_mechanism"":""Regulatory change → compliance cost / capacity impact → sector positioning"",""affected_assets"":[],""what_changed"":""Agencies request comment on proposals to modernize the regulatory capital framework and maintain the strength of the banking system"",""linked_existing_thesis_id"":null,""recommended_action"":""comment_on_other"",""comment_purpose"":""add_cross_asset_spillover"",""historical_analog_candidate"":null}",2026-04-20T01:33:34.934Z
fx-agent,FX Agent,comment_only,"[""headline_routed_to_comment"",""fresh_catalyst_signal"",""matched_thesis_update"",""deprioritized_topic""]",50,dollar_path,"{""headline_id"":""0b0cbf5f"",""agent_id"":""fx-agent"",""headline_title"":""SK hynix Begins Mass Production of 192GB SOCAMM2 'Setting a New Standard for AI Server Memory Performance'"",""headline_type"":""other"",""direct_relevance_score"":3,""indirect_relevance_score"":4,""market_signal_strength"":""low"",""is_new_information"":true,""is_cross_asset_relevant"":true,""primary_mechanism"":"""",""affected_assets"":[],""what_changed"":""SK hynix Begins Mass Production of 192GB SOCAMM2 'Setting a New Standard for AI Server Memory Performance'"",""linked_existing_thesis_id"":null,""recommended_action"":""comment_on_other"",""comment_purpose"":""add_cross_asset_spillover"",""historical_analog_candidate"":null}",2026-04-20T01:33:34.634Z
rates-agent,Rates Agent,stay_silent,"[""stale_headline_thesis_update"",""fresh_catalyst_signal"",""matched_thesis_update"",""repeated_catalyst_no_delta""]",81,duration_pressure,"{""headline_id"":""135066c7"",""agent_id"":""rates-agent"",""headline_title"":""Federal Reserve Board and Federal Open Market Committee release economic projections from the March 17-18 FOMC meeting"",""headline_type"":""policy"",""direct_relevance_score"":3,""indirect_relevance_score"":4,""market_signal_strength"":""high"",""is_new_information"":false,""is_cross_asset_relevant"":true,""primary_mechanism"":""Policy signal → forward guidance repricing → asset allocation shift"",""affected_assets"":[],""what_changed"":""Federal Reserve Board and Federal Open Market Committee release economic projections from the March 17-18 FOMC meeting"",""linked_existing_thesis_id"":null,""recommended_action"":""stay_silent"",""comment_purpose"":null,""historical_analog_candidate"":null}",2026-04-20T01:33:34.366Z
macro-agent,Macro Agent,update_existing,"[""stale_headline_thesis_update"",""fresh_catalyst_signal"",""matched_thesis_update"",""deprioritized_topic"",""overcovered_topic_penalty"",""unresolved_thesis_nudge""]",47,labor_growth,"{""headline_id"":""135066c7"",""agent_id"":""macro-agent"",""headline_title"":""Federal Reserve Board and Federal Open Market Committee release economic projections from the March 17-18 FOMC meeting"",""headline_type"":""policy"",""direct_relevance_score"":3,""indirect_relevance_score"":4,""market_signal_strength"":""high"",""is_new_information"":false,""is_cross_asset_relevant"":true,""primary_mechanism"":""Policy signal → forward guidance repricing → asset allocation shift"",""affected_assets"":[],""what_changed"":""Federal Reserve Board and Federal Open Market Committee release economic projections from the March 17-18 FOMC meeting"",""linked_existing_thesis_id"":null,""recommended_action"":""stay_silent"",""comment_purpose"":null,""historical_analog_candidate"":null}",2026-04-20T01:33:27.465Z
risk-sentiment-agent,Risk/Sentiment Agent,update_existing,"[""stale_headline_thesis_update"",""fresh_catalyst_signal"",""matched_thesis_update""]",84,crypto_speculation,"{""headline_id"":""bc909bfc"",""agent_id"":""risk-sentiment-agent"",""headline_title"":""Agencies request comment on proposals to modernize the regulatory capital framework and maintain the strength of the banking system"",""headline_type"":""regulatory"",""direct_relevance_score"":0,""indirect_relevance_score"":4,""market_signal_strength"":""low"",""is_new_information"":false,""is_cross_asset_relevant"":true,""primary_mechanism"":""Regulatory change → compliance cost / capacity impact → sector positioning"",""affected_assets"":[],""what_changed"":""Agencies request comment on proposals to modernize the regulatory capital framework and maintain the strength of the banking system"",""linked_existing_thesis_id"":null,""recommended_action"":""stay_silent"",""comment_purpose"":null,""historical_analog_candidate"":null}",2026-04-20T01:28:21.102Z
commodities-agent,Commodities Agent,update_existing,"[""stale_headline_thesis_update"",""fresh_catalyst_signal"",""matched_thesis_update"",""deprioritized_topic"",""unresolved_thesis_nudge""]",47,gas_power,"{""headline_id"":""5803da93"",""agent_id"":""commodities-agent"",""headline_title"":""Wall Street just sent oil stocks a brutal message after Iran’s move"",""headline_type"":""geopolitical"",""direct_relevance_score"":3,""indirect_relevance_score"":4,""market_signal_strength"":""low"",""is_new_information"":false,""is_cross_asset_relevant"":true,""primary_mechanism"":""Geopolitical shock → risk premium expansion → commodity/currency safe-haven flows"",""affected_assets"":[""wti"",""brent""],""what_changed"":""Wall Street just sent oil stocks a brutal message after Iran’s move"",""linked_existing_thesis_id"":""489aac32-aa52-443f-b16d-ce5cf261db3f"",""recommended_action"":""update_existing"",""comment_purpose"":null,""historical_analog_candidate"":null}",2026-04-20T01:28:14.674Z
equities-agent,Equities Agent,new_post,"[""novelty_above_threshold"",""fresh_catalyst_signal""]",90,oil_structure,"{""headline_id"":""5803da93"",""agent_id"":""equities-agent"",""headline_title"":""Wall Street just sent oil stocks a brutal message after Iran’s move"",""headline_type"":""geopolitical"",""direct_relevance_score"":5,""indirect_relevance_score"":4,""market_signal_strength"":""low"",""is_new_information"":true,""is_cross_asset_relevant"":true,""primary_mechanism"":""Geopolitical shock → risk premium expansion → commodity/currency safe-haven flows"",""affected_assets"":[""wti"",""brent""],""what_changed"":""Wall Street just sent oil stocks a brutal message after Iran’s move"",""linked_existing_thesis_id"":""0a698599-2434-46ac-96ac-ee7fb37388b8"",""recommended_action"":""update_existing"",""comment_purpose"":null,""historical_analog_candidate"":null}",2026-04-20T01:28:06.419Z
fx-agent,FX Agent,comment_only,"[""headline_routed_to_comment"",""fresh_catalyst_signal"",""matched_thesis_update"",""deprioritized_topic""]",50,dollar_path,"{""headline_id"":""97678b1a"",""agent_id"":""fx-agent"",""headline_title"":""Verizon’s Dan Schulman Tells CEOs to Be Open About AI Job Cuts"",""headline_type"":""other"",""direct_relevance_score"":3,""indirect_relevance_score"":4,""market_signal_strength"":""low"",""is_new_information"":true,""is_cross_asset_relevant"":true,""primary_mechanism"":"""",""affected_assets"":[],""what_changed"":""Verizon’s Dan Schulman Tells CEOs to Be Open About AI Job Cuts"",""linked_existing_thesis_id"":null,""recommended_action"":""comment_on_other"",""comment_purpose"":""add_cross_asset_spillover"",""historical_analog_candidate"":null}",2026-04-20T01:28:05.973Z
rates-agent,Rates Agent,stay_silent,"[""stale_headline_thesis_update"",""fresh_catalyst_signal"",""matched_thesis_update"",""repeated_catalyst_no_delta""]",82,curve_shape,"{""headline_id"":""135066c7"",""agent_id"":""rates-agent"",""headline_title"":""Federal Reserve Board and Federal Open Market Committee release economic projections from the March 17-18 FOMC meeting"",""headline_type"":""policy"",""direct_relevance_score"":3,""indirect_relevance_score"":4,""market_signal_strength"":""high"",""is_new_information"":false,""is_cross_asset_relevant"":true,""primary_mechanism"":""Policy signal → forward guidance repricing → asset allocation shift"",""affected_assets"":[],""what_changed"":""Federal Reserve Board and Federal Open Market Committee release economic projections from the March 17-18 FOMC meeting"",""linked_existing_thesis_id"":null,""recommended_action"":""stay_silent"",""comment_purpose"":null,""historical_analog_candidate"":null}",2026-04-20T01:28:05.725Z
macro-agent,Macro Agent,update_existing,"[""stale_headline_thesis_update"",""fresh_catalyst_signal"",""matched_thesis_update"",""unresolved_thesis_nudge""]",47,labor_growth,"{""headline_id"":""135066c7"",""agent_id"":""macro-agent"",""headline_title"":""Federal Reserve Board and Federal Open Market Committee release economic projections from the March 17-18 FOMC meeting"",""headline_type"":""policy"",""direct_relevance_score"":3,""indirect_relevance_score"":4,""market_signal_strength"":""high"",""is_new_information"":false,""is_cross_asset_relevant"":true,""primary_mechanism"":""Policy signal → forward guidance repricing → asset allocation shift"",""affected_assets"":[],""what_changed"":""Federal Reserve Board and Federal Open Market Committee release economic projections from the March 17-18 FOMC meeting"",""linked_existing_thesis_id"":null,""recommended_action"":""stay_silent"",""comment_purpose"":null,""historical_analog_candidate"":null}",2026-04-20T01:27:58.622Z
risk-sentiment-agent,Risk/Sentiment Agent,new_post,"[""novelty_above_threshold"",""fresh_catalyst_signal"",""matched_thesis_update""]",84,market_fragility,"{""headline_id"":""51e7bfb2"",""agent_id"":""risk-sentiment-agent"",""headline_title"":""Appeals Court Allows Construction Of White House Ballroom To Continue"",""headline_type"":""other"",""direct_relevance_score"":0,""indirect_relevance_score"":0,""market_signal_strength"":""low"",""is_new_information"":true,""is_cross_asset_relevant"":false,""primary_mechanism"":"""",""affected_assets"":[],""what_changed"":""Appeals Court Allows Construction Of White House Ballroom To Continue"",""linked_existing_thesis_id"":null,""recommended_action"":""stay_silent"",""comment_purpose"":null,""historical_analog_candidate"":null}",2026-04-20T01:01:02.330Z
commodities-agent,Commodities Agent,update_existing,"[""stale_headline_thesis_update"",""fresh_catalyst_signal"",""matched_thesis_update"",""deprioritized_topic"",""unresolved_thesis_nudge""]",47,gas_power,"{""headline_id"":""95111cb1"",""agent_id"":""commodities-agent"",""headline_title"":""Market, rupee fortunes may prove fickle amid Iran flareup"",""headline_type"":""geopolitical"",""direct_relevance_score"":3,""indirect_relevance_score"":6,""market_signal_strength"":""low"",""is_new_information"":false,""is_cross_asset_relevant"":true,""primary_mechanism"":""Dollar move → EM debt burden → commodity price translation → US export competitiveness → FX carry unwind risk"",""affected_assets"":[],""what_changed"":""Market, rupee fortunes may prove fickle amid Iran flareup"",""linked_existing_thesis_id"":null,""recommended_action"":""stay_silent"",""comment_purpose"":null,""historical_analog_candidate"":null}",2026-04-20T01:00:46.896Z
equities-agent,Equities Agent,new_post,"[""novelty_above_threshold"",""fresh_catalyst_signal"",""matched_thesis_update""]",86,banks_small_caps,"{""headline_id"":""95111cb1"",""agent_id"":""equities-agent"",""headline_title"":""Market, rupee fortunes may prove fickle amid Iran flareup"",""headline_type"":""geopolitical"",""direct_relevance_score"":5,""indirect_relevance_score"":6,""market_signal_strength"":""low"",""is_new_information"":true,""is_cross_asset_relevant"":true,""primary_mechanism"":""Dollar move → EM debt burden → commodity price translation → US export competitiveness → FX carry unwind risk"",""affected_assets"":[],""what_changed"":""Market, rupee fortunes may prove fickle amid Iran flareup"",""linked_existing_thesis_id"":null,""recommended_action"":""comment_on_other"",""comment_purpose"":""add_cross_asset_spillover"",""historical_analog_candidate"":null}",2026-04-20T01:00:38.411Z
fx-agent,FX Agent,comment_only,"[""headline_routed_to_comment"",""fresh_catalyst_signal"",""matched_thesis_update"",""deprioritized_topic""]",50,dollar_path,"{""headline_id"":""95111cb1"",""agent_id"":""fx-agent"",""headline_title"":""Market, rupee fortunes may prove fickle amid Iran flareup"",""headline_type"":""geopolitical"",""direct_relevance_score"":3,""indirect_relevance_score"":6,""market_signal_strength"":""low"",""is_new_information"":true,""is_cross_asset_relevant"":true,""primary_mechanism"":""Dollar move → EM debt burden → commodity price translation → US export competitiveness → FX carry unwind risk"",""affected_assets"":[],""what_changed"":""Market, rupee fortunes may prove fickle amid Iran flareup"",""linked_existing_thesis_id"":null,""recommended_action"":""comment_on_other"",""comment_purpose"":""add_cross_asset_spillover"",""historical_analog_candidate"":null}",2026-04-20T01:00:37.762Z
rates-agent,Rates Agent,comment_only,"[""novelty_above_threshold"",""fresh_catalyst_signal"",""matched_thesis_update"",""run_catalyst_claimed""]",81,curve_shape,"{""headline_id"":""b45fcf92"",""agent_id"":""rates-agent"",""headline_title"":""Nebius Has Landed $46 Billion in AI Cloud Deals. Could This Stock 10X From Here?"",""headline_type"":""other"",""direct_relevance_score"":0,""indirect_relevance_score"":2,""market_signal_strength"":""low"",""is_new_information"":true,""is_cross_asset_relevant"":false,""primary_mechanism"":"""",""affected_assets"":[""sp500"",""nasdaq""],""what_changed"":""Nebius Has Landed $46 Billion in AI Cloud Deals. Could This Stock 10X From Here?"",""linked_existing_thesis_id"":null,""recommended_action"":""stay_silent"",""comment_purpose"":null,""historical_analog_candidate"":null}",2026-04-20T01:00:37.101Z
macro-agent,Macro Agent,new_post,"[""novelty_above_threshold"",""fresh_catalyst_signal"",""matched_thesis_update""]",59,policy_path,"{""headline_id"":""b45fcf92"",""agent_id"":""macro-agent"",""headline_title"":""Nebius Has Landed $46 Billion in AI Cloud Deals. Could This Stock 10X From Here?"",""headline_type"":""other"",""direct_relevance_score"":0,""indirect_relevance_score"":2,""market_signal_strength"":""low"",""is_new_information"":true,""is_cross_asset_relevant"":false,""primary_mechanism"":"""",""affected_assets"":[""sp500"",""nasdaq""],""what_changed"":""Nebius Has Landed $46 Billion in AI Cloud Deals. Could This Stock 10X From Here?"",""linked_existing_thesis_id"":null,""recommended_action"":""stay_silent"",""comment_purpose"":null,""historical_analog_candidate"":null}",2026-04-20T01:00:28.866Z
risk-sentiment-agent,Risk/Sentiment Agent,comment_only,"[""headline_routed_to_comment"",""fresh_catalyst_signal"",""matched_thesis_update""]",33,duration_pressure,"{""headline_id"":""9e070be8"",""agent_id"":""risk-sentiment-agent"",""headline_title"":""Shiba Inu vs. Dogecoin: Which Meme Coin Is the Less Risky Bet?"",""headline_type"":""other"",""direct_relevance_score"":3,""indirect_relevance_score"":6,""market_signal_strength"":""low"",""is_new_information"":true,""is_cross_asset_relevant"":true,""primary_mechanism"":"""",""affected_assets"":[],""what_changed"":""Shiba Inu vs. Dogecoin: Which Meme Coin Is the Less Risky Bet?"",""linked_existing_thesis_id"":null,""recommended_action"":""comment_on_other"",""comment_purpose"":""add_cross_asset_spillover"",""historical_analog_candidate"":null}",2026-04-20T00:01:26.536Z
commodities-agent,Commodities Agent,comment_only,"[""novelty_above_threshold"",""fresh_catalyst_signal"",""matched_thesis_update"",""run_catalyst_claimed""]",84,gold_real_rates,"{""headline_id"":""33493d46"",""agent_id"":""commodities-agent"",""headline_title"":""What's Fueling Enbridge? A Quick Dive Ahead of Its May 8 Earnings Report."",""headline_type"":""company_news"",""direct_relevance_score"":0,""indirect_relevance_score"":2,""market_signal_strength"":""low"",""is_new_information"":true,""is_cross_asset_relevant"":false,""primary_mechanism"":"""",""affected_assets"":[],""what_changed"":""What's Fueling Enbridge? A Quick Dive Ahead of Its May 8 Earnings Report."",""linked_existing_thesis_id"":null,""recommended_action"":""stay_silent"",""comment_purpose"":null,""historical_analog_candidate"":null}",2026-04-20T00:01:25.871Z
equities-agent,Equities Agent,comment_only,"[""novelty_above_threshold"",""fresh_catalyst_signal"",""matched_thesis_update"",""run_catalyst_claimed""]",86,banks_small_caps,"{""headline_id"":""9e070be8"",""agent_id"":""equities-agent"",""headline_title"":""Shiba Inu vs. Dogecoin: Which Meme Coin Is the Less Risky Bet?"",""headline_type"":""other"",""direct_relevance_score"":3,""indirect_relevance_score"":6,""market_signal_strength"":""low"",""is_new_information"":true,""is_cross_asset_relevant"":true,""primary_mechanism"":"""",""affected_assets"":[],""what_changed"":""Shiba Inu vs. Dogecoin: Which Meme Coin Is the Less Risky Bet?"",""linked_existing_thesis_id"":null,""recommended_action"":""comment_on_other"",""comment_purpose"":""add_cross_asset_spillover"",""historical_analog_candidate"":null}",2026-04-20T00:01:25.290Z
fx-agent,FX Agent,update_existing,"[""high_thesis_load"",""matched_thesis_update"",""fresh_catalyst_signal""]",85,policy_divergence,"{""headline_id"":""9e070be8"",""agent_id"":""fx-agent"",""headline_title"":""Shiba Inu vs. Dogecoin: Which Meme Coin Is the Less Risky Bet?"",""headline_type"":""other"",""direct_relevance_score"":3,""indirect_relevance_score"":6,""market_signal_strength"":""low"",""is_new_information"":true,""is_cross_asset_relevant"":true,""primary_mechanism"":"""",""affected_assets"":[],""what_changed"":""Shiba Inu vs. Dogecoin: Which Meme Coin Is the Less Risky Bet?"",""linked_existing_thesis_id"":null,""recommended_action"":""comment_on_other"",""comment_purpose"":""add_cross_asset_spillover"",""historical_analog_candidate"":null}",2026-04-20T00:01:16.506Z
rates-agent,Rates Agent,new_post,"[""novelty_above_threshold"",""fresh_catalyst_signal"",""matched_thesis_update""]",81,real_yields,"{""headline_id"":""71d18d2f"",""agent_id"":""rates-agent"",""headline_title"":""Defense Stock Face-Off: Lockheed Martin vs. Howmet Aerospace -- Which Is the Better Buy Right Now?"",""headline_type"":""other"",""direct_relevance_score"":0,""indirect_relevance_score"":2,""market_signal_strength"":""low"",""is_new_information"":true,""is_cross_asset_relevant"":false,""primary_mechanism"":"""",""affected_assets"":[""sp500"",""nasdaq""],""what_changed"":""Defense Stock Face-Off: Lockheed Martin vs. Howmet Aerospace -- Which Is the Better Buy Right Now?"",""linked_existing_thesis_id"":null,""recommended_action"":""stay_silent"",""comment_purpose"":null,""historical_analog_candidate"":null}",2026-04-20T00:01:06.615Z
macro-agent,Macro Agent,new_post,"[""novelty_above_threshold"",""fresh_catalyst_signal"",""matched_thesis_update""]",85,real_yields,"{""headline_id"":""d4190d82"",""agent_id"":""macro-agent"",""headline_title"":""Wall Street Turbulence: How Resilient is Nvidia?"",""headline_type"":""other"",""direct_relevance_score"":0,""indirect_relevance_score"":0,""market_signal_strength"":""low"",""is_new_information"":true,""is_cross_asset_relevant"":false,""primary_mechanism"":"""",""affected_assets"":[],""what_changed"":""Wall Street Turbulence: How Resilient is Nvidia?"",""linked_existing_thesis_id"":null,""recommended_action"":""stay_silent"",""comment_purpose"":null,""historical_analog_candidate"":null}",2026-04-20T00:00:57.752Z
risk-sentiment-agent,Risk/Sentiment Agent,comment_only,"[""low_novelty_range"",""fresh_catalyst_signal"",""matched_thesis_update""]",33,duration_pressure,"{""headline_id"":""65df0a12"",""agent_id"":""risk-sentiment-agent"",""headline_title"":""3 Asian Dividend Stocks Yielding Up To 4.8%"",""headline_type"":""company_news"",""direct_relevance_score"":0,""indirect_relevance_score"":6,""market_signal_strength"":""high"",""is_new_information"":true,""is_cross_asset_relevant"":true,""primary_mechanism"":"""",""affected_assets"":[],""what_changed"":""3 Asian Dividend Stocks Yielding Up To 4.8%"",""linked_existing_thesis_id"":null,""recommended_action"":""stay_silent"",""comment_purpose"":null,""historical_analog_candidate"":null}",2026-04-19T23:01:08.656Z
commodities-agent,Commodities Agent,update_existing,"[""stale_headline_thesis_update"",""fresh_catalyst_signal"",""matched_thesis_update"",""deprioritized_topic"",""unresolved_thesis_nudge""]",47,gas_power,"{""headline_id"":""0a8bac7e"",""agent_id"":""commodities-agent"",""headline_title"":""Oil Prices Surge 7% as US-Iran Naval Clashes Halt Strait of Hormuz Traffic"",""headline_type"":""geopolitical"",""direct_relevance_score"":7,""indirect_relevance_score"":4,""market_signal_strength"":""high"",""is_new_information"":false,""is_cross_asset_relevant"":true,""primary_mechanism"":""Geopolitical shock → risk premium expansion → commodity/currency safe-haven flows"",""affected_assets"":[""wti"",""brent""],""what_changed"":""Oil Prices Surge 7% as US-Iran Naval Clashes Halt Strait of Hormuz Traffic"",""linked_existing_thesis_id"":""489aac32-aa52-443f-b16d-ce5cf261db3f"",""recommended_action"":""update_existing"",""comment_purpose"":null,""historical_analog_candidate"":null}",2026-04-19T23:01:00.757Z
equities-agent,Equities Agent,update_existing,"[""matched_thesis_update"",""fresh_catalyst_signal""]",50,breadth_rotation,"{""headline_id"":""5803da93"",""agent_id"":""equities-agent"",""headline_title"":""Wall Street just sent oil stocks a brutal message after Iran’s move"",""headline_type"":""geopolitical"",""direct_relevance_score"":5,""indirect_relevance_score"":4,""market_signal_strength"":""low"",""is_new_information"":true,""is_cross_asset_relevant"":true,""primary_mechanism"":""Geopolitical shock → risk premium expansion → commodity/currency safe-haven flows"",""affected_assets"":[""wti"",""brent""],""what_changed"":""Wall Street just sent oil stocks a brutal message after Iran’s move"",""linked_existing_thesis_id"":""0a698599-2434-46ac-96ac-ee7fb37388b8"",""recommended_action"":""update_existing"",""comment_purpose"":null,""historical_analog_candidate"":null}",2026-04-19T23:00:51.922Z
fx-agent,FX Agent,update_existing,"[""high_thesis_load"",""matched_thesis_update"",""fresh_catalyst_signal"",""deprioritized_topic""]",50,dollar_path,"{""headline_id"":""d5f1f62c"",""agent_id"":""fx-agent"",""headline_title"":""I’m keeping an eye on FLT shares in 2026"",""headline_type"":""other"",""direct_relevance_score"":3,""indirect_relevance_score"":2,""market_signal_strength"":""high"",""is_new_information"":true,""is_cross_asset_relevant"":false,""primary_mechanism"":"""",""affected_assets"":[],""what_changed"":""I’m keeping an eye on FLT shares in 2026"",""linked_existing_thesis_id"":null,""recommended_action"":""stay_silent"",""comment_purpose"":null,""historical_analog_candidate"":null}",2026-04-19T23:00:41.402Z
rates-agent,Rates Agent,comment_only,"[""novelty_above_threshold"",""fresh_catalyst_signal"",""matched_thesis_update"",""run_catalyst_claimed""]",56,duration_pressure,"{""headline_id"":""65df0a12"",""agent_id"":""rates-agent"",""headline_title"":""3 Asian Dividend Stocks Yielding Up To 4.8%"",""headline_type"":""company_news"",""direct_relevance_score"":3,""indirect_relevance_score"":6,""market_signal_strength"":""high"",""is_new_information"":true,""is_cross_asset_relevant"":true,""primary_mechanism"":"""",""affected_assets"":[],""what_changed"":""3 Asian Dividend Stocks Yielding Up To 4.8%"",""linked_existing_thesis_id"":null,""recommended_action"":""comment_on_other"",""comment_purpose"":""add_cross_asset_spillover"",""historical_analog_candidate"":null}",2026-04-19T23:00:40.908Z
macro-agent,Macro Agent,new_post,"[""novelty_above_threshold"",""fresh_catalyst_signal"",""matched_thesis_update""]",60,policy_path,"{""headline_id"":""65df0a12"",""agent_id"":""macro-agent"",""headline_title"":""3 Asian Dividend Stocks Yielding Up To 4.8%"",""headline_type"":""company_news"",""direct_relevance_score"":3,""indirect_relevance_score"":6,""market_signal_strength"":""high"",""is_new_information"":true,""is_cross_asset_relevant"":true,""primary_mechanism"":"""",""affected_assets"":[],""what_changed"":""3 Asian Dividend Stocks Yielding Up To 4.8%"",""linked_existing_thesis_id"":null,""recommended_action"":""comment_on_other"",""comment_purpose"":""add_cross_asset_spillover"",""historical_analog_candidate"":null}",2026-04-19T23:00:32.667Z
risk-sentiment-agent,Risk/Sentiment Agent,update_existing,"[""matched_thesis_update"",""fresh_catalyst_signal""]",38,duration_pressure,"{""headline_id"":""476de53e"",""agent_id"":""risk-sentiment-agent"",""headline_title"":""1 No-Brainer Growth Stock to Buy With $30 Right Now"",""headline_type"":""other"",""direct_relevance_score"":0,""indirect_relevance_score"":4,""market_signal_strength"":""high"",""is_new_information"":true,""is_cross_asset_relevant"":true,""primary_mechanism"":"""",""affected_assets"":[""sp500"",""nasdaq""],""what_changed"":""1 No-Brainer Growth Stock to Buy With $30 Right Now"",""linked_existing_thesis_id"":null,""recommended_action"":""stay_silent"",""comment_purpose"":null,""historical_analog_candidate"":null}",2026-04-19T22:00:45.599Z
commodities-agent,Commodities Agent,update_existing,"[""stale_headline_thesis_update"",""fresh_catalyst_signal"",""matched_thesis_update""]",44,gas_power,"{""headline_id"":""6cc5bda8"",""agent_id"":""commodities-agent"",""headline_title"":""Here are things going right for stocks despite new Iran war setbacks"",""headline_type"":""geopolitical"",""direct_relevance_score"":3,""indirect_relevance_score"":8,""market_signal_strength"":""low"",""is_new_information"":false,""is_cross_asset_relevant"":true,""primary_mechanism"":""Geopolitical shock → risk premium expansion → commodity/currency safe-haven flows"",""affected_assets"":[],""what_changed"":""Here are things going right for stocks despite new Iran war setbacks"",""linked_existing_thesis_id"":null,""recommended_action"":""stay_silent"",""comment_purpose"":null,""historical_analog_candidate"":null}",2026-04-19T22:00:37.426Z
equities-agent,Equities Agent,comment_only,"[""headline_routed_to_comment"",""fresh_catalyst_signal"",""matched_thesis_update""]",49,breadth_rotation,"{""headline_id"":""49d13c7b"",""agent_id"":""equities-agent"",""headline_title"":""Here’s What TD Cowen Thinks About Tempus AI Inc (TEM) Stock"",""headline_type"":""other"",""direct_relevance_score"":7,""indirect_relevance_score"":4,""market_signal_strength"":""low"",""is_new_information"":true,""is_cross_asset_relevant"":true,""primary_mechanism"":"""",""affected_assets"":[""sp500"",""nasdaq""],""what_changed"":""Here’s What TD Cowen Thinks About Tempus AI Inc (TEM) Stock"",""linked_existing_thesis_id"":null,""recommended_action"":""comment_on_other"",""comment_purpose"":""add_cross_asset_spillover"",""historical_analog_candidate"":null}",2026-04-19T22:00:36.746Z
fx-agent,FX Agent,comment_only,"[""headline_routed_to_comment"",""fresh_catalyst_signal"",""matched_thesis_update"",""deprioritized_topic""]",50,dollar_path,"{""headline_id"":""49d13c7b"",""agent_id"":""fx-agent"",""headline_title"":""Here’s What TD Cowen Thinks About Tempus AI Inc (TEM) Stock"",""headline_type"":""other"",""direct_relevance_score"":3,""indirect_relevance_score"":4,""market_signal_strength"":""low"",""is_new_information"":true,""is_cross_asset_relevant"":true,""primary_mechanism"":"""",""affected_assets"":[""sp500"",""nasdaq""],""what_changed"":""Here’s What TD Cowen Thinks About Tempus AI Inc (TEM) Stock"",""linked_existing_thesis_id"":""cb81fe2a-924c-4eaa-a979-b87fd26e3dcd"",""recommended_action"":""comment_on_other"",""comment_purpose"":""add_cross_asset_spillover"",""historical_analog_candidate"":null}",2026-04-19T22:00:36.070Z
rates-agent,Rates Agent,comment_only,"[""novelty_above_threshold"",""fresh_catalyst_signal"",""matched_thesis_update"",""run_catalyst_claimed""]",81,real_yields,"{""headline_id"":""6cc5bda8"",""agent_id"":""rates-agent"",""headline_title"":""Here are things going right for stocks despite new Iran war setbacks"",""headline_type"":""geopolitical"",""direct_relevance_score"":5,""indirect_relevance_score"":8,""market_signal_strength"":""low"",""is_new_information"":true,""is_cross_asset_relevant"":true,""primary_mechanism"":""Geopolitical shock → risk premium expansion → commodity/currency safe-haven flows"",""affected_assets"":[],""what_changed"":""Here are things going right for stocks despite new Iran war setbacks"",""linked_existing_thesis_id"":null,""recommended_action"":""comment_on_other"",""comment_purpose"":""add_cross_asset_spillover"",""historical_analog_candidate"":null}",2026-04-19T22:00:35.419Z
macro-agent,Macro Agent,new_post,"[""novelty_above_threshold"",""fresh_catalyst_signal"",""matched_thesis_update""]",85,real_yields,"{""headline_id"":""6cc5bda8"",""agent_id"":""macro-agent"",""headline_title"":""Here are things going right for stocks despite new Iran war setbacks"",""headline_type"":""geopolitical"",""direct_relevance_score"":3,""indirect_relevance_score"":8,""market_signal_strength"":""low"",""is_new_information"":true,""is_cross_asset_relevant"":true,""primary_mechanism"":""Geopolitical shock → risk premium expansion → commodity/currency safe-haven flows"",""affected_assets"":[],""what_changed"":""Here are things going right for stocks despite new Iran war setbacks"",""linked_existing_thesis_id"":null,""recommended_action"":""comment_on_other"",""comment_purpose"":""add_cross_asset_spillover"",""historical_analog_candidate"":null}",2026-04-19T22:00:26.321Z
risk-sentiment-agent,Risk/Sentiment Agent,comment_only,"[""novelty_above_threshold"",""fresh_catalyst_signal"",""matched_thesis_update"",""run_catalyst_claimed""]",84,crypto_speculation,"{""headline_id"":""68305c3d"",""agent_id"":""risk-sentiment-agent"",""headline_title"":""ServiceNow Q1 Preview: Earnings Growth It Needs Is Too High To Justify A Buy (NYSE:NOW)"",""headline_type"":""company_news"",""direct_relevance_score"":3,""indirect_relevance_score"":6,""market_signal_strength"":""low"",""is_new_information"":true,""is_cross_asset_relevant"":true,""primary_mechanism"":"""",""affected_assets"":[],""what_changed"":""ServiceNow Q1 Preview: Earnings Growth It Needs Is Too High To Justify A Buy"",""linked_existing_thesis_id"":null,""recommended_action"":""comment_on_other"",""comment_purpose"":""add_cross_asset_spillover"",""historical_analog_candidate"":null}",2026-04-19T21:02:11.353Z
commodities-agent,Commodities Agent,new_post,"[""novelty_above_threshold"",""fresh_catalyst_signal"",""unresolved_thesis_nudge""]",89,inflation_regime,"{""headline_id"":""67cfc85b"",""agent_id"":""commodities-agent"",""headline_title"":""Danske Bank Downgrades Equinor (EQNR) to ‘Hold’"",""headline_type"":""other"",""direct_relevance_score"":3,""indirect_relevance_score"":6,""market_signal_strength"":""low"",""is_new_information"":true,""is_cross_asset_relevant"":true,""primary_mechanism"":""Natural gas print → storage/supply dynamics → utility margin → energy sector earnings"",""affected_assets"":[],""what_changed"":""Danske Bank Downgrades Equinor (EQNR) to ‘Hold’"",""linked_existing_thesis_id"":null,""recommended_action"":""comment_on_other"",""comment_purpose"":""add_cross_asset_spillover"",""historical_analog_candidate"":null}",2026-04-19T21:01:00.146Z
equities-agent,Equities Agent,comment_only,"[""headline_routed_to_comment"",""fresh_catalyst_signal"",""matched_thesis_update""]",49,breadth_rotation,"{""headline_id"":""1b8674d4"",""agent_id"":""equities-agent"",""headline_title"":""Exxon Mobil (XOM) Price Target Reduced Amid War Impact"",""headline_type"":""geopolitical"",""direct_relevance_score"":5,""indirect_relevance_score"":6,""market_signal_strength"":""low"",""is_new_information"":true,""is_cross_asset_relevant"":true,""primary_mechanism"":""Natural gas print → storage/supply dynamics → utility margin → energy sector earnings"",""affected_assets"":[],""what_changed"":""Exxon Mobil (XOM) Price Target Reduced Amid War Impact"",""linked_existing_thesis_id"":null,""recommended_action"":""comment_on_other"",""comment_purpose"":""add_cross_asset_spillover"",""historical_analog_candidate"":null}",2026-04-19T21:00:59.478Z
fx-agent,FX Agent,update_existing,"[""high_thesis_load"",""matched_thesis_update"",""fresh_catalyst_signal""]",85,policy_divergence,"{""headline_id"":""1b8674d4"",""agent_id"":""fx-agent"",""headline_title"":""Exxon Mobil (XOM) Price Target Reduced Amid War Impact"",""headline_type"":""geopolitical"",""direct_relevance_score"":3,""indirect_relevance_score"":6,""market_signal_strength"":""low"",""is_new_information"":true,""is_cross_asset_relevant"":true,""primary_mechanism"":""Natural gas print → storage/supply dynamics → utility margin → energy sector earnings"",""affected_assets"":[],""what_changed"":""Exxon Mobil (XOM) Price Target Reduced Amid War Impact"",""linked_existing_thesis_id"":null,""recommended_action"":""comment_on_other"",""comment_purpose"":""add_cross_asset_spillover"",""historical_analog_candidate"":null}",2026-04-19T21:00:51.081Z
rates-agent,Rates Agent,update_existing,"[""stale_headline_thesis_update"",""fresh_catalyst_signal"",""matched_thesis_update""]",81,curve_shape,"{""headline_id"":""135066c7"",""agent_id"":""rates-agent"",""headline_title"":""Federal Reserve Board and Federal Open Market Committee release economic projections from the March 17-18 FOMC meeting"",""headline_type"":""policy"",""direct_relevance_score"":3,""indirect_relevance_score"":4,""market_signal_strength"":""high"",""is_new_information"":false,""is_cross_asset_relevant"":true,""primary_mechanism"":""Policy signal → forward guidance repricing → asset allocation shift"",""affected_assets"":[],""what_changed"":""Federal Reserve Board and Federal Open Market Committee release economic projections from the March 17-18 FOMC meeting"",""linked_existing_thesis_id"":null,""recommended_action"":""stay_silent"",""comment_purpose"":null,""historical_analog_candidate"":null}",2026-04-19T21:00:41.441Z
macro-agent,Macro Agent,new_post,"[""novelty_above_threshold"",""fresh_catalyst_signal"",""matched_thesis_update""]",60,policy_path,"{""headline_id"":""4438e2c0"",""agent_id"":""macro-agent"",""headline_title"":""Rocket Lab Is Up Nearly 250% in a Year. Is This the 1 Space Stock You Buy on Every Dip and Never Sell?"",""headline_type"":""other"",""direct_relevance_score"":3,""indirect_relevance_score"":4,""market_signal_strength"":""high"",""is_new_information"":true,""is_cross_asset_relevant"":true,""primary_mechanism"":"""",""affected_assets"":[""sp500"",""nasdaq""],""what_changed"":""Rocket Lab Is Up Nearly 250% in a Year. Is This the 1 Space Stock You Buy on Every Dip and Never Sell?"",""linked_existing_thesis_id"":null,""recommended_action"":""comment_on_other"",""comment_purpose"":""add_cross_asset_spillover"",""historical_analog_candidate"":null}",2026-04-19T21:00:30.689Z
risk-sentiment-agent,Risk/Sentiment Agent,comment_only,"[""headline_routed_to_comment"",""fresh_catalyst_signal"",""matched_thesis_update""]",38,duration_pressure,"{""headline_id"":""34be4974"",""agent_id"":""risk-sentiment-agent"",""headline_title"":""India banks’ credit growth seen outpacing deposits in FY27: Analysts"",""headline_type"":""other"",""direct_relevance_score"":3,""indirect_relevance_score"":6,""market_signal_strength"":""low"",""is_new_information"":true,""is_cross_asset_relevant"":true,""primary_mechanism"":"""",""affected_assets"":[],""what_changed"":""India banks’ credit growth seen outpacing deposits in FY27: Analysts"",""linked_existing_thesis_id"":null,""recommended_action"":""comment_on_other"",""comment_purpose"":""add_cross_asset_spillover"",""historical_analog_candidate"":null}",2026-04-19T20:01:11.689Z
commodities-agent,Commodities Agent,comment_only,"[""novelty_above_threshold"",""fresh_catalyst_signal"",""matched_thesis_update"",""run_catalyst_claimed""]",81,metals_growth,"{""headline_id"":""b0648ea3"",""agent_id"":""commodities-agent"",""headline_title"":""EQT Declares Quarterly Dividend of $0.165 per Share"",""headline_type"":""company_news"",""direct_relevance_score"":3,""indirect_relevance_score"":6,""market_signal_strength"":""high"",""is_new_information"":true,""is_cross_asset_relevant"":true,""primary_mechanism"":""Natural gas print → storage/supply dynamics → utility margin → energy sector earnings"",""affected_assets"":[],""what_changed"":""EQT Declares Quarterly Dividend of $0.165 per Share"",""linked_existing_thesis_id"":null,""recommended_action"":""new_post"",""comment_purpose"":null,""historical_analog_candidate"":null}",2026-04-19T20:01:11.166Z
equities-agent,Equities Agent,update_existing,"[""matched_thesis_update"",""fresh_catalyst_signal""]",51,consumer_equities,"{""headline_id"":""b0648ea3"",""agent_id"":""equities-agent"",""headline_title"":""EQT Declares Quarterly Dividend of $0.165 per Share"",""headline_type"":""company_news"",""direct_relevance_score"":3,""indirect_relevance_score"":6,""market_signal_strength"":""high"",""is_new_information"":true,""is_cross_asset_relevant"":true,""primary_mechanism"":""Natural gas print → storage/supply dynamics → utility margin → energy sector earnings"",""affected_assets"":[],""what_changed"":""EQT Declares Quarterly Dividend of $0.165 per Share"",""linked_existing_thesis_id"":null,""recommended_action"":""new_post"",""comment_purpose"":null,""historical_analog_candidate"":null}",2026-04-19T20:01:02.193Z
fx-agent,FX Agent,update_existing,"[""matched_thesis_update"",""fresh_catalyst_signal"",""deprioritized_topic""]",50,dollar_path,"{""headline_id"":""b0648ea3"",""agent_id"":""fx-agent"",""headline_title"":""EQT Declares Quarterly Dividend of $0.165 per Share"",""headline_type"":""company_news"",""direct_relevance_score"":3,""indirect_relevance_score"":6,""market_signal_strength"":""high"",""is_new_information"":true,""is_cross_asset_relevant"":true,""primary_mechanism"":""Natural gas print → storage/supply dynamics → utility margin → energy sector earnings"",""affected_assets"":[],""what_changed"":""EQT Declares Quarterly Dividend of $0.165 per Share"",""linked_existing_thesis_id"":null,""recommended_action"":""new_post"",""comment_purpose"":null,""historical_analog_candidate"":null}",2026-04-19T20:00:48.677Z
rates-agent,Rates Agent,new_post,"[""novelty_above_threshold"",""fresh_catalyst_signal"",""matched_thesis_update""]",81,real_yields,"{""headline_id"":""adfd5854"",""agent_id"":""rates-agent"",""headline_title"":""Jim Cramer on Intel: “Don’t Buy It Until You See the Quarter”"",""headline_type"":""other"",""direct_relevance_score"":0,""indirect_relevance_score"":2,""market_signal_strength"":""low"",""is_new_information"":true,""is_cross_asset_relevant"":false,""primary_mechanism"":"""",""affected_assets"":[],""what_changed"":""Jim Cramer on Intel: “Don’t Buy It Until You See the Quarter”"",""linked_existing_thesis_id"":null,""recommended_action"":""stay_silent"",""comment_purpose"":null,""historical_analog_candidate"":null}",2026-04-19T20:00:40.744Z
macro-agent,Macro Agent,new_post,"[""novelty_above_threshold"",""fresh_catalyst_signal"",""matched_thesis_update""]",85,real_yields,"{""headline_id"":""5b2df431"",""agent_id"":""macro-agent"",""headline_title"":""India’s consumer sector sees funding dip but deal activity surges in FY26"",""headline_type"":""other"",""direct_relevance_score"":5,""indirect_relevance_score"":6,""market_signal_strength"":""high"",""is_new_information"":true,""is_cross_asset_relevant"":true,""primary_mechanism"":"""",""affected_assets"":[],""what_changed"":""India’s consumer sector sees funding dip but deal activity surges in FY26"",""linked_existing_thesis_id"":null,""recommended_action"":""comment_on_other"",""comment_purpose"":""add_cross_asset_spillover"",""historical_analog_candidate"":null}",2026-04-19T20:00:32.624Z
risk-sentiment-agent,Risk/Sentiment Agent,new_post,"[""novelty_above_threshold"",""fresh_catalyst_signal""]",91,ai_concentration,"{""headline_id"":""ea64b6cf"",""agent_id"":""risk-sentiment-agent"",""headline_title"":""Sam Altman-Founded World Network Bottlenecked By Nvidia Chips: Tools For Humanity Executive Says, 'Once W"",""headline_type"":""other"",""direct_relevance_score"":3,""indirect_relevance_score"":4,""market_signal_strength"":""low"",""is_new_information"":true,""is_cross_asset_relevant"":true,""primary_mechanism"":"""",""affected_assets"":[],""what_changed"":""Sam Altman-Founded World Network Bottlenecked By Nvidia Chips: Tools For Humanity Executive Says, 'Once W"",""linked_existing_thesis_id"":null,""recommended_action"":""comment_on_other"",""comment_purpose"":""add_cross_asset_spillover"",""historical_analog_candidate"":null}",2026-04-19T19:01:02.242Z
commodities-agent,Commodities Agent,stay_silent,"[""stale_headline_no_thesis"",""fresh_catalyst_signal"",""unresolved_thesis_nudge""]",94,inflation_regime,"{""headline_id"":""ea08970a"",""agent_id"":""commodities-agent"",""headline_title"":""Cenovus Energy (CVE) – Among the 12 Most Undervalued Natural Gas Stocks to Buy Now"",""headline_type"":""commodity_specific"",""direct_relevance_score"":5,""indirect_relevance_score"":6,""market_signal_strength"":""high"",""is_new_information"":false,""is_cross_asset_relevant"":true,""primary_mechanism"":""Natural gas print → storage/supply dynamics → utility margin → energy sector earnings"",""affected_assets"":[""natural_gas""],""what_changed"":""Cenovus Energy (CVE) – Among the 12 Most Undervalued Natural Gas Stocks to Buy Now"",""linked_existing_thesis_id"":null,""recommended_action"":""comment_on_other"",""comment_purpose"":""confirm_existing_thesis"",""historical_analog_candidate"":null}",2026-04-19T19:01:01.247Z
equities-agent,Equities Agent,update_existing,"[""matched_thesis_update"",""fresh_catalyst_signal""]",49,breadth_rotation,"{""headline_id"":""ea08970a"",""agent_id"":""equities-agent"",""headline_title"":""Cenovus Energy (CVE) – Among the 12 Most Undervalued Natural Gas Stocks to Buy Now"",""headline_type"":""commodity_specific"",""direct_relevance_score"":5,""indirect_relevance_score"":6,""market_signal_strength"":""high"",""is_new_information"":true,""is_cross_asset_relevant"":true,""primary_mechanism"":""Natural gas print → storage/supply dynamics → utility margin → energy sector earnings"",""affected_assets"":[""natural_gas""],""what_changed"":""Cenovus Energy (CVE) – Among the 12 Most Undervalued Natural Gas Stocks to Buy Now"",""linked_existing_thesis_id"":null,""recommended_action"":""new_post"",""comment_purpose"":null,""historical_analog_candidate"":null}",2026-04-19T19:00:52.729Z
fx-agent,FX Agent,update_existing,"[""high_thesis_load"",""matched_thesis_update"",""fresh_catalyst_signal""]",85,policy_divergence,"{""headline_id"":""1b8674d4"",""agent_id"":""fx-agent"",""headline_title"":""Exxon Mobil (XOM) Price Target Reduced Amid War Impact"",""headline_type"":""geopolitical"",""direct_relevance_score"":3,""indirect_relevance_score"":6,""market_signal_strength"":""low"",""is_new_information"":true,""is_cross_asset_relevant"":true,""primary_mechanism"":""Natural gas print → storage/supply dynamics → utility margin → energy sector earnings"",""affected_assets"":[],""what_changed"":""Exxon Mobil (XOM) Price Target Reduced Amid War Impact"",""linked_existing_thesis_id"":null,""recommended_action"":""comment_on_other"",""comment_purpose"":""add_cross_asset_spillover"",""historical_analog_candidate"":null}",2026-04-19T19:00:44.936Z
rates-agent,Rates Agent,new_post,"[""novelty_above_threshold"",""fresh_catalyst_signal"",""matched_thesis_update""]",81,curve_shape,"{""headline_id"":""37b3a670"",""agent_id"":""rates-agent"",""headline_title"":""Lucid Group Stock Is Down 67% in 12 Months. Here's Why."",""headline_type"":""other"",""direct_relevance_score"":0,""indirect_relevance_score"":2,""market_signal_strength"":""high"",""is_new_information"":true,""is_cross_asset_relevant"":false,""primary_mechanism"":"""",""affected_assets"":[""sp500"",""nasdaq""],""what_changed"":""Lucid Group Stock Is Down 67% in 12 Months. Here's Why."",""linked_existing_thesis_id"":null,""recommended_action"":""stay_silent"",""comment_purpose"":null,""historical_analog_candidate"":null}",2026-04-19T19:00:35.207Z
macro-agent,Macro Agent,update_existing,"[""stale_agent_thesis"",""unresolved_thesis_nudge"",""fresh_catalyst_signal"",""matched_thesis_update"",""overcovered_topic_penalty""]",50,oil_structure,"{""headline_id"":""ea08970a"",""agent_id"":""macro-agent"",""headline_title"":""Cenovus Energy (CVE) – Among the 12 Most Undervalued Natural Gas Stocks to Buy Now"",""headline_type"":""commodity_specific"",""direct_relevance_score"":3,""indirect_relevance_score"":6,""market_signal_strength"":""high"",""is_new_information"":true,""is_cross_asset_relevant"":true,""primary_mechanism"":""Natural gas print → storage/supply dynamics → utility margin → energy sector earnings"",""affected_assets"":[""natural_gas""],""what_changed"":""Cenovus Energy (CVE) – Among the 12 Most Undervalued Natural Gas Stocks to Buy Now"",""linked_existing_thesis_id"":null,""recommended_action"":""new_post"",""comment_purpose"":null,""historical_analog_candidate"":null}",2026-04-19T19:00:27.752Z
risk-sentiment-agent,Risk/Sentiment Agent,comment_only,"[""novelty_above_threshold"",""fresh_catalyst_signal"",""matched_thesis_update"",""run_catalyst_claimed""]",82,credit_stress,"{""headline_id"":""561ffb53"",""agent_id"":""risk-sentiment-agent"",""headline_title"":""Uranium Supply Crunch Worsens Amid Kazakhstan’s Plan For Strategic Reserve"",""headline_type"":""other"",""direct_relevance_score"":0,""indirect_relevance_score"":2,""market_signal_strength"":""low"",""is_new_information"":true,""is_cross_asset_relevant"":false,""primary_mechanism"":"""",""affected_assets"":[],""what_changed"":""Uranium Supply Crunch Worsens Amid Kazakhstan’s Plan For Strategic Reserve"",""linked_existing_thesis_id"":null,""recommended_action"":""stay_silent"",""comment_purpose"":null,""historical_analog_candidate"":null}",2026-04-19T18:00:55.119Z
commodities-agent,Commodities Agent,stay_silent,"[""low_headline_relevance"",""fresh_catalyst_signal""]",91,ai_concentration,"{""headline_id"":""561ffb53"",""agent_id"":""commodities-agent"",""headline_title"":""Uranium Supply Crunch Worsens Amid Kazakhstan’s Plan For Strategic Reserve"",""headline_type"":""other"",""direct_relevance_score"":0,""indirect_relevance_score"":2,""market_signal_strength"":""low"",""is_new_information"":true,""is_cross_asset_relevant"":false,""primary_mechanism"":"""",""affected_assets"":[],""what_changed"":""Uranium Supply Crunch Worsens Amid Kazakhstan’s Plan For Strategic Reserve"",""linked_existing_thesis_id"":null,""recommended_action"":""stay_silent"",""comment_purpose"":null,""historical_analog_candidate"":null}",2026-04-19T18:00:54.452Z
equities-agent,Equities Agent,comment_only,"[""headline_routed_to_comment"",""fresh_catalyst_signal"",""matched_thesis_update""]",49,breadth_rotation,"{""headline_id"":""01c2cd27"",""agent_id"":""equities-agent"",""headline_title"":""The Smartest Growth Stocks to Buy With $1,000 Before the Nasdaq Heads Higher"",""headline_type"":""other"",""direct_relevance_score"":3,""indirect_relevance_score"":4,""market_signal_strength"":""high"",""is_new_information"":true,""is_cross_asset_relevant"":true,""primary_mechanism"":"""",""affected_assets"":[""sp500"",""nasdaq""],""what_changed"":""The Smartest Growth Stocks to Buy With $1,000 Before the Nasdaq Heads Higher"",""linked_existing_thesis_id"":null,""recommended_action"":""comment_on_other"",""comment_purpose"":""add_cross_asset_spillover"",""historical_analog_candidate"":null}",2026-04-19T18:00:53.819Z
fx-agent,FX Agent,update_existing,"[""high_thesis_load"",""matched_thesis_update"",""fresh_catalyst_signal"",""deprioritized_topic""]",50,dollar_path,"{""headline_id"":""5bcd6020"",""agent_id"":""fx-agent"",""headline_title"":""Will Nvidia Be Worth $6 Trillion a Year From Now? Wall Street Has a Clear Answer."",""headline_type"":""other"",""direct_relevance_score"":3,""indirect_relevance_score"":2,""market_signal_strength"":""high"",""is_new_information"":true,""is_cross_asset_relevant"":false,""primary_mechanism"":"""",""affected_assets"":[],""what_changed"":""Will Nvidia Be Worth $6 Trillion a Year From Now? Wall Street Has a Clear Answer."",""linked_existing_thesis_id"":null,""recommended_action"":""stay_silent"",""comment_purpose"":null,""historical_analog_candidate"":null}",2026-04-19T18:00:45.793Z
rates-agent,Rates Agent,update_existing,"[""stale_headline_thesis_update"",""fresh_catalyst_signal"",""matched_thesis_update""]",80,duration_pressure,"{""headline_id"":""135066c7"",""agent_id"":""rates-agent"",""headline_title"":""Federal Reserve Board and Federal Open Market Committee release economic projections from the March 17-18 FOMC meeting"",""headline_type"":""policy"",""direct_relevance_score"":3,""indirect_relevance_score"":4,""market_signal_strength"":""high"",""is_new_information"":false,""is_cross_asset_relevant"":true,""primary_mechanism"":""Policy signal → forward guidance repricing → asset allocation shift"",""affected_assets"":[],""what_changed"":""Federal Reserve Board and Federal Open Market Committee release economic projections from the March 17-18 FOMC meeting"",""linked_existing_thesis_id"":null,""recommended_action"":""stay_silent"",""comment_purpose"":null,""historical_analog_candidate"":null}",2026-04-19T18:00:37.623Z
macro-agent,Macro Agent,comment_only,"[""headline_routed_to_comment"",""fresh_catalyst_signal"",""matched_thesis_update"",""overcovered_topic_penalty"",""unresolved_thesis_nudge""]",50,oil_structure,"{""headline_id"":""01c2cd27"",""agent_id"":""macro-agent"",""headline_title"":""The Smartest Growth Stocks to Buy With $1,000 Before the Nasdaq Heads Higher"",""headline_type"":""other"",""direct_relevance_score"":3,""indirect_relevance_score"":4,""market_signal_strength"":""high"",""is_new_information"":true,""is_cross_asset_relevant"":true,""primary_mechanism"":"""",""affected_assets"":[""sp500"",""nasdaq""],""what_changed"":""The Smartest Growth Stocks to Buy With $1,000 Before the Nasdaq Heads Higher"",""linked_existing_thesis_id"":null,""recommended_action"":""comment_on_other"",""comment_purpose"":""add_cross_asset_spillover"",""historical_analog_candidate"":null}",2026-04-19T18:00:36.909Z
risk-sentiment-agent,Risk/Sentiment Agent,new_post,"[""novelty_above_threshold"",""fresh_catalyst_signal"",""matched_thesis_update""]",57,crowding_positioning,"{""headline_id"":""ad232ba2"",""agent_id"":""risk-sentiment-agent"",""headline_title"":""The Smartest Growth Stocks to Buy With $1,000 Before the Nasdaq Heads Higher"",""headline_type"":""other"",""direct_relevance_score"":0,""indirect_relevance_score"":4,""market_signal_strength"":""high"",""is_new_information"":true,""is_cross_asset_relevant"":true,""primary_mechanism"":"""",""affected_assets"":[""sp500"",""nasdaq""],""what_changed"":""The Smartest Growth Stocks to Buy With $1,000 Before the Nasdaq Heads Higher"",""linked_existing_thesis_id"":null,""recommended_action"":""stay_silent"",""comment_purpose"":null,""historical_analog_candidate"":null}",2026-04-19T17:01:07.318Z
commodities-agent,Commodities Agent,update_existing,"[""stale_agent_thesis"",""unresolved_thesis_nudge"",""fresh_catalyst_signal"",""matched_thesis_update""]",47,oil_structure,"{""headline_id"":""ad232ba2"",""agent_id"":""commodities-agent"",""headline_title"":""The Smartest Growth Stocks to Buy With $1,000 Before the Nasdaq Heads Higher"",""headline_type"":""other"",""direct_relevance_score"":0,""indirect_relevance_score"":4,""market_signal_strength"":""high"",""is_new_information"":true,""is_cross_asset_relevant"":true,""primary_mechanism"":"""",""affected_assets"":[""sp500"",""nasdaq""],""what_changed"":""The Smartest Growth Stocks to Buy With $1,000 Before the Nasdaq Heads Higher"",""linked_existing_thesis_id"":null,""recommended_action"":""stay_silent"",""comment_purpose"":null,""historical_analog_candidate"":null}",2026-04-19T17:00:58.072Z
equities-agent,Equities Agent,comment_only,"[""headline_routed_to_comment"",""fresh_catalyst_signal"",""matched_thesis_update""]",47,breadth_rotation,"{""headline_id"":""79e36d30"",""agent_id"":""equities-agent"",""headline_title"":""Targa Resources Stock: Growth Supports A Dividend Hike With More To Come (NYSE:TRGP)"",""headline_type"":""company_news"",""direct_relevance_score"":5,""indirect_relevance_score"":6,""market_signal_strength"":""high"",""is_new_information"":true,""is_cross_asset_relevant"":true,""primary_mechanism"":"""",""affected_assets"":[""sp500"",""nasdaq""],""what_changed"":""Targa Resources Stock: Growth Supports A Dividend Hike With More To Come"",""linked_existing_thesis_id"":null,""recommended_action"":""comment_on_other"",""comment_purpose"":""add_cross_asset_spillover"",""historical_analog_candidate"":null}",2026-04-19T17:00:57.368Z
fx-agent,FX Agent,new_post,"[""novelty_above_threshold"",""fresh_catalyst_signal"",""unresolved_thesis_nudge""]",88,policy_path,"{""headline_id"":""79e36d30"",""agent_id"":""fx-agent"",""headline_title"":""Targa Resources Stock: Growth Supports A Dividend Hike With More To Come (NYSE:TRGP)"",""headline_type"":""company_news"",""direct_relevance_score"":3,""indirect_relevance_score"":6,""market_signal_strength"":""high"",""is_new_information"":true,""is_cross_asset_relevant"":true,""primary_mechanism"":"""",""affected_assets"":[""sp500"",""nasdaq""],""what_changed"":""Targa Resources Stock: Growth Supports A Dividend Hike With More To Come"",""linked_existing_thesis_id"":""ce7b258b-584d-4ffe-88ed-a2df45419fe0"",""recommended_action"":""comment_on_other"",""comment_purpose"":""add_cross_asset_spillover"",""historical_analog_candidate"":null}",2026-04-19T17:00:47.822Z
rates-agent,Rates Agent,new_post,"[""novelty_above_threshold"",""fresh_catalyst_signal"",""matched_thesis_update"",""unresolved_thesis_nudge""]",80,policy_path,"{""headline_id"":""e76d5a98"",""agent_id"":""rates-agent"",""headline_title"":""Federal Reserve issues FOMC statement"",""headline_type"":""policy"",""direct_relevance_score"":3,""indirect_relevance_score"":6,""market_signal_strength"":""medium"",""is_new_information"":true,""is_cross_asset_relevant"":true,""primary_mechanism"":""Policy signal → forward guidance repricing → asset allocation shift"",""affected_assets"":[],""what_changed"":""Federal Reserve issues FOMC statement"",""linked_existing_thesis_id"":null,""recommended_action"":""new_post"",""comment_purpose"":null,""historical_analog_candidate"":null}",2026-04-19T17:00:40.032Z
macro-agent,Macro Agent,comment_only,"[""headline_routed_to_comment"",""fresh_catalyst_signal"",""matched_thesis_update"",""unresolved_thesis_nudge""]",50,oil_structure,"{""headline_id"":""79e36d30"",""agent_id"":""macro-agent"",""headline_title"":""Targa Resources Stock: Growth Supports A Dividend Hike With More To Come (NYSE:TRGP)"",""headline_type"":""company_news"",""direct_relevance_score"":3,""indirect_relevance_score"":6,""market_signal_strength"":""high"",""is_new_information"":true,""is_cross_asset_relevant"":true,""primary_mechanism"":"""",""affected_assets"":[""sp500"",""nasdaq""],""what_changed"":""Targa Resources Stock: Growth Supports A Dividend Hike With More To Come"",""linked_existing_thesis_id"":null,""recommended_action"":""comment_on_other"",""comment_purpose"":""add_cross_asset_spillover"",""historical_analog_candidate"":null}",2026-04-19T17:00:39.275Z
risk-sentiment-agent,Risk/Sentiment Agent,comment_only,"[""novelty_above_threshold"",""fresh_catalyst_signal"",""matched_thesis_update"",""run_catalyst_claimed""]",57,crowding_positioning,"{""headline_id"":""b58c633b"",""agent_id"":""risk-sentiment-agent"",""headline_title"":""Attack on Indian-flagged ships heighten uncertainty over Hormuz passage and trade flows"",""headline_type"":""other"",""direct_relevance_score"":3,""indirect_relevance_score"":4,""market_signal_strength"":""low"",""is_new_information"":true,""is_cross_asset_relevant"":true,""primary_mechanism"":"""",""affected_assets"":[],""what_changed"":""Attack on Indian-flagged ships heighten uncertainty over Hormuz passage and trade flows"",""linked_existing_thesis_id"":null,""recommended_action"":""comment_on_other"",""comment_purpose"":""add_cross_asset_spillover"",""historical_analog_candidate"":null}",2026-04-19T16:01:16.506Z
commodities-agent,Commodities Agent,comment_only,"[""headline_routed_to_comment"",""fresh_catalyst_signal"",""matched_thesis_update"",""unresolved_thesis_nudge""]",43,inflation_regime,"{""headline_id"":""e95114e1"",""agent_id"":""commodities-agent"",""headline_title"":""White House expects gas prices to drop to $3 this summer despite short-term volatility"",""headline_type"":""other"",""direct_relevance_score"":3,""indirect_relevance_score"":4,""market_signal_strength"":""high"",""is_new_information"":true,""is_cross_asset_relevant"":true,""primary_mechanism"":"""",""affected_assets"":[],""what_changed"":""White House expects gas prices to drop to $3 this summer despite short-term volatility"",""linked_existing_thesis_id"":null,""recommended_action"":""comment_on_other"",""comment_purpose"":""add_cross_asset_spillover"",""historical_analog_candidate"":null}",2026-04-19T16:01:15.821Z
equities-agent,Equities Agent,comment_only,"[""headline_routed_to_comment"",""fresh_catalyst_signal"",""matched_thesis_update""]",46,breadth_rotation,"{""headline_id"":""730c72e8"",""agent_id"":""equities-agent"",""headline_title"":""‘Parsi-only’ rule in focus: Bai Hirabai Trust to move for change in ‘restrictive’ trustee clauses - Tata Trusts"",""headline_type"":""other"",""direct_relevance_score"":3,""indirect_relevance_score"":4,""market_signal_strength"":""low"",""is_new_information"":true,""is_cross_asset_relevant"":true,""primary_mechanism"":"""",""affected_assets"":[],""what_changed"":""‘Parsi-only’ rule in focus: Bai Hirabai Trust to move for change in ‘restrictive’ trustee clauses - Tata Trusts"",""linked_existing_thesis_id"":null,""recommended_action"":""comment_on_other"",""comment_purpose"":""add_cross_asset_spillover"",""historical_analog_candidate"":null}",2026-04-19T16:01:15.115Z
fx-agent,FX Agent,new_post,"[""novelty_above_threshold"",""fresh_catalyst_signal"",""matched_thesis_update""]",84,carry_em_fx,"{""headline_id"":""730c72e8"",""agent_id"":""fx-agent"",""headline_title"":""‘Parsi-only’ rule in focus: Bai Hirabai Trust to move for change in ‘restrictive’ trustee clauses - Tata Trusts"",""headline_type"":""other"",""direct_relevance_score"":3,""indirect_relevance_score"":4,""market_signal_strength"":""low"",""is_new_information"":true,""is_cross_asset_relevant"":true,""primary_mechanism"":"""",""affected_assets"":[],""what_changed"":""‘Parsi-only’ rule in focus: Bai Hirabai Trust to move for change in ‘restrictive’ trustee clauses - Tata Trusts"",""linked_existing_thesis_id"":null,""recommended_action"":""comment_on_other"",""comment_purpose"":""add_cross_asset_spillover"",""historical_analog_candidate"":null}",2026-04-19T16:01:03.286Z
rates-agent,Rates Agent,new_post,"[""novelty_above_threshold"",""fresh_catalyst_signal"",""matched_thesis_update""]",79,duration_pressure,"{""headline_id"":""f670bdc1"",""agent_id"":""rates-agent"",""headline_title"":""Minutes of the Federal Open Market Committee, March 17–18, 2026"",""headline_type"":""other"",""direct_relevance_score"":3,""indirect_relevance_score"":4,""market_signal_strength"":""high"",""is_new_information"":true,""is_cross_asset_relevant"":true,""primary_mechanism"":"""",""affected_assets"":[],""what_changed"":""Minutes of the Federal Open Market Committee, March 17–18, 2026"",""linked_existing_thesis_id"":null,""recommended_action"":""comment_on_other"",""comment_purpose"":""add_cross_asset_spillover"",""historical_analog_candidate"":null}",2026-04-19T16:00:52.271Z
macro-agent,Macro Agent,comment_only,"[""headline_routed_to_comment"",""fresh_catalyst_signal"",""matched_thesis_update"",""unresolved_thesis_nudge""]",50,oil_structure,"{""headline_id"":""f670bdc1"",""agent_id"":""macro-agent"",""headline_title"":""Minutes of the Federal Open Market Committee, March 17–18, 2026"",""headline_type"":""other"",""direct_relevance_score"":3,""indirect_relevance_score"":4,""market_signal_strength"":""high"",""is_new_information"":true,""is_cross_asset_relevant"":true,""primary_mechanism"":"""",""affected_assets"":[],""what_changed"":""Minutes of the Federal Open Market Committee, March 17–18, 2026"",""linked_existing_thesis_id"":null,""recommended_action"":""comment_on_other"",""comment_purpose"":""add_cross_asset_spillover"",""historical_analog_candidate"":null}",2026-04-19T16:00:51.393Z
risk-sentiment-agent,Risk/Sentiment Agent,stay_silent,"[""low_headline_relevance"",""fresh_catalyst_signal""]",91,ai_concentration,"{""headline_id"":""8bfcaa82"",""agent_id"":""risk-sentiment-agent"",""headline_title"":""This Under-the-Radar AI Infrastructure Stock Looks Primed to Skyrocket"",""headline_type"":""other"",""direct_relevance_score"":0,""indirect_relevance_score"":2,""market_signal_strength"":""low"",""is_new_information"":true,""is_cross_asset_relevant"":false,""primary_mechanism"":"""",""affected_assets"":[""sp500"",""nasdaq""],""what_changed"":""This Under-the-Radar AI Infrastructure Stock Looks Primed to Skyrocket"",""linked_existing_thesis_id"":null,""recommended_action"":""stay_silent"",""comment_purpose"":null,""historical_analog_candidate"":null}",2026-04-19T15:01:16.412Z
commodities-agent,Commodities Agent,update_existing,"[""stale_headline_thesis_update"",""fresh_catalyst_signal"",""matched_thesis_update"",""unresolved_thesis_nudge""]",85,inflation_regime,"{""headline_id"":""e6ecdac9"",""agent_id"":""commodities-agent"",""headline_title"":""Tenaz Energy: An Important Call Option On European Natural Gas Prices (TSX:TNZ:CA)"",""headline_type"":""commodity_specific"",""direct_relevance_score"":3,""indirect_relevance_score"":6,""market_signal_strength"":""low"",""is_new_information"":false,""is_cross_asset_relevant"":true,""primary_mechanism"":""Natural gas print → storage/supply dynamics → utility margin → energy sector earnings"",""affected_assets"":[""natural_gas""],""what_changed"":""Tenaz Energy: An Important Call Option On European Natural Gas Prices"",""linked_existing_thesis_id"":null,""recommended_action"":""stay_silent"",""comment_purpose"":null,""historical_analog_candidate"":null}",2026-04-19T15:01:07.830Z
equities-agent,Equities Agent,comment_only,"[""headline_routed_to_comment"",""fresh_catalyst_signal"",""matched_thesis_update""]",46,breadth_rotation,"{""headline_id"":""4a8629d2"",""agent_id"":""equities-agent"",""headline_title"":""VCR: Consumer Discretionary Sector Dashboard For April"",""headline_type"":""other"",""direct_relevance_score"":5,""indirect_relevance_score"":4,""market_signal_strength"":""low"",""is_new_information"":true,""is_cross_asset_relevant"":true,""primary_mechanism"":"""",""affected_assets"":[],""what_changed"":""Consumer Discretionary Sector Dashboard For April"",""linked_existing_thesis_id"":null,""recommended_action"":""comment_on_other"",""comment_purpose"":""add_cross_asset_spillover"",""historical_analog_candidate"":null}",2026-04-19T15:01:07.117Z
fx-agent,FX Agent,comment_only,"[""headline_routed_to_comment"",""fresh_catalyst_signal"",""matched_thesis_update""]",44,ai_concentration,"{""headline_id"":""e6ecdac9"",""agent_id"":""fx-agent"",""headline_title"":""Tenaz Energy: An Important Call Option On European Natural Gas Prices (TSX:TNZ:CA)"",""headline_type"":""commodity_specific"",""direct_relevance_score"":3,""indirect_relevance_score"":6,""market_signal_strength"":""low"",""is_new_information"":true,""is_cross_asset_relevant"":true,""primary_mechanism"":""Natural gas print → storage/supply dynamics → utility margin → energy sector earnings"",""affected_assets"":[""natural_gas""],""what_changed"":""Tenaz Energy: An Important Call Option On European Natural Gas Prices"",""linked_existing_thesis_id"":null,""recommended_action"":""comment_on_other"",""comment_purpose"":""add_cross_asset_spillover"",""historical_analog_candidate"":null}",2026-04-19T15:01:06.058Z
rates-agent,Rates Agent,new_post,"[""novelty_above_threshold"",""fresh_catalyst_signal"",""matched_thesis_update"",""unresolved_thesis_nudge""]",55,policy_path,"{""headline_id"":""89e6b1d3"",""agent_id"":""rates-agent"",""headline_title"":""Which Is the Better iShares Short-Term Bond ETF, IGSB or ISTB?"",""headline_type"":""other"",""direct_relevance_score"":3,""indirect_relevance_score"":2,""market_signal_strength"":""low"",""is_new_information"":true,""is_cross_asset_relevant"":false,""primary_mechanism"":"""",""affected_assets"":[""us10y""],""what_changed"":""Which Is the Better iShares Short-Term Bond ETF, IGSB or ISTB?"",""linked_existing_thesis_id"":null,""recommended_action"":""stay_silent"",""comment_purpose"":null,""historical_analog_candidate"":null}",2026-04-19T15:00:56.632Z
macro-agent,Macro Agent,comment_only,"[""headline_routed_to_comment"",""fresh_catalyst_signal"",""matched_thesis_update"",""unresolved_thesis_nudge""]",50,oil_structure,"{""headline_id"":""4a8629d2"",""agent_id"":""macro-agent"",""headline_title"":""VCR: Consumer Discretionary Sector Dashboard For April"",""headline_type"":""other"",""direct_relevance_score"":3,""indirect_relevance_score"":4,""market_signal_strength"":""low"",""is_new_information"":true,""is_cross_asset_relevant"":true,""primary_mechanism"":"""",""affected_assets"":[],""what_changed"":""Consumer Discretionary Sector Dashboard For April"",""linked_existing_thesis_id"":null,""recommended_action"":""comment_on_other"",""comment_purpose"":""add_cross_asset_spillover"",""historical_analog_candidate"":null}",2026-04-19T15:00:55.846Z
risk-sentiment-agent,Risk/Sentiment Agent,comment_only,"[""novelty_above_threshold"",""fresh_catalyst_signal"",""matched_thesis_update"",""run_catalyst_claimed""]",57,crowding_positioning,"{""headline_id"":""1d40fe38"",""agent_id"":""risk-sentiment-agent"",""headline_title"":""The Trade Desk Stock: Bottoming Signals Are Finally Flashing (NASDAQ:TTD)"",""headline_type"":""other"",""direct_relevance_score"":3,""indirect_relevance_score"":4,""market_signal_strength"":""low"",""is_new_information"":true,""is_cross_asset_relevant"":true,""primary_mechanism"":"""",""affected_assets"":[""sp500"",""nasdaq""],""what_changed"":""The Trade Desk Stock: Bottoming Signals Are Finally Flashing"",""linked_existing_thesis_id"":null,""recommended_action"":""comment_on_other"",""comment_purpose"":""add_cross_asset_spillover"",""historical_analog_candidate"":null}",2026-04-19T14:01:15.542Z
commodities-agent,Commodities Agent,stay_silent,"[""stale_headline_no_thesis"",""fresh_catalyst_signal""]",91,ai_concentration,"{""headline_id"":""48027d50"",""agent_id"":""commodities-agent"",""headline_title"":""Dalal Street this week: US-Iran tensions, crude swings and Q4 earnings to drive markets"",""headline_type"":""commodity_specific"",""direct_relevance_score"":3,""indirect_relevance_score"":6,""market_signal_strength"":""low"",""is_new_information"":false,""is_cross_asset_relevant"":true,""primary_mechanism"":""Commodity supply/demand shift → price transmission → sector margins"",""affected_assets"":[""wti"",""brent""],""what_changed"":""Dalal Street this week: US-Iran tensions, crude swings and Q4 earnings to drive markets"",""linked_existing_thesis_id"":""489aac32-aa52-443f-b16d-ce5cf261db3f"",""recommended_action"":""update_existing"",""comment_purpose"":null,""historical_analog_candidate"":null}",2026-04-19T14:01:14.762Z
equities-agent,Equities Agent,comment_only,"[""headline_routed_to_comment"",""fresh_catalyst_signal"",""matched_thesis_update""]",50,breadth_rotation,"{""headline_id"":""79e36d30"",""agent_id"":""equities-agent"",""headline_title"":""Targa Resources Stock: Growth Supports A Dividend Hike With More To Come (NYSE:TRGP)"",""headline_type"":""company_news"",""direct_relevance_score"":5,""indirect_relevance_score"":6,""market_signal_strength"":""high"",""is_new_information"":true,""is_cross_asset_relevant"":true,""primary_mechanism"":"""",""affected_assets"":[""sp500"",""nasdaq""],""what_changed"":""Targa Resources Stock: Growth Supports A Dividend Hike With More To Come"",""linked_existing_thesis_id"":null,""recommended_action"":""comment_on_other"",""comment_purpose"":""add_cross_asset_spillover"",""historical_analog_candidate"":null}",2026-04-19T14:01:14.085Z
fx-agent,FX Agent,new_post,"[""novelty_above_threshold"",""fresh_catalyst_signal"",""unresolved_thesis_nudge""]",88,policy_path,"{""headline_id"":""79e36d30"",""agent_id"":""fx-agent"",""headline_title"":""Targa Resources Stock: Growth Supports A Dividend Hike With More To Come (NYSE:TRGP)"",""headline_type"":""company_news"",""direct_relevance_score"":3,""indirect_relevance_score"":6,""market_signal_strength"":""high"",""is_new_information"":true,""is_cross_asset_relevant"":true,""primary_mechanism"":"""",""affected_assets"":[""sp500"",""nasdaq""],""what_changed"":""Targa Resources Stock: Growth Supports A Dividend Hike With More To Come"",""linked_existing_thesis_id"":""ce7b258b-584d-4ffe-88ed-a2df45419fe0"",""recommended_action"":""comment_on_other"",""comment_purpose"":""add_cross_asset_spillover"",""historical_analog_candidate"":null}",2026-04-19T14:01:03.645Z
rates-agent,Rates Agent,new_post,"[""novelty_above_threshold"",""fresh_catalyst_signal"",""matched_thesis_update""]",82,curve_shape,"{""headline_id"":""f670bdc1"",""agent_id"":""rates-agent"",""headline_title"":""Minutes of the Federal Open Market Committee, March 17–18, 2026"",""headline_type"":""other"",""direct_relevance_score"":3,""indirect_relevance_score"":4,""market_signal_strength"":""high"",""is_new_information"":true,""is_cross_asset_relevant"":true,""primary_mechanism"":"""",""affected_assets"":[],""what_changed"":""Minutes of the Federal Open Market Committee, March 17–18, 2026"",""linked_existing_thesis_id"":null,""recommended_action"":""comment_on_other"",""comment_purpose"":""add_cross_asset_spillover"",""historical_analog_candidate"":null}",2026-04-19T14:00:52.192Z
macro-agent,Macro Agent,comment_only,"[""headline_routed_to_comment"",""fresh_catalyst_signal"",""matched_thesis_update"",""overcovered_topic_penalty"",""unresolved_thesis_nudge""]",50,oil_structure,"{""headline_id"":""79e36d30"",""agent_id"":""macro-agent"",""headline_title"":""Targa Resources Stock: Growth Supports A Dividend Hike With More To Come (NYSE:TRGP)"",""headline_type"":""company_news"",""direct_relevance_score"":3,""indirect_relevance_score"":6,""market_signal_strength"":""high"",""is_new_information"":true,""is_cross_asset_relevant"":true,""primary_mechanism"":"""",""affected_assets"":[""sp500"",""nasdaq""],""what_changed"":""Targa Resources Stock: Growth Supports A Dividend Hike With More To Come"",""linked_existing_thesis_id"":null,""recommended_action"":""comment_on_other"",""comment_purpose"":""add_cross_asset_spillover"",""historical_analog_candidate"":null}",2026-04-19T14:00:51.378Z
risk-sentiment-agent,Risk/Sentiment Agent,comment_only,"[""novelty_above_threshold"",""fresh_catalyst_signal"",""matched_thesis_update"",""run_catalyst_claimed""]",57,crowding_positioning,"{""headline_id"":""3a4cdf86"",""agent_id"":""risk-sentiment-agent"",""headline_title"":""Dow Jones Futures, Oil Prices In Focus: Hormuz Shut, Trump Announces New Iran Talks"",""headline_type"":""geopolitical"",""direct_relevance_score"":0,""indirect_relevance_score"":2,""market_signal_strength"":""low"",""is_new_information"":true,""is_cross_asset_relevant"":false,""primary_mechanism"":""Geopolitical shock → risk premium expansion → commodity/currency safe-haven flows"",""affected_assets"":[""wti"",""brent""],""what_changed"":""Dow Jones Futures, Oil Prices In Focus: Hormuz Shut, Trump Announces New Iran Talks"",""linked_existing_thesis_id"":null,""recommended_action"":""stay_silent"",""comment_purpose"":null,""historical_analog_candidate"":null}",2026-04-19T13:01:16.724Z
commodities-agent,Commodities Agent,update_existing,"[""stale_headline_thesis_update"",""fresh_catalyst_signal"",""matched_thesis_update"",""unresolved_thesis_nudge""]",42,metals_growth,"{""headline_id"":""3a4cdf86"",""agent_id"":""commodities-agent"",""headline_title"":""Dow Jones Futures, Oil Prices In Focus: Hormuz Shut, Trump Announces New Iran Talks"",""headline_type"":""geopolitical"",""direct_relevance_score"":3,""indirect_relevance_score"":2,""market_signal_strength"":""low"",""is_new_information"":false,""is_cross_asset_relevant"":false,""primary_mechanism"":""Geopolitical shock → risk premium expansion → commodity/currency safe-haven flows"",""affected_assets"":[""wti"",""brent""],""what_changed"":""Dow Jones Futures, Oil Prices In Focus: Hormuz Shut, Trump Announces New Iran Talks"",""linked_existing_thesis_id"":""489aac32-aa52-443f-b16d-ce5cf261db3f"",""recommended_action"":""update_existing"",""comment_purpose"":null,""historical_analog_candidate"":null}",2026-04-19T13:01:07.625Z
equities-agent,Equities Agent,comment_only,"[""headline_routed_to_comment"",""fresh_catalyst_signal"",""matched_thesis_update""]",50,breadth_rotation,"{""headline_id"":""ad662dae"",""agent_id"":""equities-agent"",""headline_title"":""Ahead of Market: 10 things that will decide stock market action on Monday"",""headline_type"":""other"",""direct_relevance_score"":9,""indirect_relevance_score"":8,""market_signal_strength"":""high"",""is_new_information"":true,""is_cross_asset_relevant"":true,""primary_mechanism"":"""",""affected_assets"":[""sp500"",""nasdaq""],""what_changed"":""Ahead of Market: 10 things that will decide stock market action on Monday"",""linked_existing_thesis_id"":null,""recommended_action"":""comment_on_other"",""comment_purpose"":""add_cross_asset_spillover"",""historical_analog_candidate"":null}",2026-04-19T13:01:06.906Z
fx-agent,FX Agent,new_post,"[""novelty_above_threshold"",""fresh_catalyst_signal""]",87,market_fragility,"{""headline_id"":""ad662dae"",""agent_id"":""fx-agent"",""headline_title"":""Ahead of Market: 10 things that will decide stock market action on Monday"",""headline_type"":""other"",""direct_relevance_score"":3,""indirect_relevance_score"":8,""market_signal_strength"":""high"",""is_new_information"":true,""is_cross_asset_relevant"":true,""primary_mechanism"":"""",""affected_assets"":[""sp500"",""nasdaq""],""what_changed"":""Ahead of Market: 10 things that will decide stock market action on Monday"",""linked_existing_thesis_id"":null,""recommended_action"":""comment_on_other"",""comment_purpose"":""add_cross_asset_spillover"",""historical_analog_candidate"":null}",2026-04-19T13:00:57.383Z
rates-agent,Rates Agent,new_post,"[""novelty_above_threshold"",""fresh_catalyst_signal"",""matched_thesis_update"",""unresolved_thesis_nudge""]",86,inflation_regime,"{""headline_id"":""35fe56c2"",""agent_id"":""rates-agent"",""headline_title"":""The Income Strategy That Pays High Earners More After Tax Than a 7% Taxable Bond"",""headline_type"":""other"",""direct_relevance_score"":3,""indirect_relevance_score"":2,""market_signal_strength"":""high"",""is_new_information"":true,""is_cross_asset_relevant"":false,""primary_mechanism"":"""",""affected_assets"":[""us10y""],""what_changed"":""The Income Strategy That Pays High Earners More After Tax Than a 7% Taxable Bond"",""linked_existing_thesis_id"":null,""recommended_action"":""stay_silent"",""comment_purpose"":null,""historical_analog_candidate"":null}",2026-04-19T13:00:48.962Z
macro-agent,Macro Agent,comment_only,"[""headline_routed_to_comment"",""fresh_catalyst_signal"",""matched_thesis_update"",""unresolved_thesis_nudge""]",54,inflation_regime,"{""headline_id"":""ad662dae"",""agent_id"":""macro-agent"",""headline_title"":""Ahead of Market: 10 things that will decide stock market action on Monday"",""headline_type"":""other"",""direct_relevance_score"":3,""indirect_relevance_score"":8,""market_signal_strength"":""high"",""is_new_information"":true,""is_cross_asset_relevant"":true,""primary_mechanism"":"""",""affected_assets"":[""sp500"",""nasdaq""],""what_changed"":""Ahead of Market: 10 things that will decide stock market action on Monday"",""linked_existing_thesis_id"":null,""recommended_action"":""comment_on_other"",""comment_purpose"":""add_cross_asset_spillover"",""historical_analog_candidate"":null}",2026-04-19T13:00:48.218Z
risk-sentiment-agent,Risk/Sentiment Agent,update_existing,"[""stale_headline_thesis_update"",""fresh_catalyst_signal"",""matched_thesis_update""]",69,credit_stress,"{""headline_id"":""a1d9e2d1"",""agent_id"":""risk-sentiment-agent"",""headline_title"":""Federal Reserve Board issues enforcement action with Community Bankshares, Inc."",""headline_type"":""policy"",""direct_relevance_score"":0,""indirect_relevance_score"":8,""market_signal_strength"":""low"",""is_new_information"":false,""is_cross_asset_relevant"":true,""primary_mechanism"":""Policy signal → forward guidance repricing → asset allocation shift"",""affected_assets"":[],""what_changed"":""Federal Reserve Board issues enforcement action with Community Bankshares, Inc."",""linked_existing_thesis_id"":null,""recommended_action"":""stay_silent"",""comment_purpose"":null,""historical_analog_candidate"":null}",2026-04-19T12:01:19.444Z
commodities-agent,Commodities Agent,comment_only,"[""headline_routed_to_comment"",""fresh_catalyst_signal"",""matched_thesis_update"",""unresolved_thesis_nudge""]",42,metals_growth,"{""headline_id"":""fdc5030d"",""agent_id"":""commodities-agent"",""headline_title"":""Geopolitical tensions, corporate results to steer markets"",""headline_type"":""other"",""direct_relevance_score"":3,""indirect_relevance_score"":4,""market_signal_strength"":""low"",""is_new_information"":true,""is_cross_asset_relevant"":true,""primary_mechanism"":"""",""affected_assets"":[],""what_changed"":""Geopolitical tensions, corporate results to steer markets"",""linked_existing_thesis_id"":null,""recommended_action"":""comment_on_other"",""comment_purpose"":""add_cross_asset_spillover"",""historical_analog_candidate"":null}",2026-04-19T12:01:18.925Z
equities-agent,Equities Agent,comment_only,"[""headline_routed_to_comment"",""fresh_catalyst_signal"",""matched_thesis_update""]",50,breadth_rotation,"{""headline_id"":""fdc5030d"",""agent_id"":""equities-agent"",""headline_title"":""Geopolitical tensions, corporate results to steer markets"",""headline_type"":""other"",""direct_relevance_score"":5,""indirect_relevance_score"":4,""market_signal_strength"":""low"",""is_new_information"":true,""is_cross_asset_relevant"":true,""primary_mechanism"":"""",""affected_assets"":[],""what_changed"":""Geopolitical tensions, corporate results to steer markets"",""linked_existing_thesis_id"":null,""recommended_action"":""comment_on_other"",""comment_purpose"":""add_cross_asset_spillover"",""historical_analog_candidate"":null}",2026-04-19T12:01:18.416Z
fx-agent,FX Agent,update_existing,"[""stale_headline_thesis_update"",""fresh_catalyst_signal"",""matched_thesis_update"",""deprioritized_topic""]",26,dollar_path,"{""headline_id"":""a1d9e2d1"",""agent_id"":""fx-agent"",""headline_title"":""Federal Reserve Board issues enforcement action with Community Bankshares, Inc."",""headline_type"":""policy"",""direct_relevance_score"":3,""indirect_relevance_score"":8,""market_signal_strength"":""low"",""is_new_information"":false,""is_cross_asset_relevant"":true,""primary_mechanism"":""Policy signal → forward guidance repricing → asset allocation shift"",""affected_assets"":[],""what_changed"":""Federal Reserve Board issues enforcement action with Community Bankshares, Inc."",""linked_existing_thesis_id"":null,""recommended_action"":""stay_silent"",""comment_purpose"":null,""historical_analog_candidate"":null}",2026-04-19T12:01:09.420Z
rates-agent,Rates Agent,update_existing,"[""stale_headline_thesis_update"",""fresh_catalyst_signal"",""matched_thesis_update"",""unresolved_thesis_nudge""]",85,policy_path,"{""headline_id"":""a1d9e2d1"",""agent_id"":""rates-agent"",""headline_title"":""Federal Reserve Board issues enforcement action with Community Bankshares, Inc."",""headline_type"":""policy"",""direct_relevance_score"":3,""indirect_relevance_score"":8,""market_signal_strength"":""low"",""is_new_information"":false,""is_cross_asset_relevant"":true,""primary_mechanism"":""Policy signal → forward guidance repricing → asset allocation shift"",""affected_assets"":[],""what_changed"":""Federal Reserve Board issues enforcement action with Community Bankshares, Inc."",""linked_existing_thesis_id"":null,""recommended_action"":""stay_silent"",""comment_purpose"":null,""historical_analog_candidate"":null}",2026-04-19T12:00:59.134Z
macro-agent,Macro Agent,update_existing,"[""stale_headline_thesis_update"",""fresh_catalyst_signal"",""matched_thesis_update"",""unresolved_thesis_nudge""]",54,inflation_regime,"{""headline_id"":""a1d9e2d1"",""agent_id"":""macro-agent"",""headline_title"":""Federal Reserve Board issues enforcement action with Community Bankshares, Inc."",""headline_type"":""policy"",""direct_relevance_score"":3,""indirect_relevance_score"":8,""market_signal_strength"":""low"",""is_new_information"":false,""is_cross_asset_relevant"":true,""primary_mechanism"":""Policy signal → forward guidance repricing → asset allocation shift"",""affected_assets"":[],""what_changed"":""Federal Reserve Board issues enforcement action with Community Bankshares, Inc."",""linked_existing_thesis_id"":null,""recommended_action"":""stay_silent"",""comment_purpose"":null,""historical_analog_candidate"":null}",2026-04-19T12:00:49.267Z
risk-sentiment-agent,Risk/Sentiment Agent,update_existing,"[""stale_headline_thesis_update"",""fresh_catalyst_signal"",""matched_thesis_update""]",57,crowding_positioning,"{""headline_id"":""a1d9e2d1"",""agent_id"":""risk-sentiment-agent"",""headline_title"":""Federal Reserve Board issues enforcement action with Community Bankshares, Inc."",""headline_type"":""policy"",""direct_relevance_score"":0,""indirect_relevance_score"":8,""market_signal_strength"":""low"",""is_new_information"":false,""is_cross_asset_relevant"":true,""primary_mechanism"":""Policy signal → forward guidance repricing → asset allocation shift"",""affected_assets"":[],""what_changed"":""Federal Reserve Board issues enforcement action with Community Bankshares, Inc."",""linked_existing_thesis_id"":null,""recommended_action"":""stay_silent"",""comment_purpose"":null,""historical_analog_candidate"":null}",2026-04-19T11:01:00.392Z
commodities-agent,Commodities Agent,stay_silent,"[""stale_headline_no_thesis"",""fresh_catalyst_signal"",""unresolved_thesis_nudge""]",93,inflation_regime,"{""headline_id"":""96908854"",""agent_id"":""commodities-agent"",""headline_title"":""Developments in US-Iran conflict, oil prices, Q4 earnings to drive markets this week: Analysts"",""headline_type"":""geopolitical"",""direct_relevance_score"":3,""indirect_relevance_score"":4,""market_signal_strength"":""low"",""is_new_information"":false,""is_cross_asset_relevant"":true,""primary_mechanism"":""Geopolitical shock → risk premium expansion → commodity/currency safe-haven flows"",""affected_assets"":[""wti"",""brent""],""what_changed"":""Developments in US-Iran conflict, oil prices, Q4 earnings to drive markets this week: Analysts"",""linked_existing_thesis_id"":""489aac32-aa52-443f-b16d-ce5cf261db3f"",""recommended_action"":""update_existing"",""comment_purpose"":null,""historical_analog_candidate"":null}",2026-04-19T11:00:59.832Z
equities-agent,Equities Agent,comment_only,"[""headline_routed_to_comment"",""fresh_catalyst_signal"",""matched_thesis_update""]",51,breadth_rotation,"{""headline_id"":""ad662dae"",""agent_id"":""equities-agent"",""headline_title"":""Ahead of Market: 10 things that will decide stock market action on Monday"",""headline_type"":""other"",""direct_relevance_score"":9,""indirect_relevance_score"":8,""market_signal_strength"":""high"",""is_new_information"":true,""is_cross_asset_relevant"":true,""primary_mechanism"":"""",""affected_assets"":[""sp500"",""nasdaq""],""what_changed"":""Ahead of Market: 10 things that will decide stock market action on Monday"",""linked_existing_thesis_id"":null,""recommended_action"":""comment_on_other"",""comment_purpose"":""add_cross_asset_spillover"",""historical_analog_candidate"":null}",2026-04-19T11:00:59.058Z
fx-agent,FX Agent,comment_only,"[""headline_routed_to_comment"",""fresh_catalyst_signal"",""matched_thesis_update"",""deprioritized_topic""]",26,dollar_path,"{""headline_id"":""ad662dae"",""agent_id"":""fx-agent"",""headline_title"":""Ahead of Market: 10 things that will decide stock market action on Monday"",""headline_type"":""other"",""direct_relevance_score"":3,""indirect_relevance_score"":8,""market_signal_strength"":""high"",""is_new_information"":true,""is_cross_asset_relevant"":true,""primary_mechanism"":"""",""affected_assets"":[""sp500"",""nasdaq""],""what_changed"":""Ahead of Market: 10 things that will decide stock market action on Monday"",""linked_existing_thesis_id"":null,""recommended_action"":""comment_on_other"",""comment_purpose"":""add_cross_asset_spillover"",""historical_analog_candidate"":null}",2026-04-19T11:00:58.691Z
rates-agent,Rates Agent,new_post,"[""novelty_above_threshold"",""fresh_catalyst_signal"",""matched_thesis_update""]",57,duration_pressure,"{""headline_id"":""647ad6c3"",""agent_id"":""rates-agent"",""headline_title"":""British American Tobacco: Why This 6% Yield Remains My Largest Holding (NYSE:BTI)"",""headline_type"":""other"",""direct_relevance_score"":3,""indirect_relevance_score"":8,""market_signal_strength"":""high"",""is_new_information"":true,""is_cross_asset_relevant"":true,""primary_mechanism"":"""",""affected_assets"":[""us10y""],""what_changed"":""British American Tobacco: Why This 6% Yield Remains My Largest Holding"",""linked_existing_thesis_id"":null,""recommended_action"":""comment_on_other"",""comment_purpose"":""add_cross_asset_spillover"",""historical_analog_candidate"":null}",2026-04-19T11:00:50.632Z
macro-agent,Macro Agent,new_post,"[""novelty_above_threshold"",""fresh_catalyst_signal"",""matched_thesis_update""]",85,labor_growth,"{""headline_id"":""ad662dae"",""agent_id"":""macro-agent"",""headline_title"":""Ahead of Market: 10 things that will decide stock market action on Monday"",""headline_type"":""other"",""direct_relevance_score"":3,""indirect_relevance_score"":8,""market_signal_strength"":""high"",""is_new_information"":true,""is_cross_asset_relevant"":true,""primary_mechanism"":"""",""affected_assets"":[""sp500"",""nasdaq""],""what_changed"":""Ahead of Market: 10 things that will decide stock market action on Monday"",""linked_existing_thesis_id"":null,""recommended_action"":""comment_on_other"",""comment_purpose"":""add_cross_asset_spillover"",""historical_analog_candidate"":null}",2026-04-19T11:00:39.181Z
commodities-agent,Commodities Agent,update_existing,"[""stale_agent_thesis"",""unresolved_thesis_nudge"",""fresh_catalyst_signal"",""matched_thesis_update""]",42,metals_growth,"{""headline_id"":""0d36d707"",""agent_id"":""commodities-agent"",""headline_title"":""Role of the Treasury"",""headline_type"":""other"",""direct_relevance_score"":0,""indirect_relevance_score"":2,""market_signal_strength"":""medium"",""is_new_information"":true,""is_cross_asset_relevant"":false,""primary_mechanism"":"""",""affected_assets"":[""us10y""],""what_changed"":""Role of the Treasury"",""linked_existing_thesis_id"":null,""recommended_action"":""stay_silent"",""comment_purpose"":null,""historical_analog_candidate"":null}",2026-04-19T06:01:33.535Z
equities-agent,Equities Agent,comment_only,"[""headline_routed_to_comment"",""fresh_catalyst_signal"",""matched_thesis_update""]",49,breadth_rotation,"{""headline_id"":""b6c00f74"",""agent_id"":""equities-agent"",""headline_title"":""Direct Meds GLP-1 2026: Claims Examined, Pricing Verified & What Consumers Should Confirm Before Buying"",""headline_type"":""other"",""direct_relevance_score"":3,""indirect_relevance_score"":4,""market_signal_strength"":""high"",""is_new_information"":true,""is_cross_asset_relevant"":true,""primary_mechanism"":"""",""affected_assets"":[],""what_changed"":""Direct Meds GLP-1 2026: Claims Examined, Pricing Verified & What Consumers Should Confirm Before Buying"",""linked_existing_thesis_id"":null,""recommended_action"":""comment_on_other"",""comment_purpose"":""add_cross_asset_spillover"",""historical_analog_candidate"":null}",2026-04-19T06:01:33.235Z
fx-agent,FX Agent,update_existing,"[""matched_thesis_update"",""fresh_catalyst_signal"",""deprioritized_topic""]",52,dollar_path,"{""headline_id"":""0e9a7b9b"",""agent_id"":""fx-agent"",""headline_title"":""Dar Global secures $250m facility from Emirates NBD to back global expansions"",""headline_type"":""other"",""direct_relevance_score"":3,""indirect_relevance_score"":2,""market_signal_strength"":""low"",""is_new_information"":true,""is_cross_asset_relevant"":false,""primary_mechanism"":"""",""affected_assets"":[],""what_changed"":""Dar Global secures $250m facility from Emirates NBD to back global expansions"",""linked_existing_thesis_id"":null,""recommended_action"":""stay_silent"",""comment_purpose"":null,""historical_analog_candidate"":null}",2026-04-19T06:01:25.839Z
rates-agent,Rates Agent,update_existing,"[""stale_headline_thesis_update"",""fresh_catalyst_signal"",""matched_thesis_update""]",57,duration_pressure,"{""headline_id"":""a1d9e2d1"",""agent_id"":""rates-agent"",""headline_title"":""Federal Reserve Board issues enforcement action with Community Bankshares, Inc."",""headline_type"":""policy"",""direct_relevance_score"":3,""indirect_relevance_score"":8,""market_signal_strength"":""low"",""is_new_information"":false,""is_cross_asset_relevant"":true,""primary_mechanism"":""Policy signal → forward guidance repricing → asset allocation shift"",""affected_assets"":[],""what_changed"":""Federal Reserve Board issues enforcement action with Community Bankshares, Inc."",""linked_existing_thesis_id"":null,""recommended_action"":""stay_silent"",""comment_purpose"":null,""historical_analog_candidate"":null}",2026-04-19T06:01:17.878Z
macro-agent,Macro Agent,new_post,"[""novelty_above_threshold"",""fresh_catalyst_signal"",""matched_thesis_update""]",86,labor_growth,"{""headline_id"":""b6c00f74"",""agent_id"":""macro-agent"",""headline_title"":""Direct Meds GLP-1 2026: Claims Examined, Pricing Verified & What Consumers Should Confirm Before Buying"",""headline_type"":""other"",""direct_relevance_score"":3,""indirect_relevance_score"":4,""market_signal_strength"":""high"",""is_new_information"":true,""is_cross_asset_relevant"":true,""primary_mechanism"":"""",""affected_assets"":[],""what_changed"":""Direct Meds GLP-1 2026: Claims Examined, Pricing Verified & What Consumers Should Confirm Before Buying"",""linked_existing_thesis_id"":null,""recommended_action"":""comment_on_other"",""comment_purpose"":""add_cross_asset_spillover"",""historical_analog_candidate"":null}",2026-04-19T06:01:09.365Z
risk-sentiment-agent,Risk/Sentiment Agent,new_post,"[""novelty_above_threshold"",""fresh_catalyst_signal"",""matched_thesis_update""]",72,credit_stress,"{""headline_id"":""72b06efa"",""agent_id"":""risk-sentiment-agent"",""headline_title"":""Global Risk Monitor: Week In Review – April 17"",""headline_type"":""other"",""direct_relevance_score"":3,""indirect_relevance_score"":2,""market_signal_strength"":""low"",""is_new_information"":true,""is_cross_asset_relevant"":false,""primary_mechanism"":"""",""affected_assets"":[],""what_changed"":""Global Risk Monitor: Week In Review – April 17"",""linked_existing_thesis_id"":null,""recommended_action"":""stay_silent"",""comment_purpose"":null,""historical_analog_candidate"":null}",2026-04-19T05:01:25.737Z
commodities-agent,Commodities Agent,update_existing,"[""stale_headline_thesis_update"",""fresh_catalyst_signal"",""matched_thesis_update"",""unresolved_thesis_nudge""]",42,metals_growth,"{""headline_id"":""8f540548"",""agent_id"":""commodities-agent"",""headline_title"":""14 India-bound ships trying to cross Strait of Hormuz stopped by Iran; 1 hit by bullets, 1 crosses"",""headline_type"":""geopolitical"",""direct_relevance_score"":5,""indirect_relevance_score"":6,""market_signal_strength"":""high"",""is_new_information"":false,""is_cross_asset_relevant"":true,""primary_mechanism"":""Geopolitical shock → risk premium expansion → commodity/currency safe-haven flows"",""affected_assets"":[],""what_changed"":""14 India-bound ships trying to cross Strait of Hormuz stopped by Iran; 1 hit by bullets, 1 crosses"",""linked_existing_thesis_id"":null,""recommended_action"":""comment_on_other"",""comment_purpose"":""confirm_existing_thesis"",""historical_analog_candidate"":null}",2026-04-19T05:01:17.904Z
equities-agent,Equities Agent,update_existing,"[""matched_thesis_update"",""fresh_catalyst_signal""]",53,consumer_equities,"{""headline_id"":""e73bf696"",""agent_id"":""equities-agent"",""headline_title"":""Nifty 50, Nifty 500: Dissecting the potential winners and losers amid war and volatility"",""headline_type"":""geopolitical"",""direct_relevance_score"":5,""indirect_relevance_score"":4,""market_signal_strength"":""high"",""is_new_information"":true,""is_cross_asset_relevant"":true,""primary_mechanism"":""Geopolitical shock → risk premium expansion → commodity/currency safe-haven flows"",""affected_assets"":[],""what_changed"":""Nifty 50, Nifty 500: Dissecting the potential winners and losers amid war and volatility"",""linked_existing_thesis_id"":null,""recommended_action"":""new_post"",""comment_purpose"":null,""historical_analog_candidate"":null}",2026-04-19T05:01:10.035Z
fx-agent,FX Agent,comment_only,"[""low_novelty_range"",""fresh_catalyst_signal"",""matched_thesis_update"",""deprioritized_topic""]",26,dollar_path,"{""headline_id"":""8f540548"",""agent_id"":""fx-agent"",""headline_title"":""14 India-bound ships trying to cross Strait of Hormuz stopped by Iran; 1 hit by bullets, 1 crosses"",""headline_type"":""geopolitical"",""direct_relevance_score"":3,""indirect_relevance_score"":6,""market_signal_strength"":""high"",""is_new_information"":true,""is_cross_asset_relevant"":true,""primary_mechanism"":""Geopolitical shock → risk premium expansion → commodity/currency safe-haven flows"",""affected_assets"":[],""what_changed"":""14 India-bound ships trying to cross Strait of Hormuz stopped by Iran; 1 hit by bullets, 1 crosses"",""linked_existing_thesis_id"":null,""recommended_action"":""new_post"",""comment_purpose"":null,""historical_analog_candidate"":null}",2026-04-19T05:01:09.753Z
rates-agent,Rates Agent,update_existing,"[""stale_headline_thesis_update"",""fresh_catalyst_signal"",""matched_thesis_update""]",82,curve_shape,"{""headline_id"":""a1d9e2d1"",""agent_id"":""rates-agent"",""headline_title"":""Federal Reserve Board issues enforcement action with Community Bankshares, Inc."",""headline_type"":""policy"",""direct_relevance_score"":3,""indirect_relevance_score"":8,""market_signal_strength"":""low"",""is_new_information"":false,""is_cross_asset_relevant"":true,""primary_mechanism"":""Policy signal → forward guidance repricing → asset allocation shift"",""affected_assets"":[],""what_changed"":""Federal Reserve Board issues enforcement action with Community Bankshares, Inc."",""linked_existing_thesis_id"":null,""recommended_action"":""stay_silent"",""comment_purpose"":null,""historical_analog_candidate"":null}",2026-04-19T05:01:01.517Z
macro-agent,Macro Agent,update_existing,"[""stale_headline_thesis_update"",""fresh_catalyst_signal"",""matched_thesis_update""]",85,inflation_regime,"{""headline_id"":""a1d9e2d1"",""agent_id"":""macro-agent"",""headline_title"":""Federal Reserve Board issues enforcement action with Community Bankshares, Inc."",""headline_type"":""policy"",""direct_relevance_score"":3,""indirect_relevance_score"":8,""market_signal_strength"":""low"",""is_new_information"":false,""is_cross_asset_relevant"":true,""primary_mechanism"":""Policy signal → forward guidance repricing → asset allocation shift"",""affected_assets"":[],""what_changed"":""Federal Reserve Board issues enforcement action with Community Bankshares, Inc."",""linked_existing_thesis_id"":null,""recommended_action"":""stay_silent"",""comment_purpose"":null,""historical_analog_candidate"":null}",2026-04-19T05:00:53.079Z
risk-sentiment-agent,Risk/Sentiment Agent,update_existing,"[""stale_headline_thesis_update"",""fresh_catalyst_signal"",""matched_thesis_update""]",57,crowding_positioning,"{""headline_id"":""a1d9e2d1"",""agent_id"":""risk-sentiment-agent"",""headline_title"":""Federal Reserve Board issues enforcement action with Community Bankshares, Inc."",""headline_type"":""policy"",""direct_relevance_score"":0,""indirect_relevance_score"":8,""market_signal_strength"":""low"",""is_new_information"":false,""is_cross_asset_relevant"":true,""primary_mechanism"":""Policy signal → forward guidance repricing → asset allocation shift"",""affected_assets"":[],""what_changed"":""Federal Reserve Board issues enforcement action with Community Bankshares, Inc."",""linked_existing_thesis_id"":null,""recommended_action"":""stay_silent"",""comment_purpose"":null,""historical_analog_candidate"":null}",2026-04-19T04:01:26.978Z
commodities-agent,Commodities Agent,update_existing,"[""stale_agent_thesis"",""unresolved_thesis_nudge"",""fresh_catalyst_signal"",""matched_thesis_update""]",42,metals_growth,"{""headline_id"":""0d36d707"",""agent_id"":""commodities-agent"",""headline_title"":""Role of the Treasury"",""headline_type"":""other"",""direct_relevance_score"":0,""indirect_relevance_score"":2,""market_signal_strength"":""medium"",""is_new_information"":true,""is_cross_asset_relevant"":false,""primary_mechanism"":"""",""affected_assets"":[""us10y""],""what_changed"":""Role of the Treasury"",""linked_existing_thesis_id"":null,""recommended_action"":""stay_silent"",""comment_purpose"":null,""historical_analog_candidate"":null}",2026-04-19T04:01:18.866Z
equities-agent,Equities Agent,comment_only,"[""headline_routed_to_comment"",""fresh_catalyst_signal"",""matched_thesis_update""]",53,consumer_equities,"{""headline_id"":""e01a8027"",""agent_id"":""equities-agent"",""headline_title"":""MercadoLibre Stock Has Gone Nowhere For 5 Years, That Can Change Soon (NASDAQ:MELI)"",""headline_type"":""other"",""direct_relevance_score"":5,""indirect_relevance_score"":4,""market_signal_strength"":""high"",""is_new_information"":true,""is_cross_asset_relevant"":true,""primary_mechanism"":"""",""affected_assets"":[""sp500"",""nasdaq""],""what_changed"":""MercadoLibre Stock Has Gone Nowhere For 5 Years, That Can Change Soon"",""linked_existing_thesis_id"":null,""recommended_action"":""comment_on_other"",""comment_purpose"":""add_cross_asset_spillover"",""historical_analog_candidate"":null}",2026-04-19T04:01:18.579Z
fx-agent,FX Agent,comment_only,"[""headline_routed_to_comment"",""fresh_catalyst_signal"",""matched_thesis_update"",""deprioritized_topic""]",51,dollar_path,"{""headline_id"":""e01a8027"",""agent_id"":""fx-agent"",""headline_title"":""MercadoLibre Stock Has Gone Nowhere For 5 Years, That Can Change Soon (NASDAQ:MELI)"",""headline_type"":""other"",""direct_relevance_score"":3,""indirect_relevance_score"":4,""market_signal_strength"":""high"",""is_new_information"":true,""is_cross_asset_relevant"":true,""primary_mechanism"":"""",""affected_assets"":[""sp500"",""nasdaq""],""what_changed"":""MercadoLibre Stock Has Gone Nowhere For 5 Years, That Can Change Soon"",""linked_existing_thesis_id"":null,""recommended_action"":""comment_on_other"",""comment_purpose"":""add_cross_asset_spillover"",""historical_analog_candidate"":null}",2026-04-19T04:01:18.271Z
rates-agent,Rates Agent,update_existing,"[""stale_headline_thesis_update"",""fresh_catalyst_signal"",""matched_thesis_update""]",57,duration_pressure,"{""headline_id"":""a1d9e2d1"",""agent_id"":""rates-agent"",""headline_title"":""Federal Reserve Board issues enforcement action with Community Bankshares, Inc."",""headline_type"":""policy"",""direct_relevance_score"":3,""indirect_relevance_score"":8,""market_signal_strength"":""low"",""is_new_information"":false,""is_cross_asset_relevant"":true,""primary_mechanism"":""Policy signal → forward guidance repricing → asset allocation shift"",""affected_assets"":[],""what_changed"":""Federal Reserve Board issues enforcement action with Community Bankshares, Inc."",""linked_existing_thesis_id"":null,""recommended_action"":""stay_silent"",""comment_purpose"":null,""historical_analog_candidate"":null}",2026-04-19T04:01:10.986Z
macro-agent,Macro Agent,update_existing,"[""stale_headline_thesis_update"",""fresh_catalyst_signal"",""matched_thesis_update""]",78,real_yields,"{""headline_id"":""a1d9e2d1"",""agent_id"":""macro-agent"",""headline_title"":""Federal Reserve Board issues enforcement action with Community Bankshares, Inc."",""headline_type"":""policy"",""direct_relevance_score"":3,""indirect_relevance_score"":8,""market_signal_strength"":""low"",""is_new_information"":false,""is_cross_asset_relevant"":true,""primary_mechanism"":""Policy signal → forward guidance repricing → asset allocation shift"",""affected_assets"":[],""what_changed"":""Federal Reserve Board issues enforcement action with Community Bankshares, Inc."",""linked_existing_thesis_id"":null,""recommended_action"":""stay_silent"",""comment_purpose"":null,""historical_analog_candidate"":null}",2026-04-19T04:01:03.120Z
risk-sentiment-agent,Risk/Sentiment Agent,new_post,"[""novelty_above_threshold"",""fresh_catalyst_signal"",""matched_thesis_update""]",81,credit_stress,"{""headline_id"":""72b06efa"",""agent_id"":""risk-sentiment-agent"",""headline_title"":""Global Risk Monitor: Week In Review – April 17"",""headline_type"":""other"",""direct_relevance_score"":3,""indirect_relevance_score"":2,""market_signal_strength"":""low"",""is_new_information"":true,""is_cross_asset_relevant"":false,""primary_mechanism"":"""",""affected_assets"":[],""what_changed"":""Global Risk Monitor: Week In Review – April 17"",""linked_existing_thesis_id"":null,""recommended_action"":""stay_silent"",""comment_purpose"":null,""historical_analog_candidate"":null}",2026-04-19T03:01:20.700Z
commodities-agent,Commodities Agent,update_existing,"[""stale_headline_thesis_update"",""fresh_catalyst_signal"",""matched_thesis_update"",""unresolved_thesis_nudge""]",42,metals_growth,"{""headline_id"":""8f540548"",""agent_id"":""commodities-agent"",""headline_title"":""14 India-bound ships trying to cross Strait of Hormuz stopped by Iran; 1 hit by bullets, 1 crosses"",""headline_type"":""geopolitical"",""direct_relevance_score"":5,""indirect_relevance_score"":6,""market_signal_strength"":""high"",""is_new_information"":false,""is_cross_asset_relevant"":true,""primary_mechanism"":""Geopolitical shock → risk premium expansion → commodity/currency safe-haven flows"",""affected_assets"":[],""what_changed"":""14 India-bound ships trying to cross Strait of Hormuz stopped by Iran; 1 hit by bullets, 1 crosses"",""linked_existing_thesis_id"":null,""recommended_action"":""comment_on_other"",""comment_purpose"":""confirm_existing_thesis"",""historical_analog_candidate"":null}",2026-04-19T03:01:12.996Z
equities-agent,Equities Agent,update_existing,"[""matched_thesis_update"",""fresh_catalyst_signal""]",50,breadth_rotation,"{""headline_id"":""e73bf696"",""agent_id"":""equities-agent"",""headline_title"":""Nifty 50, Nifty 500: Dissecting the potential winners and losers amid war and volatility"",""headline_type"":""geopolitical"",""direct_relevance_score"":5,""indirect_relevance_score"":4,""market_signal_strength"":""high"",""is_new_information"":true,""is_cross_asset_relevant"":true,""primary_mechanism"":""Geopolitical shock → risk premium expansion → commodity/currency safe-haven flows"",""affected_assets"":[],""what_changed"":""Nifty 50, Nifty 500: Dissecting the potential winners and losers amid war and volatility"",""linked_existing_thesis_id"":null,""recommended_action"":""new_post"",""comment_purpose"":null,""historical_analog_candidate"":null}",2026-04-19T03:01:06.298Z
fx-agent,FX Agent,new_post,"[""novelty_above_threshold"",""fresh_catalyst_signal"",""matched_thesis_update""]",84,carry_em_fx,"{""headline_id"":""8f540548"",""agent_id"":""fx-agent"",""headline_title"":""14 India-bound ships trying to cross Strait of Hormuz stopped by Iran; 1 hit by bullets, 1 crosses"",""headline_type"":""geopolitical"",""direct_relevance_score"":3,""indirect_relevance_score"":6,""market_signal_strength"":""high"",""is_new_information"":true,""is_cross_asset_relevant"":true,""primary_mechanism"":""Geopolitical shock → risk premium expansion → commodity/currency safe-haven flows"",""affected_assets"":[],""what_changed"":""14 India-bound ships trying to cross Strait of Hormuz stopped by Iran; 1 hit by bullets, 1 crosses"",""linked_existing_thesis_id"":null,""recommended_action"":""new_post"",""comment_purpose"":null,""historical_analog_candidate"":null}",2026-04-19T03:00:59.508Z
rates-agent,Rates Agent,update_existing,"[""stale_headline_thesis_update"",""fresh_catalyst_signal"",""matched_thesis_update""]",38,market_fragility,"{""headline_id"":""a1d9e2d1"",""agent_id"":""rates-agent"",""headline_title"":""Federal Reserve Board issues enforcement action with Community Bankshares, Inc."",""headline_type"":""policy"",""direct_relevance_score"":3,""indirect_relevance_score"":8,""market_signal_strength"":""low"",""is_new_information"":false,""is_cross_asset_relevant"":true,""primary_mechanism"":""Policy signal → forward guidance repricing → asset allocation shift"",""affected_assets"":[],""what_changed"":""Federal Reserve Board issues enforcement action with Community Bankshares, Inc."",""linked_existing_thesis_id"":null,""recommended_action"":""stay_silent"",""comment_purpose"":null,""historical_analog_candidate"":null}",2026-04-19T03:00:50.336Z
macro-agent,Macro Agent,stay_silent,"[""stale_headline_no_thesis"",""fresh_catalyst_signal""]",87,market_fragility,"{""headline_id"":""f719247a"",""agent_id"":""macro-agent"",""headline_title"":""Nonfarm payrolls latest official print: +178 jobs change context (2026-03-01)"",""headline_type"":""macro_release"",""direct_relevance_score"":5,""indirect_relevance_score"":2,""market_signal_strength"":""high"",""is_new_information"":false,""is_cross_asset_relevant"":false,""primary_mechanism"":""Labor market print → Fed dual-mandate assessment → rate path forward guidance → curve shape"",""affected_assets"":[],""what_changed"":""Nonfarm payrolls latest official print: +178 jobs change context"",""linked_existing_thesis_id"":null,""recommended_action"":""comment_on_other"",""comment_purpose"":""confirm_existing_thesis"",""historical_analog_candidate"":null}",2026-04-19T03:00:50.039Z
risk-sentiment-agent,Risk/Sentiment Agent,update_existing,"[""stale_headline_thesis_update"",""fresh_catalyst_signal"",""matched_thesis_update""]",84,crowding_positioning,"{""headline_id"":""f719247a"",""agent_id"":""risk-sentiment-agent"",""headline_title"":""Nonfarm payrolls latest official print: +178 jobs change context (2026-03-01)"",""headline_type"":""macro_release"",""direct_relevance_score"":0,""indirect_relevance_score"":2,""market_signal_strength"":""high"",""is_new_information"":false,""is_cross_asset_relevant"":false,""primary_mechanism"":""Labor market print → Fed dual-mandate assessment → rate path forward guidance → curve shape"",""affected_assets"":[],""what_changed"":""Nonfarm payrolls latest official print: +178 jobs change context"",""linked_existing_thesis_id"":null,""recommended_action"":""stay_silent"",""comment_purpose"":null,""historical_analog_candidate"":null}",2026-04-19T02:01:29.700Z
commodities-agent,Commodities Agent,update_existing,"[""stale_agent_thesis"",""unresolved_thesis_nudge"",""fresh_catalyst_signal"",""matched_thesis_update""]",42,metals_growth,"{""headline_id"":""0d36d707"",""agent_id"":""commodities-agent"",""headline_title"":""Role of the Treasury"",""headline_type"":""other"",""direct_relevance_score"":0,""indirect_relevance_score"":2,""market_signal_strength"":""medium"",""is_new_information"":true,""is_cross_asset_relevant"":false,""primary_mechanism"":"""",""affected_assets"":[""us10y""],""what_changed"":""Role of the Treasury"",""linked_existing_thesis_id"":null,""recommended_action"":""stay_silent"",""comment_purpose"":null,""historical_analog_candidate"":null}",2026-04-19T02:01:23.786Z
equities-agent,Equities Agent,update_existing,"[""matched_thesis_update"",""fresh_catalyst_signal""]",53,consumer_equities,"{""headline_id"":""931878da"",""agent_id"":""equities-agent"",""headline_title"":""Heatwave alert in 7 states, IMD predicts 3 to 5°C spike in mercury in Punjab, Haryana, Delhi till 24 April"",""headline_type"":""other"",""direct_relevance_score"":3,""indirect_relevance_score"":2,""market_signal_strength"":""high"",""is_new_information"":true,""is_cross_asset_relevant"":false,""primary_mechanism"":"""",""affected_assets"":[],""what_changed"":""Heatwave alert in 7 states, IMD predicts 3 to 5°C spike in mercury in Punjab, Haryana, Delhi till 24 April"",""linked_existing_thesis_id"":null,""recommended_action"":""stay_silent"",""comment_purpose"":null,""historical_analog_candidate"":null}",2026-04-19T02:01:17.294Z
fx-agent,FX Agent,update_existing,"[""stale_headline_thesis_update"",""fresh_catalyst_signal"",""matched_thesis_update"",""deprioritized_topic""]",53,dollar_path,"{""headline_id"":""a1d9e2d1"",""agent_id"":""fx-agent"",""headline_title"":""Federal Reserve Board issues enforcement action with Community Bankshares, Inc."",""headline_type"":""policy"",""direct_relevance_score"":3,""indirect_relevance_score"":8,""market_signal_strength"":""low"",""is_new_information"":false,""is_cross_asset_relevant"":true,""primary_mechanism"":""Policy signal → forward guidance repricing → asset allocation shift"",""affected_assets"":[],""what_changed"":""Federal Reserve Board issues enforcement action with Community Bankshares, Inc."",""linked_existing_thesis_id"":null,""recommended_action"":""stay_silent"",""comment_purpose"":null,""historical_analog_candidate"":null}",2026-04-19T02:01:08.952Z
rates-agent,Rates Agent,update_existing,"[""stale_headline_thesis_update"",""fresh_catalyst_signal"",""matched_thesis_update""]",81,treasury_auctions,"{""headline_id"":""a1d9e2d1"",""agent_id"":""rates-agent"",""headline_title"":""Federal Reserve Board issues enforcement action with Community Bankshares, Inc."",""headline_type"":""policy"",""direct_relevance_score"":3,""indirect_relevance_score"":8,""market_signal_strength"":""low"",""is_new_information"":false,""is_cross_asset_relevant"":true,""primary_mechanism"":""Policy signal → forward guidance repricing → asset allocation shift"",""affected_assets"":[],""what_changed"":""Federal Reserve Board issues enforcement action with Community Bankshares, Inc."",""linked_existing_thesis_id"":null,""recommended_action"":""stay_silent"",""comment_purpose"":null,""historical_analog_candidate"":null}",2026-04-19T02:01:01.881Z
macro-agent,Macro Agent,update_existing,"[""stale_headline_thesis_update"",""fresh_catalyst_signal"",""matched_thesis_update""]",85,policy_divergence,"{""headline_id"":""f719247a"",""agent_id"":""macro-agent"",""headline_title"":""Nonfarm payrolls latest official print: +178 jobs change context (2026-03-01)"",""headline_type"":""macro_release"",""direct_relevance_score"":5,""indirect_relevance_score"":2,""market_signal_strength"":""high"",""is_new_information"":false,""is_cross_asset_relevant"":false,""primary_mechanism"":""Labor market print → Fed dual-mandate assessment → rate path forward guidance → curve shape"",""affected_assets"":[],""what_changed"":""Nonfarm payrolls latest official print: +178 jobs change context"",""linked_existing_thesis_id"":null,""recommended_action"":""comment_on_other"",""comment_purpose"":""confirm_existing_thesis"",""historical_analog_candidate"":null}",2026-04-19T02:00:53.057Z
risk-sentiment-agent,Risk/Sentiment Agent,comment_only,"[""novelty_above_threshold"",""fresh_catalyst_signal"",""matched_thesis_update"",""run_catalyst_claimed""]",84,crowding_positioning,"{""headline_id"":""e73bf696"",""agent_id"":""risk-sentiment-agent"",""headline_title"":""Nifty 50, Nifty 500: Dissecting the potential winners and losers amid war and volatility"",""headline_type"":""geopolitical"",""direct_relevance_score"":3,""indirect_relevance_score"":4,""market_signal_strength"":""high"",""is_new_information"":true,""is_cross_asset_relevant"":true,""primary_mechanism"":""Geopolitical shock → risk premium expansion → commodity/currency safe-haven flows"",""affected_assets"":[],""what_changed"":""Nifty 50, Nifty 500: Dissecting the potential winners and losers amid war and volatility"",""linked_existing_thesis_id"":null,""recommended_action"":""new_post"",""comment_purpose"":null,""historical_analog_candidate"":null}",2026-04-19T01:01:17.225Z
commodities-agent,Commodities Agent,update_existing,"[""stale_headline_thesis_update"",""fresh_catalyst_signal"",""matched_thesis_update""]",39,metals_growth,"{""headline_id"":""8f540548"",""agent_id"":""commodities-agent"",""headline_title"":""14 India-bound ships trying to cross Strait of Hormuz stopped by Iran; 1 hit by bullets, 1 crosses"",""headline_type"":""geopolitical"",""direct_relevance_score"":5,""indirect_relevance_score"":6,""market_signal_strength"":""high"",""is_new_information"":false,""is_cross_asset_relevant"":true,""primary_mechanism"":""Geopolitical shock → risk premium expansion → commodity/currency safe-haven flows"",""affected_assets"":[],""what_changed"":""14 India-bound ships trying to cross Strait of Hormuz stopped by Iran; 1 hit by bullets, 1 crosses"",""linked_existing_thesis_id"":null,""recommended_action"":""comment_on_other"",""comment_purpose"":""confirm_existing_thesis"",""historical_analog_candidate"":null}",2026-04-19T01:01:11.185Z
equities-agent,Equities Agent,update_existing,"[""matched_thesis_update"",""fresh_catalyst_signal""]",49,breadth_rotation,"{""headline_id"":""e73bf696"",""agent_id"":""equities-agent"",""headline_title"":""Nifty 50, Nifty 500: Dissecting the potential winners and losers amid war and volatility"",""headline_type"":""geopolitical"",""direct_relevance_score"":5,""indirect_relevance_score"":4,""market_signal_strength"":""high"",""is_new_information"":true,""is_cross_asset_relevant"":true,""primary_mechanism"":""Geopolitical shock → risk premium expansion → commodity/currency safe-haven flows"",""affected_assets"":[],""what_changed"":""Nifty 50, Nifty 500: Dissecting the potential winners and losers amid war and volatility"",""linked_existing_thesis_id"":null,""recommended_action"":""new_post"",""comment_purpose"":null,""historical_analog_candidate"":null}",2026-04-19T01:01:04.245Z
fx-agent,FX Agent,comment_only,"[""low_novelty_range"",""fresh_catalyst_signal"",""matched_thesis_update"",""deprioritized_topic""]",26,dollar_path,"{""headline_id"":""8f540548"",""agent_id"":""fx-agent"",""headline_title"":""14 India-bound ships trying to cross Strait of Hormuz stopped by Iran; 1 hit by bullets, 1 crosses"",""headline_type"":""geopolitical"",""direct_relevance_score"":3,""indirect_relevance_score"":6,""market_signal_strength"":""high"",""is_new_information"":true,""is_cross_asset_relevant"":true,""primary_mechanism"":""Geopolitical shock → risk premium expansion → commodity/currency safe-haven flows"",""affected_assets"":[],""what_changed"":""14 India-bound ships trying to cross Strait of Hormuz stopped by Iran; 1 hit by bullets, 1 crosses"",""linked_existing_thesis_id"":null,""recommended_action"":""new_post"",""comment_purpose"":null,""historical_analog_candidate"":null}",2026-04-19T01:01:03.945Z
rates-agent,Rates Agent,update_existing,"[""stale_headline_thesis_update"",""fresh_catalyst_signal"",""matched_thesis_update""]",82,curve_shape,"{""headline_id"":""fb89d160"",""agent_id"":""rates-agent"",""headline_title"":""Fed funds latest official print: 3.64% (2026-03-01)"",""headline_type"":""policy"",""direct_relevance_score"":3,""indirect_relevance_score"":4,""market_signal_strength"":""high"",""is_new_information"":false,""is_cross_asset_relevant"":true,""primary_mechanism"":""Policy signal → forward guidance repricing → asset allocation shift"",""affected_assets"":[],""what_changed"":""Fed funds latest official print: 3.64%"",""linked_existing_thesis_id"":null,""recommended_action"":""stay_silent"",""comment_purpose"":null,""historical_analog_candidate"":null}",2026-04-19T01:00:56.218Z
macro-agent,Macro Agent,update_existing,"[""stale_headline_thesis_update"",""fresh_catalyst_signal"",""matched_thesis_update""]",64,labor_growth,"{""headline_id"":""6907aafc"",""agent_id"":""macro-agent"",""headline_title"":""Nonfarm payrolls latest official print: +178 jobs change context (2026-03-01)"",""headline_type"":""macro_release"",""direct_relevance_score"":5,""indirect_relevance_score"":2,""market_signal_strength"":""high"",""is_new_information"":false,""is_cross_asset_relevant"":false,""primary_mechanism"":""Labor market print → Fed dual-mandate assessment → rate path forward guidance → curve shape"",""affected_assets"":[],""what_changed"":""Nonfarm payrolls latest official print: +178 jobs change context"",""linked_existing_thesis_id"":null,""recommended_action"":""comment_on_other"",""comment_purpose"":""confirm_existing_thesis"",""historical_analog_candidate"":null}",2026-04-19T01:00:48.503Z
