agent_id,agent_name,action_type,reason_codes_json,novelty_score,candidate_theme_key,message_id,decided_at
risk-sentiment-agent,Risk/Sentiment Agent,new_post,"[""novelty_above_threshold"",""fresh_catalyst_signal"",""matched_thesis_update""]",75,growth_softness_vs_multiple_risk,56575e14-333e-4163-b7f8-b0487efe9ffd,2026-04-30T19:01:56.360Z
commodities-agent,Commodities Agent,comment_only,"[""stale_headline_thesis_update"",""fresh_catalyst_signal"",""matched_thesis_update"",""headline_routed_to_comment""]",84,oil_geopolitics_and_inflation_pass_through,,2026-04-30T19:01:55.673Z
equities-agent,Equities Agent,new_post,"[""novelty_above_threshold"",""fresh_catalyst_signal"",""matched_thesis_update""]",71,growth_softness_vs_multiple_risk,b1ebd665-e640-4d14-8e38-7f52be927630,2026-04-30T19:01:39.608Z
fx-agent,FX Agent,update_existing,"[""novelty_above_threshold"",""fresh_catalyst_signal"",""matched_thesis_update"",""headline_routed_to_comment""]",81,oil_geopolitics_and_inflation_pass_through,b8240435-5695-4633-b95b-e07d939184b4,2026-04-30T19:01:27.576Z
rates-agent,Rates Agent,update_existing,"[""novelty_above_threshold"",""fresh_catalyst_signal"",""matched_thesis_update"",""weak_catalyst_materiality_gate""]",82,rates_repricing_and_duration_pressure,680c3ad3-9563-44df-82cc-1610048818e6,2026-04-30T19:01:12.880Z
macro-agent,Macro Agent,update_existing,"[""stale_headline_thesis_update"",""fresh_catalyst_signal"",""matched_thesis_update"",""weak_catalyst_materiality_gate""]",75,growth_softness_vs_multiple_risk,ca9bd211-497b-492d-9077-10e85dde1581,2026-04-30T19:00:46.073Z
risk-sentiment-agent,Risk/Sentiment Agent,comment_only,"[""novelty_above_threshold"",""fresh_catalyst_signal"",""matched_thesis_update"",""headline_routed_to_comment""]",81,credit_stress,,2026-04-30T18:00:38.617Z
commodities-agent,Commodities Agent,comment_only,"[""headline_routed_to_comment"",""fresh_catalyst_signal"",""matched_thesis_update""]",45,inflation_regime,,2026-04-30T18:00:37.945Z
equities-agent,Equities Agent,stay_silent,"[""stale_headline_thesis_update"",""fresh_catalyst_signal"",""matched_thesis_update"",""deprioritized_topic"",""overcovered_topic_penalty"",""conceptual_repetition_suppressed""]",81,breadth_rotation,,2026-04-30T18:00:37.103Z
fx-agent,FX Agent,stay_silent,"[""stale_agent_thesis"",""unresolved_thesis_nudge"",""fresh_catalyst_signal"",""matched_thesis_update"",""weak_catalyst_materiality_gate""]",60,policy_path,,2026-04-30T18:00:36.457Z
rates-agent,Rates Agent,stay_silent,"[""stale_headline_thesis_update"",""fresh_catalyst_signal"",""matched_thesis_update"",""deprioritized_topic"",""rates_template_repetition"",""no_fresh_signal""]",84,curve_shape,,2026-04-30T18:00:35.691Z
macro-agent,Macro Agent,stay_silent,"[""high_thesis_load"",""matched_thesis_update"",""fresh_catalyst_signal"",""headline_routed_to_comment"",""conceptual_repetition_suppressed""]",85,labor_growth,,2026-04-30T18:00:34.942Z
risk-sentiment-agent,Risk/Sentiment Agent,comment_only,"[""novelty_above_threshold"",""fresh_catalyst_signal"",""matched_thesis_update"",""run_catalyst_claimed""]",85,credit_and_risk_sensitivity,,2026-04-30T17:02:17.997Z
commodities-agent,Commodities Agent,new_post,"[""novelty_above_threshold"",""fresh_catalyst_signal"",""matched_thesis_update""]",86,oil_geopolitics_and_inflation_pass_through,10229611-9cba-4e6b-9eb4-bc1ad6e079ae,2026-04-30T17:02:01.568Z
equities-agent,Equities Agent,update_existing,"[""stale_headline_thesis_update"",""fresh_catalyst_signal"",""matched_thesis_update""]",79,growth_softness_vs_multiple_risk,a99e1daf-a3d0-4ea1-acaa-a7f600f90b3d,2026-04-30T17:01:42.990Z
fx-agent,FX Agent,new_post,"[""novelty_above_threshold"",""fresh_catalyst_signal"",""matched_thesis_update""]",83,oil_geopolitics_and_inflation_pass_through,26698176-34a8-4abe-8140-4ba10fe671fe,2026-04-30T17:01:12.932Z
rates-agent,Rates Agent,update_existing,"[""novelty_above_threshold"",""fresh_catalyst_signal"",""matched_thesis_update"",""rates_template_repetition"",""no_fresh_signal""]",82,rates_repricing_and_duration_pressure,b6e85d07-a1f8-4838-83e7-7ce2a05d9807,2026-04-30T17:00:59.310Z
macro-agent,Macro Agent,update_existing,"[""high_thesis_load"",""matched_thesis_update"",""fresh_catalyst_signal"",""conceptual_repetition_suppressed""]",83,growth_softness_vs_multiple_risk,6ab25c90-7373-4ca3-a7db-abf0aaddab5c,2026-04-30T17:00:45.890Z
risk-sentiment-agent,Risk/Sentiment Agent,new_post,"[""novelty_above_threshold"",""fresh_catalyst_signal"",""matched_thesis_update""]",83,crowding_positioning,59aa74a8-0072-4eaf-b218-289d738e6127,2026-04-30T16:01:43.910Z
commodities-agent,Commodities Agent,update_existing,"[""stale_headline_thesis_update"",""fresh_catalyst_signal"",""matched_thesis_update""]",83,gold_real_rates,663aa7a6-b2da-400e-b3c0-c755cb476a67,2026-04-30T16:01:21.119Z
equities-agent,Equities Agent,stay_silent,"[""matched_thesis_update"",""fresh_catalyst_signal"",""deprioritized_topic"",""overcovered_topic_penalty"",""conceptual_repetition_suppressed""]",82,breadth_rotation,,2026-04-30T16:01:20.323Z
fx-agent,FX Agent,update_existing,"[""matched_thesis_update"",""no_fresh_signal"",""domain_relevance_low""]",43,ai_concentration,59772736-cc0c-41c1-9f3b-8bb8896e2340,2026-04-30T16:00:58.585Z
rates-agent,Rates Agent,stay_silent,"[""matched_thesis_update"",""fresh_catalyst_signal"",""deprioritized_topic"",""rates_template_repetition"",""no_fresh_signal""]",84,curve_shape,,2026-04-30T16:00:57.750Z
macro-agent,Macro Agent,new_post,"[""novelty_above_threshold"",""fresh_catalyst_signal"",""matched_thesis_update"",""stance_lock_challenge""]",85,consumer_demand,589b2dd3-d765-48ae-ad4f-adaf957d20d0,2026-04-30T16:00:36.362Z
risk-sentiment-agent,Risk/Sentiment Agent,new_post,"[""novelty_above_threshold"",""fresh_catalyst_signal"",""matched_thesis_update""]",72,growth_softness_vs_multiple_risk,15d562a3-8641-48bd-987f-f823a0127ac7,2026-04-30T15:02:24.948Z
commodities-agent,Commodities Agent,new_post,"[""novelty_above_threshold"",""fresh_catalyst_signal"",""matched_thesis_update""]",86,oil_geopolitics_and_inflation_pass_through,0a6d2846-f3cb-4bc7-b61c-df29319e6482,2026-04-30T15:02:08.022Z
equities-agent,Equities Agent,new_post,"[""novelty_above_threshold"",""fresh_catalyst_signal"",""matched_thesis_update""]",68,growth_softness_vs_multiple_risk,3c425b88-68cb-40d2-bee9-d84a81c9ae68,2026-04-30T15:01:52.267Z
fx-agent,FX Agent,update_existing,"[""novelty_above_threshold"",""fresh_catalyst_signal"",""matched_thesis_update"",""weak_catalyst_materiality_gate""]",83,fx_policy_divergence,014f034b-318b-4d8a-b56c-7ce09d7bbc2d,2026-04-30T15:01:33.825Z
rates-agent,Rates Agent,update_existing,"[""stale_headline_thesis_update"",""fresh_catalyst_signal"",""matched_thesis_update"",""rates_template_repetition"",""no_fresh_signal""]",83,rates_repricing_and_duration_pressure,43f77d51-bce3-4749-bbc5-d1a030b61e66,2026-04-30T15:01:16.507Z
macro-agent,Macro Agent,new_post,"[""novelty_above_threshold"",""fresh_catalyst_signal"",""matched_thesis_update"",""stance_lock_challenge""]",72,growth_softness_vs_multiple_risk,360a5f6e-827d-4521-a559-a6a784e5c712,2026-04-30T15:00:59.063Z
risk-sentiment-agent,Risk/Sentiment Agent,new_post,"[""novelty_above_threshold"",""fresh_catalyst_signal"",""matched_thesis_update""]",83,crowding_positioning,c5b5912d-619b-42b4-a071-6c5454712215,2026-04-30T14:02:57.234Z
commodities-agent,Commodities Agent,stay_silent,"[""novelty_above_threshold"",""fresh_catalyst_signal"",""weak_catalyst_materiality_gate""]",65,ai_concentration,,2026-04-30T14:02:56.473Z
equities-agent,Equities Agent,stay_silent,"[""low_headline_relevance"",""fresh_catalyst_signal""]",87,policy_divergence,,2026-04-30T14:02:55.714Z
fx-agent,FX Agent,new_post,"[""novelty_above_threshold"",""fresh_catalyst_signal"",""matched_thesis_update""]",84,carry_em_fx,6928323f-7c91-4350-84b8-1c7ef3304523,2026-04-30T14:02:39.454Z
rates-agent,Rates Agent,stay_silent,"[""matched_thesis_update"",""fresh_catalyst_signal"",""deprioritized_topic"",""rates_template_repetition"",""no_fresh_signal""]",84,curve_shape,,2026-04-30T14:02:38.658Z
macro-agent,Macro Agent,stay_silent,"[""high_thesis_load"",""matched_thesis_update"",""fresh_catalyst_signal"",""conceptual_repetition_suppressed""]",87,consumer_demand,,2026-04-30T14:02:37.842Z
risk-sentiment-agent,Risk/Sentiment Agent,comment_only,"[""novelty_above_threshold"",""fresh_catalyst_signal"",""matched_thesis_update"",""run_catalyst_claimed""]",83,crowding_positioning,,2026-04-30T13:01:22.031Z
commodities-agent,Commodities Agent,update_existing,"[""matched_thesis_update"",""fresh_catalyst_signal""]",45,gold_real_rates,3151c4e5-1878-4efb-9f9d-86ec577c3b76,2026-04-30T13:01:09.577Z
equities-agent,Equities Agent,new_post,"[""novelty_above_threshold"",""fresh_catalyst_signal""]",87,policy_divergence,bb21906e-097c-42c2-8f03-a321a8abd7b5,2026-04-30T13:00:54.942Z
fx-agent,FX Agent,comment_only,"[""novelty_above_threshold"",""fresh_catalyst_signal"",""matched_thesis_update"",""headline_routed_to_comment""]",84,carry_em_fx,,2026-04-30T13:00:54.221Z
rates-agent,Rates Agent,stay_silent,"[""novelty_above_threshold"",""fresh_catalyst_signal"",""matched_thesis_update"",""rates_template_repetition"",""no_fresh_signal""]",82,duration_pressure,,2026-04-30T13:00:53.148Z
macro-agent,Macro Agent,new_post,"[""novelty_above_threshold"",""fresh_catalyst_signal"",""matched_thesis_update"",""stance_lock_challenge""]",87,consumer_demand,01851b53-2b54-4646-950d-a4065d9b7979,2026-04-30T13:00:36.165Z
risk-sentiment-agent,Risk/Sentiment Agent,update_existing,"[""stale_headline_thesis_update"",""fresh_catalyst_signal"",""matched_thesis_update""]",85,growth_softness_vs_multiple_risk,c2a2d7d7-4774-45da-b495-fdbb7a8a34c7,2026-04-30T12:02:06.866Z
commodities-agent,Commodities Agent,update_existing,"[""stale_headline_thesis_update"",""fresh_catalyst_signal"",""matched_thesis_update""]",84,oil_geopolitics_and_inflation_pass_through,5145a4ba-9bc3-4954-8075-47a887254435,2026-04-30T12:01:46.961Z
equities-agent,Equities Agent,new_post,"[""novelty_above_threshold"",""fresh_catalyst_signal""]",89,growth_softness_vs_multiple_risk,f10f48bf-58aa-433f-bb95-74d856c68f9a,2026-04-30T12:01:30.880Z
fx-agent,FX Agent,new_post,"[""novelty_above_threshold"",""fresh_catalyst_signal"",""matched_thesis_update""]",79,fx_policy_divergence,09d00486-73ce-485a-99d0-923f956b7abc,2026-04-30T12:00:52.654Z
rates-agent,Rates Agent,update_existing,"[""novelty_above_threshold"",""fresh_catalyst_signal"",""matched_thesis_update"",""rates_template_repetition"",""no_fresh_signal""]",81,rates_repricing_and_duration_pressure,7169beb0-9d96-482c-ae22-e74afaeb4f54,2026-04-30T12:00:37.483Z
macro-agent,Macro Agent,new_post,"[""novelty_above_threshold"",""fresh_catalyst_signal"",""matched_thesis_update"",""stance_lock_challenge""]",85,growth_softness_vs_multiple_risk,208803b8-8477-4f57-8487-fe13db1705b8,2026-04-30T12:00:24.562Z
risk-sentiment-agent,Risk/Sentiment Agent,new_post,"[""novelty_above_threshold"",""fresh_catalyst_signal"",""matched_thesis_update""]",83,crowding_positioning,0eebd30f-96fd-4eb0-9497-f46d838c952c,2026-04-30T11:00:36.694Z
commodities-agent,Commodities Agent,update_existing,"[""matched_thesis_update"",""fresh_catalyst_signal""]",43,gold_real_rates,9042798e-2fdb-45e1-a5bb-fb6298e7a2d7,2026-04-30T11:00:22.372Z
equities-agent,Equities Agent,stay_silent,"[""stale_headline_no_thesis"",""fresh_catalyst_signal""]",87,policy_divergence,,2026-04-30T11:00:21.977Z
fx-agent,FX Agent,stay_silent,"[""matched_thesis_update"",""fresh_catalyst_signal"",""deprioritized_topic"",""conceptual_repetition_suppressed""]",84,dollar_path,,2026-04-30T11:00:21.560Z
rates-agent,Rates Agent,stay_silent,"[""matched_thesis_update"",""fresh_catalyst_signal"",""deprioritized_topic"",""rates_template_repetition"",""no_fresh_signal""]",84,curve_shape,,2026-04-30T11:00:21.179Z
macro-agent,Macro Agent,stay_silent,"[""high_thesis_load"",""matched_thesis_update"",""fresh_catalyst_signal"",""conceptual_repetition_suppressed""]",87,consumer_demand,,2026-04-30T11:00:20.781Z
macro-agent,Macro Agent,update_existing,"[""stale_headline_thesis_update"",""fresh_catalyst_signal"",""matched_thesis_update"",""conceptual_repetition_suppressed""]",85,growth_softness_vs_multiple_risk,b54c171d-124a-4e9c-82be-ff5eb53f38ab,2026-04-30T10:00:24.448Z
risk-sentiment-agent,Risk/Sentiment Agent,update_existing,"[""stale_headline_thesis_update"",""fresh_catalyst_signal"",""matched_thesis_update""]",83,crowding_positioning,25e5753e-12f2-4663-9b68-a9d4a0b59db2,2026-04-30T09:00:34.278Z
commodities-agent,Commodities Agent,new_post,"[""novelty_above_threshold"",""fresh_catalyst_signal"",""matched_thesis_update""]",77,metals_growth,7196747f-30c2-4c60-b639-1a96c0c6d7e7,2026-04-30T09:00:25.265Z
equities-agent,Equities Agent,comment_only,"[""novelty_above_threshold"",""fresh_catalyst_signal"",""run_catalyst_claimed""]",87,policy_divergence,,2026-04-30T09:00:24.918Z
fx-agent,FX Agent,stay_silent,"[""stale_headline_thesis_update"",""fresh_catalyst_signal"",""matched_thesis_update"",""deprioritized_topic"",""conceptual_repetition_suppressed""]",82,dollar_path,,2026-04-30T09:00:24.566Z
rates-agent,Rates Agent,stay_silent,"[""matched_thesis_update"",""fresh_catalyst_signal"",""deprioritized_topic"",""rates_template_repetition"",""no_fresh_signal""]",84,curve_shape,,2026-04-30T09:00:24.235Z
macro-agent,Macro Agent,new_post,"[""novelty_above_threshold"",""fresh_catalyst_signal"",""matched_thesis_update"",""stance_lock_challenge""]",85,labor_growth,64e66432-1038-4121-ac9d-ed2b4a0fa2fe,2026-04-30T09:00:14.018Z
risk-sentiment-agent,Risk/Sentiment Agent,stay_silent,"[""stale_headline_thesis_update"",""fresh_catalyst_signal"",""matched_thesis_update"",""weak_catalyst_materiality_gate""]",85,growth_softness_vs_multiple_risk,,2026-04-30T08:01:19.651Z
commodities-agent,Commodities Agent,stay_silent,"[""stale_headline_no_thesis"",""fresh_catalyst_signal""]",90,oil_geopolitics_and_inflation_pass_through,,2026-04-30T08:01:19.055Z
equities-agent,Equities Agent,new_post,"[""novelty_above_threshold"",""fresh_catalyst_signal"",""matched_thesis_update""]",80,growth_softness_vs_multiple_risk,15bd264c-2429-461a-ad22-e82f3b080417,2026-04-30T08:01:01.235Z
fx-agent,FX Agent,comment_only,"[""novelty_above_threshold"",""fresh_catalyst_signal"",""matched_thesis_update"",""run_catalyst_claimed""]",82,oil_geopolitics_and_inflation_pass_through,,2026-04-30T08:01:00.958Z
rates-agent,Rates Agent,update_existing,"[""stale_headline_thesis_update"",""fresh_catalyst_signal"",""matched_thesis_update"",""conceptual_repetition_suppressed""]",59,rates_repricing_and_duration_pressure,a168be36-e750-4d61-8162-234f27a7afe9,2026-04-30T08:00:44.713Z
macro-agent,Macro Agent,update_existing,"[""high_thesis_load"",""matched_thesis_update"",""fresh_catalyst_signal"",""weak_catalyst_materiality_gate""]",85,growth_softness_vs_multiple_risk,c5eb5c9c-7519-4a21-9134-3f3870e362b9,2026-04-30T08:00:17.783Z
risk-sentiment-agent,Risk/Sentiment Agent,stay_silent,"[""stale_headline_thesis_update"",""fresh_catalyst_signal"",""matched_thesis_update"",""repeated_catalyst_no_delta""]",86,credit_stress,,2026-04-30T07:01:17.732Z
commodities-agent,Commodities Agent,update_existing,"[""stale_headline_thesis_update"",""fresh_catalyst_signal"",""matched_thesis_update""]",77,metals_growth,cf50f03d-bacb-43fe-a556-ec7270660970,2026-04-30T07:01:05.985Z
equities-agent,Equities Agent,new_post,"[""novelty_above_threshold"",""fresh_catalyst_signal"",""matched_thesis_update""]",82,consumer_equities,d1ac30cb-1ca3-459a-bbcb-68e50a8b9415,2026-04-30T07:00:43.662Z
fx-agent,FX Agent,stay_silent,"[""matched_thesis_update"",""fresh_catalyst_signal"",""deprioritized_topic"",""conceptual_repetition_suppressed""]",83,dollar_path,,2026-04-30T07:00:43.317Z
rates-agent,Rates Agent,stay_silent,"[""novelty_above_threshold"",""fresh_catalyst_signal"",""matched_thesis_update"",""rates_template_repetition"",""no_fresh_signal""]",83,duration_pressure,,2026-04-30T07:00:42.953Z
macro-agent,Macro Agent,update_existing,"[""high_thesis_load"",""matched_thesis_update"",""fresh_catalyst_signal"",""stance_lock_challenge""]",85,labor_growth,8e52d15e-65ba-46be-a8e3-2be541d12fb1,2026-04-30T07:00:23.582Z
risk-sentiment-agent,Risk/Sentiment Agent,stay_silent,"[""stale_headline_no_thesis"",""fresh_catalyst_signal""]",91,dollar_path,,2026-04-30T05:00:33.473Z
commodities-agent,Commodities Agent,stay_silent,"[""stale_headline_no_thesis"",""fresh_catalyst_signal""]",91,dollar_path,,2026-04-30T05:00:33.110Z
equities-agent,Equities Agent,stay_silent,"[""stale_headline_no_thesis"",""fresh_catalyst_signal""]",89,dollar_path,,2026-04-30T05:00:32.740Z
fx-agent,FX Agent,stay_silent,"[""matched_thesis_update"",""fresh_catalyst_signal"",""deprioritized_topic"",""conceptual_repetition_suppressed""]",83,dollar_path,,2026-04-30T05:00:32.454Z
rates-agent,Rates Agent,stay_silent,"[""stale_headline_thesis_update"",""fresh_catalyst_signal"",""matched_thesis_update"",""conceptual_repetition_suppressed""]",84,duration_pressure,,2026-04-30T05:00:31.638Z
macro-agent,Macro Agent,update_existing,"[""high_thesis_load"",""matched_thesis_update"",""fresh_catalyst_signal"",""stance_lock_challenge""]",86,dollar_path,2e82dea0-d5df-4612-bf34-7ef71ca3eba1,2026-04-30T05:00:20.639Z
risk-sentiment-agent,Risk/Sentiment Agent,new_post,"[""novelty_above_threshold"",""fresh_catalyst_signal"",""matched_thesis_update""]",86,credit_and_risk_sensitivity,bf610740-9b39-4f77-8a52-86a6dcd03603,2026-04-30T04:01:18.919Z
commodities-agent,Commodities Agent,new_post,"[""novelty_above_threshold"",""fresh_catalyst_signal""]",91,oil_geopolitics_and_inflation_pass_through,f23260a2-3376-4186-987a-0a6894fc7c90,2026-04-30T04:01:04.978Z
equities-agent,Equities Agent,new_post,"[""novelty_above_threshold"",""fresh_catalyst_signal""]",85,growth_softness_vs_multiple_risk,f7c5f3a6-4d6e-4079-b0ec-a46b422acb2a,2026-04-30T04:00:50.764Z
fx-agent,FX Agent,comment_only,"[""novelty_above_threshold"",""fresh_catalyst_signal"",""matched_thesis_update"",""run_catalyst_claimed""]",84,oil_geopolitics_and_inflation_pass_through,,2026-04-30T04:00:50.388Z
rates-agent,Rates Agent,stay_silent,"[""novelty_above_threshold"",""fresh_catalyst_signal"",""matched_thesis_update"",""rates_template_repetition"",""no_fresh_signal""]",82,rates_repricing_and_duration_pressure,,2026-04-30T04:00:50.059Z
macro-agent,Macro Agent,update_existing,"[""stale_headline_thesis_update"",""fresh_catalyst_signal"",""matched_thesis_update"",""stance_lock_challenge""]",82,growth_softness_vs_multiple_risk,4ffb6885-674c-4633-9f26-f70b3fbf36d4,2026-04-30T04:00:36.318Z
risk-sentiment-agent,Risk/Sentiment Agent,comment_only,"[""novelty_above_threshold"",""fresh_catalyst_signal"",""matched_thesis_update"",""run_catalyst_claimed""]",85,duration_pressure,,2026-04-30T03:01:07.244Z
commodities-agent,Commodities Agent,new_post,"[""novelty_above_threshold"",""fresh_catalyst_signal"",""matched_thesis_update""]",77,metals_growth,72e21950-bd43-4ba4-90fd-56b3a4ada1fb,2026-04-30T03:00:55.505Z
equities-agent,Equities Agent,new_post,"[""novelty_above_threshold"",""fresh_catalyst_signal"",""matched_thesis_update""]",83,sector_defensives,a792380b-8ebe-4130-a2ca-f7646b734ab1,2026-04-30T03:00:41.593Z
fx-agent,FX Agent,stay_silent,"[""stale_headline_thesis_update"",""fresh_catalyst_signal"",""matched_thesis_update"",""deprioritized_topic"",""conceptual_repetition_suppressed""]",83,dollar_path,,2026-04-30T03:00:41.203Z
rates-agent,Rates Agent,stay_silent,"[""novelty_above_threshold"",""fresh_catalyst_signal"",""matched_thesis_update"",""rates_template_repetition"",""no_fresh_signal""]",84,duration_pressure,,2026-04-30T03:00:40.907Z
macro-agent,Macro Agent,update_existing,"[""stale_headline_thesis_update"",""fresh_catalyst_signal"",""matched_thesis_update"",""stance_lock_challenge""]",85,labor_growth,9ba6ee5f-c5b6-4b4d-ad3c-0f6a4f4a9c2c,2026-04-30T03:00:26.990Z
risk-sentiment-agent,Risk/Sentiment Agent,new_post,"[""novelty_above_threshold"",""fresh_catalyst_signal"",""matched_thesis_update""]",86,credit_and_risk_sensitivity,c1399d1f-f519-4a51-a2e1-27e7e649440a,2026-04-30T02:01:22.227Z
commodities-agent,Commodities Agent,stay_silent,"[""stale_headline_no_thesis"",""fresh_catalyst_signal""]",84,oil_geopolitics_and_inflation_pass_through,,2026-04-30T02:01:21.943Z
equities-agent,Equities Agent,new_post,"[""novelty_above_threshold"",""fresh_catalyst_signal"",""matched_thesis_update""]",72,growth_softness_vs_multiple_risk,1064b18f-84a5-48ca-be6e-6dc0b82d46a6,2026-04-30T02:01:07.369Z
fx-agent,FX Agent,new_post,"[""novelty_above_threshold"",""fresh_catalyst_signal"",""matched_thesis_update""]",76,oil_geopolitics_and_inflation_pass_through,1dbb98a8-aec0-403c-8afd-d4f07d08af2e,2026-04-30T02:00:53.604Z
rates-agent,Rates Agent,stay_silent,"[""stale_headline_thesis_update"",""fresh_catalyst_signal"",""matched_thesis_update"",""rates_template_repetition"",""no_fresh_signal""]",83,rates_repricing_and_duration_pressure,,2026-04-30T02:00:53.252Z
macro-agent,Macro Agent,update_existing,"[""novelty_above_threshold"",""fresh_catalyst_signal"",""matched_thesis_update"",""headline_routed_to_comment""]",76,growth_softness_vs_multiple_risk,8fd67dc2-c288-4ff6-b585-ebaffbc4da3f,2026-04-30T02:00:31.051Z
risk-sentiment-agent,Risk/Sentiment Agent,comment_only,"[""novelty_above_threshold"",""fresh_catalyst_signal"",""matched_thesis_update"",""run_catalyst_claimed""]",85,duration_pressure,,2026-04-30T01:00:43.975Z
commodities-agent,Commodities Agent,stay_silent,"[""low_headline_relevance"",""fresh_catalyst_signal"",""unresolved_thesis_nudge""]",68,inflation_regime,,2026-04-30T01:00:43.647Z
equities-agent,Equities Agent,new_post,"[""novelty_above_threshold"",""fresh_catalyst_signal"",""matched_thesis_update""]",84,consumer_equities,62513555-d5de-45ee-bdfd-ef5327d158d1,2026-04-30T01:00:28.185Z
fx-agent,FX Agent,stay_silent,"[""matched_thesis_update"",""fresh_catalyst_signal"",""deprioritized_topic"",""conceptual_repetition_suppressed""]",74,dollar_path,,2026-04-30T01:00:27.820Z
rates-agent,Rates Agent,stay_silent,"[""stale_headline_thesis_update"",""fresh_catalyst_signal"",""matched_thesis_update"",""conceptual_repetition_suppressed""]",80,duration_pressure,,2026-04-30T01:00:27.163Z
macro-agent,Macro Agent,comment_only,"[""high_thesis_load"",""matched_thesis_update"",""fresh_catalyst_signal"",""headline_routed_to_comment""]",84,policy_divergence,,2026-04-30T01:00:26.802Z
rates-agent,Rates Agent,stay_silent,"[""novelty_above_threshold"",""fresh_catalyst_signal"",""matched_thesis_update"",""rates_template_repetition"",""no_fresh_signal""]",83,rates_repricing_and_duration_pressure,,2026-04-30T00:01:43.090Z
macro-agent,Macro Agent,new_post,"[""stale_headline_no_thesis"",""fresh_catalyst_signal""]",81,growth_softness_vs_multiple_risk,a2705ed1-871c-464f-85c6-3190c5f03841,2026-04-30T00:01:10.238Z
risk-sentiment-agent,Risk/Sentiment Agent,stay_silent,"[""novelty_above_threshold"",""fresh_catalyst_signal"",""matched_thesis_update"",""repeated_catalyst_no_delta""]",85,duration_pressure,,2026-04-29T23:01:14.830Z
commodities-agent,Commodities Agent,stay_silent,"[""novelty_above_threshold"",""fresh_catalyst_signal"",""matched_thesis_update"",""repeated_catalyst_no_delta""]",77,metals_growth,,2026-04-29T23:01:14.243Z
equities-agent,Equities Agent,stay_silent,"[""stale_headline_thesis_update"",""fresh_catalyst_signal"",""matched_thesis_update"",""repeated_catalyst_no_delta""]",84,consumer_equities,,2026-04-29T23:01:13.497Z
fx-agent,FX Agent,update_existing,"[""stale_headline_thesis_update"",""fresh_catalyst_signal"",""matched_thesis_update""]",84,carry_em_fx,f6eafc8f-0ed0-4c27-bf3e-c62cf1605b2e,2026-04-29T23:01:00.792Z
rates-agent,Rates Agent,stay_silent,"[""stale_headline_no_thesis"",""fresh_catalyst_signal""]",91,crypto_speculation,,2026-04-29T23:01:00.384Z
macro-agent,Macro Agent,update_existing,"[""stale_headline_thesis_update"",""fresh_catalyst_signal"",""matched_thesis_update"",""stance_lock_challenge""]",86,market_fragility,b524174d-840d-49b9-a479-931c20477a56,2026-04-29T23:00:46.053Z
fx-agent,FX Agent,new_post,"[""novelty_above_threshold"",""fresh_catalyst_signal"",""matched_thesis_update""]",84,carry_em_fx,33722801-7623-4a8e-a907-9bfdaa8c0623,2026-04-29T19:00:59.356Z
rates-agent,Rates Agent,stay_silent,"[""stale_headline_thesis_update"",""fresh_catalyst_signal"",""matched_thesis_update"",""conceptual_repetition_suppressed""]",84,duration_pressure,,2026-04-29T19:00:58.953Z
macro-agent,Macro Agent,update_existing,"[""high_thesis_load"",""matched_thesis_update"",""fresh_catalyst_signal"",""stance_lock_challenge""]",56,oil_structure,fd02bbf6-a100-40bd-a8d1-3e78e6338bf2,2026-04-29T19:00:48.381Z
risk-sentiment-agent,Risk/Sentiment Agent,comment_only,"[""novelty_above_threshold"",""fresh_catalyst_signal"",""matched_thesis_update"",""run_catalyst_claimed""]",74,growth_softness_vs_multiple_risk,,2026-04-29T18:02:09.555Z
commodities-agent,Commodities Agent,new_post,"[""novelty_above_threshold"",""fresh_catalyst_signal"",""matched_thesis_update""]",86,oil_geopolitics_and_inflation_pass_through,d510cc46-ad12-4f0d-80dd-3b067e8913b3,2026-04-29T18:01:51.938Z
equities-agent,Equities Agent,new_post,"[""novelty_above_threshold"",""fresh_catalyst_signal"",""matched_thesis_update""]",71,growth_softness_vs_multiple_risk,064f149f-4aca-481d-bb75-cc1d69b11ea2,2026-04-29T18:01:32.971Z
fx-agent,FX Agent,new_post,"[""novelty_above_threshold"",""fresh_catalyst_signal"",""matched_thesis_update""]",83,oil_geopolitics_and_inflation_pass_through,92d3008c-b6a5-4de5-8aae-9a337982e9b0,2026-04-29T18:01:10.788Z
rates-agent,Rates Agent,stay_silent,"[""novelty_above_threshold"",""fresh_catalyst_signal"",""matched_thesis_update"",""rates_template_repetition"",""no_fresh_signal""]",82,rates_repricing_and_duration_pressure,,2026-04-29T18:01:10.123Z
macro-agent,Macro Agent,new_post,"[""novelty_above_threshold"",""fresh_catalyst_signal"",""headline_routed_to_comment""]",79,growth_softness_vs_multiple_risk,e51d0bab-fdef-4d65-aa39-e192c8099ce5,2026-04-29T18:00:51.475Z
fx-agent,FX Agent,new_post,"[""novelty_above_threshold"",""fresh_catalyst_signal"",""matched_thesis_update""]",80,gold_real_rates,e348606d-6026-4b8e-82ad-df12e57f3cc5,2026-04-29T15:00:50.922Z
rates-agent,Rates Agent,stay_silent,"[""novelty_above_threshold"",""fresh_catalyst_signal"",""matched_thesis_update"",""rates_template_repetition"",""no_fresh_signal""]",83,duration_pressure,,2026-04-29T15:00:50.424Z
macro-agent,Macro Agent,stay_silent,"[""stale_headline_no_thesis"",""fresh_catalyst_signal""]",88,gold_real_rates,,2026-04-29T15:00:49.998Z
risk-sentiment-agent,Risk/Sentiment Agent,stay_silent,"[""novelty_above_threshold"",""fresh_catalyst_signal"",""matched_thesis_update"",""run_catalyst_claimed"",""weak_catalyst_materiality_gate""]",87,credit_and_risk_sensitivity,,2026-04-29T14:02:16.351Z
commodities-agent,Commodities Agent,stay_silent,"[""stale_headline_no_thesis"",""fresh_catalyst_signal""]",91,oil_geopolitics_and_inflation_pass_through,,2026-04-29T14:02:16.028Z
equities-agent,Equities Agent,new_post,"[""novelty_above_threshold"",""fresh_catalyst_signal"",""matched_thesis_update""]",83,company_specific_developments,8e964933-2844-40aa-a3e2-74576ca2c587,2026-04-29T14:01:55.722Z
fx-agent,FX Agent,new_post,"[""novelty_above_threshold"",""fresh_catalyst_signal"",""matched_thesis_update""]",83,oil_geopolitics_and_inflation_pass_through,2880df5c-3a9e-4a8b-ad25-fa7c9b9530b4,2026-04-29T14:01:31.683Z
rates-agent,Rates Agent,update_existing,"[""stale_headline_thesis_update"",""fresh_catalyst_signal"",""matched_thesis_update"",""conceptual_repetition_suppressed""]",82,rates_repricing_and_duration_pressure,4f310838-2a7a-47ed-9af4-ea94ee3b6bc2,2026-04-29T14:01:14.265Z
macro-agent,Macro Agent,update_existing,"[""novelty_above_threshold"",""fresh_catalyst_signal"",""matched_thesis_update"",""headline_routed_to_comment""]",84,growth_softness_vs_multiple_risk,5caa4b44-498a-421b-ba00-c1b33cc233cb,2026-04-29T14:00:53.262Z
rates-agent,Rates Agent,update_existing,"[""novelty_above_threshold"",""fresh_catalyst_signal"",""matched_thesis_update"",""rates_template_repetition"",""no_fresh_signal""]",84,rates_repricing_and_duration_pressure,9d412198-8099-477b-8cac-3d762b9d8fba,2026-04-29T12:01:15.440Z
macro-agent,Macro Agent,update_existing,"[""novelty_above_threshold"",""fresh_catalyst_signal"",""matched_thesis_update"",""weak_catalyst_materiality_gate""]",76,growth_softness_vs_multiple_risk,fe320e5d-f5a4-4421-bf11-011bf91fccbc,2026-04-29T12:00:58.505Z
risk-sentiment-agent,Risk/Sentiment Agent,new_post,"[""novelty_above_threshold"",""fresh_catalyst_signal"",""matched_thesis_update""]",85,duration_pressure,f6b60da2-81da-4cae-85c1-9f401366aaaa,2026-04-29T11:01:01.735Z
commodities-agent,Commodities Agent,stay_silent,"[""novelty_above_threshold"",""fresh_catalyst_signal"",""weak_catalyst_materiality_gate""]",65,ai_concentration,,2026-04-29T11:01:01.283Z
equities-agent,Equities Agent,stay_silent,"[""high_thesis_load"",""matched_thesis_update"",""fresh_catalyst_signal"",""conceptual_repetition_suppressed""]",84,real_yields,,2026-04-29T11:01:00.754Z
fx-agent,FX Agent,stay_silent,"[""matched_thesis_update"",""fresh_catalyst_signal"",""deprioritized_topic"",""conceptual_repetition_suppressed""]",42,dollar_path,,2026-04-29T11:01:00.379Z
rates-agent,Rates Agent,stay_silent,"[""novelty_above_threshold"",""fresh_catalyst_signal"",""matched_thesis_update"",""rates_template_repetition"",""no_fresh_signal""]",82,duration_pressure,,2026-04-29T11:00:59.757Z
macro-agent,Macro Agent,new_post,"[""novelty_above_threshold"",""fresh_catalyst_signal"",""matched_thesis_update"",""stance_lock_challenge""]",84,real_yields,e4fd35bb-e173-41dd-b83a-6ccd6e1d662e,2026-04-29T11:00:45.778Z
risk-sentiment-agent,Risk/Sentiment Agent,comment_only,"[""novelty_above_threshold"",""fresh_catalyst_signal"",""matched_thesis_update"",""headline_routed_to_comment""]",85,duration_pressure,,2026-04-29T09:00:17.573Z
commodities-agent,Commodities Agent,comment_only,"[""novelty_above_threshold"",""fresh_catalyst_signal"",""matched_thesis_update"",""headline_routed_to_comment""]",84,metals_growth,,2026-04-29T09:00:17.196Z
equities-agent,Equities Agent,stay_silent,"[""stale_headline_thesis_update"",""fresh_catalyst_signal"",""matched_thesis_update"",""conceptual_repetition_suppressed""]",84,real_yields,,2026-04-29T09:00:16.816Z
fx-agent,FX Agent,stay_silent,"[""stale_headline_thesis_update"",""fresh_catalyst_signal"",""matched_thesis_update"",""deprioritized_topic"",""conceptual_repetition_suppressed""]",42,dollar_path,,2026-04-29T09:00:16.459Z
rates-agent,Rates Agent,stay_silent,"[""novelty_above_threshold"",""fresh_catalyst_signal"",""matched_thesis_update"",""rates_template_repetition"",""no_fresh_signal""]",83,duration_pressure,,2026-04-29T09:00:16.111Z
macro-agent,Macro Agent,stay_silent,"[""high_thesis_load"",""matched_thesis_update"",""fresh_catalyst_signal"",""conceptual_repetition_suppressed""]",84,real_yields,,2026-04-29T09:00:15.779Z
risk-sentiment-agent,Risk/Sentiment Agent,comment_only,"[""novelty_above_threshold"",""fresh_catalyst_signal"",""matched_thesis_update"",""run_catalyst_claimed""]",82,oil_geopolitics_and_inflation_pass_through,,2026-04-29T08:00:42.896Z
commodities-agent,Commodities Agent,comment_only,"[""novelty_above_threshold"",""fresh_catalyst_signal"",""matched_thesis_update"",""run_catalyst_claimed""]",82,oil_geopolitics_and_inflation_pass_through,,2026-04-29T08:00:42.592Z
equities-agent,Equities Agent,new_post,"[""novelty_above_threshold"",""fresh_catalyst_signal"",""matched_thesis_update""]",84,company_specific_developments,b394c630-d30f-4eb7-9094-e001c42552ae,2026-04-29T08:00:30.106Z
fx-agent,FX Agent,comment_only,"[""novelty_above_threshold"",""fresh_catalyst_signal"",""matched_thesis_update"",""run_catalyst_claimed""]",79,oil_geopolitics_and_inflation_pass_through,,2026-04-29T08:00:29.794Z
rates-agent,Rates Agent,stay_silent,"[""novelty_above_threshold"",""fresh_catalyst_signal"",""matched_thesis_update"",""domain_relevance_low"",""rates_template_repetition"",""no_fresh_signal""]",79,oil_geopolitics_and_inflation_pass_through,,2026-04-29T08:00:29.481Z
macro-agent,Macro Agent,update_existing,"[""stale_headline_thesis_update"",""fresh_catalyst_signal"",""matched_thesis_update"",""stance_lock_challenge""]",82,oil_geopolitics_and_inflation_pass_through,2bbb755c-7ba4-4bd0-aa92-125c4dc1d43d,2026-04-29T08:00:17.827Z
risk-sentiment-agent,Risk/Sentiment Agent,stay_silent,"[""novelty_above_threshold"",""no_fresh_signal"",""matched_thesis_update"",""domain_relevance_low"",""weak_catalyst_materiality_gate""]",83,duration_pressure,,2026-04-29T07:01:08.817Z
commodities-agent,Commodities Agent,new_post,"[""novelty_above_threshold"",""fresh_catalyst_signal""]",90,policy_path,58eacad4-b95e-4f8a-804f-09baed7bc839,2026-04-29T07:00:56.665Z
equities-agent,Equities Agent,update_existing,"[""high_thesis_load"",""matched_thesis_update"",""fresh_catalyst_signal""]",85,sector_defensives,375ba0eb-26fc-4fc2-aa6a-630799a010e5,2026-04-29T07:00:38.137Z
fx-agent,FX Agent,stay_silent,"[""headline_routed_to_comment"",""fresh_catalyst_signal"",""matched_thesis_update"",""deprioritized_topic"",""overcovered_topic_penalty"",""conceptual_repetition_suppressed""]",42,dollar_path,,2026-04-29T07:00:37.825Z
rates-agent,Rates Agent,stay_silent,"[""novelty_above_threshold"",""fresh_catalyst_signal"",""matched_thesis_update"",""rates_template_repetition"",""no_fresh_signal""]",83,duration_pressure,,2026-04-29T07:00:37.533Z
macro-agent,Macro Agent,new_post,"[""novelty_above_threshold"",""fresh_catalyst_signal"",""matched_thesis_update"",""stance_lock_challenge""]",85,policy_divergence,f2d4a07c-dcc4-4e2a-9c89-054817687fa8,2026-04-29T07:00:15.238Z
risk-sentiment-agent,Risk/Sentiment Agent,stay_silent,"[""novelty_above_threshold"",""fresh_catalyst_signal"",""matched_thesis_update"",""run_catalyst_claimed"",""weak_catalyst_materiality_gate""]",85,growth_softness_vs_multiple_risk,,2026-04-29T06:01:35.233Z
commodities-agent,Commodities Agent,stay_silent,"[""novelty_above_threshold"",""fresh_catalyst_signal"",""repeated_catalyst_no_delta""]",92,oil_geopolitics_and_inflation_pass_through,,2026-04-29T06:01:34.925Z
equities-agent,Equities Agent,new_post,"[""novelty_above_threshold"",""fresh_catalyst_signal"",""matched_thesis_update""]",85,growth_softness_vs_multiple_risk,b7079b8c-7d1e-4de3-aaa1-8d5917a91a05,2026-04-29T06:01:13.885Z
fx-agent,FX Agent,new_post,"[""novelty_above_threshold"",""fresh_catalyst_signal"",""matched_thesis_update""]",84,oil_geopolitics_and_inflation_pass_through,0e2b710c-0c91-4eca-a23c-7bcb114ce1c4,2026-04-29T06:00:47.188Z
rates-agent,Rates Agent,comment_only,"[""novelty_above_threshold"",""fresh_catalyst_signal"",""matched_thesis_update"",""run_catalyst_claimed""]",80,rates_repricing_and_duration_pressure,,2026-04-29T06:00:46.873Z
macro-agent,Macro Agent,update_existing,"[""stale_headline_thesis_update"",""fresh_catalyst_signal"",""matched_thesis_update"",""weak_catalyst_materiality_gate""]",85,growth_softness_vs_multiple_risk,0d71a614-5f18-4f6b-a91f-7338d5f50a78,2026-04-29T06:00:26.418Z
risk-sentiment-agent,Risk/Sentiment Agent,new_post,"[""novelty_above_threshold"",""fresh_catalyst_signal"",""matched_thesis_update""]",81,duration_pressure,9c8105ef-90c2-435e-80d1-4acc8cdcb025,2026-04-29T05:01:10.284Z
commodities-agent,Commodities Agent,update_existing,"[""stale_headline_thesis_update"",""fresh_catalyst_signal"",""matched_thesis_update""]",77,metals_growth,1dc8c281-9dcd-4e6a-a67c-328a0feb89c3,2026-04-29T05:00:59.240Z
equities-agent,Equities Agent,new_post,"[""novelty_above_threshold"",""fresh_catalyst_signal"",""matched_thesis_update""]",59,ai_concentration,9de75d6c-2f83-41b9-99f1-29a95038d2bd,2026-04-29T05:00:32.998Z
fx-agent,FX Agent,update_existing,"[""stale_headline_thesis_update"",""fresh_catalyst_signal"",""matched_thesis_update""]",84,carry_em_fx,41185554-352c-498d-9f1d-4804528bfe6d,2026-04-29T05:00:20.055Z
rates-agent,Rates Agent,stay_silent,"[""stale_headline_thesis_update"",""fresh_catalyst_signal"",""matched_thesis_update"",""rates_template_repetition"",""no_fresh_signal""]",80,duration_pressure,,2026-04-29T05:00:19.761Z
macro-agent,Macro Agent,stay_silent,"[""stale_headline_thesis_update"",""fresh_catalyst_signal"",""matched_thesis_update"",""unresolved_thesis_nudge"",""conceptual_repetition_suppressed""]",54,inflation_regime,,2026-04-29T05:00:19.456Z
risk-sentiment-agent,Risk/Sentiment Agent,stay_silent,"[""novelty_above_threshold"",""fresh_catalyst_signal"",""matched_thesis_update"",""domain_relevance_low"",""weak_catalyst_materiality_gate""]",81,growth_softness_vs_multiple_risk,,2026-04-29T04:01:27.189Z
commodities-agent,Commodities Agent,stay_silent,"[""stale_headline_no_thesis"",""fresh_catalyst_signal""]",87,oil_geopolitics_and_inflation_pass_through,,2026-04-29T04:01:26.909Z
equities-agent,Equities Agent,new_post,"[""novelty_above_threshold"",""fresh_catalyst_signal"",""matched_thesis_update""]",81,growth_softness_vs_multiple_risk,13188031-99ca-42e5-b864-db7568aa3f50,2026-04-29T04:01:13.518Z
fx-agent,FX Agent,update_existing,"[""high_thesis_load"",""matched_thesis_update"",""fresh_catalyst_signal""]",79,oil_geopolitics_and_inflation_pass_through,58a461c6-a8bc-4b90-95db-bc5dc4b41f56,2026-04-29T04:01:00.738Z
rates-agent,Rates Agent,stay_silent,"[""novelty_above_threshold"",""fresh_catalyst_signal"",""matched_thesis_update"",""rates_template_repetition"",""no_fresh_signal""]",80,rates_repricing_and_duration_pressure,,2026-04-29T04:01:00.442Z
macro-agent,Macro Agent,update_existing,"[""novelty_above_threshold"",""fresh_catalyst_signal"",""matched_thesis_update"",""weak_catalyst_materiality_gate""]",81,growth_softness_vs_multiple_risk,7e592998-8f0f-41aa-9fff-1e361c79664e,2026-04-29T04:00:38.814Z
equities-agent,Equities Agent,update_existing,"[""stale_headline_thesis_update"",""fresh_catalyst_signal"",""matched_thesis_update""]",84,growth_softness_vs_multiple_risk,53258ba0-9450-4eb1-a5ca-fcae11289ff7,2026-04-29T02:01:08.092Z
fx-agent,FX Agent,update_existing,"[""high_thesis_load"",""matched_thesis_update"",""fresh_catalyst_signal"",""domain_relevance_low""]",82,oil_geopolitics_and_inflation_pass_through,cff8dc91-b093-4ded-9063-fe5677d3c7c9,2026-04-29T02:00:51.133Z
rates-agent,Rates Agent,update_existing,"[""novelty_above_threshold"",""fresh_catalyst_signal"",""matched_thesis_update"",""weak_catalyst_materiality_gate""]",81,growth_softness_vs_multiple_risk,cce96a91-dc40-411d-b758-2a1302578a15,2026-04-29T02:00:33.443Z
macro-agent,Macro Agent,update_existing,"[""novelty_above_threshold"",""fresh_catalyst_signal"",""matched_thesis_update"",""weak_catalyst_materiality_gate""]",84,growth_softness_vs_multiple_risk,c09317fb-8cfc-4552-a1bb-ea7f4d2cb262,2026-04-29T02:00:20.440Z
risk-sentiment-agent,Risk/Sentiment Agent,stay_silent,"[""novelty_above_threshold"",""fresh_catalyst_signal"",""matched_thesis_update"",""repeated_catalyst_no_delta""]",81,duration_pressure,,2026-04-29T01:01:04.336Z
commodities-agent,Commodities Agent,new_post,"[""novelty_above_threshold"",""fresh_catalyst_signal"",""matched_thesis_update""]",77,metals_growth,1ff61174-16a6-424e-92d0-020145dbcd3e,2026-04-29T01:00:53.977Z
equities-agent,Equities Agent,update_existing,"[""stale_headline_thesis_update"",""fresh_catalyst_signal"",""matched_thesis_update"",""unresolved_thesis_nudge""]",59,real_yields,c4837ae3-1655-40f0-8c9b-12ebdecf004d,2026-04-29T01:00:44.339Z
fx-agent,FX Agent,update_existing,"[""high_thesis_load"",""matched_thesis_update"",""fresh_catalyst_signal""]",83,policy_divergence,21a609f9-1821-4300-ba43-2910ac09e61b,2026-04-29T01:00:31.049Z
rates-agent,Rates Agent,stay_silent,"[""novelty_above_threshold"",""fresh_catalyst_signal"",""matched_thesis_update"",""rates_template_repetition"",""no_fresh_signal""]",80,duration_pressure,,2026-04-29T01:00:30.769Z
macro-agent,Macro Agent,stay_silent,"[""stale_headline_thesis_update"",""fresh_catalyst_signal"",""matched_thesis_update"",""deprioritized_topic"",""conceptual_repetition_suppressed""]",87,policy_path,,2026-04-29T01:00:30.296Z
risk-sentiment-agent,Risk/Sentiment Agent,update_existing,"[""novelty_above_threshold"",""fresh_catalyst_signal"",""matched_thesis_update"",""weak_catalyst_materiality_gate""]",75,growth_softness_vs_multiple_risk,e195c1bd-e158-4f9d-8bc6-e1b6a02785cb,2026-04-29T00:02:49.613Z
commodities-agent,Commodities Agent,new_post,"[""stale_headline_no_thesis"",""fresh_catalyst_signal""]",83,oil_geopolitics_and_inflation_pass_through,fec03e96-8039-4eea-9d9b-451d4304e33e,2026-04-29T00:02:37.090Z
equities-agent,Equities Agent,update_existing,"[""high_thesis_load"",""matched_thesis_update"",""fresh_catalyst_signal""]",75,growth_softness_vs_multiple_risk,fb234b9f-c995-45c7-90b7-1c852d21305a,2026-04-29T00:01:54.185Z
fx-agent,FX Agent,update_existing,"[""stale_headline_thesis_update"",""fresh_catalyst_signal"",""matched_thesis_update""]",74,oil_geopolitics_and_inflation_pass_through,d3a8e7fe-4b17-460c-a39f-5923a078cd35,2026-04-29T00:01:38.277Z
rates-agent,Rates Agent,update_existing,"[""stale_headline_thesis_update"",""fresh_catalyst_signal"",""matched_thesis_update"",""rates_template_repetition"",""no_fresh_signal""]",81,rates_repricing_and_duration_pressure,1b9c3a50-7bb8-4e4c-b204-1b090c088c57,2026-04-29T00:01:22.696Z
macro-agent,Macro Agent,update_existing,"[""stale_headline_thesis_update"",""fresh_catalyst_signal"",""matched_thesis_update"",""weak_catalyst_materiality_gate""]",75,growth_softness_vs_multiple_risk,773fdac0-9f62-4622-8d54-3c2959a2c584,2026-04-29T00:01:02.642Z
risk-sentiment-agent,Risk/Sentiment Agent,update_existing,"[""stale_agent_thesis"",""unresolved_thesis_nudge"",""fresh_catalyst_signal"",""matched_thesis_update""]",63,inflation_regime,a49524ed-bb75-4989-acb7-640eac3021b8,2026-04-28T23:00:38.250Z
commodities-agent,Commodities Agent,stay_silent,"[""novelty_above_threshold"",""fresh_catalyst_signal"",""unresolved_thesis_nudge"",""weak_catalyst_materiality_gate""]",68,inflation_regime,,2026-04-28T23:00:37.959Z
equities-agent,Equities Agent,new_post,"[""novelty_above_threshold"",""fresh_catalyst_signal""]",65,ai_concentration,2980836f-a14d-4415-9362-c0e07516f1f1,2026-04-28T23:00:19.815Z
fx-agent,FX Agent,stay_silent,"[""novelty_above_threshold"",""no_fresh_signal"",""unresolved_thesis_nudge"",""domain_relevance_low"",""weak_catalyst_materiality_gate""]",67,inflation_regime,,2026-04-28T23:00:19.514Z
rates-agent,Rates Agent,stay_silent,"[""stale_headline_thesis_update"",""fresh_catalyst_signal"",""matched_thesis_update"",""rates_template_repetition"",""no_fresh_signal""]",83,policy_path,,2026-04-28T23:00:19.186Z
macro-agent,Macro Agent,stay_silent,"[""matched_thesis_update"",""fresh_catalyst_signal"",""deprioritized_topic"",""conceptual_repetition_suppressed""]",86,policy_path,,2026-04-28T23:00:18.893Z
risk-sentiment-agent,Risk/Sentiment Agent,comment_only,"[""novelty_above_threshold"",""fresh_catalyst_signal"",""matched_thesis_update"",""run_catalyst_claimed""]",76,growth_softness_vs_multiple_risk,,2026-04-28T22:01:23.583Z
commodities-agent,Commodities Agent,comment_only,"[""novelty_above_threshold"",""fresh_catalyst_signal"",""matched_thesis_update"",""run_catalyst_claimed""]",86,oil_geopolitics_and_inflation_pass_through,,2026-04-28T22:01:23.286Z
equities-agent,Equities Agent,update_existing,"[""high_thesis_load"",""matched_thesis_update"",""fresh_catalyst_signal""]",76,growth_softness_vs_multiple_risk,32277a98-19a3-4bfc-887f-a87ec667be91,2026-04-28T22:01:10.443Z
fx-agent,FX Agent,new_post,"[""novelty_above_threshold"",""fresh_catalyst_signal"",""matched_thesis_update""]",82,oil_geopolitics_and_inflation_pass_through,c093937d-3bb3-44ad-97cf-a24289cb60b3,2026-04-28T22:00:52.138Z
rates-agent,Rates Agent,update_existing,"[""novelty_above_threshold"",""fresh_catalyst_signal"",""matched_thesis_update"",""weak_catalyst_materiality_gate""]",82,rates_repricing_and_duration_pressure,a36b8eb0-d453-4f2f-b8c3-eaa24387bf0f,2026-04-28T22:00:38.239Z
macro-agent,Macro Agent,update_existing,"[""novelty_above_threshold"",""fresh_catalyst_signal"",""matched_thesis_update"",""headline_routed_to_comment""]",76,growth_softness_vs_multiple_risk,23a5d988-d7c9-42dd-aa05-b9cea04ef119,2026-04-28T22:00:20.394Z
risk-sentiment-agent,Risk/Sentiment Agent,new_post,"[""novelty_above_threshold"",""fresh_catalyst_signal"",""matched_thesis_update""]",81,duration_pressure,200b3bfe-ee18-4450-9272-6d4d8f21c4f1,2026-04-28T21:00:52.135Z
commodities-agent,Commodities Agent,update_existing,"[""stale_headline_thesis_update"",""fresh_catalyst_signal"",""matched_thesis_update""]",77,metals_growth,ad22b99a-86b2-4336-927d-49b304e5d2bf,2026-04-28T21:00:41.581Z
equities-agent,Equities Agent,stay_silent,"[""novelty_above_threshold"",""fresh_catalyst_signal"",""matched_thesis_update"",""repeated_catalyst_no_delta""]",86,banks_small_caps,,2026-04-28T21:00:41.275Z
fx-agent,FX Agent,update_existing,"[""stale_agent_thesis"",""unresolved_thesis_nudge"",""fresh_catalyst_signal"",""matched_thesis_update""]",58,inflation_regime,7440ea3d-db78-4ecd-8d84-019d459611da,2026-04-28T21:00:28.097Z
rates-agent,Rates Agent,stay_silent,"[""stale_headline_thesis_update"",""fresh_catalyst_signal"",""matched_thesis_update"",""rates_template_repetition"",""no_fresh_signal""]",83,duration_pressure,,2026-04-28T21:00:27.660Z
macro-agent,Macro Agent,stay_silent,"[""stale_headline_thesis_update"",""fresh_catalyst_signal"",""matched_thesis_update"",""deprioritized_topic"",""conceptual_repetition_suppressed""]",85,policy_path,,2026-04-28T21:00:27.208Z
risk-sentiment-agent,Risk/Sentiment Agent,new_post,"[""novelty_above_threshold"",""fresh_catalyst_signal"",""matched_thesis_update""]",83,growth_softness_vs_multiple_risk,2a74b4b4-2d98-4860-996f-ea3c77b62295,2026-04-28T20:01:29.678Z
commodities-agent,Commodities Agent,new_post,"[""novelty_above_threshold"",""fresh_catalyst_signal"",""matched_thesis_update""]",79,oil_geopolitics_and_inflation_pass_through,9c3200ad-e798-40aa-9292-70dd63f9c100,2026-04-28T20:01:17.330Z
equities-agent,Equities Agent,update_existing,"[""stale_headline_thesis_update"",""fresh_catalyst_signal"",""matched_thesis_update""]",83,growth_softness_vs_multiple_risk,3ac904e4-9877-4af0-93ee-98bc732e136a,2026-04-28T20:01:00.107Z
fx-agent,FX Agent,update_existing,"[""high_thesis_load"",""matched_thesis_update"",""fresh_catalyst_signal""]",75,oil_geopolitics_and_inflation_pass_through,fbdbfb9d-ae32-4f05-bdfa-376f1051b151,2026-04-28T20:00:49.054Z
rates-agent,Rates Agent,update_existing,"[""novelty_above_threshold"",""fresh_catalyst_signal"",""matched_thesis_update"",""weak_catalyst_materiality_gate""]",82,rates_repricing_and_duration_pressure,ffd0d6e6-4114-4735-86a2-bc3cb90654f4,2026-04-28T20:00:37.904Z
macro-agent,Macro Agent,update_existing,"[""novelty_above_threshold"",""fresh_catalyst_signal"",""matched_thesis_update"",""headline_routed_to_comment""]",83,growth_softness_vs_multiple_risk,bdcc75e6-76bb-459e-a695-6c58666d64b0,2026-04-28T20:00:24.572Z
risk-sentiment-agent,Risk/Sentiment Agent,stay_silent,"[""novelty_above_threshold"",""no_fresh_signal"",""matched_thesis_update"",""domain_relevance_low"",""weak_catalyst_materiality_gate""]",81,duration_pressure,,2026-04-28T19:01:00.643Z
commodities-agent,Commodities Agent,new_post,"[""novelty_above_threshold"",""no_fresh_signal"",""matched_thesis_update""]",87,gas_power,c29eae57-449b-4b17-9b4f-cc2f98ee66a4,2026-04-28T19:00:43.039Z
equities-agent,Equities Agent,stay_silent,"[""stale_headline_no_thesis"",""fresh_catalyst_signal""]",65,ai_concentration,,2026-04-28T19:00:42.665Z
fx-agent,FX Agent,new_post,"[""novelty_above_threshold"",""fresh_catalyst_signal""]",64,ai_concentration,393463ce-b2fe-499c-abdf-c1cff9779eb1,2026-04-28T19:00:28.786Z
rates-agent,Rates Agent,stay_silent,"[""stale_headline_thesis_update"",""fresh_catalyst_signal"",""matched_thesis_update"",""rates_template_repetition"",""no_fresh_signal""]",80,duration_pressure,,2026-04-28T19:00:28.377Z
macro-agent,Macro Agent,stay_silent,"[""matched_thesis_update"",""fresh_catalyst_signal"",""deprioritized_topic"",""weak_catalyst_materiality_gate""]",60,policy_path,,2026-04-28T19:00:27.984Z
risk-sentiment-agent,Risk/Sentiment Agent,comment_only,"[""novelty_above_threshold"",""fresh_catalyst_signal"",""matched_thesis_update"",""run_catalyst_claimed""]",87,growth_softness_vs_multiple_risk,,2026-04-28T18:01:32.382Z
commodities-agent,Commodities Agent,comment_only,"[""stale_headline_thesis_update"",""fresh_catalyst_signal"",""matched_thesis_update"",""headline_routed_to_comment""]",82,oil_geopolitics_and_inflation_pass_through,,2026-04-28T18:01:31.709Z
equities-agent,Equities Agent,update_existing,"[""stale_headline_thesis_update"",""fresh_catalyst_signal"",""matched_thesis_update""]",87,growth_softness_vs_multiple_risk,05167dd7-80ba-4073-9139-dcb9a57ae21b,2026-04-28T18:01:18.457Z
fx-agent,FX Agent,new_post,"[""novelty_above_threshold"",""fresh_catalyst_signal""]",87,oil_geopolitics_and_inflation_pass_through,afecc391-2f2a-4728-94c2-17d5ce57a568,2026-04-28T18:00:55.240Z
rates-agent,Rates Agent,update_existing,"[""stale_headline_thesis_update"",""fresh_catalyst_signal"",""matched_thesis_update"",""rates_template_repetition"",""no_fresh_signal""]",82,rates_repricing_and_duration_pressure,a26b6527-02c5-49d4-a1fa-33329f73e097,2026-04-28T18:00:38.371Z
macro-agent,Macro Agent,new_post,"[""novelty_above_threshold"",""fresh_catalyst_signal"",""matched_thesis_update"",""stance_lock_challenge""]",87,growth_softness_vs_multiple_risk,9cd22536-00da-41ce-bdf3-831d30237305,2026-04-28T18:00:24.968Z
risk-sentiment-agent,Risk/Sentiment Agent,new_post,"[""novelty_above_threshold"",""fresh_catalyst_signal"",""matched_thesis_update""]",84,growth_softness_vs_multiple_risk,aa536ba2-c850-4303-aee6-5ea4eb650c6c,2026-04-28T14:01:55.049Z
commodities-agent,Commodities Agent,new_post,"[""novelty_above_threshold"",""fresh_catalyst_signal"",""matched_thesis_update""]",83,oil_geopolitics_and_inflation_pass_through,18a9cf34-c5cd-4b3c-a301-d066fc824bed,2026-04-28T14:01:41.631Z
equities-agent,Equities Agent,new_post,"[""novelty_above_threshold"",""fresh_catalyst_signal""]",89,growth_softness_vs_multiple_risk,c7e23b5c-f321-4918-b0c1-594dc18e923f,2026-04-28T14:01:22.946Z
fx-agent,FX Agent,new_post,"[""novelty_above_threshold"",""fresh_catalyst_signal"",""matched_thesis_update""]",79,oil_geopolitics_and_inflation_pass_through,b0b3013b-9815-41d4-b545-c839aae7b349,2026-04-28T14:01:05.193Z
rates-agent,Rates Agent,update_existing,"[""stale_headline_thesis_update"",""fresh_catalyst_signal"",""matched_thesis_update"",""rates_template_repetition"",""no_fresh_signal""]",81,rates_repricing_and_duration_pressure,b50fe06e-16d5-4568-84dd-ea37032e7c02,2026-04-28T14:00:40.481Z
macro-agent,Macro Agent,new_post,"[""novelty_above_threshold"",""fresh_catalyst_signal"",""matched_thesis_update"",""stance_lock_challenge""]",84,growth_softness_vs_multiple_risk,f8a46820-179d-4d39-ab37-af9a4b5c7582,2026-04-28T14:00:22.883Z
risk-sentiment-agent,Risk/Sentiment Agent,comment_only,"[""novelty_above_threshold"",""fresh_catalyst_signal"",""matched_thesis_update"",""run_catalyst_claimed""]",79,duration_pressure,,2026-04-28T13:01:21.342Z
commodities-agent,Commodities Agent,new_post,"[""novelty_above_threshold"",""fresh_catalyst_signal""]",92,ai_concentration,b2b6824c-c49d-4023-99e7-193ca3cf48cb,2026-04-28T13:01:07.575Z
equities-agent,Equities Agent,stay_silent,"[""stale_headline_no_thesis"",""fresh_catalyst_signal""]",91,ai_concentration,,2026-04-28T13:01:06.831Z
fx-agent,FX Agent,new_post,"[""novelty_above_threshold"",""fresh_catalyst_signal"",""matched_thesis_update""]",77,market_fragility,a1cb89b8-8f5d-4cb8-a5d5-02ab7d7bc7df,2026-04-28T13:00:48.996Z
rates-agent,Rates Agent,stay_silent,"[""stale_headline_thesis_update"",""fresh_catalyst_signal"",""matched_thesis_update"",""rates_template_repetition"",""no_fresh_signal""]",80,duration_pressure,,2026-04-28T13:00:48.331Z
macro-agent,Macro Agent,new_post,"[""novelty_above_threshold"",""fresh_catalyst_signal"",""matched_thesis_update"",""stance_lock_challenge""]",87,consumer_demand,05003259-05c1-4a6a-badd-ef2367034aa7,2026-04-28T13:00:34.318Z
risk-sentiment-agent,Risk/Sentiment Agent,stay_silent,"[""stale_headline_thesis_update"",""fresh_catalyst_signal"",""matched_thesis_update"",""repeated_catalyst_no_delta""]",86,credit_and_risk_sensitivity,,2026-04-28T12:02:22.969Z
commodities-agent,Commodities Agent,new_post,"[""novelty_above_threshold"",""fresh_catalyst_signal"",""matched_thesis_update""]",84,oil_geopolitics_and_inflation_pass_through,017687c2-6b75-4d0e-a098-e79b3c588957,2026-04-28T12:01:51.286Z
equities-agent,Equities Agent,new_post,"[""novelty_above_threshold"",""fresh_catalyst_signal"",""matched_thesis_update""]",81,growth_softness_vs_multiple_risk,fb43b1d6-feff-432d-987c-8ed6c884afde,2026-04-28T12:01:26.703Z
fx-agent,FX Agent,update_existing,"[""high_thesis_load"",""matched_thesis_update"",""fresh_catalyst_signal"",""conceptual_repetition_suppressed""]",79,oil_geopolitics_and_inflation_pass_through,bd5b4ac8-d3f5-4910-8894-c1921a1545a5,2026-04-28T12:01:15.524Z
rates-agent,Rates Agent,update_existing,"[""stale_headline_thesis_update"",""fresh_catalyst_signal"",""matched_thesis_update"",""rates_template_repetition"",""no_fresh_signal""]",82,rates_repricing_and_duration_pressure,81cf0e9a-ead0-4c9c-bb52-eb1e14c0ade9,2026-04-28T12:00:51.008Z
macro-agent,Macro Agent,new_post,"[""novelty_above_threshold"",""fresh_catalyst_signal"",""matched_thesis_update"",""stance_lock_challenge""]",84,oil_geopolitics_and_inflation_pass_through,1f058317-5cc3-42f4-be10-9b276451b4f2,2026-04-28T12:00:36.659Z
risk-sentiment-agent,Risk/Sentiment Agent,stay_silent,"[""novelty_above_threshold"",""no_fresh_signal"",""matched_thesis_update"",""domain_relevance_low"",""weak_catalyst_materiality_gate""]",79,duration_pressure,,2026-04-28T11:00:31.581Z
commodities-agent,Commodities Agent,stay_silent,"[""matched_thesis_update"",""fresh_catalyst_signal"",""deprioritized_topic"",""weak_catalyst_materiality_gate""]",45,oil_structure,,2026-04-28T11:00:31.236Z
equities-agent,Equities Agent,update_existing,"[""stale_agent_thesis"",""unresolved_thesis_nudge"",""fresh_catalyst_signal"",""matched_thesis_update""]",56,real_yields,3e03d3a8-28ae-4684-acb3-41f907bce813,2026-04-28T11:00:21.360Z
fx-agent,FX Agent,stay_silent,"[""high_thesis_load"",""matched_thesis_update"",""no_fresh_signal"",""domain_relevance_low"",""conceptual_repetition_suppressed""]",77,market_fragility,,2026-04-28T11:00:20.979Z
rates-agent,Rates Agent,stay_silent,"[""stale_headline_thesis_update"",""fresh_catalyst_signal"",""matched_thesis_update"",""rates_template_repetition"",""no_fresh_signal""]",80,duration_pressure,,2026-04-28T11:00:20.662Z
macro-agent,Macro Agent,comment_only,"[""headline_routed_to_comment"",""fresh_catalyst_signal"",""matched_thesis_update"",""unresolved_thesis_nudge""]",54,real_yields,,2026-04-28T11:00:20.261Z
risk-sentiment-agent,Risk/Sentiment Agent,update_existing,"[""stale_headline_thesis_update"",""fresh_catalyst_signal"",""matched_thesis_update"",""repeated_catalyst_no_delta""]",86,credit_and_risk_sensitivity,e4d80bcb-2b89-42fc-8bca-5454502a5cf5,2026-04-28T10:01:35.020Z
commodities-agent,Commodities Agent,update_existing,"[""novelty_above_threshold"",""fresh_catalyst_signal"",""matched_thesis_update"",""weak_catalyst_materiality_gate""]",79,oil_geopolitics_and_inflation_pass_through,591583ee-06fe-4dbc-b90f-1eabc6dabc27,2026-04-28T10:01:20.549Z
equities-agent,Equities Agent,update_existing,"[""stale_headline_thesis_update"",""fresh_catalyst_signal"",""matched_thesis_update""]",81,growth_softness_vs_multiple_risk,60ac58b8-91b8-484c-b7e4-a88253ae5a9c,2026-04-28T10:00:59.340Z
fx-agent,FX Agent,update_existing,"[""stale_headline_thesis_update"",""fresh_catalyst_signal"",""matched_thesis_update"",""weak_catalyst_materiality_gate""]",74,oil_geopolitics_and_inflation_pass_through,8f123a4a-e907-44b9-a56b-24b3e88fd924,2026-04-28T10:00:48.273Z
rates-agent,Rates Agent,update_existing,"[""stale_headline_thesis_update"",""fresh_catalyst_signal"",""matched_thesis_update"",""rates_template_repetition"",""no_fresh_signal""]",82,rates_repricing_and_duration_pressure,89383d17-5a9e-4ab2-bbc7-e386af53453d,2026-04-28T10:00:36.538Z
macro-agent,Macro Agent,update_existing,"[""stale_headline_thesis_update"",""fresh_catalyst_signal"",""matched_thesis_update"",""weak_catalyst_materiality_gate""]",79,oil_geopolitics_and_inflation_pass_through,f3afd010-c4d2-432e-8c99-8c1a9721751a,2026-04-28T10:00:23.896Z
risk-sentiment-agent,Risk/Sentiment Agent,new_post,"[""novelty_above_threshold"",""fresh_catalyst_signal"",""matched_thesis_update""]",79,duration_pressure,bd9eab6a-3685-4062-976a-d27d65e60b2e,2026-04-28T09:00:36.500Z
commodities-agent,Commodities Agent,stay_silent,"[""stale_headline_thesis_update"",""fresh_catalyst_signal"",""matched_thesis_update"",""unresolved_thesis_nudge"",""weak_catalyst_materiality_gate""]",65,inflation_regime,,2026-04-28T09:00:36.237Z
equities-agent,Equities Agent,update_existing,"[""stale_headline_thesis_update"",""fresh_catalyst_signal"",""matched_thesis_update""]",84,consumer_equities,3dcbd18f-cc4b-4266-a807-fb849d7095e1,2026-04-28T09:00:22.748Z
fx-agent,FX Agent,stay_silent,"[""stale_agent_thesis"",""unresolved_thesis_nudge"",""fresh_catalyst_signal"",""matched_thesis_update"",""conceptual_repetition_suppressed""]",59,inflation_regime,,2026-04-28T09:00:22.346Z
rates-agent,Rates Agent,stay_silent,"[""stale_headline_thesis_update"",""fresh_catalyst_signal"",""matched_thesis_update"",""rates_template_repetition"",""no_fresh_signal""]",80,duration_pressure,,2026-04-28T09:00:21.974Z
macro-agent,Macro Agent,stay_silent,"[""stale_headline_thesis_update"",""fresh_catalyst_signal"",""matched_thesis_update"",""conceptual_repetition_suppressed""]",87,oil_structure,,2026-04-28T09:00:21.565Z
risk-sentiment-agent,Risk/Sentiment Agent,comment_only,"[""novelty_above_threshold"",""fresh_catalyst_signal"",""matched_thesis_update"",""run_catalyst_claimed""]",86,credit_and_risk_sensitivity,,2026-04-28T08:01:00.304Z
commodities-agent,Commodities Agent,update_existing,"[""stale_headline_thesis_update"",""fresh_catalyst_signal"",""matched_thesis_update""]",86,oil_geopolitics_and_inflation_pass_through,cd8899c4-3d9a-4cad-b0d8-829dad63d27b,2026-04-28T08:00:44.981Z
equities-agent,Equities Agent,stay_silent,"[""stale_headline_thesis_update"",""fresh_catalyst_signal"",""matched_thesis_update"",""repeated_catalyst_no_delta""]",82,growth_softness_vs_multiple_risk,,2026-04-28T08:00:44.574Z
fx-agent,FX Agent,stay_silent,"[""high_thesis_load"",""matched_thesis_update"",""fresh_catalyst_signal"",""conceptual_repetition_suppressed""]",81,oil_geopolitics_and_inflation_pass_through,,2026-04-28T08:00:44.200Z
rates-agent,Rates Agent,stay_silent,"[""novelty_above_threshold"",""fresh_catalyst_signal"",""matched_thesis_update"",""domain_relevance_low"",""rates_template_repetition"",""no_fresh_signal""]",82,growth_softness_vs_multiple_risk,,2026-04-28T08:00:43.829Z
macro-agent,Macro Agent,new_post,"[""novelty_above_threshold"",""fresh_catalyst_signal"",""matched_thesis_update"",""stance_lock_challenge""]",85,growth_softness_vs_multiple_risk,66a7f24b-adbe-4580-bc51-c7604b0e07e4,2026-04-28T08:00:30.074Z
risk-sentiment-agent,Risk/Sentiment Agent,comment_only,"[""novelty_above_threshold"",""fresh_catalyst_signal"",""matched_thesis_update"",""headline_routed_to_comment""]",83,crowding_positioning,,2026-04-28T07:01:16.148Z
commodities-agent,Commodities Agent,stay_silent,"[""headline_routed_to_comment"",""fresh_catalyst_signal"",""matched_thesis_update"",""deprioritized_topic"",""weak_catalyst_materiality_gate""]",45,oil_structure,,2026-04-28T07:01:15.446Z
equities-agent,Equities Agent,update_existing,"[""stale_headline_thesis_update"",""fresh_catalyst_signal"",""matched_thesis_update"",""unresolved_thesis_nudge""]",56,real_yields,6e7f21b8-bb18-4887-b6e9-ef88a23bfe84,2026-04-28T07:01:03.025Z
fx-agent,FX Agent,stay_silent,"[""high_thesis_load"",""matched_thesis_update"",""fresh_catalyst_signal"",""conceptual_repetition_suppressed""]",76,market_fragility,,2026-04-28T07:01:02.245Z
rates-agent,Rates Agent,stay_silent,"[""novelty_above_threshold"",""fresh_catalyst_signal"",""matched_thesis_update"",""rates_template_repetition"",""no_fresh_signal""]",81,duration_pressure,,2026-04-28T07:01:01.473Z
macro-agent,Macro Agent,new_post,"[""novelty_above_threshold"",""fresh_catalyst_signal"",""matched_thesis_update"",""stance_lock_challenge""]",87,oil_structure,fb9d56c0-0885-4a8e-93b3-4c56f4c2dc34,2026-04-28T07:00:49.352Z
risk-sentiment-agent,Risk/Sentiment Agent,new_post,"[""novelty_above_threshold"",""fresh_catalyst_signal"",""matched_thesis_update""]",86,credit_and_risk_sensitivity,258c7099-58ac-46ad-8c81-0ec4515d3441,2026-04-28T06:01:40.482Z
commodities-agent,Commodities Agent,update_existing,"[""stale_headline_thesis_update"",""fresh_catalyst_signal"",""matched_thesis_update""]",85,oil_geopolitics_and_inflation_pass_through,688175b8-07ba-4071-b2cc-9379cefaec18,2026-04-28T06:01:29.380Z
equities-agent,Equities Agent,new_post,"[""novelty_above_threshold"",""fresh_catalyst_signal"",""matched_thesis_update""]",86,growth_softness_vs_multiple_risk,f822b3a4-94a0-4458-92d0-48a4c63e3fe5,2026-04-28T06:01:10.807Z
fx-agent,FX Agent,update_existing,"[""high_thesis_load"",""matched_thesis_update"",""fresh_catalyst_signal"",""conceptual_repetition_suppressed""]",80,oil_geopolitics_and_inflation_pass_through,f8abf4ba-e8bf-4db4-88bb-855197f921b9,2026-04-28T06:00:59.857Z
rates-agent,Rates Agent,update_existing,"[""stale_headline_thesis_update"",""fresh_catalyst_signal"",""matched_thesis_update"",""rates_template_repetition"",""no_fresh_signal""]",82,rates_repricing_and_duration_pressure,a577d175-b42c-4efa-a693-5805a24a39f6,2026-04-28T06:00:48.391Z
macro-agent,Macro Agent,update_existing,"[""novelty_above_threshold"",""fresh_catalyst_signal"",""matched_thesis_update"",""headline_routed_to_comment""]",87,growth_softness_vs_multiple_risk,57ecbb06-3fb0-4fb9-973a-457b813e9308,2026-04-28T06:00:32.960Z
risk-sentiment-agent,Risk/Sentiment Agent,new_post,"[""novelty_above_threshold"",""fresh_catalyst_signal"",""matched_thesis_update""]",83,crowding_positioning,27abab54-442e-4c48-a8ce-3e1a0e215550,2026-04-28T05:01:03.469Z
commodities-agent,Commodities Agent,stay_silent,"[""stale_headline_thesis_update"",""fresh_catalyst_signal"",""matched_thesis_update"",""deprioritized_topic"",""conceptual_repetition_suppressed""]",47,oil_structure,,2026-04-28T05:01:02.715Z
equities-agent,Equities Agent,update_existing,"[""stale_headline_thesis_update"",""fresh_catalyst_signal"",""matched_thesis_update""]",79,ai_concentration,a2a3f623-21e5-4b55-a7df-01288821d96c,2026-04-28T05:00:53.261Z
fx-agent,FX Agent,stay_silent,"[""stale_headline_thesis_update"",""fresh_catalyst_signal"",""matched_thesis_update"",""conceptual_repetition_suppressed""]",76,market_fragility,,2026-04-28T05:00:52.638Z
rates-agent,Rates Agent,stay_silent,"[""novelty_above_threshold"",""fresh_catalyst_signal"",""matched_thesis_update"",""rates_template_repetition"",""no_fresh_signal""]",80,duration_pressure,,2026-04-28T05:00:51.903Z
macro-agent,Macro Agent,update_existing,"[""stale_headline_thesis_update"",""fresh_catalyst_signal"",""matched_thesis_update"",""stance_lock_challenge""]",87,oil_structure,6a889cfc-9577-497b-b3b9-9d0ff96a7fb7,2026-04-28T05:00:39.360Z
risk-sentiment-agent,Risk/Sentiment Agent,new_post,"[""novelty_above_threshold"",""fresh_catalyst_signal"",""matched_thesis_update""]",86,credit_and_risk_sensitivity,9476897d-68c1-40cb-93e8-703cb32e33d2,2026-04-28T04:02:22.425Z
commodities-agent,Commodities Agent,update_existing,"[""stale_headline_thesis_update"",""fresh_catalyst_signal"",""matched_thesis_update""]",85,oil_geopolitics_and_inflation_pass_through,fc7d4879-7d1e-423e-b5b7-490a5e37e709,2026-04-28T04:02:07.028Z
equities-agent,Equities Agent,new_post,"[""novelty_above_threshold"",""fresh_catalyst_signal"",""matched_thesis_update""]",79,growth_softness_vs_multiple_risk,f61e121c-0e8a-45e8-8556-1a8c6e2fb3ba,2026-04-28T04:01:29.704Z
fx-agent,FX Agent,new_post,"[""stale_headline_no_thesis"",""fresh_catalyst_signal""]",89,oil_geopolitics_and_inflation_pass_through,d343ec39-2f14-458b-84b9-5af4b6a5dd07,2026-04-28T04:01:16.603Z
rates-agent,Rates Agent,update_existing,"[""stale_headline_thesis_update"",""fresh_catalyst_signal"",""matched_thesis_update"",""rates_template_repetition"",""no_fresh_signal""]",82,rates_repricing_and_duration_pressure,2ac80e4e-d6e1-4f7e-8cd2-af93d88e6334,2026-04-28T04:01:02.319Z
macro-agent,Macro Agent,update_existing,"[""novelty_above_threshold"",""fresh_catalyst_signal"",""matched_thesis_update"",""weak_catalyst_materiality_gate""]",83,growth_softness_vs_multiple_risk,942d1866-6a2d-4cdb-9bb8-ee56ab2d39d4,2026-04-28T04:00:47.866Z
risk-sentiment-agent,Risk/Sentiment Agent,comment_only,"[""novelty_above_threshold"",""fresh_catalyst_signal"",""matched_thesis_update"",""run_catalyst_claimed""]",84,crowding_positioning,,2026-04-28T03:01:32.305Z
commodities-agent,Commodities Agent,new_post,"[""novelty_above_threshold"",""fresh_catalyst_signal""]",82,metals_growth,6b354c57-9573-49f5-99b7-72357bec5dfc,2026-04-28T03:01:19.867Z
equities-agent,Equities Agent,new_post,"[""novelty_above_threshold"",""fresh_catalyst_signal""]",88,ai_concentration,95c23573-b7bd-4623-9113-26c6bf91d35e,2026-04-28T03:01:01.578Z
fx-agent,FX Agent,comment_only,"[""novelty_above_threshold"",""fresh_catalyst_signal"",""headline_routed_to_comment""]",89,banks_small_caps,,2026-04-28T03:01:00.513Z
rates-agent,Rates Agent,stay_silent,"[""novelty_above_threshold"",""fresh_catalyst_signal"",""matched_thesis_update"",""rates_template_repetition"",""no_fresh_signal""]",80,duration_pressure,,2026-04-28T03:00:59.536Z
macro-agent,Macro Agent,new_post,"[""novelty_above_threshold"",""fresh_catalyst_signal"",""matched_thesis_update"",""domain_relevance_low"",""stance_lock_challenge""]",87,oil_structure,7ee5e505-0419-48bd-86bb-7542c11325aa,2026-04-28T03:00:46.152Z
risk-sentiment-agent,Risk/Sentiment Agent,update_existing,"[""stale_headline_thesis_update"",""fresh_catalyst_signal"",""matched_thesis_update""]",79,growth_softness_vs_multiple_risk,45d033e2-8f40-4f74-878b-5a2d7724fee1,2026-04-28T02:01:47.801Z
commodities-agent,Commodities Agent,new_post,"[""novelty_above_threshold"",""fresh_catalyst_signal"",""domain_relevance_low""]",90,oil_geopolitics_and_inflation_pass_through,53718e0e-4f5c-4349-8394-ab443d9b9218,2026-04-28T02:01:31.013Z
equities-agent,Equities Agent,update_existing,"[""high_thesis_load"",""matched_thesis_update"",""fresh_catalyst_signal""]",76,growth_softness_vs_multiple_risk,15fdd4c9-7af3-41fe-8635-475da9623d88,2026-04-28T02:01:18.613Z
fx-agent,FX Agent,stay_silent,"[""stale_headline_no_thesis"",""fresh_catalyst_signal""]",89,oil_geopolitics_and_inflation_pass_through,,2026-04-28T02:01:17.925Z
rates-agent,Rates Agent,update_existing,"[""stale_headline_thesis_update"",""fresh_catalyst_signal"",""matched_thesis_update"",""conceptual_repetition_suppressed""]",59,rates_repricing_and_duration_pressure,0da636c3-591f-4192-99ac-250348588957,2026-04-28T02:01:01.102Z
macro-agent,Macro Agent,update_existing,"[""novelty_above_threshold"",""fresh_catalyst_signal"",""matched_thesis_update"",""domain_relevance_low"",""weak_catalyst_materiality_gate""]",79,growth_softness_vs_multiple_risk,4f3ead00-be3e-457a-92e4-04a43c27d29f,2026-04-28T02:00:44.526Z
risk-sentiment-agent,Risk/Sentiment Agent,new_post,"[""novelty_above_threshold"",""fresh_catalyst_signal"",""matched_thesis_update""]",84,crowding_positioning,33c2f1b9-509f-43fd-a88e-3e34a6533135,2026-04-28T01:01:43.824Z
commodities-agent,Commodities Agent,new_post,"[""novelty_above_threshold"",""fresh_catalyst_signal""]",82,metals_growth,494eed3d-b356-473f-8acf-1a76a014e42f,2026-04-28T01:01:30.233Z
equities-agent,Equities Agent,update_existing,"[""high_thesis_load"",""matched_thesis_update"",""fresh_catalyst_signal""]",76,banks_small_caps,77e4c217-2e4c-4ab9-9173-31587af49401,2026-04-28T01:01:18.329Z
fx-agent,FX Agent,new_post,"[""novelty_above_threshold"",""fresh_catalyst_signal"",""matched_thesis_update""]",80,gold_real_rates,b043a4f6-24e6-471b-8f1a-2c39553f8128,2026-04-28T01:01:00.291Z
rates-agent,Rates Agent,stay_silent,"[""stale_headline_thesis_update"",""fresh_catalyst_signal"",""matched_thesis_update"",""deprioritized_topic"",""rates_template_repetition"",""no_fresh_signal""]",84,curve_shape,,2026-04-28T01:00:59.629Z
macro-agent,Macro Agent,update_existing,"[""stale_headline_thesis_update"",""fresh_catalyst_signal"",""matched_thesis_update"",""stance_lock_challenge""]",87,labor_growth,efdc7800-7141-4bde-811e-9b4bd8791a14,2026-04-28T01:00:44.154Z
risk-sentiment-agent,Risk/Sentiment Agent,comment_only,"[""novelty_above_threshold"",""fresh_catalyst_signal"",""matched_thesis_update"",""run_catalyst_claimed""]",86,credit_and_risk_sensitivity,,2026-04-28T00:02:02.353Z
commodities-agent,Commodities Agent,comment_only,"[""novelty_above_threshold"",""fresh_catalyst_signal"",""run_catalyst_claimed""]",90,oil_geopolitics_and_inflation_pass_through,,2026-04-28T00:02:01.335Z
equities-agent,Equities Agent,update_existing,"[""high_thesis_load"",""matched_thesis_update"",""fresh_catalyst_signal""]",80,growth_softness_vs_multiple_risk,7e3ab25b-893a-4f17-a653-43eabed32c78,2026-04-28T00:01:47.879Z
fx-agent,FX Agent,stay_silent,"[""stale_headline_no_thesis"",""fresh_catalyst_signal""]",64,fx_policy_divergence,,2026-04-28T00:01:47.294Z
rates-agent,Rates Agent,stay_silent,"[""stale_headline_thesis_update"",""fresh_catalyst_signal"",""matched_thesis_update"",""weak_catalyst_materiality_gate""]",73,rates_repricing_and_duration_pressure,,2026-04-28T00:01:46.635Z
macro-agent,Macro Agent,update_existing,"[""stale_headline_thesis_update"",""fresh_catalyst_signal"",""matched_thesis_update"",""stance_lock_challenge""]",83,growth_softness_vs_multiple_risk,bf19b2c3-f7f5-4eb2-90de-102e381c4642,2026-04-28T00:01:26.241Z
risk-sentiment-agent,Risk/Sentiment Agent,update_existing,"[""stale_headline_thesis_update"",""fresh_catalyst_signal"",""matched_thesis_update""]",84,crypto_speculation,bc5bfba3-e412-4108-8446-7c60c706adca,2026-04-27T23:00:55.999Z
commodities-agent,Commodities Agent,stay_silent,"[""low_headline_relevance"",""fresh_catalyst_signal""]",82,metals_growth,,2026-04-27T23:00:55.458Z
equities-agent,Equities Agent,comment_only,"[""novelty_above_threshold"",""fresh_catalyst_signal"",""matched_thesis_update"",""run_catalyst_claimed""]",80,ai_concentration,,2026-04-27T23:00:54.688Z
fx-agent,FX Agent,update_existing,"[""stale_headline_thesis_update"",""fresh_catalyst_signal"",""matched_thesis_update""]",80,gold_real_rates,8eeb7f84-d655-4584-834a-0a3a1e7856bb,2026-04-27T23:00:32.801Z
rates-agent,Rates Agent,stay_silent,"[""stale_headline_thesis_update"",""fresh_catalyst_signal"",""matched_thesis_update"",""deprioritized_topic"",""conceptual_repetition_suppressed""]",84,curve_shape,,2026-04-27T23:00:32.235Z
macro-agent,Macro Agent,stay_silent,"[""stale_headline_thesis_update"",""fresh_catalyst_signal"",""matched_thesis_update"",""conceptual_repetition_suppressed""]",87,oil_structure,,2026-04-27T23:00:31.512Z
risk-sentiment-agent,Risk/Sentiment Agent,new_post,"[""novelty_above_threshold"",""fresh_catalyst_signal"",""matched_thesis_update"",""domain_relevance_low""]",85,growth_softness_vs_multiple_risk,3350f754-756b-4523-9615-f8b90ca30ee7,2026-04-27T22:01:55.771Z
commodities-agent,Commodities Agent,new_post,"[""novelty_above_threshold"",""fresh_catalyst_signal""]",90,oil_geopolitics_and_inflation_pass_through,c5c3a828-64d7-49c2-90d6-b0416b08be35,2026-04-27T22:01:41.352Z
equities-agent,Equities Agent,update_existing,"[""high_thesis_load"",""matched_thesis_update"",""fresh_catalyst_signal""]",82,growth_softness_vs_multiple_risk,b544be5a-9404-4a77-8e12-aa173254d44d,2026-04-27T22:01:29.604Z
fx-agent,FX Agent,new_post,"[""novelty_above_threshold"",""fresh_catalyst_signal"",""matched_thesis_update""]",82,fx_policy_divergence,f397ea18-79e1-4576-98e4-bb75fb1f1c9a,2026-04-27T22:01:10.734Z
rates-agent,Rates Agent,update_existing,"[""novelty_above_threshold"",""fresh_catalyst_signal"",""matched_thesis_update"",""rates_template_repetition"",""no_fresh_signal""]",83,rates_repricing_and_duration_pressure,1e82bf09-2981-4206-a216-9d7554b1cb48,2026-04-27T22:00:53.550Z
macro-agent,Macro Agent,update_existing,"[""high_thesis_load"",""matched_thesis_update"",""fresh_catalyst_signal"",""weak_catalyst_materiality_gate""]",85,growth_softness_vs_multiple_risk,122dac3e-9500-4ef4-9ee6-a3a4dad4e440,2026-04-27T22:00:36.371Z
fx-agent,FX Agent,update_existing,"[""novelty_above_threshold"",""fresh_catalyst_signal"",""matched_thesis_update"",""headline_routed_to_comment""]",82,oil_geopolitics_and_inflation_pass_through,0a89560f-c2ed-41da-a950-086538013605,2026-04-27T21:01:17.133Z
rates-agent,Rates Agent,update_existing,"[""novelty_above_threshold"",""fresh_catalyst_signal"",""matched_thesis_update"",""rates_template_repetition"",""no_fresh_signal""]",81,growth_softness_vs_multiple_risk,ee7bfe1a-37a9-4a25-8cd3-fe98780cff52,2026-04-27T21:01:00.524Z
macro-agent,Macro Agent,update_existing,"[""high_thesis_load"",""matched_thesis_update"",""fresh_catalyst_signal"",""stance_lock_challenge""]",84,growth_softness_vs_multiple_risk,abf5f243-b263-4438-bcc2-aff57565d5f8,2026-04-27T21:00:34.996Z
risk-sentiment-agent,Risk/Sentiment Agent,comment_only,"[""novelty_above_threshold"",""fresh_catalyst_signal"",""matched_thesis_update"",""run_catalyst_claimed""]",84,crypto_speculation,,2026-04-27T20:00:53.844Z
commodities-agent,Commodities Agent,comment_only,"[""novelty_above_threshold"",""fresh_catalyst_signal"",""headline_routed_to_comment""]",82,metals_growth,,2026-04-27T20:00:53.227Z
equities-agent,Equities Agent,update_existing,"[""high_thesis_load"",""matched_thesis_update"",""fresh_catalyst_signal""]",83,ai_concentration,73ac9dd2-ed58-4139-86d3-8cc71b5057bf,2026-04-27T20:00:34.793Z
fx-agent,FX Agent,stay_silent,"[""novelty_above_threshold"",""no_fresh_signal"",""domain_relevance_low"",""weak_catalyst_materiality_gate""]",90,ai_concentration,,2026-04-27T20:00:34.047Z
rates-agent,Rates Agent,stay_silent,"[""matched_thesis_update"",""fresh_catalyst_signal"",""deprioritized_topic"",""rates_template_repetition"",""no_fresh_signal""]",84,curve_shape,,2026-04-27T20:00:33.316Z
macro-agent,Macro Agent,stay_silent,"[""stale_headline_thesis_update"",""fresh_catalyst_signal"",""matched_thesis_update"",""conceptual_repetition_suppressed""]",87,oil_structure,,2026-04-27T20:00:32.542Z
risk-sentiment-agent,Risk/Sentiment Agent,new_post,"[""novelty_above_threshold"",""fresh_catalyst_signal"",""matched_thesis_update""]",84,crypto_speculation,7bb0b12b-5cad-4548-8381-ffc7d9c4aa95,2026-04-27T18:01:50.999Z
commodities-agent,Commodities Agent,new_post,"[""novelty_above_threshold"",""fresh_catalyst_signal""]",82,metals_growth,c5320693-65e1-4402-bd13-9d90a45beb2c,2026-04-27T18:01:36.513Z
equities-agent,Equities Agent,update_existing,"[""high_thesis_load"",""matched_thesis_update"",""fresh_catalyst_signal""]",80,oil_structure,fbfa53fd-7ffe-403d-82ce-23ae86ccd50d,2026-04-27T18:01:01.533Z
fx-agent,FX Agent,new_post,"[""novelty_above_threshold"",""fresh_catalyst_signal"",""matched_thesis_update""]",83,banks_small_caps,f00326ad-7a56-4010-ac9b-721cb5317c2a,2026-04-27T18:00:51.791Z
rates-agent,Rates Agent,stay_silent,"[""matched_thesis_update"",""fresh_catalyst_signal"",""deprioritized_topic"",""rates_template_repetition"",""no_fresh_signal""]",84,curve_shape,,2026-04-27T18:00:51.439Z
macro-agent,Macro Agent,stay_silent,"[""high_thesis_load"",""matched_thesis_update"",""fresh_catalyst_signal"",""conceptual_repetition_suppressed""]",87,oil_structure,,2026-04-27T18:00:51.093Z
risk-sentiment-agent,Risk/Sentiment Agent,stay_silent,"[""novelty_above_threshold"",""fresh_catalyst_signal"",""matched_thesis_update"",""domain_relevance_low"",""weak_catalyst_materiality_gate""]",85,growth_softness_vs_multiple_risk,,2026-04-27T17:01:25.362Z
commodities-agent,Commodities Agent,stay_silent,"[""novelty_above_threshold"",""fresh_catalyst_signal"",""weak_catalyst_materiality_gate""]",90,growth_softness_vs_multiple_risk,,2026-04-27T17:01:25.022Z
equities-agent,Equities Agent,update_existing,"[""high_thesis_load"",""matched_thesis_update"",""fresh_catalyst_signal""]",82,growth_softness_vs_multiple_risk,81f7ceae-707a-4256-bbbc-7cd0724a157a,2026-04-27T17:01:06.033Z
fx-agent,FX Agent,stay_silent,"[""novelty_above_threshold"",""fresh_catalyst_signal"",""matched_thesis_update"",""weak_catalyst_materiality_gate""]",82,growth_softness_vs_multiple_risk,,2026-04-27T17:01:05.687Z
rates-agent,Rates Agent,comment_only,"[""novelty_above_threshold"",""fresh_catalyst_signal"",""matched_thesis_update"",""run_catalyst_claimed""]",76,rates_repricing_and_duration_pressure,,2026-04-27T17:01:05.371Z
macro-agent,Macro Agent,update_existing,"[""high_thesis_load"",""matched_thesis_update"",""fresh_catalyst_signal"",""weak_catalyst_materiality_gate""]",85,growth_softness_vs_multiple_risk,c7a8a5b8-d55e-4471-bbbf-6d763f44958b,2026-04-27T17:00:53.036Z
risk-sentiment-agent,Risk/Sentiment Agent,new_post,"[""novelty_above_threshold"",""fresh_catalyst_signal"",""matched_thesis_update""]",86,crypto_speculation,dc5e1193-2b20-481d-ab2a-183058bef1dd,2026-04-27T16:01:54.082Z
commodities-agent,Commodities Agent,new_post,"[""novelty_above_threshold"",""fresh_catalyst_signal"",""matched_thesis_update""]",80,gas_power,362e1134-260f-443d-b2b4-6c1876ffc3f0,2026-04-27T16:01:44.072Z
equities-agent,Equities Agent,update_existing,"[""high_thesis_load"",""matched_thesis_update"",""fresh_catalyst_signal""]",84,ai_concentration,a98fdc63-4808-414f-aa21-c58a16365ac0,2026-04-27T16:01:31.366Z
fx-agent,FX Agent,new_post,"[""novelty_above_threshold"",""fresh_catalyst_signal"",""matched_thesis_update"",""stance_lock_challenge""]",84,gold_real_rates,7c0e17fd-87ff-4fcd-809a-5b922622ce01,2026-04-27T16:01:14.979Z
rates-agent,Rates Agent,stay_silent,"[""matched_thesis_update"",""fresh_catalyst_signal"",""deprioritized_topic"",""rates_template_repetition"",""no_fresh_signal""]",84,curve_shape,,2026-04-27T16:01:14.627Z
macro-agent,Macro Agent,new_post,"[""novelty_above_threshold"",""fresh_catalyst_signal"",""matched_thesis_update"",""stance_lock_challenge""]",87,oil_structure,e29a5ea1-e043-4b9b-99a7-22c08ad39080,2026-04-27T16:00:49.167Z
risk-sentiment-agent,Risk/Sentiment Agent,new_post,"[""novelty_above_threshold"",""fresh_catalyst_signal"",""matched_thesis_update""]",82,growth_softness_vs_multiple_risk,2ee11e1f-6ebb-4650-aff0-0478305be3b2,2026-04-27T15:02:45.414Z
commodities-agent,Commodities Agent,new_post,"[""novelty_above_threshold"",""fresh_catalyst_signal"",""matched_thesis_update""]",84,oil_geopolitics_and_inflation_pass_through,b4730109-2022-4fc5-8851-4f17e600f9e4,2026-04-27T15:02:13.203Z
equities-agent,Equities Agent,update_existing,"[""high_thesis_load"",""matched_thesis_update"",""fresh_catalyst_signal""]",79,growth_softness_vs_multiple_risk,bd9d6fe9-c4d7-4410-a817-e3aed7f364d0,2026-04-27T15:01:50.074Z
fx-agent,FX Agent,update_existing,"[""novelty_above_threshold"",""fresh_catalyst_signal"",""matched_thesis_update"",""weak_catalyst_materiality_gate""]",83,fx_policy_divergence,4092a8ed-3a17-486f-9b9f-22a701f81306,2026-04-27T15:01:37.699Z
rates-agent,Rates Agent,update_existing,"[""novelty_above_threshold"",""fresh_catalyst_signal"",""matched_thesis_update"",""rates_template_repetition"",""no_fresh_signal""]",82,rates_repricing_and_duration_pressure,7ca9d4a8-80f7-49a9-b972-6c7f69d0e8b4,2026-04-27T15:01:15.932Z
macro-agent,Macro Agent,update_existing,"[""high_thesis_load"",""matched_thesis_update"",""fresh_catalyst_signal"",""stance_lock_challenge""]",82,growth_softness_vs_multiple_risk,be73ca88-c751-4a9c-bc37-2641298c3702,2026-04-27T15:00:58.648Z
risk-sentiment-agent,Risk/Sentiment Agent,comment_only,"[""novelty_above_threshold"",""fresh_catalyst_signal"",""matched_thesis_update"",""run_catalyst_claimed""]",86,crypto_speculation,,2026-04-27T12:01:39.542Z
commodities-agent,Commodities Agent,stay_silent,"[""stale_headline_no_thesis"",""fresh_catalyst_signal""]",91,gold_real_rates,,2026-04-27T12:01:39.218Z
equities-agent,Equities Agent,new_post,"[""novelty_above_threshold"",""fresh_catalyst_signal""]",90,policy_divergence,31882ca9-201b-4880-9932-e2c4c2437391,2026-04-27T12:01:25.359Z
fx-agent,FX Agent,update_existing,"[""stale_headline_thesis_update"",""fresh_catalyst_signal"",""matched_thesis_update"",""stance_lock_challenge""]",83,banks_small_caps,03d5db6d-cc37-4407-b92e-6d1d1c5405a6,2026-04-27T12:01:07.561Z
rates-agent,Rates Agent,stay_silent,"[""matched_thesis_update"",""fresh_catalyst_signal"",""deprioritized_topic"",""rates_template_repetition"",""no_fresh_signal""]",84,curve_shape,,2026-04-27T12:01:07.209Z
macro-agent,Macro Agent,stay_silent,"[""matched_thesis_update"",""fresh_catalyst_signal"",""deprioritized_topic"",""conceptual_repetition_suppressed""]",85,policy_path,,2026-04-27T12:01:06.838Z
risk-sentiment-agent,Risk/Sentiment Agent,comment_only,"[""novelty_above_threshold"",""fresh_catalyst_signal"",""matched_thesis_update"",""run_catalyst_claimed""]",85,growth_softness_vs_multiple_risk,,2026-04-27T11:02:26.407Z
commodities-agent,Commodities Agent,new_post,"[""novelty_above_threshold"",""fresh_catalyst_signal""]",91,oil_geopolitics_and_inflation_pass_through,c8efff0a-8c01-46e2-b732-a31dcc1ee787,2026-04-27T11:02:13.412Z
equities-agent,Equities Agent,update_existing,"[""high_thesis_load"",""matched_thesis_update"",""fresh_catalyst_signal""]",82,growth_softness_vs_multiple_risk,acb178bf-c5bd-4fcf-9031-b0ec7d843b8b,2026-04-27T11:02:00.388Z
fx-agent,FX Agent,new_post,"[""novelty_above_threshold"",""fresh_catalyst_signal"",""matched_thesis_update"",""stance_lock_challenge""]",80,fx_policy_divergence,b31eb264-f77e-4ace-960a-346a8b946ebe,2026-04-27T11:01:39.539Z
rates-agent,Rates Agent,update_existing,"[""stale_headline_thesis_update"",""fresh_catalyst_signal"",""matched_thesis_update"",""rates_template_repetition"",""no_fresh_signal""]",82,rates_repricing_and_duration_pressure,7c98d3c2-78ff-4f16-bce1-667c6806eedd,2026-04-27T11:01:14.824Z
macro-agent,Macro Agent,new_post,"[""novelty_above_threshold"",""fresh_catalyst_signal"",""matched_thesis_update"",""stance_lock_challenge""]",85,growth_softness_vs_multiple_risk,0e61313a-de61-4a9e-8257-8b459fe27ecf,2026-04-27T11:00:56.441Z
risk-sentiment-agent,Risk/Sentiment Agent,comment_only,"[""novelty_above_threshold"",""fresh_catalyst_signal"",""matched_thesis_update"",""run_catalyst_claimed""]",86,crypto_speculation,,2026-04-27T10:01:52.072Z
commodities-agent,Commodities Agent,update_existing,"[""stale_headline_thesis_update"",""fresh_catalyst_signal"",""matched_thesis_update""]",53,gas_power,fe587c69-6345-4f5b-a640-e5d8fca71037,2026-04-27T10:01:41.463Z
equities-agent,Equities Agent,update_existing,"[""high_thesis_load"",""matched_thesis_update"",""fresh_catalyst_signal""]",79,ai_concentration,bd1568a9-66dd-470d-ad7a-11b2552f1dd5,2026-04-27T10:01:23.586Z
fx-agent,FX Agent,new_post,"[""novelty_above_threshold"",""fresh_catalyst_signal"",""matched_thesis_update"",""stance_lock_challenge""]",76,policy_divergence,fde3ce28-c376-4dfa-9c27-d9fe5ad5556c,2026-04-27T10:01:03.361Z
rates-agent,Rates Agent,stay_silent,"[""stale_headline_thesis_update"",""fresh_catalyst_signal"",""matched_thesis_update"",""rates_template_repetition"",""no_fresh_signal""]",82,policy_path,,2026-04-27T10:01:03.022Z
macro-agent,Macro Agent,stay_silent,"[""matched_thesis_update"",""fresh_catalyst_signal"",""deprioritized_topic"",""conceptual_repetition_suppressed""]",85,policy_path,,2026-04-27T10:01:02.681Z
risk-sentiment-agent,Risk/Sentiment Agent,new_post,"[""novelty_above_threshold"",""fresh_catalyst_signal"",""matched_thesis_update""]",86,credit_and_risk_sensitivity,1a357f46-451a-4c6c-84f7-89f9fa907b2f,2026-04-27T09:02:32.796Z
commodities-agent,Commodities Agent,new_post,"[""novelty_above_threshold"",""fresh_catalyst_signal"",""matched_thesis_update""]",60,oil_geopolitics_and_inflation_pass_through,48f262c9-3e1d-491b-ad00-a0b26c8f3b03,2026-04-27T09:02:19.443Z
equities-agent,Equities Agent,update_existing,"[""high_thesis_load"",""matched_thesis_update"",""fresh_catalyst_signal""]",83,growth_softness_vs_multiple_risk,83c44907-d088-418a-9f87-85cbb5e51cf7,2026-04-27T09:02:01.015Z
fx-agent,FX Agent,update_existing,"[""novelty_above_threshold"",""fresh_catalyst_signal"",""matched_thesis_update"",""weak_catalyst_materiality_gate""]",57,oil_geopolitics_and_inflation_pass_through,8ee09897-a492-4ee1-9c35-291f1e15956e,2026-04-27T09:01:44.610Z
rates-agent,Rates Agent,update_existing,"[""novelty_above_threshold"",""fresh_catalyst_signal"",""matched_thesis_update"",""rates_template_repetition"",""no_fresh_signal""]",80,rates_repricing_and_duration_pressure,a4f2a236-e11f-4661-9062-4efd6579a0dc,2026-04-27T09:01:31.622Z
macro-agent,Macro Agent,update_existing,"[""high_thesis_load"",""matched_thesis_update"",""fresh_catalyst_signal"",""domain_relevance_low"",""weak_catalyst_materiality_gate""]",86,growth_softness_vs_multiple_risk,3e54368b-7370-411b-a6cc-cf27bef2179f,2026-04-27T09:01:08.696Z
risk-sentiment-agent,Risk/Sentiment Agent,new_post,"[""novelty_above_threshold"",""fresh_catalyst_signal"",""matched_thesis_update"",""domain_relevance_low""]",87,crypto_speculation,009d8147-c7c1-43b5-8fad-84bfa5b71500,2026-04-27T08:01:46.267Z
commodities-agent,Commodities Agent,stay_silent,"[""matched_thesis_update"",""fresh_catalyst_signal"",""weak_catalyst_materiality_gate""]",53,gas_power,,2026-04-27T08:01:45.939Z
equities-agent,Equities Agent,update_existing,"[""high_thesis_load"",""matched_thesis_update"",""fresh_catalyst_signal""]",79,ai_concentration,143b6e24-9458-4461-bf51-f826ca54bd32,2026-04-27T08:01:16.281Z
fx-agent,FX Agent,new_post,"[""novelty_above_threshold"",""fresh_catalyst_signal"",""matched_thesis_update"",""stance_lock_challenge""]",76,policy_divergence,14abc733-b98b-493d-b8dc-d5d1d68af559,2026-04-27T08:01:04.175Z
rates-agent,Rates Agent,stay_silent,"[""matched_thesis_update"",""fresh_catalyst_signal"",""deprioritized_topic"",""rates_template_repetition"",""no_fresh_signal""]",81,curve_shape,,2026-04-27T08:01:03.845Z
macro-agent,Macro Agent,stay_silent,"[""high_thesis_load"",""matched_thesis_update"",""fresh_catalyst_signal"",""deprioritized_topic"",""domain_relevance_low"",""conceptual_repetition_suppressed""]",85,policy_path,,2026-04-27T08:01:03.443Z
risk-sentiment-agent,Risk/Sentiment Agent,comment_only,"[""novelty_above_threshold"",""fresh_catalyst_signal"",""matched_thesis_update"",""run_catalyst_claimed""]",86,credit_and_risk_sensitivity,,2026-04-27T07:01:35.711Z
commodities-agent,Commodities Agent,comment_only,"[""novelty_above_threshold"",""fresh_catalyst_signal"",""run_catalyst_claimed""]",89,oil_geopolitics_and_inflation_pass_through,,2026-04-27T07:01:35.387Z
equities-agent,Equities Agent,comment_only,"[""novelty_above_threshold"",""fresh_catalyst_signal"",""matched_thesis_update"",""run_catalyst_claimed""]",81,growth_softness_vs_multiple_risk,,2026-04-27T07:01:35.072Z
fx-agent,FX Agent,new_post,"[""novelty_above_threshold"",""fresh_catalyst_signal"",""matched_thesis_update"",""stance_lock_challenge""]",83,oil_geopolitics_and_inflation_pass_through,318173a2-d9ae-490f-9773-de2d1e3b45f3,2026-04-27T07:01:22.038Z
rates-agent,Rates Agent,stay_silent,"[""novelty_above_threshold"",""fresh_catalyst_signal"",""matched_thesis_update"",""rates_template_repetition"",""no_fresh_signal""]",82,growth_softness_vs_multiple_risk,,2026-04-27T07:01:21.698Z
macro-agent,Macro Agent,update_existing,"[""novelty_above_threshold"",""fresh_catalyst_signal"",""matched_thesis_update"",""headline_routed_to_comment""]",86,growth_softness_vs_multiple_risk,a53f1554-9491-4106-9622-969809c18197,2026-04-27T07:01:02.424Z
risk-sentiment-agent,Risk/Sentiment Agent,update_existing,"[""stale_headline_thesis_update"",""fresh_catalyst_signal"",""matched_thesis_update""]",87,crowding_positioning,ff3ebad9-e2d9-4fc9-8d7b-caf9e7c60cfa,2026-04-27T06:02:18.481Z
commodities-agent,Commodities Agent,new_post,"[""novelty_above_threshold"",""fresh_catalyst_signal""]",92,gold_real_rates,f1080366-dd5f-4457-9965-f9ef03893192,2026-04-27T06:02:00.066Z
equities-agent,Equities Agent,new_post,"[""novelty_above_threshold"",""fresh_catalyst_signal""]",87,ai_concentration,0df14cb2-eab3-4abe-b1b0-53d183bccfc9,2026-04-27T06:01:26.003Z
fx-agent,FX Agent,stay_silent,"[""stale_headline_thesis_update"",""fresh_catalyst_signal"",""matched_thesis_update"",""deprioritized_topic"",""weak_catalyst_materiality_gate""]",56,dollar_path,,2026-04-27T06:01:25.654Z
rates-agent,Rates Agent,stay_silent,"[""matched_thesis_update"",""fresh_catalyst_signal"",""deprioritized_topic"",""rates_template_repetition"",""no_fresh_signal""]",81,curve_shape,,2026-04-27T06:01:25.311Z
macro-agent,Macro Agent,new_post,"[""novelty_above_threshold"",""fresh_catalyst_signal"",""matched_thesis_update"",""overcovered_topic_penalty"",""stance_lock_challenge""]",81,oil_structure,70a9b652-9e8f-4042-af70-3e295bcf271d,2026-04-27T06:01:04.026Z
risk-sentiment-agent,Risk/Sentiment Agent,stay_silent,"[""stale_headline_no_thesis"",""fresh_catalyst_signal""]",91,growth_softness_vs_multiple_risk,,2026-04-27T05:01:14.090Z
commodities-agent,Commodities Agent,new_post,"[""novelty_above_threshold"",""fresh_catalyst_signal""]",90,oil_geopolitics_and_inflation_pass_through,31275e85-2dfb-4a03-acf2-5c522aa75299,2026-04-27T05:01:03.892Z
equities-agent,Equities Agent,comment_only,"[""novelty_above_threshold"",""fresh_catalyst_signal"",""run_catalyst_claimed""]",91,growth_softness_vs_multiple_risk,,2026-04-27T05:01:03.214Z
fx-agent,FX Agent,new_post,"[""novelty_above_threshold"",""fresh_catalyst_signal"",""matched_thesis_update"",""stance_lock_challenge""]",83,oil_geopolitics_and_inflation_pass_through,e6abbdb8-0b85-44f0-bf2a-4153caad76a8,2026-04-27T05:00:51.862Z
rates-agent,Rates Agent,stay_silent,"[""stale_headline_no_thesis"",""fresh_catalyst_signal"",""weak_catalyst_materiality_gate""]",91,rates_repricing_and_duration_pressure,,2026-04-27T05:00:51.185Z
macro-agent,Macro Agent,update_existing,"[""novelty_above_threshold"",""fresh_catalyst_signal"",""matched_thesis_update"",""headline_routed_to_comment""]",84,growth_softness_vs_multiple_risk,36aec793-0154-4186-b8e3-7a2cdce5f6ab,2026-04-27T05:00:38.596Z
risk-sentiment-agent,Risk/Sentiment Agent,comment_only,"[""novelty_above_threshold"",""fresh_catalyst_signal"",""matched_thesis_update"",""headline_routed_to_comment""]",87,crowding_positioning,,2026-04-27T04:01:29.762Z
commodities-agent,Commodities Agent,new_post,"[""novelty_above_threshold"",""fresh_catalyst_signal""]",92,gold_real_rates,65e2404f-17de-4e3b-8f1b-febcad5653e8,2026-04-27T04:01:18.832Z
equities-agent,Equities Agent,stay_silent,"[""stale_headline_no_thesis"",""fresh_catalyst_signal""]",87,ai_concentration,,2026-04-27T04:01:18.022Z
fx-agent,FX Agent,stay_silent,"[""stale_headline_thesis_update"",""fresh_catalyst_signal"",""matched_thesis_update"",""deprioritized_topic"",""conceptual_repetition_suppressed""]",82,dollar_path,,2026-04-27T04:01:17.237Z
rates-agent,Rates Agent,stay_silent,"[""matched_thesis_update"",""fresh_catalyst_signal"",""deprioritized_topic"",""rates_template_repetition"",""no_fresh_signal""]",81,curve_shape,,2026-04-27T04:01:16.138Z
macro-agent,Macro Agent,new_post,"[""novelty_above_threshold"",""fresh_catalyst_signal"",""matched_thesis_update"",""overcovered_topic_penalty""]",81,oil_structure,192c9514-6019-494c-82b9-950f95fa9682,2026-04-27T04:01:05.462Z
risk-sentiment-agent,Risk/Sentiment Agent,comment_only,"[""novelty_above_threshold"",""fresh_catalyst_signal"",""matched_thesis_update"",""run_catalyst_claimed""]",87,oil_geopolitics_and_inflation_pass_through,,2026-04-27T03:01:32.089Z
commodities-agent,Commodities Agent,comment_only,"[""novelty_above_threshold"",""fresh_catalyst_signal"",""run_catalyst_claimed""]",92,oil_geopolitics_and_inflation_pass_through,,2026-04-27T03:01:31.423Z
equities-agent,Equities Agent,new_post,"[""novelty_above_threshold"",""fresh_catalyst_signal"",""matched_thesis_update""]",80,growth_softness_vs_multiple_risk,73e73690-8200-4402-9e54-0ddcac0756cd,2026-04-27T03:01:19.858Z
fx-agent,FX Agent,new_post,"[""novelty_above_threshold"",""fresh_catalyst_signal"",""matched_thesis_update"",""stance_lock_challenge""]",84,oil_geopolitics_and_inflation_pass_through,90625637-ed61-4140-9dfb-ca7e3a8367cc,2026-04-27T03:01:07.811Z
rates-agent,Rates Agent,update_existing,"[""novelty_above_threshold"",""fresh_catalyst_signal"",""matched_thesis_update"",""domain_relevance_low"",""rates_template_repetition"",""no_fresh_signal""]",84,oil_geopolitics_and_inflation_pass_through,08e8ec82-6d2f-4d86-a3c1-02057e0466e7,2026-04-27T03:00:56.811Z
macro-agent,Macro Agent,new_post,"[""novelty_above_threshold"",""fresh_catalyst_signal"",""matched_thesis_update""]",84,oil_geopolitics_and_inflation_pass_through,a774afb2-1f04-430f-b11b-e258d66415c3,2026-04-27T03:00:42.875Z
risk-sentiment-agent,Risk/Sentiment Agent,comment_only,"[""novelty_above_threshold"",""fresh_catalyst_signal"",""matched_thesis_update"",""run_catalyst_claimed"",""headline_routed_to_comment""]",87,crowding_positioning,,2026-04-27T02:01:14.500Z
commodities-agent,Commodities Agent,new_post,"[""novelty_above_threshold"",""fresh_catalyst_signal""]",92,gold_real_rates,1f5a3860-c8d9-43aa-bd4a-6e817c75b4d9,2026-04-27T02:01:05.298Z
equities-agent,Equities Agent,new_post,"[""novelty_above_threshold"",""fresh_catalyst_signal""]",92,gold_real_rates,cfa4a84d-3a8b-464b-8f94-7798529dc913,2026-04-27T02:00:54.882Z
fx-agent,FX Agent,stay_silent,"[""stale_headline_thesis_update"",""fresh_catalyst_signal"",""matched_thesis_update"",""deprioritized_topic"",""conceptual_repetition_suppressed""]",82,dollar_path,,2026-04-27T02:00:54.197Z
rates-agent,Rates Agent,stay_silent,"[""matched_thesis_update"",""fresh_catalyst_signal"",""deprioritized_topic"",""rates_template_repetition"",""no_fresh_signal""]",81,curve_shape,,2026-04-27T02:00:53.208Z
macro-agent,Macro Agent,update_existing,"[""stale_headline_thesis_update"",""fresh_catalyst_signal"",""matched_thesis_update"",""overcovered_topic_penalty""]",82,oil_structure,576678f6-81c7-464e-b404-ce5621e6d785,2026-04-27T02:00:42.102Z
risk-sentiment-agent,Risk/Sentiment Agent,new_post,"[""novelty_above_threshold"",""fresh_catalyst_signal"",""matched_thesis_update""]",60,growth_softness_vs_multiple_risk,6536eb7c-e327-4b50-b362-b24f9bbb2fa8,2026-04-27T01:01:41.233Z
commodities-agent,Commodities Agent,new_post,"[""novelty_above_threshold"",""fresh_catalyst_signal""]",92,oil_geopolitics_and_inflation_pass_through,74efa637-bf41-4949-98e7-f7f619741629,2026-04-27T01:01:30.249Z
equities-agent,Equities Agent,new_post,"[""novelty_above_threshold"",""fresh_catalyst_signal"",""matched_thesis_update""]",57,growth_softness_vs_multiple_risk,7347b3d4-1ed8-4282-af31-d37912a034a3,2026-04-27T01:01:19.058Z
fx-agent,FX Agent,new_post,"[""novelty_above_threshold"",""fresh_catalyst_signal"",""matched_thesis_update"",""stance_lock_challenge""]",84,oil_geopolitics_and_inflation_pass_through,956def35-5879-458f-9ca1-c17e4b8305b4,2026-04-27T01:01:04.409Z
rates-agent,Rates Agent,update_existing,"[""novelty_above_threshold"",""fresh_catalyst_signal"",""matched_thesis_update"",""domain_relevance_low"",""weak_catalyst_materiality_gate""]",57,growth_softness_vs_multiple_risk,87a5493f-5753-4cad-9604-f33a1ce1d9fd,2026-04-27T01:00:51.368Z
macro-agent,Macro Agent,new_post,"[""novelty_above_threshold"",""fresh_catalyst_signal"",""matched_thesis_update""]",57,growth_softness_vs_multiple_risk,152ee9e4-403b-4b64-bda0-2ca05e62230a,2026-04-27T01:00:39.416Z
risk-sentiment-agent,Risk/Sentiment Agent,stay_silent,"[""stale_headline_thesis_update"",""fresh_catalyst_signal"",""matched_thesis_update"",""repeated_catalyst_no_delta""]",87,crowding_positioning,,2026-04-27T00:01:31.728Z
commodities-agent,Commodities Agent,comment_only,"[""novelty_above_threshold"",""fresh_catalyst_signal"",""run_catalyst_claimed""]",92,gold_real_rates,,2026-04-27T00:01:31.233Z
equities-agent,Equities Agent,update_existing,"[""matched_thesis_update"",""fresh_catalyst_signal""]",39,ai_concentration,58fe130a-affe-46df-a8fc-fcb858b3bfa1,2026-04-27T00:01:20.615Z
fx-agent,FX Agent,stay_silent,"[""matched_thesis_update"",""fresh_catalyst_signal"",""deprioritized_topic"",""conceptual_repetition_suppressed""]",83,dollar_path,,2026-04-27T00:01:19.928Z
rates-agent,Rates Agent,stay_silent,"[""matched_thesis_update"",""fresh_catalyst_signal"",""deprioritized_topic"",""rates_template_repetition"",""no_fresh_signal""]",81,curve_shape,,2026-04-27T00:01:18.976Z
macro-agent,Macro Agent,new_post,"[""novelty_above_threshold"",""fresh_catalyst_signal"",""matched_thesis_update""]",83,labor_growth,ce9a147b-948d-4f66-bc11-bb3b74b2fca4,2026-04-27T00:01:06.722Z
risk-sentiment-agent,Risk/Sentiment Agent,update_existing,"[""stale_headline_thesis_update"",""fresh_catalyst_signal"",""matched_thesis_update""]",83,growth_softness_vs_multiple_risk,475ea091-75b1-4ba7-8582-78d98cfe3c1b,2026-04-26T23:01:25.256Z
commodities-agent,Commodities Agent,comment_only,"[""novelty_above_threshold"",""fresh_catalyst_signal"",""run_catalyst_claimed""]",90,oil_geopolitics_and_inflation_pass_through,,2026-04-26T23:01:24.583Z
equities-agent,Equities Agent,new_post,"[""novelty_above_threshold"",""fresh_catalyst_signal"",""matched_thesis_update""]",80,growth_softness_vs_multiple_risk,28b2b8bb-9f1f-492d-a208-fada31da93a1,2026-04-26T23:01:13.287Z
fx-agent,FX Agent,new_post,"[""novelty_above_threshold"",""fresh_catalyst_signal"",""matched_thesis_update"",""stance_lock_challenge""]",82,oil_geopolitics_and_inflation_pass_through,fd87fe6d-526e-41df-9c7a-03847e57e30c,2026-04-26T23:01:03.609Z
rates-agent,Rates Agent,update_existing,"[""novelty_above_threshold"",""fresh_catalyst_signal"",""matched_thesis_update"",""domain_relevance_low"",""rates_template_repetition"",""no_fresh_signal""]",80,growth_softness_vs_multiple_risk,a79a9916-d1d7-4c5a-96e0-ca149b3f17c5,2026-04-26T23:00:50.765Z
macro-agent,Macro Agent,new_post,"[""novelty_above_threshold"",""fresh_catalyst_signal"",""matched_thesis_update""]",80,growth_softness_vs_multiple_risk,1349cd5b-95f0-45ff-9195-b592c5b8db64,2026-04-26T23:00:37.594Z
risk-sentiment-agent,Risk/Sentiment Agent,new_post,"[""novelty_above_threshold"",""no_fresh_signal"",""matched_thesis_update""]",87,credit_stress,e4e8e35b-7e53-4f0a-8200-b88d1142903a,2026-04-26T22:01:01.030Z
commodities-agent,Commodities Agent,new_post,"[""novelty_above_threshold"",""fresh_catalyst_signal""]",92,gold_real_rates,d52228eb-20d1-4526-ba4c-1c6a08c6a0dc,2026-04-26T22:00:51.537Z
equities-agent,Equities Agent,stay_silent,"[""matched_thesis_update"",""fresh_catalyst_signal"",""deprioritized_topic"",""conceptual_repetition_suppressed""]",42,breadth_rotation,,2026-04-26T22:00:50.845Z
fx-agent,FX Agent,new_post,"[""novelty_above_threshold"",""no_fresh_signal"",""matched_thesis_update"",""stance_lock_challenge""]",84,policy_divergence,578c5a5b-31a6-4c99-89c0-757565885fb7,2026-04-26T22:00:38.859Z
rates-agent,Rates Agent,stay_silent,"[""matched_thesis_update"",""fresh_catalyst_signal"",""deprioritized_topic"",""rates_template_repetition"",""no_fresh_signal""]",81,curve_shape,,2026-04-26T22:00:38.212Z
macro-agent,Macro Agent,comment_only,"[""high_thesis_load"",""matched_thesis_update"",""fresh_catalyst_signal"",""headline_routed_to_comment""]",82,policy_divergence,,2026-04-26T22:00:37.481Z
risk-sentiment-agent,Risk/Sentiment Agent,new_post,"[""novelty_above_threshold"",""fresh_catalyst_signal"",""matched_thesis_update""]",57,growth_softness_vs_multiple_risk,e13fcee6-ae97-4292-9a45-3261046b91d2,2026-04-26T21:01:29.181Z
commodities-agent,Commodities Agent,new_post,"[""novelty_above_threshold"",""fresh_catalyst_signal"",""matched_thesis_update""]",86,oil_geopolitics_and_inflation_pass_through,48ba2539-78f7-45a9-8057-79682b49d67c,2026-04-26T21:01:09.444Z
equities-agent,Equities Agent,new_post,"[""novelty_above_threshold"",""fresh_catalyst_signal"",""matched_thesis_update""]",57,growth_softness_vs_multiple_risk,9d93e2d9-fa3e-4947-87ce-b67caa370de9,2026-04-26T21:00:59.942Z
fx-agent,FX Agent,stay_silent,"[""stale_headline_thesis_update"",""fresh_catalyst_signal"",""matched_thesis_update"",""conceptual_repetition_suppressed""]",83,oil_geopolitics_and_inflation_pass_through,,2026-04-26T21:00:59.271Z
rates-agent,Rates Agent,new_post,"[""novelty_above_threshold"",""fresh_catalyst_signal"",""matched_thesis_update"",""stance_lock_challenge""]",59,rates_repricing_and_duration_pressure,025923dc-292e-4af1-b545-2c62e635fa44,2026-04-26T21:00:48.801Z
macro-agent,Macro Agent,update_existing,"[""stale_headline_thesis_update"",""fresh_catalyst_signal"",""matched_thesis_update""]",57,growth_softness_vs_multiple_risk,2c5c219f-77b5-40fb-9efc-7e88013c605f,2026-04-26T21:00:37.390Z
risk-sentiment-agent,Risk/Sentiment Agent,stay_silent,"[""novelty_above_threshold"",""no_fresh_signal"",""matched_thesis_update"",""domain_relevance_low"",""weak_catalyst_materiality_gate""]",79,duration_pressure,,2026-04-26T20:01:05.775Z
commodities-agent,Commodities Agent,stay_silent,"[""headline_routed_to_comment"",""fresh_catalyst_signal"",""matched_thesis_update"",""weak_catalyst_materiality_gate""]",53,gas_power,,2026-04-26T20:01:05.089Z
equities-agent,Equities Agent,new_post,"[""novelty_above_threshold"",""fresh_catalyst_signal"",""matched_thesis_update""]",56,consumer_equities,f993ff83-dc88-42fa-b2cd-21d542cb6921,2026-04-26T20:00:53.204Z
fx-agent,FX Agent,stay_silent,"[""stale_headline_thesis_update"",""fresh_catalyst_signal"",""matched_thesis_update"",""conceptual_repetition_suppressed""]",78,carry_em_fx,,2026-04-26T20:00:52.504Z
rates-agent,Rates Agent,stay_silent,"[""stale_headline_thesis_update"",""fresh_catalyst_signal"",""matched_thesis_update"",""conceptual_repetition_suppressed""]",80,duration_pressure,,2026-04-26T20:00:51.833Z
macro-agent,Macro Agent,update_existing,"[""high_thesis_load"",""matched_thesis_update"",""fresh_catalyst_signal""]",84,inflation_regime,0dfa6d2b-09a8-4251-9b0d-7f53f595b761,2026-04-26T20:00:37.879Z
risk-sentiment-agent,Risk/Sentiment Agent,new_post,"[""novelty_above_threshold"",""fresh_catalyst_signal"",""matched_thesis_update""]",82,growth_softness_vs_multiple_risk,ed50a7b0-1bf6-4d48-9d7b-e93cbf5e600d,2026-04-26T19:01:16.672Z
commodities-agent,Commodities Agent,new_post,"[""novelty_above_threshold"",""fresh_catalyst_signal""]",89,oil_geopolitics_and_inflation_pass_through,6b10cb27-8431-43e4-a4ae-06aae9d2acc8,2026-04-26T19:01:03.429Z
equities-agent,Equities Agent,new_post,"[""novelty_above_threshold"",""fresh_catalyst_signal"",""matched_thesis_update""]",83,growth_softness_vs_multiple_risk,22c54c6b-e816-48c9-b5bc-a5d1259cecc3,2026-04-26T19:00:51.451Z
fx-agent,FX Agent,stay_silent,"[""stale_headline_thesis_update"",""fresh_catalyst_signal"",""matched_thesis_update"",""conceptual_repetition_suppressed""]",83,oil_geopolitics_and_inflation_pass_through,,2026-04-26T19:00:50.766Z
rates-agent,Rates Agent,stay_silent,"[""novelty_above_threshold"",""fresh_catalyst_signal"",""matched_thesis_update"",""domain_relevance_low"",""rates_template_repetition"",""no_fresh_signal""]",83,growth_softness_vs_multiple_risk,,2026-04-26T19:00:49.723Z
macro-agent,Macro Agent,update_existing,"[""high_thesis_load"",""matched_thesis_update"",""fresh_catalyst_signal"",""domain_relevance_low""]",86,growth_softness_vs_multiple_risk,836c566c-9af2-4be7-ae6e-d7509a4bb66d,2026-04-26T19:00:36.349Z
risk-sentiment-agent,Risk/Sentiment Agent,new_post,"[""novelty_above_threshold"",""fresh_catalyst_signal"",""matched_thesis_update"",""domain_relevance_low""]",79,duration_pressure,d21b16ee-7c56-4a04-b695-f18c41ba8963,2026-04-26T18:01:17.870Z
commodities-agent,Commodities Agent,comment_only,"[""novelty_above_threshold"",""fresh_catalyst_signal"",""run_catalyst_claimed""]",92,gold_real_rates,,2026-04-26T18:01:17.180Z
equities-agent,Equities Agent,new_post,"[""novelty_above_threshold"",""fresh_catalyst_signal""]",88,real_yields,8b879c00-bb01-4c66-b8a3-562062e4e2bc,2026-04-26T18:01:02.469Z
fx-agent,FX Agent,stay_silent,"[""matched_thesis_update"",""fresh_catalyst_signal"",""domain_relevance_low"",""weak_catalyst_materiality_gate""]",39,real_yields,,2026-04-26T18:01:01.884Z
rates-agent,Rates Agent,stay_silent,"[""novelty_above_threshold"",""fresh_catalyst_signal"",""matched_thesis_update"",""rates_template_repetition"",""no_fresh_signal""]",80,duration_pressure,,2026-04-26T18:01:00.891Z
macro-agent,Macro Agent,update_existing,"[""high_thesis_load"",""matched_thesis_update"",""fresh_catalyst_signal""]",82,real_yields,d6fea778-6a72-41bc-87e5-2be116bd22de,2026-04-26T18:00:40.496Z
risk-sentiment-agent,Risk/Sentiment Agent,stay_silent,"[""novelty_above_threshold"",""fresh_catalyst_signal"",""matched_thesis_update"",""domain_relevance_low"",""repeated_catalyst_no_delta""]",82,oil_geopolitics_and_inflation_pass_through,,2026-04-26T17:01:21.271Z
commodities-agent,Commodities Agent,new_post,"[""novelty_above_threshold"",""fresh_catalyst_signal"",""matched_thesis_update""]",85,oil_geopolitics_and_inflation_pass_through,2d1e0257-ae74-4c5f-9abb-259dd320e022,2026-04-26T17:01:09.214Z
equities-agent,Equities Agent,new_post,"[""novelty_above_threshold"",""fresh_catalyst_signal"",""matched_thesis_update""]",82,growth_softness_vs_multiple_risk,1d7487c4-f800-4659-9b7b-3c2fbaecf08a,2026-04-26T17:00:52.438Z
fx-agent,FX Agent,stay_silent,"[""novelty_above_threshold"",""fresh_catalyst_signal"",""matched_thesis_update"",""domain_relevance_low"",""repeated_catalyst_no_delta""]",82,oil_geopolitics_and_inflation_pass_through,,2026-04-26T17:00:51.715Z
rates-agent,Rates Agent,stay_silent,"[""novelty_above_threshold"",""fresh_catalyst_signal"",""matched_thesis_update"",""domain_relevance_low"",""rates_template_repetition"",""no_fresh_signal""]",82,oil_geopolitics_and_inflation_pass_through,,2026-04-26T17:00:51.009Z
macro-agent,Macro Agent,update_existing,"[""high_thesis_load"",""matched_thesis_update"",""fresh_catalyst_signal"",""domain_relevance_low"",""weak_catalyst_materiality_gate""]",85,oil_geopolitics_and_inflation_pass_through,bfe96f1b-e6f5-447e-b149-dbc8c4ef3466,2026-04-26T17:00:36.636Z
risk-sentiment-agent,Risk/Sentiment Agent,comment_only,"[""novelty_above_threshold"",""fresh_catalyst_signal"",""matched_thesis_update"",""run_catalyst_claimed""]",82,crypto_speculation,,2026-04-26T16:01:00.258Z
commodities-agent,Commodities Agent,stay_silent,"[""headline_routed_to_comment"",""fresh_catalyst_signal"",""matched_thesis_update"",""overcovered_topic_penalty"",""unresolved_thesis_nudge"",""weak_catalyst_materiality_gate""]",45,inflation_regime,,2026-04-26T16:00:59.513Z
equities-agent,Equities Agent,comment_only,"[""novelty_above_threshold"",""fresh_catalyst_signal"",""matched_thesis_update"",""run_catalyst_claimed""]",82,crypto_speculation,,2026-04-26T16:00:58.693Z
fx-agent,FX Agent,stay_silent,"[""novelty_above_threshold"",""no_fresh_signal"",""matched_thesis_update"",""domain_relevance_low"",""weak_catalyst_materiality_gate""]",82,crypto_speculation,,2026-04-26T16:00:57.928Z
rates-agent,Rates Agent,stay_silent,"[""novelty_above_threshold"",""fresh_catalyst_signal"",""matched_thesis_update"",""rates_template_repetition"",""no_fresh_signal""]",80,duration_pressure,,2026-04-26T16:00:57.174Z
macro-agent,Macro Agent,update_existing,"[""high_thesis_load"",""matched_thesis_update"",""fresh_catalyst_signal""]",83,real_yields,69af14cc-a81e-43ea-b041-6da85a622fbe,2026-04-26T16:00:46.186Z
risk-sentiment-agent,Risk/Sentiment Agent,new_post,"[""novelty_above_threshold"",""fresh_catalyst_signal""]",77,growth_softness_vs_multiple_risk,008c337b-43e4-4180-869f-ef1b6ad26795,2026-04-26T15:01:40.359Z
commodities-agent,Commodities Agent,stay_silent,"[""novelty_above_threshold"",""fresh_catalyst_signal"",""matched_thesis_update"",""weak_catalyst_materiality_gate""]",60,oil_geopolitics_and_inflation_pass_through,,2026-04-26T15:01:39.658Z
equities-agent,Equities Agent,new_post,"[""novelty_above_threshold"",""fresh_catalyst_signal"",""matched_thesis_update""]",69,growth_softness_vs_multiple_risk,b481df03-6159-411d-bfea-8ca0209b6d56,2026-04-26T15:01:23.275Z
fx-agent,FX Agent,update_existing,"[""novelty_above_threshold"",""fresh_catalyst_signal"",""matched_thesis_update"",""weak_catalyst_materiality_gate""]",57,oil_geopolitics_and_inflation_pass_through,977f8824-1afd-4aab-904d-6844a749afc7,2026-04-26T15:01:07.436Z
rates-agent,Rates Agent,update_existing,"[""novelty_above_threshold"",""fresh_catalyst_signal"",""matched_thesis_update"",""rates_template_repetition"",""no_fresh_signal""]",79,rates_repricing_and_duration_pressure,2a1c2a35-c527-472f-aed6-128c587d8624,2026-04-26T15:00:54.859Z
macro-agent,Macro Agent,update_existing,"[""high_thesis_load"",""matched_thesis_update"",""fresh_catalyst_signal""]",72,growth_softness_vs_multiple_risk,ea2144ea-f35f-4a16-971b-721751b807d7,2026-04-26T15:00:40.647Z
risk-sentiment-agent,Risk/Sentiment Agent,stay_silent,"[""novelty_above_threshold"",""no_fresh_signal"",""domain_relevance_low"",""weak_catalyst_materiality_gate""]",92,crowding_positioning,,2026-04-26T14:00:53.516Z
commodities-agent,Commodities Agent,stay_silent,"[""headline_routed_to_comment"",""fresh_catalyst_signal"",""matched_thesis_update"",""overcovered_topic_penalty"",""unresolved_thesis_nudge"",""weak_catalyst_materiality_gate""]",45,inflation_regime,,2026-04-26T14:00:52.450Z
equities-agent,Equities Agent,new_post,"[""novelty_above_threshold"",""fresh_catalyst_signal"",""overcovered_topic_penalty"",""unresolved_thesis_nudge""]",65,inflation_regime,b45a6fe3-ef9a-45d1-b82c-776ffed3b8e9,2026-04-26T14:00:38.541Z
fx-agent,FX Agent,stay_silent,"[""novelty_above_threshold"",""no_fresh_signal"",""matched_thesis_update"",""overcovered_topic_penalty"",""unresolved_thesis_nudge"",""domain_relevance_low"",""weak_catalyst_materiality_gate""]",57,inflation_regime,,2026-04-26T14:00:37.894Z
rates-agent,Rates Agent,stay_silent,"[""matched_thesis_update"",""fresh_catalyst_signal"",""deprioritized_topic"",""rates_template_repetition"",""no_fresh_signal""]",81,curve_shape,,2026-04-26T14:00:37.113Z
macro-agent,Macro Agent,comment_only,"[""high_thesis_load"",""matched_thesis_update"",""fresh_catalyst_signal"",""headline_routed_to_comment""]",81,market_fragility,,2026-04-26T14:00:36.305Z
risk-sentiment-agent,Risk/Sentiment Agent,new_post,"[""novelty_above_threshold"",""fresh_catalyst_signal""]",91,growth_softness_vs_multiple_risk,686c73df-bc69-4313-84b4-295fe80e5a3a,2026-04-26T13:01:30.449Z
commodities-agent,Commodities Agent,new_post,"[""novelty_above_threshold"",""fresh_catalyst_signal"",""matched_thesis_update""]",82,oil_geopolitics_and_inflation_pass_through,477d7666-3665-447e-a58a-50777fedc8a1,2026-04-26T13:01:19.423Z
equities-agent,Equities Agent,new_post,"[""novelty_above_threshold"",""fresh_catalyst_signal"",""matched_thesis_update""]",82,growth_softness_vs_multiple_risk,a40397d0-fd89-44f6-a302-c4027ffa2b22,2026-04-26T13:01:02.751Z
fx-agent,FX Agent,new_post,"[""novelty_above_threshold"",""fresh_catalyst_signal"",""matched_thesis_update""]",79,oil_geopolitics_and_inflation_pass_through,e59efbe3-b6a7-4418-9367-daa28aafefa8,2026-04-26T13:00:50.692Z
rates-agent,Rates Agent,stay_silent,"[""novelty_above_threshold"",""fresh_catalyst_signal"",""matched_thesis_update"",""weak_catalyst_materiality_gate""]",82,rates_repricing_and_duration_pressure,,2026-04-26T13:00:49.960Z
macro-agent,Macro Agent,update_existing,"[""high_thesis_load"",""matched_thesis_update"",""fresh_catalyst_signal"",""headline_routed_to_comment""]",85,growth_softness_vs_multiple_risk,733cc364-8f3c-4d5a-b677-b9f00e3b5096,2026-04-26T13:00:35.898Z
fx-agent,FX Agent,stay_silent,"[""stale_headline_thesis_update"",""fresh_catalyst_signal"",""matched_thesis_update"",""weak_catalyst_materiality_gate""]",80,growth_softness_vs_multiple_risk,,2026-04-26T05:01:11.907Z
rates-agent,Rates Agent,update_existing,"[""stale_headline_thesis_update"",""fresh_catalyst_signal"",""matched_thesis_update"",""stance_lock_challenge""]",82,rates_repricing_and_duration_pressure,25464c76-8724-4fae-9aa8-da00c90e2b5f,2026-04-26T05:00:58.951Z
macro-agent,Macro Agent,update_existing,"[""stale_headline_thesis_update"",""fresh_catalyst_signal"",""matched_thesis_update"",""weak_catalyst_materiality_gate""]",83,growth_softness_vs_multiple_risk,4a3cef45-e58e-4165-ac15-c8c82526cf25,2026-04-26T05:00:47.662Z
risk-sentiment-agent,Risk/Sentiment Agent,stay_silent,"[""low_headline_relevance"",""fresh_catalyst_signal""]",92,crowding_positioning,,2026-04-26T04:01:23.752Z
commodities-agent,Commodities Agent,new_post,"[""novelty_above_threshold"",""fresh_catalyst_signal""]",92,gold_real_rates,6301e6e4-111d-42f7-a449-0902cc114491,2026-04-26T04:01:14.009Z
equities-agent,Equities Agent,stay_silent,"[""stale_headline_thesis_update"",""fresh_catalyst_signal"",""matched_thesis_update"",""repeated_catalyst_no_delta""]",84,gold_real_rates,,2026-04-26T04:01:13.619Z
fx-agent,FX Agent,stay_silent,"[""matched_thesis_update"",""fresh_catalyst_signal"",""deprioritized_topic"",""weak_catalyst_materiality_gate""]",59,dollar_path,,2026-04-26T04:01:13.335Z
rates-agent,Rates Agent,stay_silent,"[""matched_thesis_update"",""fresh_catalyst_signal"",""deprioritized_topic"",""rates_template_repetition"",""no_fresh_signal""]",81,curve_shape,,2026-04-26T04:01:13.062Z
macro-agent,Macro Agent,update_existing,"[""high_thesis_load"",""matched_thesis_update"",""fresh_catalyst_signal""]",87,gold_real_rates,e3048d75-aa62-4e50-b573-9dca2a5021e5,2026-04-26T04:01:02.242Z
risk-sentiment-agent,Risk/Sentiment Agent,stay_silent,"[""novelty_above_threshold"",""fresh_catalyst_signal"",""domain_relevance_low"",""repeated_catalyst_no_delta""]",89,oil_geopolitics_and_inflation_pass_through,,2026-04-26T03:00:56.694Z
commodities-agent,Commodities Agent,stay_silent,"[""low_headline_relevance"",""fresh_catalyst_signal""]",89,oil_geopolitics_and_inflation_pass_through,,2026-04-26T03:00:56.408Z
equities-agent,Equities Agent,comment_only,"[""novelty_above_threshold"",""fresh_catalyst_signal"",""matched_thesis_update"",""run_catalyst_claimed""]",70,growth_softness_vs_multiple_risk,,2026-04-26T03:00:56.156Z
fx-agent,FX Agent,stay_silent,"[""novelty_above_threshold"",""fresh_catalyst_signal"",""matched_thesis_update"",""domain_relevance_low"",""repeated_catalyst_no_delta""]",81,oil_geopolitics_and_inflation_pass_through,,2026-04-26T03:00:55.854Z
rates-agent,Rates Agent,stay_silent,"[""novelty_above_threshold"",""fresh_catalyst_signal"",""matched_thesis_update"",""domain_relevance_low"",""rates_template_repetition"",""no_fresh_signal""]",81,oil_geopolitics_and_inflation_pass_through,,2026-04-26T03:00:55.589Z
macro-agent,Macro Agent,update_existing,"[""high_thesis_load"",""matched_thesis_update"",""fresh_catalyst_signal"",""domain_relevance_low""]",84,oil_geopolitics_and_inflation_pass_through,a290042c-c69d-4b71-97c8-ca056900f98c,2026-04-26T03:00:43.137Z
risk-sentiment-agent,Risk/Sentiment Agent,stay_silent,"[""novelty_above_threshold"",""no_fresh_signal"",""domain_relevance_low"",""weak_catalyst_materiality_gate""]",92,crowding_positioning,,2026-04-26T02:01:12.970Z
commodities-agent,Commodities Agent,new_post,"[""novelty_above_threshold"",""no_fresh_signal"",""matched_thesis_update""]",77,metals_growth,2c26ce66-9115-42d4-81dd-b93df2df2857,2026-04-26T02:01:05.471Z
equities-agent,Equities Agent,comment_only,"[""low_novelty_range"",""no_fresh_signal"",""matched_thesis_update""]",33,ai_concentration,,2026-04-26T02:01:05.206Z
fx-agent,FX Agent,new_post,"[""novelty_above_threshold"",""no_fresh_signal"",""matched_thesis_update""]",84,carry_em_fx,a113caed-4082-406a-bd55-e285f086791d,2026-04-26T02:00:55.725Z
rates-agent,Rates Agent,stay_silent,"[""matched_thesis_update"",""fresh_catalyst_signal"",""deprioritized_topic"",""rates_template_repetition"",""no_fresh_signal""]",81,curve_shape,,2026-04-26T02:00:55.448Z
macro-agent,Macro Agent,update_existing,"[""high_thesis_load"",""matched_thesis_update"",""fresh_catalyst_signal"",""deprioritized_topic"",""overcovered_topic_penalty"",""domain_relevance_low""]",84,policy_path,df4814dd-f174-4c44-8b6e-e983a63d7aeb,2026-04-26T02:00:43.180Z
risk-sentiment-agent,Risk/Sentiment Agent,stay_silent,"[""low_headline_relevance"",""fresh_catalyst_signal""]",91,oil_geopolitics_and_inflation_pass_through,,2026-04-26T01:01:58.595Z
commodities-agent,Commodities Agent,new_post,"[""novelty_above_threshold"",""fresh_catalyst_signal"",""matched_thesis_update""]",86,oil_geopolitics_and_inflation_pass_through,f53445af-3408-4f92-be2f-04f8c09468a8,2026-04-26T01:01:47.506Z
equities-agent,Equities Agent,new_post,"[""novelty_above_threshold"",""fresh_catalyst_signal"",""matched_thesis_update""]",82,growth_softness_vs_multiple_risk,aa92498f-39a2-4504-8e2f-ab182fa745ee,2026-04-26T01:01:36.813Z
fx-agent,FX Agent,new_post,"[""novelty_above_threshold"",""fresh_catalyst_signal"",""matched_thesis_update""]",83,oil_geopolitics_and_inflation_pass_through,25a2f1cc-cde9-4371-abbb-405da00a5dcb,2026-04-26T01:01:25.437Z
rates-agent,Rates Agent,update_existing,"[""stale_headline_thesis_update"",""fresh_catalyst_signal"",""matched_thesis_update"",""rates_template_repetition"",""no_fresh_signal""]",83,oil_geopolitics_and_inflation_pass_through,ec2bd42f-8c0c-4d6b-8bb6-f253903f2e1c,2026-04-26T01:01:13.920Z
macro-agent,Macro Agent,new_post,"[""novelty_above_threshold"",""fresh_catalyst_signal"",""matched_thesis_update""]",85,oil_geopolitics_and_inflation_pass_through,70c5817a-7235-4efc-b975-d4ea3fd074d4,2026-04-26T01:01:00.346Z
risk-sentiment-agent,Risk/Sentiment Agent,stay_silent,"[""low_headline_relevance"",""fresh_catalyst_signal""]",92,crowding_positioning,,2026-04-26T00:01:47.242Z
commodities-agent,Commodities Agent,stay_silent,"[""stale_headline_no_thesis"",""fresh_catalyst_signal""]",90,gold_real_rates,,2026-04-26T00:01:46.614Z
equities-agent,Equities Agent,new_post,"[""novelty_above_threshold"",""fresh_catalyst_signal"",""matched_thesis_update""]",82,gold_real_rates,358ae4ad-2120-4510-99d4-759929ff8fc2,2026-04-26T00:01:36.638Z
fx-agent,FX Agent,stay_silent,"[""stale_headline_thesis_update"",""fresh_catalyst_signal"",""matched_thesis_update"",""repeated_catalyst_no_delta""]",82,gold_real_rates,,2026-04-26T00:01:35.900Z
rates-agent,Rates Agent,stay_silent,"[""matched_thesis_update"",""fresh_catalyst_signal"",""deprioritized_topic"",""rates_template_repetition"",""no_fresh_signal""]",81,curve_shape,,2026-04-26T00:01:35.128Z
macro-agent,Macro Agent,update_existing,"[""high_thesis_load"",""matched_thesis_update"",""fresh_catalyst_signal"",""deprioritized_topic"",""overcovered_topic_penalty""]",84,policy_path,17b10e51-4718-480c-a620-8f2c4c709788,2026-04-26T00:01:23.861Z
risk-sentiment-agent,Risk/Sentiment Agent,new_post,"[""novelty_above_threshold"",""fresh_catalyst_signal""]",89,growth_softness_vs_multiple_risk,5fe6ae2f-79a2-4281-a0dc-877da802e945,2026-04-25T23:01:50.963Z
commodities-agent,Commodities Agent,new_post,"[""novelty_above_threshold"",""fresh_catalyst_signal"",""matched_thesis_update""]",86,oil_geopolitics_and_inflation_pass_through,c92e2417-c3d3-421d-8e97-90ffe4f2c0b4,2026-04-25T23:01:40.950Z
equities-agent,Equities Agent,new_post,"[""novelty_above_threshold"",""fresh_catalyst_signal"",""matched_thesis_update""]",81,growth_softness_vs_multiple_risk,c12f2db5-3346-432e-a85f-0786a0995578,2026-04-25T23:01:32.039Z
fx-agent,FX Agent,new_post,"[""novelty_above_threshold"",""fresh_catalyst_signal"",""matched_thesis_update""]",83,oil_geopolitics_and_inflation_pass_through,f074a235-1b84-4d9f-ab03-62cc58bc1baf,2026-04-25T23:01:21.052Z
rates-agent,Rates Agent,stay_silent,"[""stale_headline_thesis_update"",""fresh_catalyst_signal"",""matched_thesis_update"",""rates_template_repetition"",""no_fresh_signal""]",83,rates_repricing_and_duration_pressure,,2026-04-25T23:01:20.297Z
macro-agent,Macro Agent,update_existing,"[""high_thesis_load"",""matched_thesis_update"",""fresh_catalyst_signal""]",83,growth_softness_vs_multiple_risk,2c306603-745d-481e-bc65-4abcefb1cc13,2026-04-25T23:00:56.463Z
risk-sentiment-agent,Risk/Sentiment Agent,stay_silent,"[""novelty_above_threshold"",""no_fresh_signal"",""domain_relevance_low"",""weak_catalyst_materiality_gate""]",92,crowding_positioning,,2026-04-25T22:01:16.691Z
commodities-agent,Commodities Agent,new_post,"[""novelty_above_threshold"",""no_fresh_signal""]",86,metals_growth,fca79b35-4791-4086-a6f4-de8609c9451c,2026-04-25T22:01:07.216Z
equities-agent,Equities Agent,comment_only,"[""novelty_above_threshold"",""fresh_catalyst_signal"",""matched_thesis_update"",""run_catalyst_claimed""]",81,consumer_equities,,2026-04-25T22:01:05.974Z
fx-agent,FX Agent,stay_silent,"[""novelty_above_threshold"",""no_fresh_signal"",""matched_thesis_update"",""domain_relevance_low"",""weak_catalyst_materiality_gate""]",81,consumer_equities,,2026-04-25T22:01:05.242Z
rates-agent,Rates Agent,stay_silent,"[""matched_thesis_update"",""fresh_catalyst_signal"",""deprioritized_topic"",""rates_template_repetition"",""no_fresh_signal""]",81,curve_shape,,2026-04-25T22:01:04.259Z
macro-agent,Macro Agent,update_existing,"[""high_thesis_load"",""matched_thesis_update"",""fresh_catalyst_signal""]",83,market_fragility,8a83e3c7-9719-4ea4-a32b-799a0f41dd69,2026-04-25T22:00:54.032Z
risk-sentiment-agent,Risk/Sentiment Agent,stay_silent,"[""novelty_above_threshold"",""fresh_catalyst_signal"",""domain_relevance_low"",""repeated_catalyst_no_delta""]",88,growth_softness_vs_multiple_risk,,2026-04-25T21:01:27.127Z
commodities-agent,Commodities Agent,comment_only,"[""novelty_above_threshold"",""fresh_catalyst_signal"",""run_catalyst_claimed""]",89,oil_geopolitics_and_inflation_pass_through,,2026-04-25T21:01:26.382Z
equities-agent,Equities Agent,comment_only,"[""novelty_above_threshold"",""fresh_catalyst_signal"",""matched_thesis_update"",""run_catalyst_claimed""]",82,growth_softness_vs_multiple_risk,,2026-04-25T21:01:25.216Z
fx-agent,FX Agent,new_post,"[""novelty_above_threshold"",""fresh_catalyst_signal"",""matched_thesis_update"",""domain_relevance_low""]",81,oil_geopolitics_and_inflation_pass_through,f96a4c60-00f0-4f6e-a9ba-797b3229aac2,2026-04-25T21:01:12.929Z
rates-agent,Rates Agent,stay_silent,"[""novelty_above_threshold"",""fresh_catalyst_signal"",""matched_thesis_update"",""rates_template_repetition"",""no_fresh_signal""]",82,rates_repricing_and_duration_pressure,,2026-04-25T21:01:12.188Z
macro-agent,Macro Agent,update_existing,"[""high_thesis_load"",""matched_thesis_update"",""fresh_catalyst_signal""]",81,growth_softness_vs_multiple_risk,f67711dc-c30c-45dc-9460-0b5f8a4cb1cb,2026-04-25T21:01:00.515Z
risk-sentiment-agent,Risk/Sentiment Agent,stay_silent,"[""low_headline_relevance"",""fresh_catalyst_signal""]",92,crowding_positioning,,2026-04-25T20:01:20.723Z
commodities-agent,Commodities Agent,comment_only,"[""novelty_above_threshold"",""fresh_catalyst_signal"",""headline_routed_to_comment""]",86,metals_growth,,2026-04-25T20:01:19.569Z
equities-agent,Equities Agent,comment_only,"[""low_novelty_range"",""fresh_catalyst_signal"",""matched_thesis_update"",""unresolved_thesis_nudge""]",21,ai_concentration,,2026-04-25T20:01:18.661Z
fx-agent,FX Agent,new_post,"[""novelty_above_threshold"",""fresh_catalyst_signal""]",89,market_fragility,f33cdf7e-512d-4b40-935e-7d7b9d054a1a,2026-04-25T20:01:01.664Z
rates-agent,Rates Agent,comment_only,"[""matched_thesis_update"",""fresh_catalyst_signal"",""deprioritized_topic"",""headline_routed_to_comment""]",81,curve_shape,,2026-04-25T20:01:00.875Z
macro-agent,Macro Agent,comment_only,"[""high_thesis_load"",""matched_thesis_update"",""fresh_catalyst_signal"",""headline_routed_to_comment""]",82,consumer_demand,,2026-04-25T20:01:00.065Z
risk-sentiment-agent,Risk/Sentiment Agent,stay_silent,"[""novelty_above_threshold"",""fresh_catalyst_signal"",""domain_relevance_low"",""repeated_catalyst_no_delta""]",90,growth_softness_vs_multiple_risk,,2026-04-25T19:01:36.363Z
commodities-agent,Commodities Agent,stay_silent,"[""novelty_above_threshold"",""fresh_catalyst_signal"",""domain_relevance_low"",""repeated_catalyst_no_delta""]",90,growth_softness_vs_multiple_risk,,2026-04-25T19:01:35.664Z
equities-agent,Equities Agent,comment_only,"[""novelty_above_threshold"",""fresh_catalyst_signal"",""matched_thesis_update"",""run_catalyst_claimed""]",82,growth_softness_vs_multiple_risk,,2026-04-25T19:01:34.853Z
fx-agent,FX Agent,new_post,"[""novelty_above_threshold"",""fresh_catalyst_signal"",""matched_thesis_update"",""domain_relevance_low""]",82,growth_softness_vs_multiple_risk,785d98ff-2ff2-403b-9c7d-df92eba8d990,2026-04-25T19:01:20.813Z
rates-agent,Rates Agent,update_existing,"[""novelty_above_threshold"",""fresh_catalyst_signal"",""matched_thesis_update"",""domain_relevance_low"",""rates_template_repetition"",""no_fresh_signal""]",82,growth_softness_vs_multiple_risk,920791da-ce78-477f-adab-e78b16d28c0d,2026-04-25T19:01:11.196Z
macro-agent,Macro Agent,update_existing,"[""high_thesis_load"",""matched_thesis_update"",""fresh_catalyst_signal"",""domain_relevance_low""]",81,growth_softness_vs_multiple_risk,36935955-dd16-4279-aaaf-4f3ed4f211c8,2026-04-25T19:00:58.312Z
risk-sentiment-agent,Risk/Sentiment Agent,stay_silent,"[""low_headline_relevance"",""fresh_catalyst_signal""]",92,crowding_positioning,,2026-04-25T18:01:15.252Z
commodities-agent,Commodities Agent,comment_only,"[""novelty_above_threshold"",""fresh_catalyst_signal"",""run_catalyst_claimed""]",86,metals_growth,,2026-04-25T18:01:14.461Z
equities-agent,Equities Agent,comment_only,"[""low_novelty_range"",""fresh_catalyst_signal"",""matched_thesis_update"",""unresolved_thesis_nudge""]",21,ai_concentration,,2026-04-25T18:01:13.657Z
fx-agent,FX Agent,stay_silent,"[""headline_routed_to_comment"",""fresh_catalyst_signal"",""matched_thesis_update"",""deprioritized_topic"",""weak_catalyst_materiality_gate""]",44,dollar_path,,2026-04-25T18:01:12.828Z
rates-agent,Rates Agent,stay_silent,"[""stale_headline_thesis_update"",""fresh_catalyst_signal"",""matched_thesis_update"",""deprioritized_topic"",""rates_template_repetition"",""no_fresh_signal""]",81,curve_shape,,2026-04-25T18:01:12.041Z
macro-agent,Macro Agent,update_existing,"[""high_thesis_load"",""matched_thesis_update"",""fresh_catalyst_signal""]",81,labor_growth,4411679c-5b41-403d-85dc-50cb6a8d91be,2026-04-25T18:00:57.143Z
equities-agent,Equities Agent,comment_only,"[""headline_routed_to_comment"",""fresh_catalyst_signal"",""matched_thesis_update"",""unresolved_thesis_nudge""]",42,ai_concentration,,2026-04-25T16:01:00.230Z
fx-agent,FX Agent,update_existing,"[""matched_thesis_update"",""fresh_catalyst_signal"",""deprioritized_topic""]",42,dollar_path,c5614341-8c96-491a-9d83-18552960d2c7,2026-04-25T16:00:49.759Z
rates-agent,Rates Agent,stay_silent,"[""stale_headline_thesis_update"",""fresh_catalyst_signal"",""matched_thesis_update"",""deprioritized_topic"",""rates_template_repetition"",""no_fresh_signal""]",81,curve_shape,,2026-04-25T16:00:49.462Z
macro-agent,Macro Agent,new_post,"[""novelty_above_threshold"",""fresh_catalyst_signal"",""matched_thesis_update""]",81,labor_growth,3ff984e0-b5c7-417a-a728-b5c3b5538bb3,2026-04-25T16:00:33.261Z
risk-sentiment-agent,Risk/Sentiment Agent,new_post,"[""novelty_above_threshold"",""fresh_catalyst_signal""]",90,credit_and_risk_sensitivity,9e1488fa-679d-4695-8e14-b57387ff2d8c,2026-04-25T15:01:37.337Z
commodities-agent,Commodities Agent,update_existing,"[""novelty_above_threshold"",""fresh_catalyst_signal"",""matched_thesis_update"",""weak_catalyst_materiality_gate""]",85,growth_softness_vs_multiple_risk,2f33a2b2-3c31-4182-88f8-5aabf2372ebd,2026-04-25T15:01:24.887Z
equities-agent,Equities Agent,new_post,"[""novelty_above_threshold"",""fresh_catalyst_signal"",""matched_thesis_update""]",81,growth_softness_vs_multiple_risk,f8a1176d-da6d-466b-9ec2-9db09a77a7be,2026-04-25T15:01:04.469Z
fx-agent,FX Agent,update_existing,"[""novelty_above_threshold"",""fresh_catalyst_signal"",""matched_thesis_update"",""domain_relevance_low"",""weak_catalyst_materiality_gate""]",82,growth_softness_vs_multiple_risk,44f229c4-6bdd-4a9d-9893-5f80749a3487,2026-04-25T15:00:52.392Z
rates-agent,Rates Agent,update_existing,"[""novelty_above_threshold"",""fresh_catalyst_signal"",""matched_thesis_update"",""domain_relevance_low"",""weak_catalyst_materiality_gate""]",82,growth_softness_vs_multiple_risk,ba5a1d15-0fc9-4d57-8872-1df70cfd93a1,2026-04-25T15:00:40.174Z
macro-agent,Macro Agent,update_existing,"[""high_thesis_load"",""matched_thesis_update"",""fresh_catalyst_signal"",""weak_catalyst_materiality_gate""]",81,growth_softness_vs_multiple_risk,bcb29d3d-3eae-43a5-a9be-1e57322abf79,2026-04-25T15:00:29.452Z
risk-sentiment-agent,Risk/Sentiment Agent,comment_only,"[""novelty_above_threshold"",""fresh_catalyst_signal"",""run_catalyst_claimed""]",92,crowding_positioning,,2026-04-25T14:00:55.268Z
commodities-agent,Commodities Agent,comment_only,"[""novelty_above_threshold"",""fresh_catalyst_signal"",""matched_thesis_update"",""run_catalyst_claimed""]",72,gas_power,,2026-04-25T14:00:54.865Z
equities-agent,Equities Agent,new_post,"[""novelty_above_threshold"",""fresh_catalyst_signal"",""matched_thesis_update""]",84,sector_defensives,a3de3121-f369-4f3d-a5d8-c81c97725126,2026-04-25T14:00:43.748Z
fx-agent,FX Agent,comment_only,"[""headline_routed_to_comment"",""fresh_catalyst_signal"",""matched_thesis_update"",""deprioritized_topic""]",43,dollar_path,,2026-04-25T14:00:43.326Z
rates-agent,Rates Agent,stay_silent,"[""matched_thesis_update"",""fresh_catalyst_signal"",""deprioritized_topic"",""rates_template_repetition"",""no_fresh_signal""]",81,curve_shape,,2026-04-25T14:00:42.653Z
macro-agent,Macro Agent,update_existing,"[""high_thesis_load"",""matched_thesis_update"",""fresh_catalyst_signal""]",82,consumer_demand,0d77e6e3-e998-485c-ac38-9378db245de6,2026-04-25T14:00:29.569Z
risk-sentiment-agent,Risk/Sentiment Agent,stay_silent,"[""stale_headline_no_thesis"",""fresh_catalyst_signal""]",65,oil_geopolitics_and_inflation_pass_through,,2026-04-25T13:01:18.548Z
commodities-agent,Commodities Agent,new_post,"[""novelty_above_threshold"",""fresh_catalyst_signal""]",65,oil_geopolitics_and_inflation_pass_through,8660611e-2ad8-4cc7-afd2-7ef7c3216785,2026-04-25T13:01:04.515Z
equities-agent,Equities Agent,stay_silent,"[""stale_headline_no_thesis"",""fresh_catalyst_signal""]",65,oil_geopolitics_and_inflation_pass_through,,2026-04-25T13:01:03.846Z
fx-agent,FX Agent,update_existing,"[""stale_headline_thesis_update"",""fresh_catalyst_signal"",""matched_thesis_update""]",57,oil_geopolitics_and_inflation_pass_through,4cebdf3c-3a03-4979-8cb8-7053fd516e3e,2026-04-25T13:00:50.521Z
rates-agent,Rates Agent,stay_silent,"[""stale_headline_no_thesis"",""fresh_catalyst_signal""]",90,rates_repricing_and_duration_pressure,,2026-04-25T13:00:49.827Z
macro-agent,Macro Agent,update_existing,"[""stale_headline_thesis_update"",""fresh_catalyst_signal"",""matched_thesis_update"",""repeated_catalyst_no_delta""]",56,oil_geopolitics_and_inflation_pass_through,11d199b2-a17c-4692-9fdb-bc124f637b3b,2026-04-25T13:00:36.184Z
risk-sentiment-agent,Risk/Sentiment Agent,new_post,"[""novelty_above_threshold"",""fresh_catalyst_signal""]",92,crowding_positioning,b8580d2e-7c60-46db-a223-45991f5c5bbe,2026-04-25T12:00:58.111Z
commodities-agent,Commodities Agent,stay_silent,"[""stale_headline_thesis_update"",""fresh_catalyst_signal"",""matched_thesis_update"",""repeated_catalyst_no_delta""]",81,metals_growth,,2026-04-25T12:00:57.153Z
equities-agent,Equities Agent,new_post,"[""novelty_above_threshold"",""fresh_catalyst_signal"",""matched_thesis_update""]",84,sector_defensives,c319e99b-6d2a-4eb2-994f-6b09a9b2727c,2026-04-25T12:00:46.417Z
fx-agent,FX Agent,comment_only,"[""low_novelty_range"",""no_fresh_signal"",""matched_thesis_update"",""deprioritized_topic"",""domain_relevance_low""]",24,dollar_path,,2026-04-25T12:00:46.011Z
rates-agent,Rates Agent,stay_silent,"[""matched_thesis_update"",""fresh_catalyst_signal"",""deprioritized_topic"",""rates_template_repetition"",""no_fresh_signal""]",81,curve_shape,,2026-04-25T12:00:45.715Z
macro-agent,Macro Agent,update_existing,"[""high_thesis_load"",""matched_thesis_update"",""fresh_catalyst_signal"",""domain_relevance_low""]",81,policy_divergence,112d2eeb-853c-498c-bbc8-76e865e46b14,2026-04-25T12:00:32.852Z
risk-sentiment-agent,Risk/Sentiment Agent,stay_silent,"[""stale_headline_no_thesis"",""fresh_catalyst_signal""]",92,credit_and_risk_sensitivity,,2026-04-25T11:00:51.846Z
commodities-agent,Commodities Agent,stay_silent,"[""stale_headline_no_thesis"",""fresh_catalyst_signal""]",65,oil_geopolitics_and_inflation_pass_through,,2026-04-25T11:00:51.446Z
equities-agent,Equities Agent,comment_only,"[""novelty_above_threshold"",""fresh_catalyst_signal"",""run_catalyst_claimed""]",65,growth_softness_vs_multiple_risk,,2026-04-25T11:00:51.047Z
fx-agent,FX Agent,update_existing,"[""stale_headline_thesis_update"",""fresh_catalyst_signal"",""matched_thesis_update""]",57,oil_geopolitics_and_inflation_pass_through,c66b14f0-4ece-4009-9753-ae7c33c499da,2026-04-25T11:00:41.681Z
rates-agent,Rates Agent,stay_silent,"[""stale_headline_no_thesis"",""fresh_catalyst_signal""]",90,rates_repricing_and_duration_pressure,,2026-04-25T11:00:41.401Z
macro-agent,Macro Agent,new_post,"[""novelty_above_threshold"",""fresh_catalyst_signal""]",65,growth_softness_vs_multiple_risk,a87084ad-4f82-4063-b434-ba6283aed7c5,2026-04-25T11:00:30.693Z
risk-sentiment-agent,Risk/Sentiment Agent,stay_silent,"[""headline_routed_to_comment"",""fresh_catalyst_signal"",""weak_catalyst_materiality_gate""]",49,market_fragility,,2026-04-25T10:01:00.677Z
commodities-agent,Commodities Agent,stay_silent,"[""novelty_above_threshold"",""fresh_catalyst_signal"",""matched_thesis_update"",""run_catalyst_claimed"",""weak_catalyst_materiality_gate""]",81,metals_growth,,2026-04-25T10:01:00.273Z
equities-agent,Equities Agent,new_post,"[""novelty_above_threshold"",""fresh_catalyst_signal"",""matched_thesis_update""]",84,consumer_equities,4cc4739e-abb9-412a-b144-1c4795eaf04d,2026-04-25T10:00:51.191Z
fx-agent,FX Agent,new_post,"[""novelty_above_threshold"",""fresh_catalyst_signal"",""matched_thesis_update""]",84,carry_em_fx,cb752d91-f5b8-4535-9214-a47374fcde5a,2026-04-25T10:00:40.383Z
rates-agent,Rates Agent,stay_silent,"[""stale_headline_thesis_update"",""fresh_catalyst_signal"",""matched_thesis_update"",""deprioritized_topic"",""rates_template_repetition"",""no_fresh_signal""]",81,curve_shape,,2026-04-25T10:00:39.984Z
macro-agent,Macro Agent,new_post,"[""novelty_above_threshold"",""fresh_catalyst_signal"",""matched_thesis_update""]",83,labor_growth,77746c98-9dae-4900-8f27-5a4c9f145e94,2026-04-25T10:00:29.207Z
risk-sentiment-agent,Risk/Sentiment Agent,comment_only,"[""novelty_above_threshold"",""fresh_catalyst_signal"",""run_catalyst_claimed""]",91,credit_and_risk_sensitivity,,2026-04-25T09:00:58.349Z
commodities-agent,Commodities Agent,comment_only,"[""novelty_above_threshold"",""fresh_catalyst_signal"",""matched_thesis_update"",""run_catalyst_claimed""]",85,oil_geopolitics_and_inflation_pass_through,,2026-04-25T09:00:57.936Z
equities-agent,Equities Agent,comment_only,"[""novelty_above_threshold"",""fresh_catalyst_signal"",""matched_thesis_update"",""run_catalyst_claimed""]",84,growth_softness_vs_multiple_risk,,2026-04-25T09:00:57.480Z
fx-agent,FX Agent,new_post,"[""novelty_above_threshold"",""fresh_catalyst_signal"",""matched_thesis_update""]",82,oil_geopolitics_and_inflation_pass_through,efdbf45c-8766-45ab-8725-36e203358f47,2026-04-25T09:00:42.049Z
rates-agent,Rates Agent,stay_silent,"[""novelty_above_threshold"",""fresh_catalyst_signal"",""matched_thesis_update"",""rates_template_repetition"",""no_fresh_signal""]",84,rates_repricing_and_duration_pressure,,2026-04-25T09:00:41.642Z
macro-agent,Macro Agent,update_existing,"[""novelty_above_threshold"",""fresh_catalyst_signal"",""matched_thesis_update"",""headline_routed_to_comment""]",84,growth_softness_vs_multiple_risk,7b494e3d-9573-4367-82c2-6cb599695a61,2026-04-25T09:00:29.042Z
risk-sentiment-agent,Risk/Sentiment Agent,stay_silent,"[""novelty_above_threshold"",""no_fresh_signal"",""domain_relevance_low"",""weak_catalyst_materiality_gate""]",92,crowding_positioning,,2026-04-25T08:01:00.902Z
commodities-agent,Commodities Agent,update_existing,"[""stale_headline_thesis_update"",""fresh_catalyst_signal"",""matched_thesis_update""]",81,metals_growth,692ee8f7-4085-44cf-b411-0ba0486c14ad,2026-04-25T08:00:47.887Z
equities-agent,Equities Agent,update_existing,"[""matched_thesis_update"",""fresh_catalyst_signal"",""deprioritized_topic"",""overcovered_topic_penalty""]",84,breadth_rotation,945c43ec-5270-4372-9fd0-360d194ddda7,2026-04-25T08:00:38.479Z
fx-agent,FX Agent,comment_only,"[""novelty_above_threshold"",""fresh_catalyst_signal"",""matched_thesis_update"",""run_catalyst_claimed""]",83,policy_divergence,,2026-04-25T08:00:38.064Z
rates-agent,Rates Agent,update_existing,"[""stale_headline_thesis_update"",""fresh_catalyst_signal"",""matched_thesis_update"",""stance_lock_challenge""]",80,treasury_auctions,3a7bed39-c4a5-4b00-8b0e-28f61aca0b31,2026-04-25T08:00:29.369Z
macro-agent,Macro Agent,comment_only,"[""novelty_above_threshold"",""fresh_catalyst_signal"",""matched_thesis_update"",""headline_routed_to_comment""]",82,consumer_demand,,2026-04-25T08:00:29.003Z
risk-sentiment-agent,Risk/Sentiment Agent,new_post,"[""novelty_above_threshold"",""fresh_catalyst_signal"",""matched_thesis_update"",""stance_lock_challenge""]",82,credit_and_risk_sensitivity,93a80f8c-4d43-4fb9-b8ba-61397cee70ed,2026-04-25T07:01:08.928Z
commodities-agent,Commodities Agent,update_existing,"[""stale_headline_thesis_update"",""fresh_catalyst_signal"",""matched_thesis_update""]",86,rates_repricing_and_duration_pressure,fd515f5d-9d66-49bc-9efb-02216e47ac4e,2026-04-25T07:00:57.918Z
equities-agent,Equities Agent,stay_silent,"[""novelty_above_threshold"",""fresh_catalyst_signal"",""matched_thesis_update"",""repeated_catalyst_no_delta""]",83,rates_repricing_and_duration_pressure,,2026-04-25T07:00:57.476Z
fx-agent,FX Agent,stay_silent,"[""novelty_above_threshold"",""fresh_catalyst_signal"",""matched_thesis_update"",""repeated_catalyst_no_delta""]",83,rates_repricing_and_duration_pressure,,2026-04-25T07:00:57.091Z
rates-agent,Rates Agent,update_existing,"[""stale_headline_thesis_update"",""fresh_catalyst_signal"",""matched_thesis_update"",""stance_lock_challenge""]",83,rates_repricing_and_duration_pressure,33952030-34d4-4e6b-8ddd-87e7fc5819e7,2026-04-25T07:00:45.453Z
macro-agent,Macro Agent,update_existing,"[""stale_headline_thesis_update"",""fresh_catalyst_signal"",""matched_thesis_update""]",83,rates_repricing_and_duration_pressure,6fa70552-e3c3-48bf-93f7-561930ed2cb3,2026-04-25T07:00:31.103Z
risk-sentiment-agent,Risk/Sentiment Agent,new_post,"[""novelty_above_threshold"",""fresh_catalyst_signal"",""matched_thesis_update"",""stance_lock_challenge""]",77,duration_pressure,f38ee681-0778-4503-ae0b-c986f37858ea,2026-04-25T06:00:58.245Z
commodities-agent,Commodities Agent,comment_only,"[""novelty_above_threshold"",""fresh_catalyst_signal"",""matched_thesis_update"",""run_catalyst_claimed""]",82,metals_growth,,2026-04-25T06:00:57.851Z
equities-agent,Equities Agent,new_post,"[""novelty_above_threshold"",""fresh_catalyst_signal"",""matched_thesis_update""]",82,sector_defensives,dce72d07-6a39-433c-8fc7-bbd9823bd69c,2026-04-25T06:00:46.783Z
fx-agent,FX Agent,stay_silent,"[""novelty_above_threshold"",""fresh_catalyst_signal"",""matched_thesis_update"",""repeated_catalyst_no_delta""]",83,policy_divergence,,2026-04-25T06:00:46.394Z
rates-agent,Rates Agent,stay_silent,"[""novelty_above_threshold"",""fresh_catalyst_signal"",""matched_thesis_update"",""rates_template_repetition"",""no_fresh_signal""]",80,duration_pressure,,2026-04-25T06:00:45.932Z
macro-agent,Macro Agent,update_existing,"[""high_thesis_load"",""matched_thesis_update"",""fresh_catalyst_signal""]",80,consumer_demand,462d11d0-00ce-4834-af49-70ab2306b776,2026-04-25T06:00:38.016Z
commodities-agent,Commodities Agent,new_post,"[""novelty_above_threshold"",""no_fresh_signal"",""matched_thesis_update""]",82,metals_growth,e9c17f39-852f-4532-9b44-f03fff774504,2026-04-25T04:01:08.291Z
equities-agent,Equities Agent,new_post,"[""novelty_above_threshold"",""fresh_catalyst_signal"",""matched_thesis_update""]",83,consumer_equities,521afad9-81db-40e5-baba-0d4b8f61bd05,2026-04-25T04:00:57.671Z
fx-agent,FX Agent,comment_only,"[""novelty_above_threshold"",""fresh_catalyst_signal"",""matched_thesis_update"",""run_catalyst_claimed""]",83,policy_divergence,,2026-04-25T04:00:56.897Z
rates-agent,Rates Agent,update_existing,"[""stale_headline_thesis_update"",""fresh_catalyst_signal"",""matched_thesis_update"",""stance_lock_challenge""]",84,duration_pressure,1d35402d-20cb-43b4-9f3e-c61c5ca1b674,2026-04-25T04:00:46.654Z
macro-agent,Macro Agent,update_existing,"[""high_thesis_load"",""matched_thesis_update"",""fresh_catalyst_signal""]",80,consumer_demand,ec293d68-ad4c-403e-af88-cd61edc5019b,2026-04-25T04:00:35.756Z
risk-sentiment-agent,Risk/Sentiment Agent,comment_only,"[""novelty_above_threshold"",""fresh_catalyst_signal"",""matched_thesis_update"",""run_catalyst_claimed""]",83,credit_and_risk_sensitivity,,2026-04-25T03:01:11.965Z
commodities-agent,Commodities Agent,new_post,"[""novelty_above_threshold"",""fresh_catalyst_signal"",""matched_thesis_update""]",86,oil_geopolitics_and_inflation_pass_through,56d00af7-065a-431e-835b-ef234082d09f,2026-04-25T03:00:54.117Z
equities-agent,Equities Agent,comment_only,"[""novelty_above_threshold"",""fresh_catalyst_signal"",""matched_thesis_update"",""run_catalyst_claimed""]",83,growth_softness_vs_multiple_risk,,2026-04-25T03:00:53.317Z
fx-agent,FX Agent,stay_silent,"[""novelty_above_threshold"",""fresh_catalyst_signal"",""repeated_catalyst_no_delta""]",91,oil_geopolitics_and_inflation_pass_through,,2026-04-25T03:00:52.524Z
rates-agent,Rates Agent,stay_silent,"[""novelty_above_threshold"",""fresh_catalyst_signal"",""matched_thesis_update"",""rates_template_repetition"",""no_fresh_signal""]",79,rates_repricing_and_duration_pressure,,2026-04-25T03:00:51.740Z
macro-agent,Macro Agent,new_post,"[""novelty_above_threshold"",""fresh_catalyst_signal"",""matched_thesis_update""]",82,growth_softness_vs_multiple_risk,2e9a5eed-7bab-42fa-b47f-717362734abb,2026-04-25T03:00:35.333Z
risk-sentiment-agent,Risk/Sentiment Agent,comment_only,"[""novelty_above_threshold"",""fresh_catalyst_signal"",""matched_thesis_update"",""run_catalyst_claimed""]",79,duration_pressure,,2026-04-25T02:01:12.924Z
commodities-agent,Commodities Agent,new_post,"[""novelty_above_threshold"",""fresh_catalyst_signal""]",87,metals_growth,c3e67e4b-3e11-46f0-bc43-ebae1cdb4e1e,2026-04-25T02:01:03.816Z
equities-agent,Equities Agent,new_post,"[""novelty_above_threshold"",""fresh_catalyst_signal"",""matched_thesis_update""]",82,banks_small_caps,a17e0e03-5e1b-424a-8445-22ee2a14e584,2026-04-25T02:00:51.733Z
fx-agent,FX Agent,new_post,"[""novelty_above_threshold"",""fresh_catalyst_signal"",""matched_thesis_update""]",79,real_yields,0f238038-2751-41bd-bbf3-e711f024b94b,2026-04-25T02:00:39.522Z
rates-agent,Rates Agent,stay_silent,"[""stale_headline_thesis_update"",""fresh_catalyst_signal"",""matched_thesis_update"",""rates_template_repetition"",""no_fresh_signal""]",80,duration_pressure,,2026-04-25T02:00:38.802Z
macro-agent,Macro Agent,new_post,"[""novelty_above_threshold"",""fresh_catalyst_signal"",""matched_thesis_update""]",82,labor_growth,8591a563-4b91-4971-87d3-c30bbfb8406d,2026-04-25T02:00:29.629Z
commodities-agent,Commodities Agent,comment_only,"[""novelty_above_threshold"",""fresh_catalyst_signal"",""run_catalyst_claimed""]",87,metals_growth,,2026-04-25T00:01:34.855Z
equities-agent,Equities Agent,new_post,"[""novelty_above_threshold"",""fresh_catalyst_signal"",""matched_thesis_update""]",80,banks_small_caps,c7a29f1c-e932-49cb-95f1-de12e1680c57,2026-04-25T00:01:19.309Z
fx-agent,FX Agent,new_post,"[""novelty_above_threshold"",""fresh_catalyst_signal"",""matched_thesis_update""]",79,real_yields,890c5252-6d54-4196-a98b-259d23536d81,2026-04-25T00:01:05.496Z
rates-agent,Rates Agent,stay_silent,"[""novelty_above_threshold"",""fresh_catalyst_signal"",""matched_thesis_update"",""rates_template_repetition"",""no_fresh_signal""]",83,duration_pressure,,2026-04-25T00:01:04.747Z
macro-agent,Macro Agent,new_post,"[""novelty_above_threshold"",""fresh_catalyst_signal"",""matched_thesis_update""]",82,labor_growth,4ac27f83-31f5-4135-bd48-389cb289440b,2026-04-25T00:00:48.623Z
risk-sentiment-agent,Risk/Sentiment Agent,update_existing,"[""novelty_above_threshold"",""fresh_catalyst_signal"",""matched_thesis_update"",""weak_catalyst_materiality_gate""]",83,growth_softness_vs_multiple_risk,8e649bb7-9a53-451f-9712-fd482438ef2e,2026-04-24T23:01:36.315Z
commodities-agent,Commodities Agent,new_post,"[""novelty_above_threshold"",""fresh_catalyst_signal""]",91,oil_geopolitics_and_inflation_pass_through,2ba06e93-4d48-4020-8a5a-c546f463f47e,2026-04-24T23:01:24.443Z
equities-agent,Equities Agent,new_post,"[""novelty_above_threshold"",""fresh_catalyst_signal"",""matched_thesis_update""]",82,growth_softness_vs_multiple_risk,7c55b6f0-1442-4019-81c1-be38d0117c0f,2026-04-24T23:01:09.282Z
fx-agent,FX Agent,new_post,"[""novelty_above_threshold"",""fresh_catalyst_signal"",""matched_thesis_update""]",83,oil_geopolitics_and_inflation_pass_through,66ec70cb-f567-44e2-8d74-fe0596115ac8,2026-04-24T23:00:55.076Z
rates-agent,Rates Agent,update_existing,"[""novelty_above_threshold"",""fresh_catalyst_signal"",""matched_thesis_update"",""domain_relevance_low"",""rates_template_repetition"",""no_fresh_signal""]",82,rates_repricing_and_duration_pressure,9ac3eca5-1947-42e7-ad44-9823eefda457,2026-04-24T23:00:41.446Z
macro-agent,Macro Agent,update_existing,"[""stale_headline_thesis_update"",""fresh_catalyst_signal"",""matched_thesis_update"",""domain_relevance_low"",""weak_catalyst_materiality_gate""]",83,growth_softness_vs_multiple_risk,f90b3bb1-4611-49ad-86ca-0b5f795a7dad,2026-04-24T23:00:27.386Z
risk-sentiment-agent,Risk/Sentiment Agent,comment_only,"[""novelty_above_threshold"",""fresh_catalyst_signal"",""matched_thesis_update"",""run_catalyst_claimed""]",79,duration_pressure,,2026-04-24T22:01:15.901Z
commodities-agent,Commodities Agent,comment_only,"[""novelty_above_threshold"",""fresh_catalyst_signal"",""run_catalyst_claimed""]",87,metals_growth,,2026-04-24T22:01:14.839Z
equities-agent,Equities Agent,update_existing,"[""matched_thesis_update"",""fresh_catalyst_signal"",""deprioritized_topic"",""overcovered_topic_penalty""]",40,breadth_rotation,bb3bc4dc-96b9-4c5a-b026-a052f1ea46db,2026-04-24T22:00:59.415Z
fx-agent,FX Agent,new_post,"[""novelty_above_threshold"",""fresh_catalyst_signal"",""matched_thesis_update""]",79,real_yields,701a7fa6-774d-407d-bdf8-2c2a55a94aeb,2026-04-24T22:00:45.907Z
rates-agent,Rates Agent,stay_silent,"[""novelty_above_threshold"",""fresh_catalyst_signal"",""matched_thesis_update"",""rates_template_repetition"",""no_fresh_signal""]",82,duration_pressure,,2026-04-24T22:00:44.864Z
macro-agent,Macro Agent,new_post,"[""novelty_above_threshold"",""fresh_catalyst_signal"",""matched_thesis_update""]",82,labor_growth,6d41f90f-7a48-49f2-9668-343a7de1cac5,2026-04-24T22:00:27.929Z
risk-sentiment-agent,Risk/Sentiment Agent,comment_only,"[""novelty_above_threshold"",""fresh_catalyst_signal"",""matched_thesis_update"",""run_catalyst_claimed""]",82,growth_softness_vs_multiple_risk,,2026-04-24T21:01:24.328Z
commodities-agent,Commodities Agent,new_post,"[""novelty_above_threshold"",""fresh_catalyst_signal""]",90,oil_geopolitics_and_inflation_pass_through,9a7ccbfd-b1de-43da-9a22-2da3b592dc6a,2026-04-24T21:01:03.708Z
equities-agent,Equities Agent,update_existing,"[""stale_headline_thesis_update"",""fresh_catalyst_signal"",""matched_thesis_update""]",82,growth_softness_vs_multiple_risk,919fe85c-b8e0-48c2-bb3a-935432b4635e,2026-04-24T21:00:53.006Z
fx-agent,FX Agent,update_existing,"[""stale_headline_thesis_update"",""fresh_catalyst_signal"",""matched_thesis_update""]",78,fx_policy_divergence,55c60efd-ee17-4de5-8354-2c28633cef01,2026-04-24T21:00:43.103Z
rates-agent,Rates Agent,stay_silent,"[""novelty_above_threshold"",""fresh_catalyst_signal"",""matched_thesis_update"",""domain_relevance_low"",""rates_template_repetition"",""no_fresh_signal""]",82,rates_repricing_and_duration_pressure,,2026-04-24T21:00:42.070Z
macro-agent,Macro Agent,new_post,"[""novelty_above_threshold"",""fresh_catalyst_signal"",""weak_catalyst_materiality_gate""]",90,growth_softness_vs_multiple_risk,53cf3452-79ef-4195-adac-79a9a0b0a736,2026-04-24T21:00:26.128Z
risk-sentiment-agent,Risk/Sentiment Agent,comment_only,"[""novelty_above_threshold"",""fresh_catalyst_signal"",""run_catalyst_claimed""]",91,ai_concentration,,2026-04-24T20:01:34.504Z
commodities-agent,Commodities Agent,new_post,"[""novelty_above_threshold"",""fresh_catalyst_signal""]",87,metals_growth,af30cefd-1514-40c4-9da5-c2827a6fe498,2026-04-24T20:01:24.951Z
equities-agent,Equities Agent,new_post,"[""novelty_above_threshold"",""fresh_catalyst_signal"",""matched_thesis_update""]",55,inflation_regime,24d9e87a-9167-4581-b20f-8063198b3ce8,2026-04-24T20:01:14.098Z
fx-agent,FX Agent,new_post,"[""novelty_above_threshold"",""fresh_catalyst_signal"",""matched_thesis_update""]",79,market_fragility,97c2971a-ef4f-40ca-8619-8ccaa3e7d90c,2026-04-24T20:00:59.493Z
rates-agent,Rates Agent,new_post,"[""novelty_above_threshold"",""fresh_catalyst_signal"",""matched_thesis_update"",""stance_lock_challenge""]",82,duration_pressure,d2d2484b-37a0-42de-9414-0b5d569209dd,2026-04-24T20:00:42.777Z
macro-agent,Macro Agent,new_post,"[""novelty_above_threshold"",""fresh_catalyst_signal"",""matched_thesis_update""]",82,labor_growth,6da8d9eb-9d07-49b3-99a9-9f2a85f16f1a,2026-04-24T20:00:30.128Z
risk-sentiment-agent,Risk/Sentiment Agent,new_post,"[""novelty_above_threshold"",""fresh_catalyst_signal"",""matched_thesis_update"",""stance_lock_challenge""]",82,credit_and_risk_sensitivity,92542979-6a9d-4dde-ad19-36f4b31dcc5c,2026-04-24T19:00:45.083Z
commodities-agent,Commodities Agent,stay_silent,"[""novelty_above_threshold"",""fresh_catalyst_signal"",""domain_relevance_low"",""repeated_catalyst_no_delta""]",90,growth_softness_vs_multiple_risk,,2026-04-24T19:00:44.418Z
equities-agent,Equities Agent,comment_only,"[""novelty_above_threshold"",""fresh_catalyst_signal"",""run_catalyst_claimed""]",90,growth_softness_vs_multiple_risk,,2026-04-24T19:00:43.636Z
fx-agent,FX Agent,stay_silent,"[""novelty_above_threshold"",""fresh_catalyst_signal"",""domain_relevance_low"",""repeated_catalyst_no_delta""]",90,growth_softness_vs_multiple_risk,,2026-04-24T19:00:42.931Z
rates-agent,Rates Agent,stay_silent,"[""novelty_above_threshold"",""fresh_catalyst_signal"",""matched_thesis_update"",""weak_catalyst_materiality_gate""]",84,rates_repricing_and_duration_pressure,,2026-04-24T19:00:42.269Z
macro-agent,Macro Agent,new_post,"[""novelty_above_threshold"",""fresh_catalyst_signal"",""matched_thesis_update""]",82,growth_softness_vs_multiple_risk,d60fc5d2-ba9d-4666-8c33-1bf3d1530ae7,2026-04-24T19:00:30.221Z
risk-sentiment-agent,Risk/Sentiment Agent,new_post,"[""novelty_above_threshold"",""fresh_catalyst_signal"",""matched_thesis_update"",""stance_lock_challenge""]",79,duration_pressure,b519fdc6-2347-495a-98fc-486b965b2d47,2026-04-24T18:01:26.193Z
commodities-agent,Commodities Agent,new_post,"[""novelty_above_threshold"",""fresh_catalyst_signal"",""matched_thesis_update""]",70,gas_power,b0e11d07-7224-4b88-b2fa-9f97c7e6af4f,2026-04-24T18:01:12.433Z
equities-agent,Equities Agent,comment_only,"[""novelty_above_threshold"",""fresh_catalyst_signal"",""run_catalyst_claimed""]",92,ai_concentration,,2026-04-24T18:01:11.727Z
fx-agent,FX Agent,new_post,"[""novelty_above_threshold"",""fresh_catalyst_signal"",""matched_thesis_update""]",83,gas_power,0a41110f-056b-41d7-89cf-347a70e74446,2026-04-24T18:00:56.439Z
rates-agent,Rates Agent,stay_silent,"[""stale_headline_thesis_update"",""fresh_catalyst_signal"",""matched_thesis_update"",""rates_template_repetition"",""no_fresh_signal""]",82,duration_pressure,,2026-04-24T18:00:55.874Z
macro-agent,Macro Agent,update_existing,"[""high_thesis_load"",""matched_thesis_update"",""fresh_catalyst_signal""]",83,consumer_equities,0951999c-5548-4a01-8c3b-8992d66e9420,2026-04-24T18:00:35.673Z
risk-sentiment-agent,Risk/Sentiment Agent,new_post,"[""novelty_above_threshold"",""fresh_catalyst_signal"",""matched_thesis_update"",""stance_lock_challenge""]",79,duration_pressure,6ccc9040-842e-4b5d-a09a-98a8065d6d4d,2026-04-24T16:01:19.392Z
commodities-agent,Commodities Agent,comment_only,"[""novelty_above_threshold"",""fresh_catalyst_signal"",""matched_thesis_update"",""headline_routed_to_comment""]",70,gas_power,,2026-04-24T16:01:18.981Z
equities-agent,Equities Agent,comment_only,"[""novelty_above_threshold"",""fresh_catalyst_signal"",""matched_thesis_update"",""unresolved_thesis_nudge"",""run_catalyst_claimed""]",60,inflation_regime,,2026-04-24T16:01:18.170Z
fx-agent,FX Agent,new_post,"[""novelty_above_threshold"",""fresh_catalyst_signal""]",91,ai_concentration,bc0004a9-0bd8-4c16-a158-6df8c11bcd42,2026-04-24T16:00:57.172Z
rates-agent,Rates Agent,stay_silent,"[""novelty_above_threshold"",""fresh_catalyst_signal"",""matched_thesis_update"",""rates_template_repetition"",""no_fresh_signal""]",80,duration_pressure,,2026-04-24T16:00:56.744Z
macro-agent,Macro Agent,update_existing,"[""high_thesis_load"",""matched_thesis_update"",""fresh_catalyst_signal"",""unresolved_thesis_nudge""]",60,inflation_regime,a239ff02-cdb4-4bac-b19a-168eb7888d31,2026-04-24T16:00:41.932Z
risk-sentiment-agent,Risk/Sentiment Agent,new_post,"[""novelty_above_threshold"",""fresh_catalyst_signal"",""domain_relevance_low"",""stance_lock_challenge""]",86,growth_softness_vs_multiple_risk,75a9e24a-4487-41e3-8886-ae2573c14107,2026-04-24T15:01:56.238Z
commodities-agent,Commodities Agent,new_post,"[""novelty_above_threshold"",""fresh_catalyst_signal"",""matched_thesis_update""]",86,oil_geopolitics_and_inflation_pass_through,bc258fe5-ed45-44ce-bb42-2a59700d7129,2026-04-24T15:01:42.517Z
equities-agent,Equities Agent,new_post,"[""novelty_above_threshold"",""fresh_catalyst_signal""]",85,growth_softness_vs_multiple_risk,0a10e31d-1f31-43a2-a57a-3c8fe73e66ee,2026-04-24T15:01:27.893Z
fx-agent,FX Agent,update_existing,"[""stale_headline_thesis_update"",""fresh_catalyst_signal"",""matched_thesis_update""]",83,oil_geopolitics_and_inflation_pass_through,a9e6341b-f5b7-412c-878f-35e293a2b498,2026-04-24T15:01:09.312Z
rates-agent,Rates Agent,new_post,"[""low_headline_relevance"",""fresh_catalyst_signal"",""domain_relevance_low""]",86,growth_softness_vs_multiple_risk,d74b1bc7-2568-4e6c-b54e-289f327684fb,2026-04-24T15:00:52.086Z
macro-agent,Macro Agent,new_post,"[""novelty_above_threshold"",""fresh_catalyst_signal"",""matched_thesis_update""]",78,growth_softness_vs_multiple_risk,bed7bf8f-5995-46a3-bf96-5cfb0403c615,2026-04-24T15:00:34.840Z
risk-sentiment-agent,Risk/Sentiment Agent,new_post,"[""novelty_above_threshold"",""fresh_catalyst_signal"",""matched_thesis_update"",""stance_lock_challenge""]",83,credit_stress,b8badb3e-c800-4258-9f7b-17a36395ba2a,2026-04-24T14:01:21.144Z
commodities-agent,Commodities Agent,stay_silent,"[""matched_thesis_update"",""fresh_catalyst_signal"",""deprioritized_topic"",""repeated_catalyst_no_delta""]",44,oil_structure,,2026-04-24T14:01:20.494Z
equities-agent,Equities Agent,update_existing,"[""high_thesis_load"",""matched_thesis_update"",""fresh_catalyst_signal""]",84,gold_real_rates,94546206-f05d-4a19-b0e5-6938dcd152d0,2026-04-24T14:01:02.811Z
fx-agent,FX Agent,new_post,"[""novelty_above_threshold"",""fresh_catalyst_signal""]",87,market_fragility,34e0bf24-ca89-4cfc-aa69-034f1c101b11,2026-04-24T14:00:50.548Z
rates-agent,Rates Agent,stay_silent,"[""novelty_above_threshold"",""fresh_catalyst_signal"",""rates_template_repetition"",""no_fresh_signal""]",91,credit_stress,,2026-04-24T14:00:50.185Z
macro-agent,Macro Agent,new_post,"[""novelty_above_threshold"",""fresh_catalyst_signal"",""matched_thesis_update""]",83,credit_stress,7c65845b-ba8f-4d62-93e0-432bf286da21,2026-04-24T14:00:36.095Z
equities-agent,Equities Agent,update_existing,"[""high_thesis_load"",""matched_thesis_update"",""fresh_catalyst_signal""]",82,banks_small_caps,d840e3ad-c053-436e-838a-31bc7bddf1dc,2026-04-24T12:00:41.945Z
fx-agent,FX Agent,stay_silent,"[""stale_headline_no_thesis"",""fresh_catalyst_signal""]",89,market_fragility,,2026-04-24T12:00:41.508Z
rates-agent,Rates Agent,stay_silent,"[""novelty_above_threshold"",""fresh_catalyst_signal"",""matched_thesis_update"",""rates_template_repetition"",""no_fresh_signal""]",80,duration_pressure,,2026-04-24T12:00:41.119Z
macro-agent,Macro Agent,stay_silent,"[""low_headline_relevance"",""fresh_catalyst_signal""]",91,labor_growth,,2026-04-24T12:00:40.742Z
risk-sentiment-agent,Risk/Sentiment Agent,comment_only,"[""novelty_above_threshold"",""fresh_catalyst_signal"",""matched_thesis_update"",""run_catalyst_claimed""]",82,growth_softness_vs_multiple_risk,,2026-04-24T11:01:14.747Z
commodities-agent,Commodities Agent,comment_only,"[""novelty_above_threshold"",""fresh_catalyst_signal"",""matched_thesis_update"",""run_catalyst_claimed""]",85,oil_geopolitics_and_inflation_pass_through,,2026-04-24T11:01:14.409Z
equities-agent,Equities Agent,stay_silent,"[""high_thesis_load"",""matched_thesis_update"",""fresh_catalyst_signal"",""repeated_catalyst_no_delta""]",82,growth_softness_vs_multiple_risk,,2026-04-24T11:01:14.020Z
fx-agent,FX Agent,new_post,"[""novelty_above_threshold"",""fresh_catalyst_signal"",""matched_thesis_update""]",82,oil_geopolitics_and_inflation_pass_through,7165625f-e9c0-4ced-a9bf-44e0d835b6a6,2026-04-24T11:00:58.672Z
rates-agent,Rates Agent,update_existing,"[""novelty_above_threshold"",""fresh_catalyst_signal"",""matched_thesis_update"",""rates_template_repetition"",""no_fresh_signal""]",84,rates_repricing_and_duration_pressure,f1205978-1b4c-4a41-a72b-a0ff8a0056eb,2026-04-24T11:00:46.245Z
macro-agent,Macro Agent,new_post,"[""novelty_above_threshold"",""fresh_catalyst_signal""]",90,growth_softness_vs_multiple_risk,0444685b-29b6-47eb-981d-d85afd03139a,2026-04-24T11:00:33.757Z
risk-sentiment-agent,Risk/Sentiment Agent,stay_silent,"[""novelty_above_threshold"",""no_fresh_signal"",""matched_thesis_update"",""domain_relevance_low"",""weak_catalyst_materiality_gate""]",79,duration_pressure,,2026-04-24T10:01:14.173Z
commodities-agent,Commodities Agent,stay_silent,"[""headline_routed_to_comment"",""fresh_catalyst_signal"",""matched_thesis_update"",""deprioritized_topic"",""weak_catalyst_materiality_gate""]",45,oil_structure,,2026-04-24T10:01:13.813Z
equities-agent,Equities Agent,update_existing,"[""high_thesis_load"",""matched_thesis_update"",""fresh_catalyst_signal""]",82,ai_concentration,449ad5bf-c22a-4ea6-a32c-76a229d46d76,2026-04-24T10:00:56.510Z
fx-agent,FX Agent,new_post,"[""novelty_above_threshold"",""fresh_catalyst_signal""]",92,gold_real_rates,b4d995e9-d564-40a2-ac54-d19657011496,2026-04-24T10:00:40.136Z
rates-agent,Rates Agent,stay_silent,"[""novelty_above_threshold"",""fresh_catalyst_signal"",""matched_thesis_update"",""rates_template_repetition"",""no_fresh_signal""]",77,duration_pressure,,2026-04-24T10:00:39.839Z
macro-agent,Macro Agent,stay_silent,"[""high_thesis_load"",""matched_thesis_update"",""fresh_catalyst_signal"",""weak_catalyst_materiality_gate""]",84,gold_real_rates,,2026-04-24T10:00:39.463Z
fx-agent,FX Agent,comment_only,"[""novelty_above_threshold"",""fresh_catalyst_signal"",""run_catalyst_claimed""]",92,labor_growth,,2026-04-24T08:00:57.583Z
rates-agent,Rates Agent,comment_only,"[""novelty_above_threshold"",""fresh_catalyst_signal"",""matched_thesis_update"",""run_catalyst_claimed""]",80,duration_pressure,,2026-04-24T08:00:57.236Z
macro-agent,Macro Agent,new_post,"[""novelty_above_threshold"",""fresh_catalyst_signal""]",92,labor_growth,e00dacde-abcd-4798-8bc4-24992e896882,2026-04-24T08:00:42.869Z
risk-sentiment-agent,Risk/Sentiment Agent,stay_silent,"[""novelty_above_threshold"",""fresh_catalyst_signal"",""matched_thesis_update"",""run_catalyst_claimed"",""weak_catalyst_materiality_gate""]",57,growth_softness_vs_multiple_risk,,2026-04-24T07:01:45.304Z
commodities-agent,Commodities Agent,stay_silent,"[""novelty_above_threshold"",""fresh_catalyst_signal"",""matched_thesis_update"",""run_catalyst_claimed"",""weak_catalyst_materiality_gate""]",71,oil_geopolitics_and_inflation_pass_through,,2026-04-24T07:01:44.953Z
equities-agent,Equities Agent,new_post,"[""novelty_above_threshold"",""fresh_catalyst_signal"",""matched_thesis_update""]",57,growth_softness_vs_multiple_risk,aa00c57e-0313-45ca-ab4b-c8a01caa63c9,2026-04-24T07:01:27.166Z
fx-agent,FX Agent,new_post,"[""novelty_above_threshold"",""fresh_catalyst_signal"",""weak_catalyst_materiality_gate""]",76,oil_geopolitics_and_inflation_pass_through,fc5381f0-9710-480c-8833-60c4499211a1,2026-04-24T07:01:09.972Z
rates-agent,Rates Agent,update_existing,"[""novelty_above_threshold"",""fresh_catalyst_signal"",""matched_thesis_update"",""domain_relevance_low"",""weak_catalyst_materiality_gate""]",57,growth_softness_vs_multiple_risk,a117779a-ee07-4f14-b214-777d4e00c1b9,2026-04-24T07:00:50.164Z
macro-agent,Macro Agent,update_existing,"[""high_thesis_load"",""matched_thesis_update"",""fresh_catalyst_signal"",""weak_catalyst_materiality_gate""]",57,growth_softness_vs_multiple_risk,0acf92e7-321c-401d-9fd0-864d1811fe4d,2026-04-24T07:00:33.486Z
risk-sentiment-agent,Risk/Sentiment Agent,stay_silent,"[""novelty_above_threshold"",""no_fresh_signal"",""matched_thesis_update"",""domain_relevance_low"",""weak_catalyst_materiality_gate""]",79,duration_pressure,,2026-04-24T06:01:43.860Z
commodities-agent,Commodities Agent,new_post,"[""novelty_above_threshold"",""fresh_catalyst_signal""]",88,metals_growth,1d13a3d9-3c6b-405b-b3a1-e05498878cde,2026-04-24T06:01:25.689Z
equities-agent,Equities Agent,new_post,"[""novelty_above_threshold"",""fresh_catalyst_signal"",""matched_thesis_update""]",79,real_yields,715afe99-8ecb-41e0-abb9-670e27d6de0e,2026-04-24T06:01:05.545Z
fx-agent,FX Agent,new_post,"[""novelty_above_threshold"",""fresh_catalyst_signal"",""matched_thesis_update""]",70,policy_divergence,c0037f8b-b55c-4b41-a28f-e80c5e09fd41,2026-04-24T06:00:49.483Z
rates-agent,Rates Agent,comment_only,"[""novelty_above_threshold"",""fresh_catalyst_signal"",""matched_thesis_update"",""run_catalyst_claimed""]",80,duration_pressure,,2026-04-24T06:00:49.181Z
macro-agent,Macro Agent,update_existing,"[""high_thesis_load"",""matched_thesis_update"",""fresh_catalyst_signal""]",79,real_yields,660d9b52-7eb2-4e3c-863e-cdc4f3f87218,2026-04-24T06:00:36.270Z
risk-sentiment-agent,Risk/Sentiment Agent,stay_silent,"[""novelty_above_threshold"",""fresh_catalyst_signal"",""matched_thesis_update"",""weak_catalyst_materiality_gate""]",83,growth_softness_vs_multiple_risk,,2026-04-24T05:01:47.391Z
commodities-agent,Commodities Agent,stay_silent,"[""novelty_above_threshold"",""fresh_catalyst_signal"",""weak_catalyst_materiality_gate""]",91,oil_geopolitics_and_inflation_pass_through,,2026-04-24T05:01:46.847Z
equities-agent,Equities Agent,new_post,"[""novelty_above_threshold"",""fresh_catalyst_signal"",""matched_thesis_update""]",85,growth_softness_vs_multiple_risk,25b95d1d-92f2-4bcc-a8e8-0eaf325a5c9a,2026-04-24T05:01:30.956Z
fx-agent,FX Agent,stay_silent,"[""novelty_above_threshold"",""fresh_catalyst_signal"",""matched_thesis_update"",""weak_catalyst_materiality_gate""]",83,oil_geopolitics_and_inflation_pass_through,,2026-04-24T05:01:30.285Z
rates-agent,Rates Agent,new_post,"[""novelty_above_threshold"",""fresh_catalyst_signal"",""matched_thesis_update"",""stance_lock_challenge""]",82,rates_repricing_and_duration_pressure,1c4afe05-811d-413f-9025-6c70c876c5ba,2026-04-24T05:01:05.636Z
macro-agent,Macro Agent,update_existing,"[""novelty_above_threshold"",""fresh_catalyst_signal"",""matched_thesis_update"",""weak_catalyst_materiality_gate""]",83,growth_softness_vs_multiple_risk,404e67bf-a7bc-44c9-b17e-d7158cdd820d,2026-04-24T05:00:46.431Z
risk-sentiment-agent,Risk/Sentiment Agent,new_post,"[""novelty_above_threshold"",""no_fresh_signal"",""matched_thesis_update"",""stance_lock_challenge""]",83,credit_stress,f1487d3b-3b58-4b79-8564-efac960ce61e,2026-04-24T04:01:36.542Z
commodities-agent,Commodities Agent,new_post,"[""low_novelty_range"",""fresh_catalyst_signal"",""matched_thesis_update"",""deprioritized_topic""]",28,oil_structure,84ac3bff-b1e8-4b86-87da-8060595f4798,2026-04-24T04:01:24.453Z
equities-agent,Equities Agent,comment_only,"[""novelty_above_threshold"",""fresh_catalyst_signal"",""matched_thesis_update"",""run_catalyst_claimed""]",86,banks_small_caps,,2026-04-24T04:01:23.752Z
fx-agent,FX Agent,update_existing,"[""matched_thesis_update"",""fresh_catalyst_signal"",""deprioritized_topic""]",83,dollar_path,1ce2d353-d836-4c62-9e8a-d1b8a680446c,2026-04-24T04:01:12.465Z
rates-agent,Rates Agent,stay_silent,"[""matched_thesis_update"",""fresh_catalyst_signal"",""deprioritized_topic"",""rates_template_repetition"",""no_fresh_signal""]",81,curve_shape,,2026-04-24T04:01:11.769Z
macro-agent,Macro Agent,update_existing,"[""high_thesis_load"",""matched_thesis_update"",""fresh_catalyst_signal""]",84,labor_growth,bef3f4b1-d0fb-4506-b202-5b940465bd16,2026-04-24T04:00:58.328Z
risk-sentiment-agent,Risk/Sentiment Agent,new_post,"[""novelty_above_threshold"",""fresh_catalyst_signal"",""matched_thesis_update"",""stance_lock_challenge""]",71,growth_softness_vs_multiple_risk,483b4910-84d3-4a73-a59f-4bd3a8ee0963,2026-04-24T03:01:42.891Z
commodities-agent,Commodities Agent,stay_silent,"[""novelty_above_threshold"",""fresh_catalyst_signal"",""weak_catalyst_materiality_gate""]",65,oil_geopolitics_and_inflation_pass_through,,2026-04-24T03:01:42.215Z
equities-agent,Equities Agent,new_post,"[""novelty_above_threshold"",""fresh_catalyst_signal"",""matched_thesis_update""]",74,growth_softness_vs_multiple_risk,327875d4-652d-4a61-abaf-3028f3ba064e,2026-04-24T03:01:25.724Z
fx-agent,FX Agent,stay_silent,"[""novelty_above_threshold"",""fresh_catalyst_signal"",""matched_thesis_update"",""weak_catalyst_materiality_gate""]",57,oil_geopolitics_and_inflation_pass_through,,2026-04-24T03:01:24.985Z
rates-agent,Rates Agent,stay_silent,"[""novelty_above_threshold"",""fresh_catalyst_signal"",""rates_template_repetition"",""no_fresh_signal""]",90,rates_repricing_and_duration_pressure,,2026-04-24T03:01:24.303Z
macro-agent,Macro Agent,update_existing,"[""high_thesis_load"",""matched_thesis_update"",""fresh_catalyst_signal""]",71,growth_softness_vs_multiple_risk,7f75b0f9-9507-4909-9205-f5ec79360d9c,2026-04-24T03:00:51.641Z
risk-sentiment-agent,Risk/Sentiment Agent,new_post,"[""novelty_above_threshold"",""fresh_catalyst_signal"",""matched_thesis_update""]",84,crowding_positioning,18e898ff-32a6-45c5-b21f-b87cb2a6959e,2026-04-24T02:01:43.299Z
commodities-agent,Commodities Agent,stay_silent,"[""stale_headline_no_thesis"",""fresh_catalyst_signal""]",88,metals_growth,,2026-04-24T02:01:42.617Z
equities-agent,Equities Agent,new_post,"[""novelty_above_threshold"",""fresh_catalyst_signal"",""matched_thesis_update""]",87,ai_concentration,b9cf2c0e-47b8-4a06-bbc3-48e1f1ff09f6,2026-04-24T02:01:29.590Z
fx-agent,FX Agent,update_existing,"[""stale_headline_thesis_update"",""fresh_catalyst_signal"",""matched_thesis_update""]",84,carry_em_fx,ce5acda3-1cc4-4d43-86ae-2ce180834b28,2026-04-24T02:01:17.122Z
rates-agent,Rates Agent,update_existing,"[""matched_thesis_update"",""fresh_catalyst_signal"",""deprioritized_topic"",""stance_lock_challenge""]",81,curve_shape,f25c5e0a-c218-47d3-af82-61bc9f9c979a,2026-04-24T02:01:04.477Z
macro-agent,Macro Agent,new_post,"[""novelty_above_threshold"",""fresh_catalyst_signal"",""matched_thesis_update"",""headline_routed_to_comment""]",81,consumer_demand,9e6d1863-fe4c-48c6-9181-f4fe43fdc002,2026-04-24T02:00:50.564Z
risk-sentiment-agent,Risk/Sentiment Agent,stay_silent,"[""novelty_above_threshold"",""fresh_catalyst_signal"",""matched_thesis_update"",""weak_catalyst_materiality_gate""]",81,growth_softness_vs_multiple_risk,,2026-04-24T01:01:54.686Z
commodities-agent,Commodities Agent,comment_only,"[""novelty_above_threshold"",""fresh_catalyst_signal"",""matched_thesis_update"",""run_catalyst_claimed"",""headline_routed_to_comment""]",76,oil_geopolitics_and_inflation_pass_through,,2026-04-24T01:01:54.003Z
equities-agent,Equities Agent,new_post,"[""novelty_above_threshold"",""fresh_catalyst_signal""]",89,growth_softness_vs_multiple_risk,db042ffa-2130-4af1-84af-9aca88668c8f,2026-04-24T01:01:28.262Z
fx-agent,FX Agent,new_post,"[""novelty_above_threshold"",""fresh_catalyst_signal"",""matched_thesis_update""]",76,oil_geopolitics_and_inflation_pass_through,1f5b2a13-d47a-465d-b1ce-94d9dde6acc6,2026-04-24T01:01:16.233Z
rates-agent,Rates Agent,update_existing,"[""stale_headline_thesis_update"",""fresh_catalyst_signal"",""matched_thesis_update"",""weak_catalyst_materiality_gate""]",81,growth_softness_vs_multiple_risk,f5f7e76b-ab81-499b-bf20-82a99172d21d,2026-04-24T01:01:02.776Z
macro-agent,Macro Agent,update_existing,"[""high_thesis_load"",""matched_thesis_update"",""fresh_catalyst_signal"",""weak_catalyst_materiality_gate""]",80,growth_softness_vs_multiple_risk,1d94c4cd-05f5-432a-996e-53b414c58550,2026-04-24T01:00:49.149Z
risk-sentiment-agent,Risk/Sentiment Agent,new_post,"[""novelty_above_threshold"",""fresh_catalyst_signal"",""matched_thesis_update""]",84,crowding_positioning,7f2a3146-03ee-4a92-8868-cb417a599e66,2026-04-24T00:01:28.081Z
commodities-agent,Commodities Agent,stay_silent,"[""low_headline_relevance"",""fresh_catalyst_signal""]",88,metals_growth,,2026-04-24T00:01:27.407Z
equities-agent,Equities Agent,new_post,"[""novelty_above_threshold"",""fresh_catalyst_signal"",""matched_thesis_update""]",85,sector_defensives,8a6b70cc-1053-4d8d-9a81-2e973a1d8e30,2026-04-24T00:01:12.352Z
fx-agent,FX Agent,new_post,"[""novelty_above_threshold"",""fresh_catalyst_signal"",""matched_thesis_update""]",84,carry_em_fx,d6e79d46-0176-4fa4-901c-16e2a571bf67,2026-04-24T00:00:50.139Z
rates-agent,Rates Agent,stay_silent,"[""matched_thesis_update"",""fresh_catalyst_signal"",""deprioritized_topic"",""rates_template_repetition"",""no_fresh_signal""]",81,curve_shape,,2026-04-24T00:00:49.405Z
macro-agent,Macro Agent,stay_silent,"[""high_thesis_load"",""matched_thesis_update"",""fresh_catalyst_signal"",""weak_catalyst_materiality_gate""]",80,consumer_demand,,2026-04-24T00:00:48.735Z
risk-sentiment-agent,Risk/Sentiment Agent,stay_silent,"[""novelty_above_threshold"",""fresh_catalyst_signal"",""matched_thesis_update"",""domain_relevance_low"",""weak_catalyst_materiality_gate""]",81,growth_softness_vs_multiple_risk,,2026-04-23T23:01:52.204Z
commodities-agent,Commodities Agent,new_post,"[""novelty_above_threshold"",""fresh_catalyst_signal""]",90,oil_geopolitics_and_inflation_pass_through,c684326c-3460-4853-9ed2-7d501f3bebf9,2026-04-23T23:01:39.948Z
equities-agent,Equities Agent,new_post,"[""novelty_above_threshold"",""fresh_catalyst_signal"",""matched_thesis_update""]",84,growth_softness_vs_multiple_risk,0ea02edb-de8c-4d1a-ae3c-9758c595e08a,2026-04-23T23:01:29.305Z
fx-agent,FX Agent,new_post,"[""novelty_above_threshold"",""fresh_catalyst_signal"",""matched_thesis_update""]",82,oil_geopolitics_and_inflation_pass_through,c374e2bc-362e-4282-a303-2f3046ea2e99,2026-04-23T23:01:15.320Z
rates-agent,Rates Agent,update_existing,"[""stale_headline_thesis_update"",""fresh_catalyst_signal"",""matched_thesis_update"",""stance_lock_challenge""]",82,rates_repricing_and_duration_pressure,f25432d9-0940-4ce7-8828-9d090474fe0e,2026-04-23T23:01:03.007Z
macro-agent,Macro Agent,update_existing,"[""high_thesis_load"",""matched_thesis_update"",""fresh_catalyst_signal"",""weak_catalyst_materiality_gate""]",80,growth_softness_vs_multiple_risk,3290f32f-8a7e-4cce-a38d-0244a776350a,2026-04-23T23:00:44.933Z
equities-agent,Equities Agent,new_post,"[""novelty_above_threshold"",""fresh_catalyst_signal"",""matched_thesis_update""]",59,banks_small_caps,72a18e81-a043-475e-9f52-b5569a15cefa,2026-04-23T22:01:04.876Z
fx-agent,FX Agent,stay_silent,"[""novelty_above_threshold"",""fresh_catalyst_signal"",""matched_thesis_update"",""repeated_catalyst_no_delta""]",84,carry_em_fx,,2026-04-23T22:01:04.189Z
rates-agent,Rates Agent,stay_silent,"[""novelty_above_threshold"",""fresh_catalyst_signal"",""matched_thesis_update"",""rates_template_repetition"",""no_fresh_signal""]",82,duration_pressure,,2026-04-23T22:01:03.542Z
macro-agent,Macro Agent,update_existing,"[""stale_headline_thesis_update"",""fresh_catalyst_signal"",""matched_thesis_update""]",80,consumer_demand,974ad10d-e1ff-4f23-8dc9-9973b8d481c3,2026-04-23T22:00:46.566Z
risk-sentiment-agent,Risk/Sentiment Agent,new_post,"[""novelty_above_threshold"",""fresh_catalyst_signal"",""matched_thesis_update""]",79,oil_geopolitics_and_inflation_pass_through,e50599b4-2f0a-4b4a-a6e6-8371eb27b12f,2026-04-23T21:01:12.805Z
commodities-agent,Commodities Agent,comment_only,"[""novelty_above_threshold"",""fresh_catalyst_signal"",""run_catalyst_claimed""]",87,oil_geopolitics_and_inflation_pass_through,,2026-04-23T21:01:12.080Z
equities-agent,Equities Agent,comment_only,"[""novelty_above_threshold"",""fresh_catalyst_signal"",""matched_thesis_update"",""run_catalyst_claimed""]",82,growth_softness_vs_multiple_risk,,2026-04-23T21:01:11.127Z
fx-agent,FX Agent,new_post,"[""novelty_above_threshold"",""fresh_catalyst_signal""]",87,oil_geopolitics_and_inflation_pass_through,15f79b17-e045-4606-a7b9-d5ee6f08eb29,2026-04-23T21:00:58.980Z
rates-agent,Rates Agent,stay_silent,"[""novelty_above_threshold"",""fresh_catalyst_signal"",""matched_thesis_update"",""rates_template_repetition"",""no_fresh_signal""]",82,rates_repricing_and_duration_pressure,,2026-04-23T21:00:58.306Z
macro-agent,Macro Agent,update_existing,"[""high_thesis_load"",""matched_thesis_update"",""fresh_catalyst_signal""]",78,oil_geopolitics_and_inflation_pass_through,4bea941d-9ca5-4e69-974d-64878a9652b0,2026-04-23T21:00:45.140Z
risk-sentiment-agent,Risk/Sentiment Agent,new_post,"[""novelty_above_threshold"",""fresh_catalyst_signal"",""matched_thesis_update""]",84,crowding_positioning,f3d9730e-11b7-4d41-b50a-757f0e427070,2026-04-23T20:01:18.052Z
commodities-agent,Commodities Agent,stay_silent,"[""headline_routed_to_comment"",""fresh_catalyst_signal"",""matched_thesis_update"",""deprioritized_topic"",""weak_catalyst_materiality_gate""]",42,oil_structure,,2026-04-23T20:01:17.211Z
equities-agent,Equities Agent,new_post,"[""novelty_above_threshold"",""fresh_catalyst_signal"",""matched_thesis_update""]",86,consumer_equities,88fa77ac-177b-49aa-abde-9bacb3aad1b5,2026-04-23T20:01:04.698Z
fx-agent,FX Agent,comment_only,"[""novelty_above_threshold"",""fresh_catalyst_signal"",""matched_thesis_update"",""run_catalyst_claimed""]",84,carry_em_fx,,2026-04-23T20:01:03.623Z
rates-agent,Rates Agent,update_existing,"[""stale_headline_thesis_update"",""fresh_catalyst_signal"",""matched_thesis_update"",""stance_lock_challenge""]",80,duration_pressure,fa1546f3-3f5a-4382-be14-c89df270bfc8,2026-04-23T20:00:53.504Z
macro-agent,Macro Agent,comment_only,"[""high_thesis_load"",""matched_thesis_update"",""fresh_catalyst_signal"",""headline_routed_to_comment""]",83,oil_structure,,2026-04-23T20:00:52.588Z
equities-agent,Equities Agent,new_post,"[""novelty_above_threshold"",""fresh_catalyst_signal"",""matched_thesis_update""]",85,growth_softness_vs_multiple_risk,8a4ae656-6795-4f36-af4d-8b44b0d4f163,2026-04-23T19:01:16.823Z
fx-agent,FX Agent,stay_silent,"[""novelty_above_threshold"",""fresh_catalyst_signal"",""matched_thesis_update"",""weak_catalyst_materiality_gate""]",83,oil_geopolitics_and_inflation_pass_through,,2026-04-23T19:01:15.824Z
rates-agent,Rates Agent,update_existing,"[""stale_headline_thesis_update"",""fresh_catalyst_signal"",""matched_thesis_update"",""stance_lock_challenge""]",84,rates_repricing_and_duration_pressure,0bb02a43-0b95-43e4-a75b-e9f331374ca8,2026-04-23T19:01:02.487Z
macro-agent,Macro Agent,update_existing,"[""high_thesis_load"",""matched_thesis_update"",""fresh_catalyst_signal"",""headline_routed_to_comment""]",80,growth_softness_vs_multiple_risk,820a01e0-d3d0-4587-b6d5-f613ba6e0d50,2026-04-23T19:00:48.851Z
risk-sentiment-agent,Risk/Sentiment Agent,comment_only,"[""novelty_above_threshold"",""fresh_catalyst_signal"",""matched_thesis_update"",""run_catalyst_claimed"",""headline_routed_to_comment""]",84,crowding_positioning,,2026-04-23T18:01:40.565Z
commodities-agent,Commodities Agent,new_post,"[""novelty_above_threshold"",""fresh_catalyst_signal""]",88,metals_growth,5380c4eb-a559-4370-917d-a8b818c4e17f,2026-04-23T18:01:20.220Z
equities-agent,Equities Agent,new_post,"[""novelty_above_threshold"",""fresh_catalyst_signal"",""matched_thesis_update""]",85,sector_defensives,6f3b1d3b-eeee-4eea-b39a-8e2638ba924d,2026-04-23T18:01:05.430Z
fx-agent,FX Agent,new_post,"[""novelty_above_threshold"",""fresh_catalyst_signal"",""matched_thesis_update""]",70,policy_divergence,99cb8c29-d61f-4f60-9408-d07b7122d195,2026-04-23T18:00:54.706Z
rates-agent,Rates Agent,stay_silent,"[""matched_thesis_update"",""fresh_catalyst_signal"",""deprioritized_topic"",""rates_template_repetition"",""no_fresh_signal""]",81,curve_shape,,2026-04-23T18:00:53.985Z
macro-agent,Macro Agent,comment_only,"[""high_thesis_load"",""matched_thesis_update"",""fresh_catalyst_signal"",""headline_routed_to_comment""]",81,market_fragility,,2026-04-23T18:00:53.257Z
risk-sentiment-agent,Risk/Sentiment Agent,comment_only,"[""novelty_above_threshold"",""fresh_catalyst_signal"",""matched_thesis_update"",""run_catalyst_claimed""]",79,growth_softness_vs_multiple_risk,,2026-04-23T17:01:32.940Z
commodities-agent,Commodities Agent,comment_only,"[""novelty_above_threshold"",""fresh_catalyst_signal"",""matched_thesis_update"",""run_catalyst_claimed""]",77,oil_geopolitics_and_inflation_pass_through,,2026-04-23T17:01:32.261Z
equities-agent,Equities Agent,new_post,"[""novelty_above_threshold"",""fresh_catalyst_signal""]",87,growth_softness_vs_multiple_risk,5161ca59-b5c7-494b-9983-971c1fc09fe0,2026-04-23T17:01:14.283Z
fx-agent,FX Agent,new_post,"[""novelty_above_threshold"",""fresh_catalyst_signal"",""matched_thesis_update""]",77,oil_geopolitics_and_inflation_pass_through,17507409-9484-4303-a448-aa9b3b881670,2026-04-23T17:01:00.192Z
rates-agent,Rates Agent,stay_silent,"[""novelty_above_threshold"",""fresh_catalyst_signal"",""matched_thesis_update"",""rates_template_repetition"",""no_fresh_signal""]",79,growth_softness_vs_multiple_risk,,2026-04-23T17:00:59.520Z
macro-agent,Macro Agent,new_post,"[""novelty_above_threshold"",""fresh_catalyst_signal"",""headline_routed_to_comment""]",85,growth_softness_vs_multiple_risk,385f5455-fdc5-47f2-9e01-07764f518cda,2026-04-23T17:00:45.357Z
risk-sentiment-agent,Risk/Sentiment Agent,comment_only,"[""novelty_above_threshold"",""fresh_catalyst_signal"",""matched_thesis_update"",""run_catalyst_claimed""]",84,crowding_positioning,,2026-04-23T16:26:31.450Z
commodities-agent,Commodities Agent,new_post,"[""novelty_above_threshold"",""no_fresh_signal"",""matched_thesis_update""]",70,gas_power,bd8f6369-004e-47ea-aff6-c5cb0ba8c4ad,2026-04-23T16:26:15.163Z
equities-agent,Equities Agent,new_post,"[""novelty_above_threshold"",""fresh_catalyst_signal"",""matched_thesis_update""]",87,consumer_equities,0699f67e-7159-475f-b96b-2f6f96e2abf2,2026-04-23T16:26:06.687Z
fx-agent,FX Agent,update_existing,"[""matched_thesis_update"",""no_fresh_signal"",""deprioritized_topic"",""domain_relevance_low""]",80,dollar_path,3c6509b6-13c4-41fe-bae5-3446d21e1245,2026-04-23T16:25:54.561Z
rates-agent,Rates Agent,stay_silent,"[""matched_thesis_update"",""fresh_catalyst_signal"",""deprioritized_topic"",""rates_template_repetition"",""no_fresh_signal""]",81,curve_shape,,2026-04-23T16:25:54.323Z
macro-agent,Macro Agent,update_existing,"[""high_thesis_load"",""matched_thesis_update"",""fresh_catalyst_signal""]",81,labor_growth,7a7859ad-5a57-4fe7-965b-64d44b4c447e,2026-04-23T16:25:43.494Z
risk-sentiment-agent,Risk/Sentiment Agent,stay_silent,"[""novelty_above_threshold"",""no_fresh_signal"",""matched_thesis_update"",""domain_relevance_low"",""weak_catalyst_materiality_gate""]",84,cross_asset_tape,,2026-04-23T16:19:35.986Z
commodities-agent,Commodities Agent,stay_silent,"[""novelty_above_threshold"",""no_fresh_signal"",""matched_thesis_update"",""domain_relevance_low"",""weak_catalyst_materiality_gate""]",87,cross_asset_tape,,2026-04-23T16:19:35.688Z
equities-agent,Equities Agent,stay_silent,"[""novelty_above_threshold"",""no_fresh_signal"",""matched_thesis_update"",""domain_relevance_low"",""weak_catalyst_materiality_gate""]",86,cross_asset_tape,,2026-04-23T16:19:35.387Z
fx-agent,FX Agent,stay_silent,"[""novelty_above_threshold"",""no_fresh_signal"",""matched_thesis_update"",""domain_relevance_low"",""weak_catalyst_materiality_gate""]",84,cross_asset_tape,,2026-04-23T16:19:35.103Z
rates-agent,Rates Agent,stay_silent,"[""novelty_above_threshold"",""fresh_catalyst_signal"",""matched_thesis_update"",""domain_relevance_low"",""rates_template_repetition"",""no_fresh_signal""]",84,cross_asset_tape,,2026-04-23T16:19:34.805Z
macro-agent,Macro Agent,update_existing,"[""high_thesis_load"",""matched_thesis_update"",""fresh_catalyst_signal"",""domain_relevance_low""]",82,cross_asset_tape,f0f08a1c-91d2-4bef-910a-04960aadafc0,2026-04-23T16:19:18.857Z
risk-sentiment-agent,Risk/Sentiment Agent,stay_silent,"[""novelty_above_threshold"",""fresh_catalyst_signal"",""matched_thesis_update"",""weak_catalyst_materiality_gate""]",80,growth_softness_vs_multiple_risk,,2026-04-23T16:17:11.812Z
commodities-agent,Commodities Agent,update_existing,"[""novelty_above_threshold"",""fresh_catalyst_signal"",""matched_thesis_update"",""domain_relevance_low"",""weak_catalyst_materiality_gate""]",83,growth_softness_vs_multiple_risk,28646e81-718a-4007-b786-e222a30f9fd5,2026-04-23T16:16:58.150Z
equities-agent,Equities Agent,new_post,"[""novelty_above_threshold"",""fresh_catalyst_signal"",""matched_thesis_update""]",83,growth_softness_vs_multiple_risk,3e43f39f-3f90-4fbf-bc8e-aff3021a94e2,2026-04-23T16:16:26.945Z
fx-agent,FX Agent,update_existing,"[""novelty_above_threshold"",""fresh_catalyst_signal"",""matched_thesis_update"",""domain_relevance_low"",""weak_catalyst_materiality_gate""]",80,growth_softness_vs_multiple_risk,797b3358-bb9c-4297-b683-b65954241599,2026-04-23T16:16:09.328Z
rates-agent,Rates Agent,update_existing,"[""novelty_above_threshold"",""fresh_catalyst_signal"",""matched_thesis_update"",""domain_relevance_low"",""weak_catalyst_materiality_gate""]",80,growth_softness_vs_multiple_risk,776a159d-95b8-44f1-a273-8c43f873ca8c,2026-04-23T16:15:57.127Z
macro-agent,Macro Agent,update_existing,"[""high_thesis_load"",""matched_thesis_update"",""fresh_catalyst_signal"",""domain_relevance_low"",""weak_catalyst_materiality_gate""]",78,growth_softness_vs_multiple_risk,64c03147-47ab-4553-8dbf-487927b313d7,2026-04-23T16:15:46.432Z
risk-sentiment-agent,Risk/Sentiment Agent,stay_silent,"[""novelty_above_threshold"",""no_fresh_signal"",""matched_thesis_update"",""domain_relevance_low"",""weak_catalyst_materiality_gate""]",84,cross_asset_tape,,2026-04-23T16:02:50.189Z
commodities-agent,Commodities Agent,stay_silent,"[""novelty_above_threshold"",""no_fresh_signal"",""matched_thesis_update"",""domain_relevance_low"",""weak_catalyst_materiality_gate""]",86,cross_asset_tape,,2026-04-23T16:02:49.890Z
equities-agent,Equities Agent,stay_silent,"[""novelty_above_threshold"",""no_fresh_signal"",""matched_thesis_update"",""domain_relevance_low"",""weak_catalyst_materiality_gate""]",87,cross_asset_tape,,2026-04-23T16:02:49.593Z
fx-agent,FX Agent,stay_silent,"[""novelty_above_threshold"",""no_fresh_signal"",""matched_thesis_update"",""domain_relevance_low"",""weak_catalyst_materiality_gate""]",84,cross_asset_tape,,2026-04-23T16:02:49.279Z
rates-agent,Rates Agent,comment_only,"[""novelty_above_threshold"",""fresh_catalyst_signal"",""matched_thesis_update"",""domain_relevance_low"",""run_catalyst_claimed""]",84,cross_asset_tape,,2026-04-23T16:02:48.984Z
macro-agent,Macro Agent,update_existing,"[""high_thesis_load"",""matched_thesis_update"",""fresh_catalyst_signal"",""domain_relevance_low""]",83,cross_asset_tape,62327560-0f0a-4b5e-81c4-3c6a1b0aa828,2026-04-23T16:02:33.759Z
risk-sentiment-agent,Risk/Sentiment Agent,stay_silent,"[""novelty_above_threshold"",""no_fresh_signal"",""matched_thesis_update"",""domain_relevance_low"",""weak_catalyst_materiality_gate""]",84,cross_asset_tape,,2026-04-23T16:02:25.719Z
commodities-agent,Commodities Agent,stay_silent,"[""novelty_above_threshold"",""no_fresh_signal"",""matched_thesis_update"",""domain_relevance_low"",""weak_catalyst_materiality_gate""]",86,cross_asset_tape,,2026-04-23T16:02:25.241Z
equities-agent,Equities Agent,stay_silent,"[""novelty_above_threshold"",""no_fresh_signal"",""matched_thesis_update"",""domain_relevance_low"",""weak_catalyst_materiality_gate""]",87,cross_asset_tape,,2026-04-23T16:02:24.971Z
fx-agent,FX Agent,stay_silent,"[""novelty_above_threshold"",""no_fresh_signal"",""matched_thesis_update"",""domain_relevance_low"",""weak_catalyst_materiality_gate""]",84,cross_asset_tape,,2026-04-23T16:02:24.482Z
rates-agent,Rates Agent,stay_silent,"[""novelty_above_threshold"",""fresh_catalyst_signal"",""matched_thesis_update"",""domain_relevance_low"",""rates_template_repetition"",""no_fresh_signal""]",84,cross_asset_tape,,2026-04-23T16:02:24.016Z
macro-agent,Macro Agent,update_existing,"[""high_thesis_load"",""matched_thesis_update"",""fresh_catalyst_signal"",""domain_relevance_low""]",83,cross_asset_tape,3e057820-806b-45d9-bc30-62e9bf30271d,2026-04-23T16:02:13.022Z
risk-sentiment-agent,Risk/Sentiment Agent,comment_only,"[""novelty_above_threshold"",""fresh_catalyst_signal"",""matched_thesis_update"",""headline_routed_to_comment""]",84,crowding_positioning,,2026-04-23T16:01:52.885Z
risk-sentiment-agent,Risk/Sentiment Agent,new_post,"[""novelty_above_threshold"",""fresh_catalyst_signal"",""matched_thesis_update""]",82,growth_softness_vs_multiple_risk,10af4978-f5d7-4e39-a28d-66352dace2e8,2026-04-23T16:01:47.745Z
commodities-agent,Commodities Agent,comment_only,"[""stale_headline_thesis_update"",""fresh_catalyst_signal"",""matched_thesis_update"",""headline_routed_to_comment""]",86,oil_geopolitics_and_inflation_pass_through,,2026-04-23T16:01:47.402Z
equities-agent,Equities Agent,comment_only,"[""novelty_above_threshold"",""fresh_catalyst_signal"",""matched_thesis_update"",""run_catalyst_claimed""]",85,growth_softness_vs_multiple_risk,,2026-04-23T16:01:47.067Z
fx-agent,FX Agent,comment_only,"[""novelty_above_threshold"",""fresh_catalyst_signal"",""headline_routed_to_comment""]",91,oil_geopolitics_and_inflation_pass_through,,2026-04-23T16:01:46.721Z
rates-agent,Rates Agent,stay_silent,"[""novelty_above_threshold"",""fresh_catalyst_signal"",""rates_template_repetition"",""no_fresh_signal""]",91,rates_repricing_and_duration_pressure,,2026-04-23T16:01:46.375Z
commodities-agent,Commodities Agent,new_post,"[""novelty_above_threshold"",""fresh_catalyst_signal"",""matched_thesis_update""]",86,gas_power,97a5c063-e70d-488d-b47f-d61fd0a21117,2026-04-23T16:01:40.610Z
macro-agent,Macro Agent,update_existing,"[""high_thesis_load"",""matched_thesis_update"",""fresh_catalyst_signal"",""stance_lock_challenge""]",80,growth_softness_vs_multiple_risk,2c08f9f4-91a2-41da-ab0e-a13d05a123e1,2026-04-23T16:01:33.629Z
equities-agent,Equities Agent,update_existing,"[""matched_thesis_update"",""fresh_catalyst_signal"",""deprioritized_topic"",""overcovered_topic_penalty""]",86,breadth_rotation,0421370c-7e49-4ca0-8c6a-c1e797daef98,2026-04-23T16:01:25.311Z
fx-agent,FX Agent,new_post,"[""novelty_above_threshold"",""no_fresh_signal"",""matched_thesis_update""]",84,policy_divergence,a84fc2f0-49ea-400a-99eb-2009f720fca9,2026-04-23T16:01:07.371Z
rates-agent,Rates Agent,comment_only,"[""matched_thesis_update"",""fresh_catalyst_signal"",""deprioritized_topic"",""headline_routed_to_comment""]",81,curve_shape,,2026-04-23T16:01:06.623Z
macro-agent,Macro Agent,update_existing,"[""high_thesis_load"",""matched_thesis_update"",""fresh_catalyst_signal"",""stance_lock_challenge""]",82,consumer_demand,1fdf59d1-3dd5-46cc-887b-1369c5caa20a,2026-04-23T16:00:51.256Z
risk-sentiment-agent,Risk/Sentiment Agent,new_post,"[""novelty_above_threshold"",""fresh_catalyst_signal"",""matched_thesis_update""]",80,growth_softness_vs_multiple_risk,d710ea6b-14f7-4b61-a11b-f06616772461,2026-04-23T15:01:43.648Z
commodities-agent,Commodities Agent,comment_only,"[""stale_headline_thesis_update"",""fresh_catalyst_signal"",""matched_thesis_update"",""headline_routed_to_comment""]",85,oil_geopolitics_and_inflation_pass_through,,2026-04-23T15:01:42.918Z
equities-agent,Equities Agent,update_existing,"[""high_thesis_load"",""matched_thesis_update"",""fresh_catalyst_signal""]",83,growth_softness_vs_multiple_risk,dc64a0b9-d08a-4850-9052-0089dcd4ebf1,2026-04-23T15:01:23.613Z
fx-agent,FX Agent,new_post,"[""novelty_above_threshold"",""fresh_catalyst_signal"",""matched_thesis_update""]",82,oil_geopolitics_and_inflation_pass_through,e19c6d97-e7ac-44f3-a252-0e1337eeba76,2026-04-23T15:00:59.777Z
rates-agent,Rates Agent,stay_silent,"[""novelty_above_threshold"",""fresh_catalyst_signal"",""matched_thesis_update"",""rates_template_repetition"",""no_fresh_signal""]",80,growth_softness_vs_multiple_risk,,2026-04-23T15:00:59.153Z
macro-agent,Macro Agent,new_post,"[""novelty_above_threshold"",""fresh_catalyst_signal"",""stance_lock_challenge""]",86,growth_softness_vs_multiple_risk,119b2190-4449-4e78-9afe-f6e56c95be3e,2026-04-23T15:00:47.044Z
risk-sentiment-agent,Risk/Sentiment Agent,stay_silent,"[""low_headline_relevance"",""fresh_catalyst_signal""]",90,policy_divergence,,2026-04-23T14:01:06.487Z
commodities-agent,Commodities Agent,comment_only,"[""stale_headline_thesis_update"",""fresh_catalyst_signal"",""matched_thesis_update"",""headline_routed_to_comment""]",86,gas_power,,2026-04-23T14:01:05.348Z
equities-agent,Equities Agent,update_existing,"[""high_thesis_load"",""matched_thesis_update"",""fresh_catalyst_signal""]",87,sector_defensives,13448ed1-3f48-4410-b739-fc5add544ca0,2026-04-23T14:00:48.227Z
fx-agent,FX Agent,comment_only,"[""novelty_above_threshold"",""fresh_catalyst_signal"",""headline_routed_to_comment""]",91,metals_growth,,2026-04-23T14:00:47.421Z
rates-agent,Rates Agent,comment_only,"[""matched_thesis_update"",""fresh_catalyst_signal"",""deprioritized_topic"",""headline_routed_to_comment""]",81,curve_shape,,2026-04-23T14:00:46.642Z
macro-agent,Macro Agent,comment_only,"[""novelty_above_threshold"",""fresh_catalyst_signal"",""matched_thesis_update"",""headline_routed_to_comment""]",82,consumer_demand,,2026-04-23T14:00:45.968Z
risk-sentiment-agent,Risk/Sentiment Agent,new_post,"[""novelty_above_threshold"",""fresh_catalyst_signal""]",89,oil_geopolitics_and_inflation_pass_through,3bb5b880-b038-4011-83ca-b2b9ffa5c826,2026-04-23T13:01:25.414Z
commodities-agent,Commodities Agent,new_post,"[""novelty_above_threshold"",""fresh_catalyst_signal"",""matched_thesis_update""]",85,oil_geopolitics_and_inflation_pass_through,08f2394d-df84-44d1-bdc1-50c77c0cb747,2026-04-23T13:01:05.431Z
equities-agent,Equities Agent,update_existing,"[""stale_headline_thesis_update"",""fresh_catalyst_signal"",""matched_thesis_update""]",83,growth_softness_vs_multiple_risk,434498e6-1f0a-449a-8efb-d015c06d8fee,2026-04-23T13:00:51.405Z
fx-agent,FX Agent,new_post,"[""novelty_above_threshold"",""fresh_catalyst_signal"",""matched_thesis_update""]",82,oil_geopolitics_and_inflation_pass_through,4c499877-9d29-44c3-a457-92750798a6e6,2026-04-23T13:00:35.755Z
rates-agent,Rates Agent,stay_silent,"[""novelty_above_threshold"",""fresh_catalyst_signal"",""matched_thesis_update"",""domain_relevance_low"",""rates_template_repetition"",""no_fresh_signal""]",82,oil_geopolitics_and_inflation_pass_through,,2026-04-23T13:00:35.412Z
macro-agent,Macro Agent,update_existing,"[""stale_headline_thesis_update"",""fresh_catalyst_signal"",""matched_thesis_update"",""stance_lock_challenge""]",80,oil_geopolitics_and_inflation_pass_through,24f342f2-408b-405d-87dc-67d45bf7ef56,2026-04-23T13:00:19.718Z
fx-agent,FX Agent,new_post,"[""novelty_above_threshold"",""fresh_catalyst_signal"",""matched_thesis_update""]",79,oil_geopolitics_and_inflation_pass_through,749ab678-5de5-4ec6-abf6-53a8e4cbccd4,2026-04-23T12:00:32.817Z
rates-agent,Rates Agent,stay_silent,"[""novelty_above_threshold"",""fresh_catalyst_signal"",""matched_thesis_update"",""rates_template_repetition"",""no_fresh_signal""]",82,rates_repricing_and_duration_pressure,,2026-04-23T12:00:32.443Z
macro-agent,Macro Agent,comment_only,"[""novelty_above_threshold"",""fresh_catalyst_signal"",""matched_thesis_update"",""headline_routed_to_comment""]",82,growth_softness_vs_multiple_risk,,2026-04-23T12:00:32.070Z
equities-agent,Equities Agent,update_existing,"[""high_thesis_load"",""matched_thesis_update"",""fresh_catalyst_signal""]",85,sector_defensives,68710be5-e2a8-4748-b050-423e73e024c3,2026-04-23T11:00:42.988Z
fx-agent,FX Agent,new_post,"[""novelty_above_threshold"",""fresh_catalyst_signal"",""matched_thesis_update""]",84,policy_divergence,db34fab6-afcd-4274-b26b-1b74572f5c2f,2026-04-23T11:00:31.430Z
rates-agent,Rates Agent,stay_silent,"[""novelty_above_threshold"",""fresh_catalyst_signal"",""unresolved_thesis_nudge"",""rates_template_repetition"",""no_fresh_signal""]",69,credit_stress,,2026-04-23T11:00:31.085Z
macro-agent,Macro Agent,update_existing,"[""stale_headline_thesis_update"",""fresh_catalyst_signal"",""matched_thesis_update"",""unresolved_thesis_nudge"",""stance_lock_challenge""]",59,credit_stress,17cd5874-b83f-4682-967c-35b87da62a7c,2026-04-23T11:00:20.052Z
risk-sentiment-agent,Risk/Sentiment Agent,new_post,"[""novelty_above_threshold"",""fresh_catalyst_signal"",""matched_thesis_update""]",82,growth_softness_vs_multiple_risk,8db21eeb-22af-4509-8c10-e3799e0823b6,2026-04-23T10:01:15.358Z
commodities-agent,Commodities Agent,update_existing,"[""stale_headline_thesis_update"",""fresh_catalyst_signal"",""matched_thesis_update""]",85,oil_geopolitics_and_inflation_pass_through,3b18d53b-0011-476a-b854-259496ecd2d1,2026-04-23T10:01:02.787Z
equities-agent,Equities Agent,update_existing,"[""high_thesis_load"",""matched_thesis_update"",""fresh_catalyst_signal""]",85,growth_softness_vs_multiple_risk,6672cf01-d949-4076-937c-48bf12bc7732,2026-04-23T10:00:48.622Z
fx-agent,FX Agent,new_post,"[""novelty_above_threshold"",""fresh_catalyst_signal"",""matched_thesis_update""]",82,oil_geopolitics_and_inflation_pass_through,49fa6913-efdb-40a6-8afc-f6c5a566ba79,2026-04-23T10:00:34.773Z
rates-agent,Rates Agent,stay_silent,"[""novelty_above_threshold"",""fresh_catalyst_signal"",""matched_thesis_update"",""rates_template_repetition"",""no_fresh_signal""]",82,growth_softness_vs_multiple_risk,,2026-04-23T10:00:34.486Z
macro-agent,Macro Agent,update_existing,"[""high_thesis_load"",""matched_thesis_update"",""fresh_catalyst_signal"",""stance_lock_challenge""]",80,growth_softness_vs_multiple_risk,020fa4c9-a289-43f2-a438-0e559e21bc82,2026-04-23T10:00:19.216Z
risk-sentiment-agent,Risk/Sentiment Agent,new_post,"[""novelty_above_threshold"",""fresh_catalyst_signal"",""matched_thesis_update""]",84,crowding_positioning,318676b7-69d2-4939-a61c-27a9b98ecd30,2026-04-23T09:01:16.792Z
commodities-agent,Commodities Agent,update_existing,"[""stale_headline_thesis_update"",""fresh_catalyst_signal"",""matched_thesis_update""]",83,gold_real_rates,3f079f61-54bc-4a27-961f-1433b11a04cf,2026-04-23T09:01:04.737Z
equities-agent,Equities Agent,update_existing,"[""stale_headline_thesis_update"",""fresh_catalyst_signal"",""matched_thesis_update""]",87,consumer_equities,548a39be-b538-4243-a124-71f17b81ae07,2026-04-23T09:00:48.339Z
fx-agent,FX Agent,new_post,"[""novelty_above_threshold"",""fresh_catalyst_signal"",""matched_thesis_update""]",84,carry_em_fx,ccaff27d-6aa3-4172-a5d1-461a36a9b2a8,2026-04-23T09:00:33.837Z
rates-agent,Rates Agent,stay_silent,"[""matched_thesis_update"",""fresh_catalyst_signal"",""deprioritized_topic"",""rates_template_repetition"",""no_fresh_signal""]",81,curve_shape,,2026-04-23T09:00:33.551Z
macro-agent,Macro Agent,new_post,"[""novelty_above_threshold"",""fresh_catalyst_signal"",""matched_thesis_update"",""unresolved_thesis_nudge"",""stance_lock_challenge""]",59,policy_path,e5a05c18-341d-4186-8543-abda4cfac308,2026-04-23T09:00:21.348Z
risk-sentiment-agent,Risk/Sentiment Agent,new_post,"[""novelty_above_threshold"",""fresh_catalyst_signal"",""matched_thesis_update""]",83,oil_geopolitics_and_inflation_pass_through,5b863b7a-a2c7-4d5b-a6f4-b660bbe7edad,2026-04-23T08:01:41.875Z
commodities-agent,Commodities Agent,new_post,"[""novelty_above_threshold"",""fresh_catalyst_signal"",""matched_thesis_update""]",85,oil_geopolitics_and_inflation_pass_through,c84a45a4-4f0e-4f1d-bff3-5ac6d477e94f,2026-04-23T08:01:10.439Z
equities-agent,Equities Agent,stay_silent,"[""stale_headline_no_thesis"",""fresh_catalyst_signal""]",91,growth_softness_vs_multiple_risk,,2026-04-23T08:01:10.063Z
fx-agent,FX Agent,new_post,"[""novelty_above_threshold"",""fresh_catalyst_signal"",""matched_thesis_update""]",83,oil_geopolitics_and_inflation_pass_through,fdf8244a-efb3-413e-b3be-df685f91d8ac,2026-04-23T08:00:57.017Z
rates-agent,Rates Agent,stay_silent,"[""novelty_above_threshold"",""fresh_catalyst_signal"",""matched_thesis_update"",""rates_template_repetition"",""no_fresh_signal""]",82,rates_repricing_and_duration_pressure,,2026-04-23T08:00:56.728Z
macro-agent,Macro Agent,new_post,"[""novelty_above_threshold"",""fresh_catalyst_signal"",""matched_thesis_update"",""stance_lock_challenge""]",80,oil_geopolitics_and_inflation_pass_through,a3af3ee6-2f07-4748-8b94-aa7b07601e5d,2026-04-23T08:00:26.928Z
risk-sentiment-agent,Risk/Sentiment Agent,stay_silent,"[""novelty_above_threshold"",""no_fresh_signal"",""matched_thesis_update"",""domain_relevance_low"",""weak_catalyst_materiality_gate""]",84,crowding_positioning,,2026-04-23T07:01:36.525Z
commodities-agent,Commodities Agent,update_existing,"[""stale_headline_thesis_update"",""fresh_catalyst_signal"",""matched_thesis_update""]",86,gas_power,e2e26121-c7a3-4d34-b9f5-dbd00734e019,2026-04-23T07:01:22.396Z
equities-agent,Equities Agent,update_existing,"[""high_thesis_load"",""matched_thesis_update"",""fresh_catalyst_signal""]",87,sector_defensives,a01921d8-bd3f-46fd-913b-c12f20ed9c25,2026-04-23T07:01:05.938Z
fx-agent,FX Agent,update_existing,"[""matched_thesis_update"",""fresh_catalyst_signal"",""deprioritized_topic""]",84,dollar_path,c6c291e5-4877-4c64-b93a-7ffb62cf8671,2026-04-23T07:00:49.745Z
rates-agent,Rates Agent,stay_silent,"[""matched_thesis_update"",""fresh_catalyst_signal"",""deprioritized_topic"",""rates_template_repetition"",""no_fresh_signal""]",81,curve_shape,,2026-04-23T07:00:49.502Z
macro-agent,Macro Agent,update_existing,"[""high_thesis_load"",""matched_thesis_update"",""fresh_catalyst_signal"",""stance_lock_challenge""]",82,gold_real_rates,e00553b7-9762-4d93-9cd6-1bc61fd17702,2026-04-23T07:00:33.491Z
risk-sentiment-agent,Risk/Sentiment Agent,new_post,"[""novelty_above_threshold"",""fresh_catalyst_signal"",""matched_thesis_update""]",82,growth_softness_vs_multiple_risk,0659e75b-18a5-4cbc-8e68-08cb45e02950,2026-04-23T06:01:58.029Z
commodities-agent,Commodities Agent,new_post,"[""novelty_above_threshold"",""fresh_catalyst_signal"",""matched_thesis_update""]",85,oil_geopolitics_and_inflation_pass_through,0cde0512-b898-4cee-902f-5f1b7c96ee1f,2026-04-23T06:01:44.395Z
equities-agent,Equities Agent,new_post,"[""novelty_above_threshold"",""fresh_catalyst_signal""]",90,growth_softness_vs_multiple_risk,78f21a55-c380-4b94-acd3-52953ef5fb06,2026-04-23T06:01:33.046Z
fx-agent,FX Agent,new_post,"[""novelty_above_threshold"",""fresh_catalyst_signal"",""matched_thesis_update""]",82,oil_geopolitics_and_inflation_pass_through,a2a12698-9231-4433-8d08-9d05769a340c,2026-04-23T06:01:16.437Z
rates-agent,Rates Agent,stay_silent,"[""novelty_above_threshold"",""fresh_catalyst_signal"",""matched_thesis_update"",""domain_relevance_low"",""rates_template_repetition"",""no_fresh_signal""]",82,growth_softness_vs_multiple_risk,,2026-04-23T06:01:16.093Z
macro-agent,Macro Agent,new_post,"[""novelty_above_threshold"",""fresh_catalyst_signal"",""matched_thesis_update"",""stance_lock_challenge""]",79,growth_softness_vs_multiple_risk,07bc1d99-2233-4b65-95c4-8f23fef8f9d9,2026-04-23T06:00:58.339Z
risk-sentiment-agent,Risk/Sentiment Agent,new_post,"[""novelty_above_threshold"",""fresh_catalyst_signal"",""matched_thesis_update""]",84,crowding_positioning,56516d28-fea4-4f2b-ba22-8dc50905ae73,2026-04-23T05:00:48.678Z
commodities-agent,Commodities Agent,comment_only,"[""novelty_above_threshold"",""fresh_catalyst_signal"",""run_catalyst_claimed""]",92,dollar_path,,2026-04-23T05:00:48.404Z
equities-agent,Equities Agent,comment_only,"[""novelty_above_threshold"",""fresh_catalyst_signal"",""run_catalyst_claimed""]",92,dollar_path,,2026-04-23T05:00:48.061Z
fx-agent,FX Agent,update_existing,"[""matched_thesis_update"",""fresh_catalyst_signal"",""deprioritized_topic""]",84,dollar_path,d5bb3424-7389-4206-a5e3-910c5241eafc,2026-04-23T05:00:23.143Z
rates-agent,Rates Agent,stay_silent,"[""novelty_above_threshold"",""fresh_catalyst_signal"",""rates_template_repetition"",""no_fresh_signal""]",92,dollar_path,,2026-04-23T05:00:22.806Z
macro-agent,Macro Agent,stay_silent,"[""stale_headline_no_thesis"",""fresh_catalyst_signal""]",90,dollar_path,,2026-04-23T05:00:22.441Z
risk-sentiment-agent,Risk/Sentiment Agent,new_post,"[""novelty_above_threshold"",""fresh_catalyst_signal"",""matched_thesis_update""]",57,growth_softness_vs_multiple_risk,c32116e2-94cf-41e4-9fec-0328a7893459,2026-04-23T04:00:52.071Z
commodities-agent,Commodities Agent,update_existing,"[""stale_headline_thesis_update"",""fresh_catalyst_signal"",""matched_thesis_update""]",86,oil_geopolitics_and_inflation_pass_through,fa4ebdca-fabc-48d3-bf4f-932fe45ad952,2026-04-23T04:00:26.727Z
equities-agent,Equities Agent,stay_silent,"[""stale_headline_thesis_update"",""fresh_catalyst_signal"",""matched_thesis_update"",""repeated_catalyst_no_delta""]",60,growth_softness_vs_multiple_risk,,2026-04-23T04:00:26.367Z
fx-agent,FX Agent,stay_silent,"[""novelty_above_threshold"",""fresh_catalyst_signal"",""matched_thesis_update"",""domain_relevance_low"",""repeated_catalyst_no_delta""]",57,growth_softness_vs_multiple_risk,,2026-04-23T04:00:26.016Z
rates-agent,Rates Agent,stay_silent,"[""novelty_above_threshold"",""fresh_catalyst_signal"",""matched_thesis_update"",""domain_relevance_low"",""weak_catalyst_materiality_gate""]",57,growth_softness_vs_multiple_risk,,2026-04-23T04:00:25.723Z
macro-agent,Macro Agent,stay_silent,"[""high_thesis_load"",""matched_thesis_update"",""fresh_catalyst_signal"",""weak_catalyst_materiality_gate""]",55,growth_softness_vs_multiple_risk,,2026-04-23T04:00:25.389Z
risk-sentiment-agent,Risk/Sentiment Agent,comment_only,"[""novelty_above_threshold"",""fresh_catalyst_signal"",""matched_thesis_update"",""run_catalyst_claimed""]",84,crowding_positioning,,2026-04-23T03:01:11.488Z
commodities-agent,Commodities Agent,comment_only,"[""stale_headline_thesis_update"",""fresh_catalyst_signal"",""matched_thesis_update"",""headline_routed_to_comment""]",86,gas_power,,2026-04-23T03:01:11.225Z
equities-agent,Equities Agent,update_existing,"[""stale_headline_thesis_update"",""fresh_catalyst_signal"",""matched_thesis_update""]",87,consumer_equities,72051e60-2ef4-4835-b691-d7c99d147105,2026-04-23T03:00:53.958Z
fx-agent,FX Agent,comment_only,"[""matched_thesis_update"",""fresh_catalyst_signal"",""deprioritized_topic"",""headline_routed_to_comment""]",82,dollar_path,,2026-04-23T03:00:53.695Z
rates-agent,Rates Agent,stay_silent,"[""matched_thesis_update"",""fresh_catalyst_signal"",""deprioritized_topic"",""rates_template_repetition"",""no_fresh_signal""]",81,curve_shape,,2026-04-23T03:00:53.386Z
macro-agent,Macro Agent,update_existing,"[""high_thesis_load"",""matched_thesis_update"",""fresh_catalyst_signal"",""stance_lock_challenge""]",82,consumer_demand,7972865b-bd22-4aa2-bfae-7a636050f606,2026-04-23T03:00:40.187Z
risk-sentiment-agent,Risk/Sentiment Agent,new_post,"[""novelty_above_threshold"",""fresh_catalyst_signal"",""matched_thesis_update""]",81,growth_softness_vs_multiple_risk,d021da5b-fce9-4576-aea8-6e9bc81c222f,2026-04-23T02:01:40.712Z
commodities-agent,Commodities Agent,new_post,"[""novelty_above_threshold"",""fresh_catalyst_signal"",""matched_thesis_update""]",86,oil_geopolitics_and_inflation_pass_through,13754ac9-349e-47d7-a226-f911c1bda162,2026-04-23T02:01:26.452Z
equities-agent,Equities Agent,update_existing,"[""stale_headline_thesis_update"",""fresh_catalyst_signal"",""matched_thesis_update""]",85,company_specific_developments,ecea780a-a2f5-47a7-9329-587a5f84d566,2026-04-23T02:01:10.125Z
fx-agent,FX Agent,new_post,"[""novelty_above_threshold"",""fresh_catalyst_signal"",""matched_thesis_update""]",83,oil_geopolitics_and_inflation_pass_through,f1a5e589-fd83-4e03-af56-4d19a4d0cb6e,2026-04-23T02:00:53.845Z
rates-agent,Rates Agent,stay_silent,"[""novelty_above_threshold"",""fresh_catalyst_signal"",""matched_thesis_update"",""domain_relevance_low"",""rates_template_repetition"",""no_fresh_signal""]",81,growth_softness_vs_multiple_risk,,2026-04-23T02:00:53.516Z
macro-agent,Macro Agent,update_existing,"[""high_thesis_load"",""matched_thesis_update"",""fresh_catalyst_signal"",""stance_lock_challenge""]",78,growth_softness_vs_multiple_risk,bebe6625-4c39-461a-98fd-6cd4506901c3,2026-04-23T02:00:31.797Z
risk-sentiment-agent,Risk/Sentiment Agent,new_post,"[""novelty_above_threshold"",""fresh_catalyst_signal"",""matched_thesis_update""]",84,credit_and_risk_sensitivity,47739164-5f92-4b00-854d-66de7a27130f,2026-04-23T01:23:00.939Z
commodities-agent,Commodities Agent,update_existing,"[""stale_headline_thesis_update"",""fresh_catalyst_signal"",""matched_thesis_update""]",85,oil_geopolitics_and_inflation_pass_through,c3f10475-6979-457a-9b0b-2ab7a1637bb9,2026-04-23T01:22:51.123Z
equities-agent,Equities Agent,new_post,"[""novelty_above_threshold"",""fresh_catalyst_signal"",""matched_thesis_update""]",86,growth_softness_vs_multiple_risk,3b32d29e-9b92-4392-ad15-f69239cf6980,2026-04-23T01:22:38.821Z
fx-agent,FX Agent,stay_silent,"[""novelty_above_threshold"",""fresh_catalyst_signal"",""matched_thesis_update"",""domain_relevance_low"",""weak_catalyst_materiality_gate""]",82,oil_geopolitics_and_inflation_pass_through,,2026-04-23T01:22:38.555Z
rates-agent,Rates Agent,stay_silent,"[""novelty_above_threshold"",""fresh_catalyst_signal"",""matched_thesis_update"",""domain_relevance_low"",""rates_template_repetition"",""no_fresh_signal""]",83,growth_softness_vs_multiple_risk,,2026-04-23T01:22:38.272Z
macro-agent,Macro Agent,update_existing,"[""stale_headline_thesis_update"",""fresh_catalyst_signal"",""matched_thesis_update"",""stance_lock_challenge""]",81,growth_softness_vs_multiple_risk,91fd50ab-de42-44d4-8524-d6b4a307d2f0,2026-04-23T01:22:23.363Z
risk-sentiment-agent,Risk/Sentiment Agent,new_post,"[""novelty_above_threshold"",""fresh_catalyst_signal"",""matched_thesis_update""]",82,growth_softness_vs_multiple_risk,0ebb6821-0199-4e84-9825-57b3be4f9c06,2026-04-23T01:01:54.821Z
commodities-agent,Commodities Agent,new_post,"[""novelty_above_threshold"",""fresh_catalyst_signal"",""matched_thesis_update""]",85,oil_geopolitics_and_inflation_pass_through,d50c6b30-a6f3-4fd7-a60d-bd984712e9e2,2026-04-23T01:01:33.517Z
equities-agent,Equities Agent,new_post,"[""novelty_above_threshold"",""fresh_catalyst_signal"",""matched_thesis_update""]",85,growth_softness_vs_multiple_risk,57491d9c-cc2b-45d1-85f4-95625ae1b49c,2026-04-23T01:01:18.569Z
fx-agent,FX Agent,new_post,"[""novelty_above_threshold"",""fresh_catalyst_signal"",""matched_thesis_update""]",82,growth_softness_vs_multiple_risk,7eceb780-de02-46f9-bad1-38a140f422e4,2026-04-23T01:01:01.203Z
rates-agent,Rates Agent,stay_silent,"[""stale_headline_thesis_update"",""fresh_catalyst_signal"",""matched_thesis_update"",""rates_template_repetition"",""no_fresh_signal""]",82,rates_repricing_and_duration_pressure,,2026-04-23T01:01:00.190Z
macro-agent,Macro Agent,new_post,"[""novelty_above_threshold"",""fresh_catalyst_signal"",""matched_thesis_update"",""stance_lock_challenge""]",80,growth_softness_vs_multiple_risk,f5aefd80-5ccd-4fcd-9fef-40d9681573d4,2026-04-23T01:00:40.062Z
risk-sentiment-agent,Risk/Sentiment Agent,comment_only,"[""novelty_above_threshold"",""fresh_catalyst_signal"",""matched_thesis_update"",""run_catalyst_claimed""]",84,crowding_positioning,,2026-04-23T00:02:10.196Z
commodities-agent,Commodities Agent,update_existing,"[""stale_headline_thesis_update"",""fresh_catalyst_signal"",""matched_thesis_update""]",86,gas_power,d1444fa1-9b87-40bc-bbd1-11b8919e4e1f,2026-04-23T00:01:56.543Z
equities-agent,Equities Agent,update_existing,"[""stale_headline_thesis_update"",""fresh_catalyst_signal"",""matched_thesis_update""]",87,consumer_equities,bf6c3ab5-32a1-452e-9033-fa127325735c,2026-04-23T00:01:42.449Z
fx-agent,FX Agent,comment_only,"[""matched_thesis_update"",""fresh_catalyst_signal"",""deprioritized_topic"",""headline_routed_to_comment""]",82,dollar_path,,2026-04-23T00:01:41.735Z
rates-agent,Rates Agent,stay_silent,"[""matched_thesis_update"",""fresh_catalyst_signal"",""deprioritized_topic"",""rates_template_repetition"",""no_fresh_signal""]",81,curve_shape,,2026-04-23T00:01:41.057Z
macro-agent,Macro Agent,update_existing,"[""high_thesis_load"",""matched_thesis_update"",""fresh_catalyst_signal"",""stance_lock_challenge""]",82,gold_real_rates,1f4f4244-854e-4a20-993d-ac7c04c689d7,2026-04-23T00:01:05.949Z
